Customer_ID,Customer_Name,Gender,City,Customer_Segment
CUST-0001,Shane Lara,ذكر,الإسكندرية,New
CUST-0002,John Smith,ذكر,بورسعيد,New
CUST-0003,David Carrillo III,ذكر,المنصورة,VIP
CUST-0004,William Gomez,أنثى,الجيزة,New
CUST-0005,Timothy Roberts,أنثى,الجيزة,Regular
CUST-0006,Sabrina Murphy,أنثى,المنصورة,New
CUST-0007,Jessica Cruz,ذكر,طنطا,VIP
CUST-0008,Richard Arnold,ذكر,الجيزة,Regular
CUST-0009,Joel Lewis,ذكر,طنطا,Regular
CUST-0010,James Lam,ذكر,بورسعيد,VIP
CUST-0011,Jesus Johnson,ذكر,بورسعيد,Regular
CUST-0012,Austin Espinoza,أنثى,بورسعيد,VIP
CUST-0013,Samantha Cummings,ذكر,الإسكندرية,New
CUST-0014,Tabitha Morrow,ذكر,الجيزة,Regular
CUST-0015,Adam Henry,أنثى,الجيزة,Regular
CUST-0016,Colleen Love,ذكر,طنطا,Regular
CUST-0017,Mrs. Nichole Jones MD,ذكر,الإسكندرية,VIP
CUST-0018,Lisa Adams,ذكر,المنصورة,Regular
CUST-0019,Megan Cooper,ذكر,المنصورة,Regular
CUST-0020,Scott Davis,أنثى,المنصورة,New
CUST-0021,Nicholas Le,أنثى,الجيزة,New
CUST-0022,Renee Turner,ذكر,طنطا,New
CUST-0023,Dr. Jessica Parker,ذكر,طنطا,New
CUST-0024,Erica Bentley,ذكر,طنطا,Regular
CUST-0025,Melody Hogan,ذكر,الإسكندرية,Regular
CUST-0026,Charlotte Johnson,ذكر,المنصورة,VIP
CUST-0027,Kristin Horton,ذكر,الجيزة,VIP
CUST-0028,Sabrina Lee,ذكر,المنصورة,New
CUST-0029,Mr. Nathan Summers MD,أنثى,بورسعيد,Regular
CUST-0030,Angela Best,أنثى,القاهرة,Regular
CUST-0031,Wayne Thompson,أنثى,المنصورة,VIP
CUST-0032,Susan Cabrera,ذكر,المنصورة,VIP
CUST-0033,Carlos Pacheco,ذكر,الإسكندرية,VIP
CUST-0034,Travis Mitchell,ذكر,طنطا,New
CUST-0035,Jacob Williams,ذكر,المنصورة,Regular
CUST-0036,Kaylee Hurley,أنثى,الجيزة,Regular
CUST-0037,Courtney Mcbride,ذكر,الإسكندرية,Regular
CUST-0038,Jennifer Jimenez,أنثى,بورسعيد,Regular
CUST-0039,Pamela Young,ذكر,بورسعيد,New
CUST-0040,Diana Chan,ذكر,المنصورة,New
CUST-0041,Kathryn Mcclain,أنثى,بورسعيد,Regular
CUST-0042,Holly Singh,أنثى,القاهرة,VIP
CUST-0043,Isaac Rice,أنثى,الجيزة,Regular
CUST-0044,Rebecca Rose,أنثى,بورسعيد,Regular
CUST-0045,Grant Hess,ذكر,طنطا,Regular
CUST-0046,Brett Smith,ذكر,القاهرة,Regular
CUST-0047,Dr. Melissa Phillips,ذكر,طنطا,New
CUST-0048,Steven Wilson,ذكر,بورسعيد,Regular
CUST-0049,Michelle Wall,أنثى,القاهرة,New
CUST-0050,Robert Moore,أنثى,بورسعيد,Regular
CUST-0051,Sandra Steele,أنثى,بورسعيد,New
CUST-0052,Eric Ramirez,ذكر,الإسكندرية,Regular
CUST-0053,Anthony Rodriguez,ذكر,الجيزة,New
CUST-0054,William Allen,أنثى,الإسكندرية,Regular
CUST-0055,Eric Walsh,أنثى,الإسكندرية,New
CUST-0056,Robert Raymond,أنثى,بورسعيد,Regular
CUST-0057,Jonathon Daniels,ذكر,الإسكندرية,New
CUST-0058,Jason Hernandez,أنثى,الإسكندرية,Regular
CUST-0059,Elizabeth Mason,أنثى,بورسعيد,Regular
CUST-0060,Jennifer Gomez,أنثى,بورسعيد,VIP
CUST-0061,Robert Murphy,أنثى,القاهرة,VIP
CUST-0062,Bruce Wilson,أنثى,المنصورة,VIP
CUST-0063,Mrs. Tonya Dean MD,ذكر,القاهرة,Regular
CUST-0064,Dr. Debra Valdez,ذكر,بورسعيد,VIP
CUST-0065,Gary Buckley,أنثى,طنطا,Regular
CUST-0066,Taylor Adams,أنثى,القاهرة,VIP
CUST-0067,Katrina Daniels,ذكر,الإسكندرية,Regular
CUST-0068,David Green,أنثى,القاهرة,Regular
CUST-0069,Tanner Chavez,أنثى,الإسكندرية,New
CUST-0070,Thomas Ruiz,أنثى,طنطا,Regular
CUST-0071,Christine Perez,ذكر,المنصورة,New
CUST-0072,Aaron Harper,ذكر,بورسعيد,Regular
CUST-0073,Nancy Scott,ذكر,المنصورة,Regular
CUST-0074,Michael Edwards,ذكر,الإسكندرية,Regular
CUST-0075,Theodore Martinez,أنثى,القاهرة,New
CUST-0076,Lydia Fernandez,ذكر,بورسعيد,Regular
CUST-0077,William Butler,ذكر,المنصورة,Regular
CUST-0078,April Wagner,ذكر,الإسكندرية,Regular
CUST-0079,Richard Sampson,ذكر,طنطا,New
CUST-0080,Katrina Alvarez,ذكر,القاهرة,New
CUST-0081,Erin Murphy,أنثى,بورسعيد,Regular
CUST-0082,Jenny Reyes,أنثى,القاهرة,VIP
CUST-0083,Michael Delgado,ذكر,المنصورة,Regular
CUST-0084,Crystal Maldonado,أنثى,الجيزة,VIP
CUST-0085,Clifford Moore,ذكر,طنطا,Regular
CUST-0086,Sherri Lambert,ذكر,المنصورة,Regular
CUST-0087,Don Moore,ذكر,بورسعيد,Regular
CUST-0088,Carolyn Foster,أنثى,الجيزة,Regular
CUST-0089,Daniel Reilly,ذكر,المنصورة,Regular
CUST-0090,Angela Henry,ذكر,الجيزة,Regular
CUST-0091,Marcia Casey,أنثى,الجيزة,New
CUST-0092,Alexis Webster,ذكر,المنصورة,Regular
CUST-0093,Tiffany Bush,ذكر,القاهرة,Regular
CUST-0094,Larry Kelly,أنثى,المنصورة,Regular
CUST-0095,Mr. Bradley Keith,ذكر,القاهرة,Regular
CUST-0096,Kayla Thomas,ذكر,الجيزة,Regular
CUST-0097,Trevor Brown,ذكر,طنطا,Regular
CUST-0098,Michael Perez,أنثى,بورسعيد,Regular
CUST-0099,Tyler Haas,أنثى,بورسعيد,Regular
CUST-0100,Lisa Anderson,ذكر,الجيزة,VIP
CUST-0101,Ricky Young,ذكر,الإسكندرية,Regular
CUST-0102,Julia Smith,ذكر,الإسكندرية,Regular
CUST-0103,Brian Holland,ذكر,الإسكندرية,New
CUST-0104,Ryan Young,أنثى,القاهرة,Regular
CUST-0105,Steven Brown,أنثى,الإسكندرية,Regular
CUST-0106,Randy Sawyer,أنثى,الجيزة,Regular
CUST-0107,Matthew Gomez,أنثى,الإسكندرية,New
CUST-0108,Kendra Smith,ذكر,المنصورة,VIP
CUST-0109,Shawn Kaiser,ذكر,القاهرة,Regular
CUST-0110,Elizabeth Peterson,أنثى,بورسعيد,VIP
CUST-0111,John Ruiz,ذكر,طنطا,Regular
CUST-0112,Nicole Davis,أنثى,المنصورة,Regular
CUST-0113,Charles Perkins,أنثى,بورسعيد,New
CUST-0114,Sophia Chandler,ذكر,طنطا,Regular
CUST-0115,Kathy Kennedy,ذكر,الجيزة,Regular
CUST-0116,Michael Allen,أنثى,القاهرة,Regular
CUST-0117,Jacob Giles,ذكر,الجيزة,VIP
CUST-0118,Shane Oliver,أنثى,المنصورة,New
CUST-0119,Stephen French,ذكر,الإسكندرية,New
CUST-0120,Brian Lopez,ذكر,طنطا,Regular
CUST-0121,David Bishop,أنثى,الإسكندرية,Regular
CUST-0122,Ryan Reynolds,أنثى,القاهرة,Regular
CUST-0123,Cory Thomas,أنثى,القاهرة,Regular
CUST-0124,Amy Barber,أنثى,القاهرة,Regular
CUST-0125,Ebony Stephenson,أنثى,المنصورة,Regular
CUST-0126,Michele Levine,أنثى,بورسعيد,New
CUST-0127,William Miller,ذكر,طنطا,VIP
CUST-0128,Monica Huber,ذكر,الإسكندرية,New
CUST-0129,Adam Gaines,أنثى,القاهرة,Regular
CUST-0130,Jessica Rodriguez,ذكر,القاهرة,Regular
CUST-0131,Lisa Trujillo,ذكر,الإسكندرية,Regular
CUST-0132,Samantha Armstrong,ذكر,طنطا,New
CUST-0133,John Moss,أنثى,بورسعيد,VIP
CUST-0134,Leslie Murray,أنثى,بورسعيد,VIP
CUST-0135,Andrea Walker,ذكر,الجيزة,New
CUST-0136,Brittany Mack,أنثى,القاهرة,Regular
CUST-0137,James Gray,أنثى,المنصورة,New
CUST-0138,Ashley Hernandez,أنثى,القاهرة,Regular
CUST-0139,Kayla Richmond,أنثى,الجيزة,Regular
CUST-0140,Amanda Bowers,أنثى,القاهرة,VIP
CUST-0141,Mark Thornton,أنثى,الجيزة,Regular
CUST-0142,Walter Gonzales,أنثى,بورسعيد,Regular
CUST-0143,Patrick Sherman,ذكر,الجيزة,Regular
CUST-0144,Kenneth Diaz,أنثى,المنصورة,New
CUST-0145,Andrea Edwards,ذكر,الإسكندرية,VIP
CUST-0146,Heather Hartman,أنثى,الإسكندرية,New
CUST-0147,William Scott,ذكر,المنصورة,Regular
CUST-0148,Emily Jones,أنثى,الجيزة,New
CUST-0149,Brandon Knight,أنثى,القاهرة,Regular
CUST-0150,Phillip Guzman,أنثى,طنطا,New
CUST-0151,Tyler Wells,ذكر,طنطا,Regular
CUST-0152,Daniel Wade,ذكر,الإسكندرية,Regular
CUST-0153,Holly Lee,ذكر,القاهرة,Regular
CUST-0154,Regina Gallagher,ذكر,طنطا,Regular
CUST-0155,Glenda Hammond,أنثى,القاهرة,New
CUST-0156,Joseph Lane,ذكر,طنطا,Regular
CUST-0157,Tim Simmons,ذكر,المنصورة,New
CUST-0158,April Adams,ذكر,بورسعيد,Regular
CUST-0159,Erik Harmon,أنثى,طنطا,New
CUST-0160,Joe Thomas,أنثى,الجيزة,VIP
CUST-0161,Amber Lee,ذكر,طنطا,Regular
CUST-0162,Darlene Hull,ذكر,بورسعيد,New
CUST-0163,Emily Arellano,ذكر,الإسكندرية,Regular
CUST-0164,Thomas Camacho,ذكر,طنطا,VIP
CUST-0165,Kim Mcdonald,أنثى,الجيزة,VIP
CUST-0166,Kelsey Hull,أنثى,القاهرة,New
CUST-0167,Martin Smith,أنثى,المنصورة,Regular
CUST-0168,Angela Hill,ذكر,الجيزة,Regular
CUST-0169,Courtney Anderson,أنثى,طنطا,VIP
CUST-0170,Jay Burch,ذكر,طنطا,VIP
CUST-0171,Ellen Guzman,ذكر,المنصورة,New
CUST-0172,Scott Molina,أنثى,الإسكندرية,Regular
CUST-0173,Natalie Wilkins,ذكر,الإسكندرية,Regular
CUST-0174,Michael Cox,أنثى,الجيزة,VIP
CUST-0175,Tina Sharp,ذكر,المنصورة,Regular
CUST-0176,Elizabeth Price,ذكر,الإسكندرية,VIP
CUST-0177,John Ward,أنثى,القاهرة,Regular
CUST-0178,Kevin Perry,أنثى,طنطا,Regular
CUST-0179,Rebecca Reed,ذكر,القاهرة,New
CUST-0180,Michelle Adkins,أنثى,بورسعيد,New
CUST-0181,Mrs. Michelle Moore MD,ذكر,الجيزة,Regular
CUST-0182,Jordan Armstrong MD,ذكر,الإسكندرية,Regular
CUST-0183,Megan Garrett,أنثى,القاهرة,VIP
CUST-0184,Lisa Stone,ذكر,القاهرة,VIP
CUST-0185,Jose Hernandez,أنثى,طنطا,New
CUST-0186,Brandon Spencer,ذكر,بورسعيد,Regular
CUST-0187,Thomas Thomas,أنثى,القاهرة,Regular
CUST-0188,Tina Vega,أنثى,بورسعيد,New
CUST-0189,Melissa Phillips,ذكر,الإسكندرية,Regular
CUST-0190,Janice Burns,ذكر,القاهرة,Regular
CUST-0191,Joseph Thompson,ذكر,الإسكندرية,Regular
CUST-0192,David Cameron,ذكر,المنصورة,Regular
CUST-0193,Tyler Wallace,ذكر,الجيزة,VIP
CUST-0194,Heather Miller,أنثى,طنطا,New
CUST-0195,Steven Hogan,ذكر,الإسكندرية,Regular
CUST-0196,Angela Long,ذكر,بورسعيد,Regular
CUST-0197,Carol Davis,ذكر,المنصورة,Regular
CUST-0198,Rita Torres,ذكر,المنصورة,Regular
CUST-0199,Krista Brooks,أنثى,القاهرة,New
CUST-0200,Jessica Maxwell,ذكر,بورسعيد,Regular
CUST-0201,Timothy Howard,ذكر,الإسكندرية,Regular
CUST-0202,Dawn Sexton,ذكر,المنصورة,Regular
CUST-0203,Kenneth Anderson,ذكر,بورسعيد,Regular
CUST-0204,Kimberly Krause,ذكر,بورسعيد,New
CUST-0205,Brian Martinez,ذكر,بورسعيد,Regular
CUST-0206,Alejandro Anderson,أنثى,الإسكندرية,New
CUST-0207,Bobby Freeman,أنثى,المنصورة,Regular
CUST-0208,Kelly Romero,أنثى,الإسكندرية,Regular
CUST-0209,Thomas Leach,أنثى,الإسكندرية,Regular
CUST-0210,Laura Johnson,أنثى,طنطا,Regular
CUST-0211,Cindy Hill,ذكر,طنطا,Regular
CUST-0212,Kimberly Harding,أنثى,الإسكندرية,Regular
CUST-0213,Lindsey Collier,أنثى,القاهرة,Regular
CUST-0214,Brandon Olson,ذكر,المنصورة,New
CUST-0215,Allison Bailey,أنثى,بورسعيد,Regular
CUST-0216,Darren Wilson,أنثى,الجيزة,New
CUST-0217,Roger Bell Jr.,ذكر,القاهرة,Regular
CUST-0218,Todd Drake Jr.,أنثى,الجيزة,New
CUST-0219,Evan Dunn,ذكر,المنصورة,Regular
CUST-0220,Connie Meyers,أنثى,الجيزة,Regular
CUST-0221,Stephanie Bell,ذكر,القاهرة,Regular
CUST-0222,Carrie Kemp,ذكر,القاهرة,Regular
CUST-0223,Logan Key,ذكر,المنصورة,New
CUST-0224,Cassandra Kidd,أنثى,بورسعيد,VIP
CUST-0225,Brett Jenkins,أنثى,بورسعيد,Regular
CUST-0226,Stephanie Rodriguez,ذكر,بورسعيد,VIP
CUST-0227,Andrew Mills,ذكر,المنصورة,New
CUST-0228,Jeffrey Bailey,أنثى,القاهرة,New
CUST-0229,Kimberly Garcia,أنثى,القاهرة,Regular
CUST-0230,Rachael Taylor,أنثى,طنطا,Regular
CUST-0231,Wendy Smith,ذكر,طنطا,Regular
CUST-0232,Natalie Walker,أنثى,المنصورة,Regular
CUST-0233,Mr. Thomas Vaughn,أنثى,الجيزة,Regular
CUST-0234,Lori Caldwell,ذكر,الجيزة,New
CUST-0235,Christine Lopez,أنثى,بورسعيد,Regular
CUST-0236,Jennifer House,ذكر,القاهرة,New
CUST-0237,Lance Powers,ذكر,الجيزة,Regular
CUST-0238,Mark Walter,ذكر,المنصورة,New
CUST-0239,Morgan Turner,ذكر,الإسكندرية,New
CUST-0240,Megan Stokes,ذكر,الجيزة,VIP
CUST-0241,Kristin Hill,أنثى,القاهرة,New
CUST-0242,Christopher Davila,أنثى,القاهرة,Regular
CUST-0243,Jennifer Combs,أنثى,الإسكندرية,Regular
CUST-0244,Tom Callahan,ذكر,المنصورة,Regular
CUST-0245,Debra Roman,أنثى,طنطا,Regular
CUST-0246,Kenneth Floyd,أنثى,القاهرة,Regular
CUST-0247,Kimberly White,ذكر,الإسكندرية,Regular
CUST-0248,Ryan Neal,ذكر,الجيزة,Regular
CUST-0249,Jacob Ballard,ذكر,الإسكندرية,Regular
CUST-0250,Shirley Sanders,ذكر,المنصورة,Regular
CUST-0251,Kathryn Kent,أنثى,القاهرة,Regular
CUST-0252,Brian Collins,أنثى,الإسكندرية,New
CUST-0253,Mason Beck,ذكر,الجيزة,New
CUST-0254,Sherry Rubio,أنثى,المنصورة,Regular
CUST-0255,Ashley Mcdonald,أنثى,الإسكندرية,Regular
CUST-0256,Lisa Robinson,ذكر,الإسكندرية,VIP
CUST-0257,Nicholas Peterson,أنثى,الجيزة,Regular
CUST-0258,Benjamin Hughes,ذكر,القاهرة,VIP
CUST-0259,Noah Wells,ذكر,الجيزة,Regular
CUST-0260,Aaron Mitchell,ذكر,بورسعيد,Regular
CUST-0261,Evan Richmond,ذكر,الجيزة,Regular
CUST-0262,Leonard Romero,أنثى,الإسكندرية,New
CUST-0263,Jennifer Blake,أنثى,الجيزة,Regular
CUST-0264,Sara Dixon,أنثى,الجيزة,New
CUST-0265,Susan Wall,أنثى,الجيزة,Regular
CUST-0266,Lisa Collins,ذكر,الإسكندرية,Regular
CUST-0267,Andrew Weaver,أنثى,القاهرة,Regular
CUST-0268,Joel Garcia,أنثى,طنطا,VIP
CUST-0269,Raymond Walker,أنثى,الإسكندرية,Regular
CUST-0270,Benjamin Flowers,أنثى,المنصورة,Regular
CUST-0271,Tonya Liu,ذكر,القاهرة,VIP
CUST-0272,Andrew Guzman,أنثى,الجيزة,Regular
CUST-0273,Tonya Lopez,ذكر,بورسعيد,New
CUST-0274,Seth Harper,أنثى,بورسعيد,Regular
CUST-0275,Daniel Mccann,ذكر,الجيزة,VIP
CUST-0276,Nicholas Flowers,أنثى,طنطا,Regular
CUST-0277,Amy Le,ذكر,الإسكندرية,Regular
CUST-0278,Devin Walton,ذكر,المنصورة,VIP
CUST-0279,Dawn Jennings,أنثى,الجيزة,New
CUST-0280,Lori Holland,ذكر,الجيزة,Regular
CUST-0281,Yvonne Nichols,أنثى,بورسعيد,Regular
CUST-0282,Stephanie Burgess,ذكر,المنصورة,Regular
CUST-0283,Danielle Sloan,ذكر,الإسكندرية,Regular
CUST-0284,Christopher Torres,أنثى,المنصورة,VIP
CUST-0285,Tracy Ferrell,ذكر,الجيزة,Regular
CUST-0286,Alexa Davis,أنثى,المنصورة,VIP
CUST-0287,Joel Johnson,ذكر,المنصورة,New
CUST-0288,Christopher Buchanan,أنثى,بورسعيد,Regular
CUST-0289,Annette Cox,أنثى,بورسعيد,New
CUST-0290,Brian Thomas,ذكر,الجيزة,New
CUST-0291,Jason Mendoza,أنثى,الإسكندرية,New
CUST-0292,Martha Goodman,أنثى,القاهرة,Regular
CUST-0293,Lisa Ford,أنثى,المنصورة,Regular
CUST-0294,Andrew Gonzales,ذكر,طنطا,New
CUST-0295,Brian Bell,ذكر,بورسعيد,Regular
CUST-0296,Michele Trevino,أنثى,المنصورة,Regular
CUST-0297,Gregory Drake,ذكر,بورسعيد,New
CUST-0298,Robert Flynn,ذكر,الجيزة,Regular
CUST-0299,Lisa Jones,أنثى,الجيزة,New
CUST-0300,Megan Maddox,ذكر,الجيزة,Regular
CUST-0301,Lisa Proctor,أنثى,القاهرة,Regular
CUST-0302,Nathan Johnson,أنثى,طنطا,Regular
CUST-0303,Patricia Rodriguez,ذكر,بورسعيد,Regular
CUST-0304,Shirley Brown,أنثى,المنصورة,Regular
CUST-0305,Timothy Freeman,أنثى,الجيزة,Regular
CUST-0306,Brandon Lane,ذكر,الجيزة,New
CUST-0307,Amber Gray,ذكر,الجيزة,VIP
CUST-0308,Jessica Welch,ذكر,طنطا,Regular
CUST-0309,Michelle Dudley,ذكر,طنطا,Regular
CUST-0310,Kelly Giles,ذكر,القاهرة,Regular
CUST-0311,Ellen Ellis,أنثى,طنطا,New
CUST-0312,Lisa Santiago,أنثى,الجيزة,Regular
CUST-0313,Bill Barr,أنثى,القاهرة,New
CUST-0314,Zachary Mcdonald,أنثى,طنطا,Regular
CUST-0315,Audrey Becker,ذكر,الجيزة,New
CUST-0316,Mark Oliver,ذكر,الجيزة,Regular
CUST-0317,Kelly Jones,ذكر,الإسكندرية,Regular
CUST-0318,Maria Duran,ذكر,الإسكندرية,VIP
CUST-0319,Paul Smith,أنثى,القاهرة,Regular
CUST-0320,Katherine Cline,أنثى,طنطا,Regular
CUST-0321,Kenneth Edwards,أنثى,الإسكندرية,Regular
CUST-0322,Ann Carr DVM,أنثى,طنطا,Regular
CUST-0323,Richard Boyd,ذكر,المنصورة,New
CUST-0324,Belinda Rodriguez,أنثى,الجيزة,Regular
CUST-0325,Cameron Brown,أنثى,الإسكندرية,Regular
CUST-0326,Roberto Steele,أنثى,طنطا,New
CUST-0327,Vicki Robinson,ذكر,طنطا,Regular
CUST-0328,Brendan Clark,ذكر,الإسكندرية,Regular
CUST-0329,Jade King,ذكر,بورسعيد,New
CUST-0330,Christopher Hale,أنثى,طنطا,New
CUST-0331,Deborah Thornton,ذكر,الجيزة,Regular
CUST-0332,Betty Jones,أنثى,بورسعيد,Regular
CUST-0333,Tracey Hudson,ذكر,الجيزة,Regular
CUST-0334,Meredith Davis,أنثى,القاهرة,Regular
CUST-0335,Rachael Haney,ذكر,بورسعيد,Regular
CUST-0336,April Taylor,أنثى,بورسعيد,New
CUST-0337,Alyssa Figueroa,ذكر,الجيزة,VIP
CUST-0338,Nichole Henderson,ذكر,المنصورة,New
CUST-0339,Catherine Willis,ذكر,الإسكندرية,Regular
CUST-0340,Lisa Shelton,أنثى,بورسعيد,VIP
CUST-0341,Ashley Jones,أنثى,طنطا,Regular
CUST-0342,Angela Ponce,أنثى,الجيزة,Regular
CUST-0343,Natalie Chavez,أنثى,بورسعيد,VIP
CUST-0344,Philip Mckee,أنثى,بورسعيد,Regular
CUST-0345,Sandra Smith,ذكر,القاهرة,Regular
CUST-0346,William Munoz,أنثى,القاهرة,Regular
CUST-0347,Robert Kelly,ذكر,المنصورة,Regular
CUST-0348,Theresa Roberts,أنثى,الإسكندرية,New
CUST-0349,Stefanie Hunter,أنثى,المنصورة,Regular
CUST-0350,Jeffrey Gallegos,أنثى,طنطا,Regular
CUST-0351,Kimberly Pugh,ذكر,الجيزة,Regular
CUST-0352,Catherine Thomas,ذكر,القاهرة,Regular
CUST-0353,Debra Brown,أنثى,طنطا,Regular
CUST-0354,Pamela Maynard,أنثى,الإسكندرية,New
CUST-0355,Andrea Hubbard,ذكر,الإسكندرية,New
CUST-0356,Alan Trujillo,أنثى,القاهرة,VIP
CUST-0357,Peter Alvarez,ذكر,المنصورة,Regular
CUST-0358,Miguel Porter,ذكر,المنصورة,Regular
CUST-0359,Andrew Brown,ذكر,الإسكندرية,New
CUST-0360,Barbara Rasmussen,أنثى,طنطا,VIP
CUST-0361,Rodney Gallegos,أنثى,الجيزة,Regular
CUST-0362,Robert Carney,أنثى,الإسكندرية,Regular
CUST-0363,James Mccall MD,أنثى,الجيزة,Regular
CUST-0364,Calvin Frye,ذكر,الإسكندرية,Regular
CUST-0365,Kayla Taylor,ذكر,الجيزة,Regular
CUST-0366,Mary Rose,أنثى,بورسعيد,Regular
CUST-0367,Willie Erickson,ذكر,المنصورة,Regular
CUST-0368,Taylor Reese,ذكر,المنصورة,New
CUST-0369,John Williams,ذكر,طنطا,VIP
CUST-0370,David Williams,أنثى,الجيزة,New
CUST-0371,Linda Ferguson,أنثى,طنطا,Regular
CUST-0372,Jessica Li,ذكر,الإسكندرية,Regular
CUST-0373,Barry Burton,أنثى,القاهرة,New
CUST-0374,Austin Griffin,ذكر,القاهرة,Regular
CUST-0375,Courtney Smith,أنثى,القاهرة,New
CUST-0376,Jennifer Morgan,ذكر,الجيزة,Regular
CUST-0377,Scott Williams,أنثى,المنصورة,Regular
CUST-0378,Donna Cantu,أنثى,الجيزة,Regular
CUST-0379,Sara Carlson,ذكر,المنصورة,Regular
CUST-0380,Keith Jacobs,ذكر,المنصورة,Regular
CUST-0381,Stacy Miller,ذكر,الإسكندرية,VIP
CUST-0382,Lawrence Robinson,أنثى,بورسعيد,Regular
CUST-0383,Jason Campos,أنثى,طنطا,Regular
CUST-0384,Joseph Hanson,ذكر,طنطا,Regular
CUST-0385,Rita Turner,أنثى,القاهرة,Regular
CUST-0386,Amanda Moore,ذكر,بورسعيد,New
CUST-0387,Sue Villarreal,أنثى,بورسعيد,Regular
CUST-0388,Stephen Kelley,أنثى,الجيزة,Regular
CUST-0389,Paul Wood,ذكر,بورسعيد,Regular
CUST-0390,Barry Taylor,أنثى,الإسكندرية,Regular
CUST-0391,Adam Foster,ذكر,بورسعيد,Regular
CUST-0392,Dana Bartlett,ذكر,طنطا,VIP
CUST-0393,Christopher Rodgers,أنثى,الإسكندرية,Regular
CUST-0394,Natalie Todd,أنثى,طنطا,Regular
CUST-0395,Christopher Ward,أنثى,القاهرة,Regular
CUST-0396,Bryan Randall,أنثى,المنصورة,Regular
CUST-0397,Angelica Chen,أنثى,بورسعيد,New
CUST-0398,Courtney Curtis,ذكر,الإسكندرية,VIP
CUST-0399,Shannon Walker,ذكر,الجيزة,VIP
CUST-0400,Virginia Taylor,أنثى,طنطا,New
CUST-0401,Travis Harper,أنثى,الإسكندرية,Regular
CUST-0402,Jeremy Melton,ذكر,طنطا,Regular
CUST-0403,Brandon Saunders,أنثى,الإسكندرية,Regular
CUST-0404,Natalie Shields,ذكر,بورسعيد,Regular
CUST-0405,Jon Crosby,ذكر,الإسكندرية,Regular
CUST-0406,Amber Kaiser,ذكر,الجيزة,Regular
CUST-0407,Robert Nichols,أنثى,القاهرة,Regular
CUST-0408,Amy Lewis,أنثى,القاهرة,Regular
CUST-0409,Ralph Avila,أنثى,الإسكندرية,VIP
CUST-0410,Mathew Sanders,ذكر,الجيزة,Regular
CUST-0411,Denise Ritter MD,ذكر,الإسكندرية,Regular
CUST-0412,Kevin Hays,أنثى,المنصورة,Regular
CUST-0413,John Edwards,أنثى,الجيزة,Regular
CUST-0414,Gloria Perez,ذكر,الإسكندرية,Regular
CUST-0415,Joseph Peterson,ذكر,القاهرة,Regular
CUST-0416,Todd Orozco,ذكر,طنطا,Regular
CUST-0417,Michelle Wade,أنثى,الإسكندرية,New
CUST-0418,Louis Cruz,أنثى,بورسعيد,Regular
CUST-0419,Christy Ellis,ذكر,الجيزة,Regular
CUST-0420,Scott Nguyen,أنثى,المنصورة,New
CUST-0421,Abigail Montgomery,ذكر,الجيزة,New
CUST-0422,Susan Lee,ذكر,القاهرة,New
CUST-0423,David Reyes,ذكر,بورسعيد,Regular
CUST-0424,Hannah Benton,أنثى,القاهرة,VIP
CUST-0425,Robert Campbell,أنثى,طنطا,VIP
CUST-0426,Carl Fox,أنثى,الجيزة,Regular
CUST-0427,Jose Martinez,ذكر,المنصورة,Regular
CUST-0428,Alyssa Everett,أنثى,طنطا,New
CUST-0429,Christina Davis,ذكر,بورسعيد,Regular
CUST-0430,Sheila Odom,ذكر,القاهرة,Regular
CUST-0431,Caitlin Little,أنثى,طنطا,Regular
CUST-0432,Sherry Wells,أنثى,المنصورة,Regular
CUST-0433,Michael Alvarez MD,ذكر,الجيزة,Regular
CUST-0434,Douglas Lucas,أنثى,القاهرة,New
CUST-0435,Christina Blackwell,ذكر,طنطا,New
CUST-0436,Maria Smith,أنثى,بورسعيد,New
CUST-0437,Robert Scott,ذكر,الإسكندرية,Regular
CUST-0438,Wyatt Herring,أنثى,المنصورة,Regular
CUST-0439,Michael Johnson,ذكر,بورسعيد,Regular
CUST-0440,Mary King,أنثى,طنطا,New
CUST-0441,Charles Vargas,ذكر,بورسعيد,Regular
CUST-0442,Randy Gonzales,أنثى,بورسعيد,Regular
CUST-0443,Daniel Patton,ذكر,بورسعيد,Regular
CUST-0444,William Williams,أنثى,المنصورة,New
CUST-0445,Keith Herrera,ذكر,الجيزة,Regular
CUST-0446,Ian Brooks,ذكر,المنصورة,Regular
CUST-0447,Samantha Vincent,ذكر,طنطا,VIP
CUST-0448,Gerald Howard,أنثى,بورسعيد,Regular
CUST-0449,Pamela Ellis,أنثى,المنصورة,Regular
CUST-0450,Valerie Allen,أنثى,بورسعيد,Regular
CUST-0451,Bryan Vaughn,ذكر,الإسكندرية,New
CUST-0452,Howard Cobb,ذكر,طنطا,Regular
CUST-0453,Jamie Rodriguez,ذكر,بورسعيد,VIP
CUST-0454,Mr. Robert Lane DDS,ذكر,الإسكندرية,Regular
CUST-0455,Diana Walsh,ذكر,الإسكندرية,Regular
CUST-0456,Jorge Martinez,أنثى,المنصورة,VIP
CUST-0457,Craig Vasquez,أنثى,القاهرة,New
CUST-0458,Samantha Shepard,أنثى,الجيزة,Regular
CUST-0459,William May,ذكر,المنصورة,Regular
CUST-0460,Edward Hill,ذكر,الإسكندرية,Regular
CUST-0461,Amber Gonzalez,أنثى,الإسكندرية,Regular
CUST-0462,Jessica Fields,أنثى,المنصورة,Regular
CUST-0463,Christina Ward,ذكر,القاهرة,Regular
CUST-0464,Renee Munoz,ذكر,الجيزة,Regular
CUST-0465,Michelle Flores,أنثى,القاهرة,New
CUST-0466,Chelsea Jones,ذكر,طنطا,Regular
CUST-0467,Amanda Chung,أنثى,المنصورة,New
CUST-0468,Amy Bowers,ذكر,القاهرة,Regular
CUST-0469,Matthew Walker,أنثى,طنطا,VIP
CUST-0470,Carl Dodson,أنثى,المنصورة,Regular
CUST-0471,Michael Thomas,أنثى,الإسكندرية,New
CUST-0472,Matthew Kirby,ذكر,طنطا,Regular
CUST-0473,Phillip Ruiz,ذكر,القاهرة,Regular
CUST-0474,David Young,أنثى,طنطا,VIP
CUST-0475,Brittany Williams,ذكر,الإسكندرية,Regular
CUST-0476,Malik Gilbert,ذكر,الإسكندرية,Regular
CUST-0477,Ashley Chambers,أنثى,الإسكندرية,New
CUST-0478,Randy Garcia II,ذكر,الإسكندرية,New
CUST-0479,Ryan Hawkins,ذكر,القاهرة,Regular
CUST-0480,Tammy Jones,أنثى,بورسعيد,Regular
CUST-0481,Gina Heath,ذكر,طنطا,New
CUST-0482,Megan Blake,أنثى,طنطا,Regular
CUST-0483,Derek Gutierrez,أنثى,القاهرة,VIP
CUST-0484,Chris Bennett,أنثى,طنطا,Regular
CUST-0485,Brandi Davis,ذكر,المنصورة,Regular
CUST-0486,Michele Castro,أنثى,بورسعيد,New
CUST-0487,James Clark,أنثى,الجيزة,Regular
CUST-0488,Katherine Baker,ذكر,بورسعيد,Regular
CUST-0489,Tyler Nielsen,أنثى,الإسكندرية,Regular
CUST-0490,Jasmin Bell,ذكر,بورسعيد,Regular
CUST-0491,Lance Conner,ذكر,القاهرة,Regular
CUST-0492,Michael Sanders,أنثى,بورسعيد,New
CUST-0493,Steve Phillips,ذكر,المنصورة,Regular
CUST-0494,Claudia Lawson,ذكر,القاهرة,New
CUST-0495,Luis Oconnor,ذكر,القاهرة,Regular
CUST-0496,Sharon Wilson,أنثى,بورسعيد,Regular
CUST-0497,Jacob Simon,أنثى,الجيزة,Regular
CUST-0498,Charlene Velez,ذكر,الجيزة,New
CUST-0499,Richard Farmer,ذكر,بورسعيد,VIP
CUST-0500,John Wright,ذكر,طنطا,New
CUST-0501,Dylan Phillips,ذكر,طنطا,New
CUST-0502,Marcus Alvarez,أنثى,الجيزة,New
CUST-0503,Raven Austin,ذكر,المنصورة,VIP
CUST-0504,Kimberly Le,ذكر,الجيزة,VIP
CUST-0505,Julie Smith,أنثى,الإسكندرية,Regular
CUST-0506,Raymond Reed,ذكر,المنصورة,New
CUST-0507,Matthew Edwards,ذكر,القاهرة,VIP
CUST-0508,Marcus Cunningham,أنثى,بورسعيد,Regular
CUST-0509,Brian Chambers,أنثى,المنصورة,Regular
CUST-0510,Shannon Gross,ذكر,الإسكندرية,Regular
CUST-0511,Mike Woods,ذكر,بورسعيد,New
CUST-0512,Philip Mccarthy,ذكر,المنصورة,Regular
CUST-0513,John Werner,ذكر,بورسعيد,New
CUST-0514,Karen Whitney,أنثى,الجيزة,VIP
CUST-0515,Anna Ramirez,أنثى,الجيزة,Regular
CUST-0516,Heidi Buckley,ذكر,طنطا,Regular
CUST-0517,Darin Lucas,ذكر,المنصورة,VIP
CUST-0518,Elizabeth Meyer,ذكر,القاهرة,Regular
CUST-0519,Teresa Anderson,أنثى,طنطا,Regular
CUST-0520,David Moore,ذكر,بورسعيد,Regular
CUST-0521,Andrew Oliver,أنثى,المنصورة,Regular
CUST-0522,Stacey Bailey,أنثى,طنطا,Regular
CUST-0523,Samuel Foster,ذكر,المنصورة,Regular
CUST-0524,Gerald Turner,أنثى,القاهرة,Regular
CUST-0525,Shari Klein,ذكر,بورسعيد,Regular
CUST-0526,Brandon Moore,أنثى,طنطا,Regular
CUST-0527,Christopher Mcguire,ذكر,الجيزة,Regular
CUST-0528,Amy Collins,ذكر,بورسعيد,VIP
CUST-0529,Tyler Turner,أنثى,طنطا,VIP
CUST-0530,Jacqueline Goodwin,ذكر,القاهرة,New
CUST-0531,Linda Davis,ذكر,طنطا,Regular
CUST-0532,Denise Wells,أنثى,القاهرة,VIP
CUST-0533,Laura Buckley,أنثى,طنطا,VIP
CUST-0534,Gary Dougherty,أنثى,طنطا,New
CUST-0535,Daniel Mitchell Jr.,أنثى,بورسعيد,VIP
CUST-0536,Jennifer Flynn,ذكر,المنصورة,VIP
CUST-0537,Anne Bridges,ذكر,القاهرة,Regular
CUST-0538,Cheryl Hernandez,أنثى,المنصورة,VIP
CUST-0539,Ronald Cross,ذكر,طنطا,VIP
CUST-0540,Amanda Graham,ذكر,الجيزة,VIP
CUST-0541,Carl Barker,ذكر,طنطا,Regular
CUST-0542,David Perkins,أنثى,طنطا,Regular
CUST-0543,Adrienne Pratt DDS,أنثى,بورسعيد,VIP
CUST-0544,Danielle Diaz,ذكر,القاهرة,Regular
CUST-0545,Shawn Long DDS,أنثى,الجيزة,Regular
CUST-0546,Danny Rice,أنثى,الإسكندرية,New
CUST-0547,Shelly Bullock,أنثى,طنطا,Regular
CUST-0548,Mr. John Fleming,ذكر,الإسكندرية,Regular
CUST-0549,Mary Green DVM,ذكر,الجيزة,New
CUST-0550,Heather Reed,ذكر,المنصورة,Regular
CUST-0551,Russell Hamilton,ذكر,طنطا,VIP
CUST-0552,Renee Moses,ذكر,بورسعيد,Regular
CUST-0553,Erica Davis,أنثى,طنطا,VIP
CUST-0554,Ashley Barnes,ذكر,المنصورة,Regular
CUST-0555,Anna Pham,ذكر,طنطا,Regular
CUST-0556,Stacey Ruiz,ذكر,القاهرة,Regular
CUST-0557,Donna Mclean MD,ذكر,الإسكندرية,Regular
CUST-0558,Carrie Warner,ذكر,القاهرة,Regular
CUST-0559,Desiree Marsh,أنثى,الإسكندرية,New
CUST-0560,Karen Johnson,ذكر,طنطا,Regular
CUST-0561,James Taylor,ذكر,القاهرة,Regular
CUST-0562,Jason Garcia,ذكر,بورسعيد,Regular
CUST-0563,Malik Ramirez,أنثى,طنطا,New
CUST-0564,Amanda Woods,أنثى,الإسكندرية,Regular
CUST-0565,Christopher Murphy,أنثى,بورسعيد,Regular
CUST-0566,Matthew Green,ذكر,بورسعيد,Regular
CUST-0567,Andrew Mcdaniel,أنثى,بورسعيد,VIP
CUST-0568,Eileen Terry,أنثى,الجيزة,New
CUST-0569,Dustin Hill,ذكر,طنطا,New
CUST-0570,Joe Clark,أنثى,الجيزة,New
CUST-0571,Mark Smith,ذكر,الإسكندرية,Regular
CUST-0572,April Gardner,أنثى,الإسكندرية,Regular
CUST-0573,William Fleming,ذكر,المنصورة,Regular
CUST-0574,Andrew Banks,ذكر,القاهرة,Regular
CUST-0575,Sydney Trujillo,أنثى,الإسكندرية,VIP
CUST-0576,Jeffrey Robinson,أنثى,بورسعيد,Regular
CUST-0577,Sarah Hester DDS,أنثى,القاهرة,New
CUST-0578,Monica Delgado,ذكر,الجيزة,Regular
CUST-0579,Yvonne Frank,ذكر,الجيزة,New
CUST-0580,Jennifer Mathis,ذكر,بورسعيد,Regular
CUST-0581,Ann Smith,أنثى,طنطا,New
CUST-0582,Samantha Woods,ذكر,القاهرة,New
CUST-0583,Christina Lopez,ذكر,بورسعيد,New
CUST-0584,Monique Jones,ذكر,الإسكندرية,Regular
CUST-0585,Michelle Henderson,أنثى,المنصورة,Regular
CUST-0586,Theresa Strickland,أنثى,بورسعيد,Regular
CUST-0587,Kyle Turner,أنثى,الإسكندرية,Regular
CUST-0588,Michael Hill,ذكر,طنطا,VIP
CUST-0589,Sara Diaz,ذكر,القاهرة,VIP
CUST-0590,Jean Mcguire,ذكر,الجيزة,New
CUST-0591,Pamela Valdez,أنثى,الجيزة,Regular
CUST-0592,Brittany Madden,أنثى,طنطا,Regular
CUST-0593,Douglas Robinson,ذكر,طنطا,Regular
CUST-0594,Patrick Phillips,أنثى,طنطا,Regular
CUST-0595,Andrew Moody,ذكر,الجيزة,VIP
CUST-0596,Maria Weiss,أنثى,القاهرة,VIP
CUST-0597,Stacy Powers,أنثى,الجيزة,Regular
CUST-0598,Destiny Cruz,ذكر,المنصورة,Regular
CUST-0599,Kara Holloway,ذكر,المنصورة,Regular
CUST-0600,Amber Fuller,أنثى,القاهرة,New
CUST-0601,Matthew Cross,أنثى,الإسكندرية,VIP
CUST-0602,Wanda Boyd,ذكر,القاهرة,VIP
CUST-0603,Michael Young,أنثى,طنطا,VIP
CUST-0604,Karen Williamson,ذكر,الجيزة,New
CUST-0605,Gary Reese,أنثى,القاهرة,Regular
CUST-0606,Elizabeth Rojas,ذكر,الجيزة,New
CUST-0607,Charles Taylor,أنثى,الإسكندرية,Regular
CUST-0608,Mrs. Tara Martinez PhD,ذكر,بورسعيد,VIP
CUST-0609,Amanda Butler,أنثى,القاهرة,Regular
CUST-0610,Christine Monroe,أنثى,القاهرة,Regular
CUST-0611,Sabrina Bauer,ذكر,بورسعيد,New
CUST-0612,Melissa Randall,أنثى,الجيزة,VIP
CUST-0613,Charles Johnson,أنثى,طنطا,Regular
CUST-0614,Nicole Lee,ذكر,بورسعيد,Regular
CUST-0615,Tammy Winters,أنثى,بورسعيد,New
CUST-0616,Hannah Turner,أنثى,الإسكندرية,Regular
CUST-0617,Sandra Gonzales,أنثى,بورسعيد,Regular
CUST-0618,Jennifer Diaz,ذكر,الإسكندرية,Regular
CUST-0619,Kimberly Nielsen,ذكر,الإسكندرية,Regular
CUST-0620,Ryan Church,أنثى,الجيزة,Regular
CUST-0621,Stephanie Brock,أنثى,القاهرة,VIP
CUST-0622,Michael Tate,أنثى,طنطا,Regular
CUST-0623,Frances Hill,ذكر,القاهرة,VIP
CUST-0624,Blake Rodriguez,أنثى,الجيزة,New
CUST-0625,Christine Le,ذكر,بورسعيد,Regular
CUST-0626,Brian Collins,ذكر,القاهرة,Regular
CUST-0627,Jessica Noble,ذكر,طنطا,Regular
CUST-0628,Jamie Durham,أنثى,المنصورة,Regular
CUST-0629,Pamela Meyers,أنثى,المنصورة,VIP
CUST-0630,Peter Martinez,ذكر,طنطا,Regular
CUST-0631,Kathy Martinez,أنثى,الإسكندرية,Regular
CUST-0632,Stacey Allen,ذكر,القاهرة,Regular
CUST-0633,Xavier Cole,أنثى,الجيزة,Regular
CUST-0634,Roy Fisher,ذكر,بورسعيد,VIP
CUST-0635,Jeffery Lawson,أنثى,المنصورة,Regular
CUST-0636,Ernest Lowe,أنثى,الجيزة,New
CUST-0637,Jennifer Rose,ذكر,طنطا,Regular
CUST-0638,Brandi Davis,أنثى,طنطا,Regular
CUST-0639,Mary Gonzalez,أنثى,الجيزة,New
CUST-0640,Lisa Sanchez MD,أنثى,الإسكندرية,Regular
CUST-0641,Melanie Rhodes,أنثى,طنطا,Regular
CUST-0642,Michelle Dennis,أنثى,طنطا,Regular
CUST-0643,John Juarez,ذكر,الإسكندرية,Regular
CUST-0644,Ashley Padilla,أنثى,المنصورة,Regular
CUST-0645,Stacy Sullivan,ذكر,المنصورة,Regular
CUST-0646,Christopher Chase,ذكر,الجيزة,Regular
CUST-0647,Melinda Webb,أنثى,الجيزة,New
CUST-0648,Sherry Silva,ذكر,بورسعيد,Regular
CUST-0649,Kathleen Mccoy,ذكر,الجيزة,Regular
CUST-0650,Adam Meadows,ذكر,بورسعيد,Regular
CUST-0651,Suzanne Allen,ذكر,بورسعيد,Regular
CUST-0652,Lauren Jones,ذكر,الإسكندرية,Regular
CUST-0653,Blake Moss,أنثى,طنطا,Regular
CUST-0654,Julia Brock,ذكر,المنصورة,Regular
CUST-0655,Katelyn Riley,ذكر,بورسعيد,Regular
CUST-0656,Selena Blake,أنثى,بورسعيد,New
CUST-0657,Denise Acevedo,ذكر,الإسكندرية,New
CUST-0658,Robert Ramirez,أنثى,بورسعيد,VIP
CUST-0659,Jenna Sparks,ذكر,الجيزة,Regular
CUST-0660,Jerry Zavala,ذكر,الجيزة,Regular
CUST-0661,Douglas Ellis,ذكر,المنصورة,New
CUST-0662,Christopher Webb,ذكر,بورسعيد,Regular
CUST-0663,Christine Ramsey,ذكر,الإسكندرية,New
CUST-0664,Luis Griffin,أنثى,الجيزة,Regular
CUST-0665,David Walker,أنثى,الإسكندرية,Regular
CUST-0666,Alexander Stanley,ذكر,الجيزة,Regular
CUST-0667,Vanessa Lopez,ذكر,الجيزة,Regular
CUST-0668,William Parks,أنثى,المنصورة,New
CUST-0669,Gina Trevino,أنثى,المنصورة,New
CUST-0670,Jennifer Turner,ذكر,بورسعيد,VIP
CUST-0671,Thomas Molina,أنثى,الجيزة,VIP
CUST-0672,Michael Johnson,أنثى,طنطا,New
CUST-0673,Anthony Diaz,ذكر,الإسكندرية,VIP
CUST-0674,Lori Smith,ذكر,المنصورة,Regular
CUST-0675,Sarah Carey,ذكر,المنصورة,Regular
CUST-0676,Alexander Webster,ذكر,بورسعيد,Regular
CUST-0677,Andrew Martin,ذكر,المنصورة,New
CUST-0678,Brandon Hawkins,أنثى,المنصورة,VIP
CUST-0679,Christopher Garza,ذكر,المنصورة,Regular
CUST-0680,Diana Cook,أنثى,القاهرة,Regular
CUST-0681,Ruth Davis,ذكر,القاهرة,Regular
CUST-0682,Steven Rojas,ذكر,المنصورة,New
CUST-0683,Lauren Hall,ذكر,بورسعيد,VIP
CUST-0684,Steven Flores,أنثى,طنطا,Regular
CUST-0685,Nicolas Contreras,أنثى,الجيزة,Regular
CUST-0686,Sabrina Reese,ذكر,طنطا,Regular
CUST-0687,Devin Berry,أنثى,الإسكندرية,New
CUST-0688,Stephanie Roman,ذكر,الإسكندرية,Regular
CUST-0689,Bradley George,ذكر,بورسعيد,New
CUST-0690,Rebecca Lane,أنثى,الإسكندرية,New
CUST-0691,Michelle Wilson,ذكر,الإسكندرية,Regular
CUST-0692,Jacob Byrd,ذكر,المنصورة,New
CUST-0693,Rebecca Morgan,أنثى,القاهرة,Regular
CUST-0694,William Larson,أنثى,بورسعيد,New
CUST-0695,James Martin,ذكر,طنطا,New
CUST-0696,Edward Ellis,ذكر,المنصورة,Regular
CUST-0697,Brian Watson,أنثى,الإسكندرية,Regular
CUST-0698,Mr. Manuel Moses,ذكر,الجيزة,Regular
CUST-0699,Amber Williams,ذكر,بورسعيد,Regular
CUST-0700,Edward Flores II,ذكر,طنطا,New
CUST-0701,Kari Bryant,ذكر,طنطا,Regular
CUST-0702,Tammy Davidson,أنثى,الجيزة,Regular
CUST-0703,Lori Peters,أنثى,الجيزة,New
CUST-0704,Angela Jones,ذكر,بورسعيد,New
CUST-0705,Thomas Thompson,أنثى,الإسكندرية,Regular
CUST-0706,Mary Howard,أنثى,بورسعيد,Regular
CUST-0707,Stephanie Romero,ذكر,طنطا,Regular
CUST-0708,Nicholas Beck,أنثى,طنطا,Regular
CUST-0709,Martha Webster,ذكر,القاهرة,Regular
CUST-0710,Annette Gilbert,ذكر,القاهرة,Regular
CUST-0711,Adam Garcia,ذكر,بورسعيد,Regular
CUST-0712,Tracy Martinez,أنثى,الجيزة,Regular
CUST-0713,Anthony Tanner,ذكر,الجيزة,VIP
CUST-0714,Monica Martinez,ذكر,بورسعيد,Regular
CUST-0715,Christopher Novak,ذكر,طنطا,VIP
CUST-0716,Patricia Wallace,ذكر,المنصورة,Regular
CUST-0717,Amanda Mcdonald,ذكر,المنصورة,New
CUST-0718,Natasha Wright,ذكر,المنصورة,Regular
CUST-0719,Amber Riddle,ذكر,القاهرة,Regular
CUST-0720,Ryan Sanchez,أنثى,طنطا,New
CUST-0721,Benjamin Mccormick,أنثى,الإسكندرية,Regular
CUST-0722,Kathleen Rose,أنثى,بورسعيد,Regular
CUST-0723,Hannah Anderson,أنثى,القاهرة,New
CUST-0724,Todd Wang,ذكر,الإسكندرية,Regular
CUST-0725,George Miller,ذكر,الجيزة,New
CUST-0726,Debra Jordan,ذكر,الإسكندرية,Regular
CUST-0727,Jill Webb,ذكر,طنطا,Regular
CUST-0728,James Chung,ذكر,الإسكندرية,Regular
CUST-0729,Ryan Martin,ذكر,الإسكندرية,Regular
CUST-0730,Lauren Thompson,ذكر,طنطا,Regular
CUST-0731,Samantha Kelley,ذكر,الإسكندرية,Regular
CUST-0732,Sean Cox,أنثى,القاهرة,Regular
CUST-0733,Jennifer Fletcher,أنثى,طنطا,New
CUST-0734,William Bryan,أنثى,الجيزة,VIP
CUST-0735,Gerald Lopez,أنثى,المنصورة,Regular
CUST-0736,Samuel Robles,ذكر,طنطا,Regular
CUST-0737,Karen Roach,أنثى,القاهرة,VIP
CUST-0738,James Huffman,ذكر,الإسكندرية,Regular
CUST-0739,Jeremiah Wilcox,ذكر,الإسكندرية,Regular
CUST-0740,Samantha Jones,ذكر,الإسكندرية,Regular
CUST-0741,Jennifer Warren,أنثى,طنطا,VIP
CUST-0742,Travis Hernandez,ذكر,الجيزة,New
CUST-0743,Shane Alexander,ذكر,بورسعيد,New
CUST-0744,Mrs. Amy Doyle,ذكر,الإسكندرية,New
CUST-0745,James Brown,ذكر,الجيزة,Regular
CUST-0746,Julie Christian,ذكر,القاهرة,VIP
CUST-0747,Margaret Miller,ذكر,طنطا,VIP
CUST-0748,Stuart Evans,ذكر,الجيزة,Regular
CUST-0749,Antonio Benton,ذكر,الإسكندرية,Regular
CUST-0750,Timothy Jenkins,ذكر,بورسعيد,Regular
CUST-0751,Penny Hernandez,أنثى,القاهرة,Regular
CUST-0752,Kristie Case,أنثى,طنطا,Regular
CUST-0753,Allen Estrada,ذكر,بورسعيد,Regular
CUST-0754,Mandy Young,أنثى,الجيزة,Regular
CUST-0755,Jorge Reyes,أنثى,بورسعيد,New
CUST-0756,Katrina Griffin,ذكر,القاهرة,New
CUST-0757,Mr. Daniel Mcdonald,أنثى,الإسكندرية,New
CUST-0758,Todd Fisher,ذكر,الإسكندرية,New
CUST-0759,Johnny Bush,ذكر,الإسكندرية,VIP
CUST-0760,Andrew Cain,ذكر,المنصورة,Regular
CUST-0761,Stephen Foster,ذكر,الإسكندرية,Regular
CUST-0762,Michael Riggs,ذكر,بورسعيد,Regular
CUST-0763,Whitney Moore,أنثى,طنطا,New
CUST-0764,Gregory Murphy,أنثى,المنصورة,VIP
CUST-0765,Lori Price,أنثى,المنصورة,Regular
CUST-0766,Wayne Reed,أنثى,الإسكندرية,Regular
CUST-0767,Julia Mathews,ذكر,طنطا,Regular
CUST-0768,Gregory Butler,ذكر,الجيزة,Regular
CUST-0769,Carlos Parker,أنثى,الإسكندرية,Regular
CUST-0770,Ricardo Phelps,ذكر,القاهرة,VIP
CUST-0771,Katie Reyes,ذكر,الإسكندرية,Regular
CUST-0772,Kimberly Hartman,أنثى,الجيزة,Regular
CUST-0773,Donna Cooper,ذكر,القاهرة,New
CUST-0774,Bryce Oneal,ذكر,الإسكندرية,Regular
CUST-0775,Amy Alvarez,ذكر,طنطا,Regular
CUST-0776,Billy Lin,أنثى,الجيزة,Regular
CUST-0777,Shelly Khan,ذكر,الإسكندرية,Regular
CUST-0778,Jasmine Pierce,ذكر,طنطا,Regular
CUST-0779,Michael Blackburn,ذكر,طنطا,New
CUST-0780,Rachel Davis,ذكر,الإسكندرية,VIP
CUST-0781,Laurie Hodges,أنثى,القاهرة,New
CUST-0782,Richard Green,ذكر,بورسعيد,Regular
CUST-0783,Tracy Reynolds,أنثى,الجيزة,New
CUST-0784,Bruce Garrett,أنثى,الجيزة,Regular
CUST-0785,Jeffrey Martinez,ذكر,القاهرة,Regular
CUST-0786,Erik Rose,أنثى,القاهرة,Regular
CUST-0787,Anthony Curtis,ذكر,الجيزة,New
CUST-0788,Amy Hill,أنثى,الإسكندرية,Regular
CUST-0789,Amber Davies,ذكر,المنصورة,New
CUST-0790,Kevin Johnson,أنثى,المنصورة,New
CUST-0791,Beverly Flores,ذكر,طنطا,Regular
CUST-0792,Daniel Wilson,ذكر,القاهرة,Regular
CUST-0793,Beth Jones,ذكر,القاهرة,VIP
CUST-0794,Dr. Douglas Boone,ذكر,الجيزة,VIP
CUST-0795,Andrea Curry,ذكر,الجيزة,Regular
CUST-0796,Daniel Clark,أنثى,طنطا,New
CUST-0797,Cody Rush,أنثى,الجيزة,New
CUST-0798,Alicia Johnson,ذكر,الإسكندرية,Regular
CUST-0799,Dr. Kristin Cameron,أنثى,بورسعيد,VIP
CUST-0800,Robert Middleton,أنثى,طنطا,New
CUST-0801,Joshua Schmidt,ذكر,بورسعيد,Regular
CUST-0802,Andrew Estrada,أنثى,طنطا,Regular
CUST-0803,Kara Jones,أنثى,طنطا,Regular
CUST-0804,Kristen Baker,أنثى,طنطا,Regular
CUST-0805,Angela Cannon,ذكر,المنصورة,Regular
CUST-0806,Kerry Baker,أنثى,بورسعيد,Regular
CUST-0807,Taylor Thompson,أنثى,بورسعيد,Regular
CUST-0808,James Marshall,أنثى,طنطا,Regular
CUST-0809,Mr. Daniel Williams,ذكر,المنصورة,VIP
CUST-0810,Daniel Henry,أنثى,بورسعيد,VIP
CUST-0811,Steven Miller,ذكر,بورسعيد,New
CUST-0812,Rebecca Morrison,أنثى,بورسعيد,Regular
CUST-0813,Susan Leach,أنثى,طنطا,New
CUST-0814,Caroline Jordan,أنثى,بورسعيد,VIP
CUST-0815,Vanessa Randall,أنثى,الإسكندرية,New
CUST-0816,David Marks,أنثى,طنطا,Regular
CUST-0817,Joshua Mendoza,أنثى,القاهرة,New
CUST-0818,Randy Oliver,ذكر,المنصورة,Regular
CUST-0819,Brian Smith,أنثى,المنصورة,New
CUST-0820,Jessica Ramos,ذكر,بورسعيد,Regular
CUST-0821,Larry Brown,ذكر,الإسكندرية,New
CUST-0822,Kelsey Hobbs,أنثى,طنطا,Regular
CUST-0823,Julia Brown,أنثى,المنصورة,Regular
CUST-0824,Scott Fox,أنثى,بورسعيد,Regular
CUST-0825,Nicholas Johnson,ذكر,الإسكندرية,New
CUST-0826,Dakota Miller,ذكر,الجيزة,New
CUST-0827,Antonio Ortiz,أنثى,المنصورة,Regular
CUST-0828,Joseph Cruz,ذكر,الجيزة,Regular
CUST-0829,Sara Baker,ذكر,الإسكندرية,New
CUST-0830,Mitchell Fisher,أنثى,بورسعيد,New
CUST-0831,John Small,ذكر,الإسكندرية,New
CUST-0832,Heather Choi,ذكر,طنطا,Regular
CUST-0833,Amber Carlson,أنثى,المنصورة,Regular
CUST-0834,Scott Herrera,ذكر,طنطا,Regular
CUST-0835,Peter Black,أنثى,طنطا,Regular
CUST-0836,Lauren Wagner,أنثى,المنصورة,New
CUST-0837,Tom Harmon,ذكر,القاهرة,Regular
CUST-0838,Ariel Watts DVM,ذكر,بورسعيد,VIP
CUST-0839,Jessica Hall,أنثى,الجيزة,Regular
CUST-0840,Donald Wallace,ذكر,الجيزة,Regular
CUST-0841,Kathleen Henry,ذكر,طنطا,VIP
CUST-0842,Thomas Wilson,ذكر,الجيزة,Regular
CUST-0843,Michael Roberts,ذكر,القاهرة,New
CUST-0844,Shane Contreras,ذكر,الجيزة,New
CUST-0845,Kathryn Norton,أنثى,طنطا,Regular
CUST-0846,Victor Griffin,ذكر,الجيزة,Regular
CUST-0847,Cody Krueger,ذكر,الإسكندرية,Regular
CUST-0848,John Sullivan MD,أنثى,الإسكندرية,Regular
CUST-0849,Nancy Washington,أنثى,بورسعيد,New
CUST-0850,Leslie Gonzalez,ذكر,طنطا,Regular
CUST-0851,Cody Parker,أنثى,الإسكندرية,Regular
CUST-0852,Scott Morris,أنثى,طنطا,Regular
CUST-0853,Nicole Fisher,أنثى,الإسكندرية,Regular
CUST-0854,David Schmidt,ذكر,المنصورة,Regular
CUST-0855,Evan Vance,أنثى,بورسعيد,VIP
CUST-0856,Cassandra Pham,ذكر,المنصورة,VIP
CUST-0857,David Ramos,أنثى,الجيزة,Regular
CUST-0858,Peter Simmons,ذكر,الجيزة,VIP
CUST-0859,Angela Carrillo,ذكر,بورسعيد,Regular
CUST-0860,Monica Baker,أنثى,طنطا,New
CUST-0861,Aaron Ewing,أنثى,الإسكندرية,Regular
CUST-0862,Matthew Rodriguez,أنثى,القاهرة,Regular
CUST-0863,Robert Mitchell,ذكر,طنطا,Regular
CUST-0864,Angela Robinson,أنثى,الجيزة,Regular
CUST-0865,Danielle Rodriguez,أنثى,الجيزة,Regular
CUST-0866,Kara Juarez,ذكر,القاهرة,New
CUST-0867,Rachel Smith,أنثى,بورسعيد,Regular
CUST-0868,Victoria Anderson,أنثى,المنصورة,Regular
CUST-0869,Oscar Callahan,ذكر,بورسعيد,Regular
CUST-0870,Norman Dawson,أنثى,الجيزة,Regular
CUST-0871,Ryan Dillon,أنثى,طنطا,New
CUST-0872,Yesenia Johnson,ذكر,بورسعيد,New
CUST-0873,Christian Norman,أنثى,القاهرة,Regular
CUST-0874,Scott Russell,أنثى,بورسعيد,VIP
CUST-0875,Monica Wilson,أنثى,طنطا,New
CUST-0876,Eric Thomas,أنثى,القاهرة,Regular
CUST-0877,Steven Carter,ذكر,المنصورة,New
CUST-0878,John Campbell,ذكر,الجيزة,Regular
CUST-0879,Daniel Ramirez,ذكر,الإسكندرية,Regular
CUST-0880,Logan Jackson,ذكر,الجيزة,Regular
CUST-0881,Danielle Owens,ذكر,بورسعيد,VIP
CUST-0882,Travis Jones,ذكر,الجيزة,VIP
CUST-0883,Colleen Moss,ذكر,طنطا,Regular
CUST-0884,Christine Woods,أنثى,الجيزة,Regular
CUST-0885,Matthew Wood,أنثى,طنطا,VIP
CUST-0886,Jordan Park,ذكر,الجيزة,Regular
CUST-0887,Jose Michael,أنثى,المنصورة,Regular
CUST-0888,Jennifer Perez,أنثى,طنطا,Regular
CUST-0889,Cassidy Silva,أنثى,الإسكندرية,New
CUST-0890,Michael Green,أنثى,الإسكندرية,Regular
CUST-0891,Heather Michael,ذكر,طنطا,New
CUST-0892,Christina Thompson,ذكر,بورسعيد,New
CUST-0893,Mrs. Tiffany Brown,ذكر,القاهرة,Regular
CUST-0894,Jennifer Henderson,أنثى,المنصورة,Regular
CUST-0895,Mr. Jared Benson,أنثى,الإسكندرية,New
CUST-0896,Lawrence Gonzalez,أنثى,الإسكندرية,Regular
CUST-0897,Albert Hoffman,أنثى,الجيزة,New
CUST-0898,Nathan Pope,أنثى,القاهرة,Regular
CUST-0899,Frederick Perry,ذكر,القاهرة,Regular
CUST-0900,Valerie Williams,ذكر,الجيزة,Regular
CUST-0901,Denise Phillips,ذكر,القاهرة,Regular
CUST-0902,James Evans,ذكر,الجيزة,Regular
CUST-0903,David Green,أنثى,المنصورة,Regular
CUST-0904,Gina Middleton,أنثى,الإسكندرية,Regular
CUST-0905,Justin Kennedy,أنثى,طنطا,VIP
CUST-0906,James Abbott,أنثى,المنصورة,Regular
CUST-0907,Zachary Mcguire,أنثى,بورسعيد,Regular
CUST-0908,Brandon Johnston,أنثى,الجيزة,New
CUST-0909,Mary Gordon,أنثى,القاهرة,New
CUST-0910,Jennifer Burke,أنثى,المنصورة,VIP
CUST-0911,Jessica Johnston,أنثى,بورسعيد,Regular
CUST-0912,Jaclyn Ware,أنثى,الإسكندرية,Regular
CUST-0913,John Wagner,أنثى,الجيزة,New
CUST-0914,Kenneth Lee,ذكر,الجيزة,Regular
CUST-0915,Chris Adams,أنثى,الجيزة,Regular
CUST-0916,Paul Romero,ذكر,طنطا,Regular
CUST-0917,Teresa Sims,ذكر,طنطا,VIP
CUST-0918,Julia Roberts,أنثى,المنصورة,Regular
CUST-0919,John Taylor,ذكر,المنصورة,Regular
CUST-0920,Richard Lewis,أنثى,الإسكندرية,Regular
CUST-0921,Samuel Jones,أنثى,القاهرة,VIP
CUST-0922,Margaret Yates,ذكر,المنصورة,New
CUST-0923,Dustin Richards,أنثى,القاهرة,Regular
CUST-0924,Alicia Bennett,أنثى,الإسكندرية,Regular
CUST-0925,Seth Reeves,أنثى,القاهرة,New
CUST-0926,Crystal Thompson DDS,ذكر,القاهرة,Regular
CUST-0927,Joshua White,ذكر,بورسعيد,VIP
CUST-0928,Jacqueline Perry,ذكر,بورسعيد,Regular
CUST-0929,Joseph Andrews,ذكر,الجيزة,Regular
CUST-0930,Justin Andrews,أنثى,الإسكندرية,VIP
CUST-0931,Samantha Johnston,ذكر,الجيزة,Regular
CUST-0932,Karen Owens,ذكر,الإسكندرية,Regular
CUST-0933,Joshua Sullivan,ذكر,المنصورة,Regular
CUST-0934,Bobby Martinez,ذكر,بورسعيد,New
CUST-0935,Julie Hernandez,ذكر,بورسعيد,Regular
CUST-0936,Amy Wilson,ذكر,القاهرة,Regular
CUST-0937,Michael Pearson,أنثى,القاهرة,Regular
CUST-0938,Katherine Sanders,أنثى,المنصورة,Regular
CUST-0939,Samuel Clark,أنثى,طنطا,Regular
CUST-0940,Marie Jones,ذكر,الإسكندرية,Regular
CUST-0941,Joshua Kennedy,أنثى,القاهرة,Regular
CUST-0942,Amy Brown,ذكر,بورسعيد,New
CUST-0943,Jamie Alexander,ذكر,طنطا,Regular
CUST-0944,Madison Obrien,أنثى,طنطا,VIP
CUST-0945,Nicole Ruiz,أنثى,القاهرة,New
CUST-0946,Scott Abbott,أنثى,بورسعيد,Regular
CUST-0947,Matthew Wagner,ذكر,بورسعيد,New
CUST-0948,Hayden Craig,أنثى,الجيزة,Regular
CUST-0949,Angela Burnett,ذكر,المنصورة,Regular
CUST-0950,Kimberly Swanson,ذكر,المنصورة,VIP
CUST-0951,Sherry Thomas,أنثى,القاهرة,VIP
CUST-0952,Andrew Estes,ذكر,الإسكندرية,Regular
CUST-0953,Timothy Padilla,أنثى,بورسعيد,Regular
CUST-0954,Teresa Cox,ذكر,طنطا,VIP
CUST-0955,Douglas Brown,أنثى,الإسكندرية,VIP
CUST-0956,Teresa Stafford,أنثى,المنصورة,Regular
CUST-0957,Amanda Berg,أنثى,المنصورة,Regular
CUST-0958,Paul Foster,أنثى,الإسكندرية,New
CUST-0959,Aaron Turner,ذكر,الإسكندرية,Regular
CUST-0960,Victoria Bean,ذكر,القاهرة,Regular
CUST-0961,Jane Perez,ذكر,القاهرة,New
CUST-0962,Carrie Snow,أنثى,الجيزة,Regular
CUST-0963,Timothy Jones MD,أنثى,طنطا,VIP
CUST-0964,Michael Shannon,أنثى,بورسعيد,New
CUST-0965,Craig Martinez,أنثى,الجيزة,Regular
CUST-0966,Barbara Parker,أنثى,طنطا,New
CUST-0967,Daniel Ballard,ذكر,القاهرة,Regular
CUST-0968,Matthew Waters,أنثى,الإسكندرية,New
CUST-0969,Mark Ward,أنثى,القاهرة,Regular
CUST-0970,Jeff Harris,أنثى,الجيزة,New
CUST-0971,Amanda Buck,ذكر,الإسكندرية,Regular
CUST-0972,Craig Cain,أنثى,القاهرة,New
CUST-0973,Jesse Smith,أنثى,الجيزة,Regular
CUST-0974,Anita Phillips,ذكر,الإسكندرية,Regular
CUST-0975,Cody Vargas,ذكر,بورسعيد,New
CUST-0976,Jordan Fuentes,ذكر,بورسعيد,Regular
CUST-0977,James Mclean,ذكر,طنطا,Regular
CUST-0978,Juan Nelson,ذكر,الجيزة,VIP
CUST-0979,Ronald Johnson,ذكر,القاهرة,Regular
CUST-0980,Kathy Stewart,أنثى,المنصورة,Regular
CUST-0981,Robin Payne,أنثى,القاهرة,New
CUST-0982,Shawn Johnson,ذكر,القاهرة,Regular
CUST-0983,Jonathan Walker,أنثى,طنطا,Regular
CUST-0984,Felicia Combs,أنثى,المنصورة,VIP
CUST-0985,Jennifer Sharp,أنثى,الإسكندرية,Regular
CUST-0986,Jose Garcia,أنثى,بورسعيد,VIP
CUST-0987,Kayla Reed,ذكر,المنصورة,New
CUST-0988,Travis Pacheco,ذكر,الإسكندرية,New
CUST-0989,Linda Moody,ذكر,المنصورة,New
CUST-0990,Alexis Morrow,أنثى,المنصورة,VIP
CUST-0991,Connie Cook,ذكر,المنصورة,Regular
CUST-0992,Lacey Long,ذكر,الإسكندرية,Regular
CUST-0993,Brian Torres,ذكر,المنصورة,Regular
CUST-0994,Aaron Freeman,ذكر,القاهرة,New
CUST-0995,Dean Smith,أنثى,المنصورة,Regular
CUST-0996,Elizabeth Cordova,ذكر,طنطا,New
CUST-0997,Kelly Armstrong,ذكر,بورسعيد,New
CUST-0998,Matthew Baldwin,أنثى,المنصورة,Regular
CUST-0999,Ryan Black,أنثى,بورسعيد,VIP
CUST-1000,Audrey Trujillo,أنثى,بورسعيد,Regular
CUST-1001,Dawn Blair,أنثى,القاهرة,VIP
CUST-1002,James Maldonado,ذكر,المنصورة,VIP
CUST-1003,Dawn Haynes,أنثى,المنصورة,New
CUST-1004,Jaime Bennett,ذكر,المنصورة,VIP
CUST-1005,Brenda Lynn,ذكر,المنصورة,Regular
CUST-1006,Sarah Barker,ذكر,المنصورة,Regular
CUST-1007,Rebecca Young,ذكر,بورسعيد,VIP
CUST-1008,Travis Leblanc,ذكر,القاهرة,New
CUST-1009,Maria Mills,أنثى,طنطا,VIP
CUST-1010,Isaac Ramos,ذكر,طنطا,Regular
CUST-1011,Melissa Duncan,أنثى,المنصورة,New
CUST-1012,David Diaz,أنثى,طنطا,Regular
CUST-1013,Carla Sullivan MD,ذكر,الإسكندرية,VIP
CUST-1014,David Cain,أنثى,طنطا,Regular
CUST-1015,Roy Morales MD,ذكر,المنصورة,New
CUST-1016,Amy Lee,أنثى,بورسعيد,Regular
CUST-1017,Melanie Gonzales,أنثى,بورسعيد,Regular
CUST-1018,Joseph Logan,أنثى,بورسعيد,Regular
CUST-1019,Cory Roberts,ذكر,الجيزة,VIP
CUST-1020,Mr. John Richardson MD,أنثى,الإسكندرية,New
CUST-1021,Amber Campbell,أنثى,طنطا,Regular
CUST-1022,Cindy Anderson,أنثى,الجيزة,Regular
CUST-1023,John White,أنثى,الجيزة,New
CUST-1024,William Austin,أنثى,الإسكندرية,New
CUST-1025,Dennis Everett,أنثى,المنصورة,Regular
CUST-1026,Scott Morales,أنثى,الجيزة,Regular
CUST-1027,Brandon Mata,ذكر,الجيزة,Regular
CUST-1028,Jeffrey Craig,أنثى,الجيزة,Regular
CUST-1029,Jeff Love,أنثى,طنطا,VIP
CUST-1030,Christopher Coleman,أنثى,الإسكندرية,Regular
CUST-1031,Richard Hall,ذكر,بورسعيد,Regular
CUST-1032,Nicholas Maldonado,أنثى,المنصورة,Regular
CUST-1033,Christopher Taylor,ذكر,الجيزة,Regular
CUST-1034,Jose Johnson,أنثى,الجيزة,Regular
CUST-1035,Katherine Lopez,أنثى,القاهرة,New
CUST-1036,Richard Cobb,أنثى,الإسكندرية,Regular
CUST-1037,Rachel Robinson,أنثى,القاهرة,Regular
CUST-1038,Jenny Porter,ذكر,المنصورة,New
CUST-1039,Scott Welch,ذكر,بورسعيد,New
CUST-1040,Gene Ward,ذكر,بورسعيد,New
CUST-1041,Sara Davis,أنثى,طنطا,Regular
CUST-1042,Victoria Phillips,أنثى,طنطا,Regular
CUST-1043,Mark Moore,أنثى,بورسعيد,Regular
CUST-1044,Jason Coleman,أنثى,الإسكندرية,Regular
CUST-1045,Elaine Harris MD,أنثى,الجيزة,Regular
CUST-1046,James Thompson,ذكر,بورسعيد,VIP
CUST-1047,Crystal Cunningham,ذكر,القاهرة,Regular
CUST-1048,Shawn Carlson,ذكر,المنصورة,Regular
CUST-1049,James Larson,أنثى,الإسكندرية,Regular
CUST-1050,Jordan Schmidt,أنثى,بورسعيد,Regular
CUST-1051,Jo Wang,أنثى,المنصورة,Regular
CUST-1052,Jeremy Johnson,ذكر,المنصورة,Regular
CUST-1053,James Turner,ذكر,طنطا,Regular
CUST-1054,Jonathan Mckenzie,ذكر,الإسكندرية,New
CUST-1055,Daisy Cook,ذكر,الجيزة,New
CUST-1056,James Nelson,ذكر,الجيزة,New
CUST-1057,Courtney Mann,أنثى,بورسعيد,New
CUST-1058,Dorothy White,ذكر,بورسعيد,Regular
CUST-1059,Jordan Lee,ذكر,طنطا,Regular
CUST-1060,Heather Cox,ذكر,طنطا,New
CUST-1061,Jeffrey Kent,أنثى,طنطا,New
CUST-1062,Justin Wilson,ذكر,بورسعيد,Regular
CUST-1063,Tanya Johnston,ذكر,الإسكندرية,Regular
CUST-1064,Jessica Owen,ذكر,طنطا,Regular
CUST-1065,Matthew Perez,أنثى,الإسكندرية,Regular
CUST-1066,Jacob Navarro,ذكر,طنطا,New
CUST-1067,Alyssa Reilly,ذكر,طنطا,Regular
CUST-1068,Vanessa Carrillo,ذكر,القاهرة,Regular
CUST-1069,Daniel Wilson,ذكر,طنطا,New
CUST-1070,David Gallegos,أنثى,الجيزة,New
CUST-1071,James Perez,أنثى,الإسكندرية,New
CUST-1072,Jeanette Zimmerman,ذكر,طنطا,Regular
CUST-1073,Patrick Webb,أنثى,طنطا,VIP
CUST-1074,Kendra Patterson,ذكر,القاهرة,Regular
CUST-1075,Stephen Hoffman,ذكر,الإسكندرية,New
CUST-1076,David Miller,أنثى,بورسعيد,Regular
CUST-1077,Chelsea Rowland,أنثى,الإسكندرية,New
CUST-1078,Barbara Richardson,أنثى,بورسعيد,Regular
CUST-1079,Christopher Santos,ذكر,بورسعيد,New
CUST-1080,Rachel Moon,ذكر,المنصورة,Regular
CUST-1081,David Edwards,أنثى,المنصورة,VIP
CUST-1082,Angelica Greene,أنثى,القاهرة,New
CUST-1083,Matthew Jones,ذكر,الإسكندرية,Regular
CUST-1084,Benjamin Butler,أنثى,بورسعيد,New
CUST-1085,Cassidy Rivas,ذكر,الجيزة,Regular
CUST-1086,Sharon Garcia,ذكر,المنصورة,Regular
CUST-1087,Steven Hughes,أنثى,القاهرة,Regular
CUST-1088,Rick Douglas,أنثى,بورسعيد,VIP
CUST-1089,Tiffany Wall,ذكر,المنصورة,Regular
CUST-1090,Vincent Harrington,ذكر,بورسعيد,Regular
CUST-1091,Mitchell Miller,أنثى,الجيزة,Regular
CUST-1092,Wendy Mercado,ذكر,الجيزة,Regular
CUST-1093,Justin Davis,أنثى,القاهرة,Regular
CUST-1094,Michael Beck,أنثى,بورسعيد,Regular
CUST-1095,Timothy Cowan,أنثى,الإسكندرية,New
CUST-1096,Rebecca Nolan DDS,أنثى,طنطا,New
CUST-1097,Joshua Robertson,ذكر,طنطا,Regular
CUST-1098,Casey Garcia,ذكر,الجيزة,Regular
CUST-1099,Andrew Brown,أنثى,المنصورة,Regular
CUST-1100,Jonathan Hess,ذكر,المنصورة,Regular
CUST-1101,Anthony Molina,أنثى,المنصورة,Regular
CUST-1102,Gregory Massey,أنثى,بورسعيد,Regular
CUST-1103,Michelle Sampson,ذكر,طنطا,Regular
CUST-1104,Jessica Lewis,ذكر,المنصورة,Regular
CUST-1105,Shannon Baker,ذكر,القاهرة,VIP
CUST-1106,William Jones,ذكر,الإسكندرية,Regular
CUST-1107,Susan Combs,ذكر,الإسكندرية,VIP
CUST-1108,Amanda Stevens,أنثى,الجيزة,VIP
CUST-1109,Andrea Parker,أنثى,الإسكندرية,New
CUST-1110,Danielle Morgan,أنثى,بورسعيد,Regular
CUST-1111,Valerie French,ذكر,الإسكندرية,Regular
CUST-1112,Julie Ibarra,ذكر,الإسكندرية,Regular
CUST-1113,Stephanie Johnson,ذكر,القاهرة,VIP
CUST-1114,Stephen Boyle,ذكر,المنصورة,Regular
CUST-1115,Antonio Perkins,أنثى,القاهرة,Regular
CUST-1116,Michael Gordon,أنثى,القاهرة,Regular
CUST-1117,Mr. Shane Copeland,أنثى,المنصورة,Regular
CUST-1118,Christopher Hendrix,ذكر,القاهرة,Regular
CUST-1119,Joseph Brown,أنثى,بورسعيد,Regular
CUST-1120,Stephanie Soto,ذكر,الجيزة,Regular
CUST-1121,Mark Montoya,ذكر,الجيزة,Regular
CUST-1122,Samantha Cooper,ذكر,القاهرة,Regular
CUST-1123,Edward King,أنثى,الجيزة,Regular
CUST-1124,Bruce Kennedy,ذكر,الإسكندرية,Regular
CUST-1125,Anna Coleman,ذكر,المنصورة,VIP
CUST-1126,Danny Whitaker,ذكر,الإسكندرية,Regular
CUST-1127,Stephen Morgan,ذكر,بورسعيد,Regular
CUST-1128,Dylan Heath,أنثى,طنطا,Regular
CUST-1129,Wendy Smith,أنثى,طنطا,New
CUST-1130,Steven Hill,ذكر,طنطا,Regular
CUST-1131,Teresa Davis,أنثى,الجيزة,Regular
CUST-1132,Tony Mason,أنثى,القاهرة,New
CUST-1133,Michelle Chavez,ذكر,القاهرة,New
CUST-1134,Alyssa Miller,أنثى,بورسعيد,Regular
CUST-1135,Katherine King,ذكر,الجيزة,Regular
CUST-1136,Keith Meyers,أنثى,الإسكندرية,Regular
CUST-1137,Katherine White,أنثى,بورسعيد,New
CUST-1138,Wanda Vargas,ذكر,القاهرة,VIP
CUST-1139,Shaun Evans,أنثى,طنطا,Regular
CUST-1140,Wanda Edwards,أنثى,القاهرة,Regular
CUST-1141,Steven Gillespie,ذكر,طنطا,Regular
CUST-1142,Ethan Mccall,ذكر,القاهرة,Regular
CUST-1143,Heather Murphy,أنثى,طنطا,Regular
CUST-1144,Dominic Freeman,ذكر,الإسكندرية,VIP
CUST-1145,Andrew Thompson,أنثى,طنطا,New
CUST-1146,Robert Thompson,أنثى,المنصورة,New
CUST-1147,Tyler Park,ذكر,الإسكندرية,New
CUST-1148,Mr. Brian Padilla,ذكر,بورسعيد,Regular
CUST-1149,Keith Hebert,أنثى,المنصورة,Regular
CUST-1150,Robyn Kramer,أنثى,بورسعيد,Regular
CUST-1151,Kyle Greer,ذكر,بورسعيد,VIP
CUST-1152,Steven Mosley,ذكر,القاهرة,Regular
CUST-1153,Christy Rogers,أنثى,المنصورة,Regular
CUST-1154,Christine Franklin,أنثى,طنطا,New
CUST-1155,Claudia Martinez,ذكر,طنطا,Regular
CUST-1156,William Bailey,ذكر,طنطا,Regular
CUST-1157,Jean Garcia,أنثى,المنصورة,Regular
CUST-1158,Diana Sanders,أنثى,الإسكندرية,Regular
CUST-1159,Barry Moore,أنثى,بورسعيد,Regular
CUST-1160,Brittany Perry,ذكر,المنصورة,New
CUST-1161,Kristina Smith,أنثى,الإسكندرية,Regular
CUST-1162,Justin Hernandez,ذكر,الجيزة,Regular
CUST-1163,Brian Franco,أنثى,الجيزة,Regular
CUST-1164,Nicole Murray,أنثى,القاهرة,Regular
CUST-1165,Theresa Woods,ذكر,بورسعيد,Regular
CUST-1166,Christina Hill,أنثى,القاهرة,Regular
CUST-1167,Carmen Knight,أنثى,المنصورة,Regular
CUST-1168,Grant Gonzales,أنثى,الإسكندرية,Regular
CUST-1169,Kyle White,أنثى,الجيزة,Regular
CUST-1170,Jose Morris,ذكر,بورسعيد,Regular
CUST-1171,Gina Gonzalez,ذكر,الجيزة,Regular
CUST-1172,Aaron James,أنثى,طنطا,Regular
CUST-1173,Diana Koch,أنثى,بورسعيد,New
CUST-1174,Yvonne Harrington,أنثى,القاهرة,New
CUST-1175,Carl Moore,أنثى,طنطا,New
CUST-1176,Timothy Perez,أنثى,طنطا,Regular
CUST-1177,Tiffany Johnson,أنثى,المنصورة,Regular
CUST-1178,Ian Hardy,أنثى,بورسعيد,VIP
CUST-1179,Brian Howe,ذكر,طنطا,Regular
CUST-1180,Erica Young,أنثى,الإسكندرية,Regular
CUST-1181,Jose Lam,أنثى,طنطا,Regular
CUST-1182,Maria Brown,ذكر,المنصورة,Regular
CUST-1183,Ray Schneider,أنثى,بورسعيد,Regular
CUST-1184,Julia Lynch,أنثى,الجيزة,New
CUST-1185,Ian Woods,أنثى,بورسعيد,Regular
CUST-1186,Jessica Mercer,ذكر,الإسكندرية,Regular
CUST-1187,Willie Gallagher,أنثى,القاهرة,Regular
CUST-1188,Jamie Gilmore,أنثى,المنصورة,Regular
CUST-1189,Jennifer Stokes,أنثى,طنطا,Regular
CUST-1190,Jessica Schwartz,أنثى,الإسكندرية,VIP
CUST-1191,Sherry Franklin,ذكر,المنصورة,VIP
CUST-1192,Patrick Smith,أنثى,بورسعيد,Regular
CUST-1193,Drew Henderson,ذكر,الإسكندرية,New
CUST-1194,Alan Sanchez,أنثى,بورسعيد,Regular
CUST-1195,Christine Anderson,أنثى,الإسكندرية,Regular
CUST-1196,Ethan Gould,ذكر,الجيزة,Regular
CUST-1197,Albert Moore,أنثى,الإسكندرية,Regular
CUST-1198,Joshua Zhang,أنثى,بورسعيد,Regular
CUST-1199,Amanda Hansen,أنثى,القاهرة,Regular
CUST-1200,Christina Hanson,ذكر,طنطا,Regular
CUST-1201,John Foley,أنثى,طنطا,Regular
CUST-1202,Mrs. Amy Bell,ذكر,طنطا,Regular
CUST-1203,Lisa Kaiser,أنثى,القاهرة,New
CUST-1204,Jeremy Carter,ذكر,الإسكندرية,New
CUST-1205,Roberto Mcmahon,ذكر,الجيزة,VIP
CUST-1206,Amanda Middleton,ذكر,المنصورة,VIP
CUST-1207,Susan Goodman,أنثى,الإسكندرية,VIP
CUST-1208,Amanda Martin,ذكر,الإسكندرية,Regular
CUST-1209,Patrick Miller,أنثى,القاهرة,New
CUST-1210,Kayla Dunn,أنثى,القاهرة,Regular
CUST-1211,Erik Wade,ذكر,المنصورة,New
CUST-1212,Bradley Johnson,ذكر,الإسكندرية,New
CUST-1213,Michael Brady,أنثى,طنطا,New
CUST-1214,Patricia Alvarez,أنثى,المنصورة,New
CUST-1215,Joseph Underwood Jr.,ذكر,الجيزة,New
CUST-1216,Rebecca Payne,أنثى,الإسكندرية,Regular
CUST-1217,Jennifer Reeves,أنثى,الجيزة,New
CUST-1218,Noah Weaver,ذكر,المنصورة,Regular
CUST-1219,Barbara Harris,ذكر,الجيزة,Regular
CUST-1220,Chad Chan,ذكر,القاهرة,VIP
CUST-1221,Tyler Berger,أنثى,المنصورة,Regular
CUST-1222,Jake Holmes,ذكر,الجيزة,Regular
CUST-1223,Tammy Henderson,أنثى,القاهرة,Regular
CUST-1224,Jerome Ellison,ذكر,طنطا,Regular
CUST-1225,Deborah Larson,أنثى,المنصورة,Regular
CUST-1226,Amber Gomez,أنثى,الجيزة,Regular
CUST-1227,Matthew Long,ذكر,الجيزة,Regular
CUST-1228,Brian Gates Jr.,ذكر,بورسعيد,Regular
CUST-1229,Kirsten Henry,أنثى,المنصورة,Regular
CUST-1230,Jennifer Rivera,ذكر,الجيزة,VIP
CUST-1231,Leonard Hill,ذكر,بورسعيد,New
CUST-1232,Amy Smith,أنثى,المنصورة,Regular
CUST-1233,Gabriel Adkins,ذكر,الإسكندرية,Regular
CUST-1234,Caleb Richards,ذكر,القاهرة,Regular
CUST-1235,Jonathan Holland,أنثى,طنطا,New
CUST-1236,Crystal Rice,أنثى,طنطا,Regular
CUST-1237,Megan Santos,ذكر,طنطا,VIP
CUST-1238,Katie Henry,أنثى,المنصورة,Regular
CUST-1239,Mr. Vincent Robinson,أنثى,بورسعيد,VIP
CUST-1240,Connie Adams,ذكر,الإسكندرية,Regular
CUST-1241,Courtney White,أنثى,القاهرة,New
CUST-1242,Deanna Thomas,ذكر,المنصورة,Regular
CUST-1243,Rhonda Ball,ذكر,بورسعيد,VIP
CUST-1244,Lance Torres,ذكر,طنطا,New
CUST-1245,Christopher Stevens,أنثى,طنطا,New
CUST-1246,Crystal Alvarez,أنثى,القاهرة,New
CUST-1247,Sarah Delacruz,ذكر,الجيزة,New
CUST-1248,Larry Foster,أنثى,بورسعيد,VIP
CUST-1249,Margaret Walter,أنثى,طنطا,Regular
CUST-1250,Jerry Smith,ذكر,الجيزة,Regular
CUST-1251,Amber Carrillo,أنثى,القاهرة,Regular
CUST-1252,Zachary Sanchez,ذكر,طنطا,VIP
CUST-1253,Sydney Howard,ذكر,القاهرة,Regular
CUST-1254,Damon Powell,أنثى,الجيزة,New
CUST-1255,Mr. Jonathan Rosario,أنثى,الإسكندرية,Regular
CUST-1256,Edward Bowers,أنثى,الإسكندرية,VIP
CUST-1257,Sandra Patterson,أنثى,القاهرة,Regular
CUST-1258,Patrick Nguyen,ذكر,الجيزة,New
CUST-1259,Jessica Gamble,ذكر,الجيزة,Regular
CUST-1260,Jon York,أنثى,القاهرة,Regular
CUST-1261,Charles Baker,ذكر,الإسكندرية,Regular
CUST-1262,Michael Salinas,ذكر,القاهرة,Regular
CUST-1263,Joseph Davis,أنثى,طنطا,VIP
CUST-1264,Angela Hart,ذكر,القاهرة,New
CUST-1265,Courtney Morrison,أنثى,المنصورة,New
CUST-1266,Elizabeth White,ذكر,الجيزة,VIP
CUST-1267,Stephanie Hill,أنثى,بورسعيد,VIP
CUST-1268,Carly English,أنثى,المنصورة,Regular
CUST-1269,Robert Marsh,أنثى,الإسكندرية,Regular
CUST-1270,Amber Hughes,أنثى,الإسكندرية,Regular
CUST-1271,Cynthia Hensley,ذكر,الإسكندرية,Regular
CUST-1272,Elizabeth Crawford,ذكر,المنصورة,New
CUST-1273,Ann Obrien,ذكر,القاهرة,VIP
CUST-1274,Carol Walters DDS,ذكر,الإسكندرية,New
CUST-1275,Kristie Cowan,ذكر,القاهرة,Regular
CUST-1276,Michael Phillips,ذكر,بورسعيد,Regular
CUST-1277,Alexandria Silva,ذكر,الجيزة,Regular
CUST-1278,Christina Elliott,ذكر,المنصورة,VIP
CUST-1279,Daniel Davis,ذكر,الجيزة,Regular
CUST-1280,Matthew Shields,ذكر,المنصورة,VIP
CUST-1281,Michelle Wilson,أنثى,الجيزة,VIP
CUST-1282,James Brooks,أنثى,بورسعيد,New
CUST-1283,Kristen Jackson,ذكر,الإسكندرية,VIP
CUST-1284,Darren Rice MD,أنثى,المنصورة,New
CUST-1285,Rebecca Fisher,ذكر,الإسكندرية,Regular
CUST-1286,Calvin Li,أنثى,طنطا,VIP
CUST-1287,Claudia Robles,أنثى,بورسعيد,New
CUST-1288,Angela Bailey,أنثى,الجيزة,Regular
CUST-1289,Chloe Williams,أنثى,الجيزة,New
CUST-1290,Jason Wilkins,ذكر,القاهرة,Regular
CUST-1291,Amanda Beasley,ذكر,الإسكندرية,Regular
CUST-1292,Bruce Morris,أنثى,الجيزة,Regular
CUST-1293,Ashley Gonzalez,أنثى,القاهرة,Regular
CUST-1294,Tammy Ware,ذكر,طنطا,Regular
CUST-1295,Chelsea Brewer,ذكر,القاهرة,Regular
CUST-1296,Jordan Anderson,أنثى,المنصورة,Regular
CUST-1297,Cynthia Williams,ذكر,الإسكندرية,Regular
CUST-1298,Victoria Sanchez,ذكر,طنطا,New
CUST-1299,Tiffany Macdonald,ذكر,بورسعيد,Regular
CUST-1300,Emily Martin,أنثى,طنطا,Regular
CUST-1301,Kathleen Brown,ذكر,المنصورة,New
CUST-1302,Alec Thomas,أنثى,القاهرة,VIP
CUST-1303,Tiffany Rice,ذكر,القاهرة,VIP
CUST-1304,Cynthia Pruitt,أنثى,القاهرة,New
CUST-1305,Jeremy Lewis,أنثى,بورسعيد,New
CUST-1306,Luis Kerr,ذكر,المنصورة,Regular
CUST-1307,Daniel Johnson,ذكر,الجيزة,Regular
CUST-1308,Michelle Robbins,ذكر,المنصورة,Regular
CUST-1309,Jason Clark,أنثى,بورسعيد,Regular
CUST-1310,Victoria Rangel,أنثى,طنطا,Regular
CUST-1311,Nicole Williams,ذكر,الإسكندرية,Regular
CUST-1312,Jacqueline Sutton,ذكر,المنصورة,Regular
CUST-1313,Matthew Martin,ذكر,بورسعيد,New
CUST-1314,Margaret Gonzalez,أنثى,الإسكندرية,Regular
CUST-1315,Anne Vasquez,ذكر,بورسعيد,Regular
CUST-1316,Emily Jackson,أنثى,القاهرة,VIP
CUST-1317,David Torres,أنثى,طنطا,VIP
CUST-1318,Leslie Mclaughlin,ذكر,بورسعيد,Regular
CUST-1319,Jennifer Dixon,أنثى,بورسعيد,New
CUST-1320,Ariana Willis,أنثى,الإسكندرية,Regular
CUST-1321,Lindsey Medina,أنثى,الإسكندرية,Regular
CUST-1322,John Carrillo,أنثى,المنصورة,Regular
CUST-1323,Jeffrey Wilson,ذكر,المنصورة,New
CUST-1324,Tim Jones,أنثى,المنصورة,Regular
CUST-1325,Daniel Jacobson,أنثى,بورسعيد,Regular
CUST-1326,Linda Cohen,ذكر,القاهرة,Regular
CUST-1327,Jeffery Valentine,أنثى,المنصورة,New
CUST-1328,Amanda Brown,أنثى,طنطا,Regular
CUST-1329,Patricia Mcfarland,أنثى,الجيزة,New
CUST-1330,Nathaniel Hicks,أنثى,القاهرة,VIP
CUST-1331,Zachary Graham III,أنثى,بورسعيد,VIP
CUST-1332,Cory Wheeler,ذكر,القاهرة,Regular
CUST-1333,Rebecca Lee,ذكر,الإسكندرية,New
CUST-1334,Robert Jones,ذكر,الإسكندرية,Regular
CUST-1335,Maria Fuentes,ذكر,القاهرة,VIP
CUST-1336,John Jenkins,أنثى,القاهرة,Regular
CUST-1337,Kylie Palmer,ذكر,الجيزة,Regular
CUST-1338,Kyle Warren,ذكر,الإسكندرية,New
CUST-1339,Scott Hernandez,ذكر,المنصورة,New
CUST-1340,Kathy Jenkins,أنثى,طنطا,New
CUST-1341,James Ramirez PhD,أنثى,المنصورة,VIP
CUST-1342,Kyle Morrison,أنثى,الإسكندرية,VIP
CUST-1343,Clifford Moran Jr.,أنثى,المنصورة,New
CUST-1344,Robert Huffman,ذكر,القاهرة,Regular
CUST-1345,Gloria Miller,أنثى,طنطا,Regular
CUST-1346,Steven Anderson,أنثى,الإسكندرية,New
CUST-1347,Kelly Schmitt,أنثى,الجيزة,Regular
CUST-1348,Lucas Becker,أنثى,الجيزة,Regular
CUST-1349,Kenneth Kerr,أنثى,المنصورة,VIP
CUST-1350,Chelsea Martin,أنثى,المنصورة,Regular
CUST-1351,Kelly Wilkerson,أنثى,القاهرة,New
CUST-1352,Terri Lewis,ذكر,بورسعيد,VIP
CUST-1353,Candice Shaw,ذكر,القاهرة,Regular
CUST-1354,Donald Turner,أنثى,الجيزة,New
CUST-1355,Steven Miller,ذكر,الإسكندرية,New
CUST-1356,Lisa Hines,ذكر,القاهرة,Regular
CUST-1357,David Hart,ذكر,الجيزة,New
CUST-1358,Ashley Rios,أنثى,الجيزة,Regular
CUST-1359,Peter Galloway,ذكر,الجيزة,Regular
CUST-1360,Mr. Donald Gardner,ذكر,الجيزة,New
CUST-1361,Michele Fisher,ذكر,الجيزة,VIP
CUST-1362,Chad Hall,أنثى,الإسكندرية,New
CUST-1363,Anthony Nichols,أنثى,القاهرة,New
CUST-1364,Brett Crane,ذكر,طنطا,Regular
CUST-1365,Heather Cobb,ذكر,الجيزة,VIP
CUST-1366,Alexa Soto,أنثى,طنطا,Regular
CUST-1367,Angelica Beard,أنثى,الإسكندرية,VIP
CUST-1368,Thomas Beard,ذكر,الإسكندرية,New
CUST-1369,Scott Payne,ذكر,الإسكندرية,New
CUST-1370,Gregory Black,ذكر,المنصورة,New
CUST-1371,John Harding,أنثى,بورسعيد,New
CUST-1372,Caitlin King,ذكر,القاهرة,Regular
CUST-1373,Rebecca Morrison,أنثى,الجيزة,Regular
CUST-1374,Andrew Carr,أنثى,الإسكندرية,Regular
CUST-1375,Amanda Cross,ذكر,الجيزة,Regular
CUST-1376,Craig Wagner,أنثى,بورسعيد,New
CUST-1377,Lisa Duran,ذكر,بورسعيد,Regular
CUST-1378,April Hernandez,ذكر,الجيزة,Regular
CUST-1379,Stephanie Mcdonald,أنثى,بورسعيد,Regular
CUST-1380,Denise Owens,ذكر,بورسعيد,New
CUST-1381,Rebecca Huynh,ذكر,بورسعيد,VIP
CUST-1382,Terry Santos,ذكر,بورسعيد,Regular
CUST-1383,Patricia Rowe,أنثى,الجيزة,Regular
CUST-1384,James Moore,أنثى,الإسكندرية,Regular
CUST-1385,Michael Castillo,ذكر,طنطا,Regular
CUST-1386,Cory Bryant,ذكر,المنصورة,New
CUST-1387,Ashley Berry,ذكر,القاهرة,Regular
CUST-1388,Carolyn Cross,ذكر,الجيزة,Regular
CUST-1389,Robert Huang,أنثى,المنصورة,Regular
CUST-1390,Julie Lambert,ذكر,بورسعيد,Regular
CUST-1391,Gregory Murphy,ذكر,الجيزة,VIP
CUST-1392,Jessica Keller,ذكر,المنصورة,VIP
CUST-1393,Ruben House,ذكر,الجيزة,New
CUST-1394,Diana Clark,أنثى,الإسكندرية,New
CUST-1395,Elizabeth Miller,ذكر,الإسكندرية,Regular
CUST-1396,Juan Gordon,ذكر,القاهرة,New
CUST-1397,Angel Houston,ذكر,الجيزة,New
CUST-1398,Kristin Peters,أنثى,المنصورة,New
CUST-1399,Michael Diaz,أنثى,القاهرة,VIP
CUST-1400,Hannah Collins,ذكر,الجيزة,Regular
CUST-1401,Shannon Allen DDS,ذكر,الإسكندرية,Regular
CUST-1402,Shawn Turner,أنثى,المنصورة,Regular
CUST-1403,Janice Hamilton,أنثى,القاهرة,Regular
CUST-1404,Michael Payne,ذكر,المنصورة,Regular
CUST-1405,Matthew Hancock,ذكر,طنطا,VIP
CUST-1406,Natalie Raymond,ذكر,المنصورة,Regular
CUST-1407,Erica Downs,ذكر,المنصورة,New
CUST-1408,Steven Kaufman,أنثى,الإسكندرية,Regular
CUST-1409,William Wheeler,أنثى,القاهرة,New
CUST-1410,Brandon Brown,أنثى,المنصورة,New
CUST-1411,Laura Hopkins,أنثى,بورسعيد,New
CUST-1412,Alec Farley,ذكر,المنصورة,VIP
CUST-1413,Sara Becker,أنثى,الجيزة,New
CUST-1414,Victoria Ochoa,ذكر,المنصورة,New
CUST-1415,Matthew Horton,ذكر,الإسكندرية,New
CUST-1416,Claudia Ross DDS,ذكر,الإسكندرية,New
CUST-1417,Jennifer Elliott,أنثى,القاهرة,Regular
CUST-1418,Brian Johnson,أنثى,طنطا,Regular
CUST-1419,Diana Gay,ذكر,القاهرة,Regular
CUST-1420,Cynthia Jones,أنثى,طنطا,New
CUST-1421,Ashley Andrews,أنثى,بورسعيد,Regular
CUST-1422,Laura Winters,أنثى,طنطا,VIP
CUST-1423,Connie Vaughan,ذكر,الإسكندرية,New
CUST-1424,Joshua Vasquez,أنثى,الإسكندرية,New
CUST-1425,Eric Rhodes,ذكر,المنصورة,Regular
CUST-1426,Angelica Owens,ذكر,الجيزة,New
CUST-1427,Stephen Warren,أنثى,بورسعيد,Regular
CUST-1428,Paula Jackson,ذكر,طنطا,VIP
CUST-1429,Joshua Wilcox Jr.,أنثى,المنصورة,Regular
CUST-1430,Dylan Miller,ذكر,المنصورة,Regular
CUST-1431,Cindy Lopez,أنثى,الجيزة,VIP
CUST-1432,Alan Bowen,ذكر,طنطا,New
CUST-1433,Dr. Misty Gonzales,أنثى,الجيزة,VIP
CUST-1434,Michael Mitchell,أنثى,القاهرة,Regular
CUST-1435,Jennifer Palmer,أنثى,القاهرة,Regular
CUST-1436,Russell Hernandez,أنثى,الجيزة,New
CUST-1437,Judy Montgomery,ذكر,الجيزة,New
CUST-1438,Peter Good,أنثى,القاهرة,Regular
CUST-1439,Joshua Rodriguez,ذكر,المنصورة,New
CUST-1440,Todd Rice,أنثى,المنصورة,Regular
CUST-1441,Douglas Williams,أنثى,الجيزة,VIP
CUST-1442,Denise Simpson,ذكر,القاهرة,New
CUST-1443,Walter Valenzuela,ذكر,بورسعيد,Regular
CUST-1444,Christopher Sanders,ذكر,طنطا,Regular
CUST-1445,Morgan Martin,أنثى,طنطا,Regular
CUST-1446,Jennifer Obrien,ذكر,الجيزة,New
CUST-1447,Jacqueline Bailey,أنثى,الجيزة,Regular
CUST-1448,Damon Munoz,أنثى,الإسكندرية,New
CUST-1449,Amy Cox,أنثى,الإسكندرية,New
CUST-1450,Alexandria Stanley,ذكر,المنصورة,Regular
CUST-1451,Matthew Wright,ذكر,القاهرة,Regular
CUST-1452,Jennifer Cross,ذكر,بورسعيد,Regular
CUST-1453,Amanda Duarte,ذكر,المنصورة,New
CUST-1454,Robert Bentley,أنثى,الجيزة,Regular
CUST-1455,Nicholas Anderson,أنثى,الإسكندرية,VIP
CUST-1456,Kelsey Conley,أنثى,المنصورة,Regular
CUST-1457,Andrea Cook,ذكر,بورسعيد,New
CUST-1458,Mrs. Candace Hayes,ذكر,القاهرة,Regular
CUST-1459,Stacy Baker,ذكر,المنصورة,Regular
CUST-1460,Janice Hendrix,أنثى,المنصورة,Regular
CUST-1461,Jasmine Randall,ذكر,طنطا,Regular
CUST-1462,Lauren Lewis,ذكر,بورسعيد,New
CUST-1463,Michael Faulkner,أنثى,الجيزة,VIP
CUST-1464,Molly Parker,ذكر,بورسعيد,New
CUST-1465,Mark Barber,ذكر,بورسعيد,VIP
CUST-1466,Glenn Zavala,ذكر,القاهرة,Regular
CUST-1467,Christina Henry,ذكر,بورسعيد,Regular
CUST-1468,Tyler Newman,ذكر,طنطا,Regular
CUST-1469,Charles Smith,أنثى,القاهرة,Regular
CUST-1470,Parker Campbell,أنثى,الجيزة,Regular
CUST-1471,Mr. David Jones,ذكر,طنطا,VIP
CUST-1472,Christina Harris,ذكر,بورسعيد,VIP
CUST-1473,Stacie Sanchez,أنثى,الإسكندرية,New
CUST-1474,Julia Wiley,أنثى,الجيزة,VIP
CUST-1475,Alyssa Jones,أنثى,الإسكندرية,VIP
CUST-1476,Mr. Ronnie Miranda,أنثى,الإسكندرية,New
CUST-1477,Lori Mays,ذكر,المنصورة,Regular
CUST-1478,Vanessa Medina,ذكر,القاهرة,Regular
CUST-1479,Andrew Shannon,ذكر,بورسعيد,Regular
CUST-1480,Brenda Lewis,أنثى,الإسكندرية,Regular
CUST-1481,Nicholas Tyler,أنثى,الجيزة,New
CUST-1482,Kim Washington,أنثى,الجيزة,Regular
CUST-1483,Sierra West,ذكر,الإسكندرية,New
CUST-1484,Jennifer Parks,أنثى,المنصورة,Regular
CUST-1485,Eric Hodges,ذكر,الإسكندرية,Regular
CUST-1486,Kelly Young,ذكر,طنطا,Regular
CUST-1487,Seth Young,أنثى,الإسكندرية,Regular
CUST-1488,Sharon Lynn,ذكر,طنطا,New
CUST-1489,John Savage,ذكر,بورسعيد,Regular
CUST-1490,Mr. Nicholas Ortiz,ذكر,المنصورة,Regular
CUST-1491,Heather Gray,ذكر,القاهرة,Regular
CUST-1492,Nicholas Jackson,أنثى,طنطا,Regular
CUST-1493,Kyle Lane,ذكر,الإسكندرية,Regular
CUST-1494,Bruce Costa,أنثى,الإسكندرية,Regular
CUST-1495,Jesus Weaver,ذكر,القاهرة,VIP
CUST-1496,Austin Douglas,ذكر,القاهرة,Regular
CUST-1497,Ronald Vargas,ذكر,الجيزة,Regular
CUST-1498,Dana Morrison,ذكر,طنطا,Regular
CUST-1499,Dakota Coleman,أنثى,بورسعيد,Regular
CUST-1500,Sandy Lewis,أنثى,الجيزة,Regular
CUST-1501,Bradley Stone,ذكر,بورسعيد,Regular
CUST-1502,Stephen Bennett,ذكر,المنصورة,Regular
CUST-1503,Jessica Lee,ذكر,المنصورة,Regular
CUST-1504,Jacqueline Cooper,ذكر,المنصورة,New
CUST-1505,Maria Walton,أنثى,بورسعيد,Regular
CUST-1506,Neil Hopkins,أنثى,الجيزة,Regular
CUST-1507,Mariah Cox,ذكر,الإسكندرية,Regular
CUST-1508,Lori Wood,ذكر,بورسعيد,Regular
CUST-1509,Renee Green,أنثى,المنصورة,New
CUST-1510,Andrea Hughes,أنثى,طنطا,New
CUST-1511,Marcus Rodriguez,أنثى,القاهرة,VIP
CUST-1512,Dorothy Goodwin,ذكر,طنطا,VIP
CUST-1513,Brett Clark,أنثى,طنطا,VIP
CUST-1514,Joel White,ذكر,طنطا,Regular
CUST-1515,Jonathan Davis,ذكر,القاهرة,Regular
CUST-1516,Amber Gates,ذكر,طنطا,VIP
CUST-1517,Mary Fletcher,ذكر,الإسكندرية,Regular
CUST-1518,Jennifer Roberts,ذكر,طنطا,New
CUST-1519,Janet Baker,أنثى,القاهرة,VIP
CUST-1520,Dustin Jackson,أنثى,طنطا,Regular
CUST-1521,Ronald Lopez,أنثى,الجيزة,Regular
CUST-1522,Jeff Hall,أنثى,الإسكندرية,Regular
CUST-1523,Andrew Swanson,أنثى,القاهرة,VIP
CUST-1524,Raymond Roman,أنثى,الجيزة,Regular
CUST-1525,Kevin Alexander,ذكر,بورسعيد,Regular
CUST-1526,Heather Wheeler,ذكر,الإسكندرية,Regular
CUST-1527,Christine Jarvis,ذكر,طنطا,Regular
CUST-1528,Samantha Meyer,أنثى,المنصورة,VIP
CUST-1529,Shawn Little,ذكر,طنطا,New
CUST-1530,Samuel Williams,ذكر,الجيزة,Regular
CUST-1531,Ryan Mason,ذكر,القاهرة,Regular
CUST-1532,Benjamin Smith,ذكر,الإسكندرية,Regular
CUST-1533,Rachel Martinez,ذكر,الإسكندرية,Regular
CUST-1534,Michael Wagner,ذكر,طنطا,Regular
CUST-1535,Amy Waters,ذكر,بورسعيد,New
CUST-1536,Blake Trevino,أنثى,طنطا,Regular
CUST-1537,Larry Murray,ذكر,الجيزة,New
CUST-1538,Ronnie Thornton,ذكر,الإسكندرية,New
CUST-1539,Amanda Garcia,ذكر,الإسكندرية,New
CUST-1540,Brian Roberts II,أنثى,الجيزة,VIP
CUST-1541,Karen Mcdonald,أنثى,القاهرة,Regular
CUST-1542,Barbara Garcia,أنثى,المنصورة,New
CUST-1543,Nicholas Jackson,أنثى,القاهرة,New
CUST-1544,Shawn Burke,ذكر,الجيزة,Regular
CUST-1545,Brittany Kirby,أنثى,طنطا,Regular
CUST-1546,Jamie Scott,أنثى,القاهرة,Regular
CUST-1547,Brett Jones,أنثى,الإسكندرية,Regular
CUST-1548,Anthony Stuart,أنثى,القاهرة,Regular
CUST-1549,Amber Anderson,ذكر,المنصورة,Regular
CUST-1550,Matthew Fuller,أنثى,طنطا,Regular
CUST-1551,Matthew Garcia,أنثى,طنطا,New
CUST-1552,Christopher Suarez,ذكر,الجيزة,Regular
CUST-1553,Kimberly Daniels,ذكر,المنصورة,Regular
CUST-1554,Jocelyn Harrison,ذكر,القاهرة,Regular
CUST-1555,Michael Johnson,ذكر,الإسكندرية,Regular
CUST-1556,Rebecca Smith,ذكر,طنطا,Regular
CUST-1557,Eric Stephens,ذكر,الإسكندرية,New
CUST-1558,Larry Sampson,ذكر,القاهرة,New
CUST-1559,Pam Davis,أنثى,المنصورة,New
CUST-1560,Evelyn White,ذكر,بورسعيد,Regular
CUST-1561,John Guerra,أنثى,المنصورة,Regular
CUST-1562,Eugene Garcia,أنثى,الجيزة,Regular
CUST-1563,Thomas Anderson,أنثى,طنطا,New
CUST-1564,Dorothy Lopez,ذكر,الجيزة,Regular
CUST-1565,Stephanie Walker,ذكر,الجيزة,New
CUST-1566,William Spencer,ذكر,طنطا,New
CUST-1567,Jessica Wells,أنثى,المنصورة,Regular
CUST-1568,Amanda Good,ذكر,الجيزة,Regular
CUST-1569,Justin Delacruz,أنثى,الجيزة,Regular
CUST-1570,Jennifer Miller,ذكر,القاهرة,Regular
CUST-1571,Jill Taylor,أنثى,القاهرة,New
CUST-1572,Jeremy Potts,ذكر,المنصورة,New
CUST-1573,William Reyes,ذكر,الجيزة,Regular
CUST-1574,Christine Stone,أنثى,بورسعيد,New
CUST-1575,Samuel Perkins,ذكر,القاهرة,Regular
CUST-1576,Jeffrey Lawson,ذكر,طنطا,Regular
CUST-1577,Joyce Alvarez,أنثى,القاهرة,Regular
CUST-1578,Dawn Patterson,أنثى,الإسكندرية,New
CUST-1579,Hunter Shepherd,أنثى,بورسعيد,Regular
CUST-1580,Teresa Hansen,ذكر,طنطا,New
CUST-1581,Scott Robinson,أنثى,بورسعيد,New
CUST-1582,Jonathan Carroll,أنثى,بورسعيد,New
CUST-1583,Douglas Johnson,أنثى,القاهرة,VIP
CUST-1584,Michael Jensen,ذكر,بورسعيد,Regular
CUST-1585,Gary Miller,أنثى,طنطا,Regular
CUST-1586,Glenn Turner,ذكر,بورسعيد,Regular
CUST-1587,Ryan Gomez,ذكر,القاهرة,VIP
CUST-1588,Regina Kim,ذكر,بورسعيد,Regular
CUST-1589,Amy Davis,أنثى,بورسعيد,New
CUST-1590,Beverly Walker,أنثى,طنطا,New
CUST-1591,Natalie Hogan,ذكر,بورسعيد,Regular
CUST-1592,Jessica George,أنثى,القاهرة,New
CUST-1593,Melissa Powers,ذكر,الجيزة,Regular
CUST-1594,Miranda Brown DVM,أنثى,القاهرة,Regular
CUST-1595,Meredith Small,أنثى,بورسعيد,Regular
CUST-1596,Dr. Kerri King,أنثى,طنطا,Regular
CUST-1597,Michael Fox,أنثى,طنطا,Regular
CUST-1598,Tiffany Andrade,ذكر,الإسكندرية,Regular
CUST-1599,Casey Bridges,أنثى,القاهرة,New
CUST-1600,Mrs. Tracy Diaz,أنثى,طنطا,Regular
CUST-1601,Donald Douglas,ذكر,الإسكندرية,Regular
CUST-1602,Joseph Tapia,ذكر,الجيزة,New
CUST-1603,Michael Peterson,ذكر,القاهرة,Regular
CUST-1604,Abigail Freeman,ذكر,الإسكندرية,VIP
CUST-1605,Linda Watts,أنثى,الإسكندرية,Regular
CUST-1606,Guy Williams,أنثى,بورسعيد,Regular
CUST-1607,Rebecca Hicks,ذكر,طنطا,New
CUST-1608,Sean Mills,ذكر,الجيزة,Regular
CUST-1609,Tanya Webb,ذكر,الجيزة,Regular
CUST-1610,Jaime Jackson,ذكر,الجيزة,New
CUST-1611,Patrick Lambert,ذكر,طنطا,VIP
CUST-1612,Dominic Mendoza,ذكر,المنصورة,Regular
CUST-1613,Matthew Jordan,أنثى,المنصورة,New
CUST-1614,Tammie Blanchard,أنثى,طنطا,Regular
CUST-1615,Eileen Atkins,ذكر,المنصورة,New
CUST-1616,Mr. Michael Gordon,أنثى,الجيزة,Regular
CUST-1617,Micheal Saunders,ذكر,طنطا,New
CUST-1618,Mrs. Jennifer Contreras,ذكر,القاهرة,Regular
CUST-1619,Molly Andrews,ذكر,الجيزة,New
CUST-1620,Jessica Harrington,ذكر,الجيزة,Regular
CUST-1621,Raymond Hoffman,ذكر,الإسكندرية,Regular
CUST-1622,Jeremy Mills,أنثى,طنطا,Regular
CUST-1623,Bonnie Williams,أنثى,الجيزة,Regular
CUST-1624,Christina Watts,أنثى,بورسعيد,VIP
CUST-1625,Shannon Bauer,ذكر,القاهرة,Regular
CUST-1626,Jimmy Bishop MD,ذكر,الجيزة,New
CUST-1627,Elizabeth Rodriguez,ذكر,طنطا,New
CUST-1628,Mr. Don Porter,ذكر,بورسعيد,Regular
CUST-1629,Lindsay Warren,ذكر,الجيزة,VIP
CUST-1630,Kevin Floyd,ذكر,المنصورة,Regular
CUST-1631,Valerie Pena,أنثى,القاهرة,Regular
CUST-1632,Lindsey Blair,ذكر,الجيزة,VIP
CUST-1633,Angela Kelly,ذكر,طنطا,Regular
CUST-1634,Tracy Stanley,أنثى,القاهرة,Regular
CUST-1635,Joshua Gray,أنثى,الإسكندرية,Regular
CUST-1636,Valerie Smith,أنثى,الجيزة,VIP
CUST-1637,Andrew Lamb,أنثى,بورسعيد,New
CUST-1638,Amanda Williams,ذكر,طنطا,VIP
CUST-1639,Jonathan Larson,أنثى,بورسعيد,Regular
CUST-1640,Alicia Peterson,ذكر,بورسعيد,New
CUST-1641,Kevin Foster,ذكر,القاهرة,Regular
CUST-1642,Christine Barrett,أنثى,القاهرة,New
CUST-1643,Alan Johnson,ذكر,القاهرة,Regular
CUST-1644,Tamara Hall,أنثى,بورسعيد,Regular
CUST-1645,Kelsey Osborn,أنثى,بورسعيد,VIP
CUST-1646,Katherine Romero,أنثى,بورسعيد,Regular
CUST-1647,Ryan Woods,أنثى,القاهرة,Regular
CUST-1648,Ethan Edwards,أنثى,الإسكندرية,Regular
CUST-1649,Angela Morrison,ذكر,الإسكندرية,Regular
CUST-1650,Becky Levine,أنثى,القاهرة,Regular
CUST-1651,Bradley Evans,أنثى,القاهرة,Regular
CUST-1652,Melissa Holden,أنثى,طنطا,VIP
CUST-1653,Stephen Hinton,أنثى,القاهرة,Regular
CUST-1654,Alan Lee,ذكر,المنصورة,Regular
CUST-1655,Bethany Ponce,ذكر,بورسعيد,Regular
CUST-1656,Hunter Webb Jr.,أنثى,طنطا,Regular
CUST-1657,Cesar Cooper,أنثى,المنصورة,Regular
CUST-1658,James Morris,أنثى,القاهرة,New
CUST-1659,Chelsea Chen,ذكر,بورسعيد,Regular
CUST-1660,Judy Hardy,أنثى,بورسعيد,Regular
CUST-1661,Cynthia Ortega,ذكر,المنصورة,Regular
CUST-1662,Lucas Lee,أنثى,طنطا,New
CUST-1663,Dawn Gutierrez,ذكر,الجيزة,Regular
CUST-1664,Christina Smith,أنثى,طنطا,Regular
CUST-1665,Thomas Nguyen,ذكر,الجيزة,Regular
CUST-1666,Katelyn Moore,أنثى,الجيزة,Regular
CUST-1667,Thomas Lopez,أنثى,المنصورة,New
CUST-1668,Jessica Erickson,أنثى,طنطا,Regular
CUST-1669,Ronald Ingram,أنثى,المنصورة,Regular
CUST-1670,Anna Dennis,ذكر,المنصورة,Regular
CUST-1671,Anne Campbell,ذكر,الإسكندرية,Regular
CUST-1672,Sara Smith,ذكر,الإسكندرية,Regular
CUST-1673,Alyssa Robertson,أنثى,بورسعيد,Regular
CUST-1674,Donald Morris,أنثى,المنصورة,VIP
CUST-1675,Mackenzie Riley,ذكر,الجيزة,Regular
CUST-1676,Daniel Scott,ذكر,طنطا,VIP
CUST-1677,Victor Lawrence,ذكر,القاهرة,Regular
CUST-1678,Jeremy Hurst,أنثى,طنطا,Regular
CUST-1679,Sandra Pierce,ذكر,القاهرة,Regular
CUST-1680,Patricia Kennedy,أنثى,القاهرة,New
CUST-1681,Elizabeth Robinson,أنثى,المنصورة,Regular
CUST-1682,Stephanie Cortez,ذكر,المنصورة,Regular
CUST-1683,Katherine Brown,ذكر,الجيزة,Regular
CUST-1684,Natasha May,أنثى,بورسعيد,New
CUST-1685,Ethan Johnson,أنثى,الجيزة,New
CUST-1686,Taylor Clarke,أنثى,الجيزة,Regular
CUST-1687,Bryan Lang,ذكر,بورسعيد,New
CUST-1688,Melissa Lozano,ذكر,الجيزة,Regular
CUST-1689,Robert Douglas,أنثى,طنطا,Regular
CUST-1690,Bryan Dickerson,ذكر,الإسكندرية,Regular
CUST-1691,Gregory Bullock,ذكر,طنطا,VIP
CUST-1692,Todd Gilbert,ذكر,القاهرة,New
CUST-1693,Manuel Richmond,أنثى,طنطا,VIP
CUST-1694,Mark Harris,ذكر,الإسكندرية,VIP
CUST-1695,Kenneth Sellers,ذكر,الإسكندرية,New
CUST-1696,Aaron Jones Jr.,أنثى,الجيزة,Regular
CUST-1697,Robert Rivas,ذكر,القاهرة,Regular
CUST-1698,Kimberly Malone,ذكر,بورسعيد,Regular
CUST-1699,George Rodriguez,ذكر,بورسعيد,Regular
CUST-1700,John Shaw,أنثى,المنصورة,VIP
CUST-1701,Jeffery Spears,أنثى,المنصورة,Regular
CUST-1702,David Blake,ذكر,المنصورة,Regular
CUST-1703,Andre Hudson,ذكر,بورسعيد,New
CUST-1704,Mark Morgan,أنثى,الإسكندرية,VIP
CUST-1705,Lisa Brown,ذكر,المنصورة,New
CUST-1706,Mr. Anthony Lopez Jr.,ذكر,بورسعيد,Regular
CUST-1707,Matthew Jones,ذكر,المنصورة,New
CUST-1708,Mrs. Sandra Morris,ذكر,الجيزة,New
CUST-1709,Katelyn Thompson,ذكر,الإسكندرية,New
CUST-1710,Maria Clark,أنثى,طنطا,Regular
CUST-1711,Laura Mclaughlin,ذكر,المنصورة,Regular
CUST-1712,Joshua Hanson,ذكر,طنطا,Regular
CUST-1713,Mindy Johnson,أنثى,طنطا,Regular
CUST-1714,Raymond Fernandez,ذكر,بورسعيد,New
CUST-1715,Jamie Owen,أنثى,الإسكندرية,New
CUST-1716,Catherine Baker,ذكر,الجيزة,Regular
CUST-1717,Kevin Miles,أنثى,المنصورة,Regular
CUST-1718,Raymond Nolan,ذكر,طنطا,Regular
CUST-1719,Kristen King,أنثى,بورسعيد,Regular
CUST-1720,Tyrone Kelly,أنثى,الجيزة,New
CUST-1721,James Jones,أنثى,طنطا,Regular
CUST-1722,Tyler Phillips,ذكر,الجيزة,VIP
CUST-1723,Caitlin Oneal,ذكر,الجيزة,Regular
CUST-1724,Ryan Wheeler,أنثى,الإسكندرية,Regular
CUST-1725,Crystal West,أنثى,بورسعيد,Regular
CUST-1726,Sara Smith,ذكر,طنطا,VIP
CUST-1727,Robert Smith MD,أنثى,طنطا,Regular
CUST-1728,Krystal Watson,أنثى,طنطا,Regular
CUST-1729,Molly Mitchell,أنثى,بورسعيد,Regular
CUST-1730,Nathan Gardner,أنثى,المنصورة,Regular
CUST-1731,Sandra Parsons,أنثى,القاهرة,Regular
CUST-1732,Brad Owens,ذكر,طنطا,Regular
CUST-1733,Melissa Foster,أنثى,القاهرة,New
CUST-1734,Jessica Thomas,ذكر,الجيزة,Regular
CUST-1735,Adam Cantrell,أنثى,القاهرة,Regular
CUST-1736,Benjamin Adams,أنثى,الإسكندرية,New
CUST-1737,Michael Rivera,أنثى,القاهرة,New
CUST-1738,Nicholas Esparza,أنثى,بورسعيد,VIP
CUST-1739,Jamie Gonzales,أنثى,المنصورة,Regular
CUST-1740,Brian Miller,ذكر,بورسعيد,Regular
CUST-1741,Sean Riddle,ذكر,الإسكندرية,Regular
CUST-1742,Daniel Harmon,ذكر,طنطا,New
CUST-1743,Amy Sanchez,أنثى,بورسعيد,Regular
CUST-1744,Larry Berger,أنثى,بورسعيد,Regular
CUST-1745,Jennifer Green,أنثى,الإسكندرية,VIP
CUST-1746,Eric Fuentes,أنثى,القاهرة,New
CUST-1747,Timothy Garcia,أنثى,القاهرة,VIP
CUST-1748,Amy Cline,أنثى,المنصورة,New
CUST-1749,Donna Cruz,ذكر,الجيزة,New
CUST-1750,Robert Shepard,أنثى,القاهرة,Regular
CUST-1751,Jennifer Walls,أنثى,بورسعيد,Regular
CUST-1752,Christina Wells,ذكر,الجيزة,Regular
CUST-1753,Jacqueline Chapman,ذكر,المنصورة,New
CUST-1754,Jeremy Watson,أنثى,الجيزة,Regular
CUST-1755,Steven Norton,ذكر,الجيزة,Regular
CUST-1756,Thomas Stark,ذكر,بورسعيد,Regular
CUST-1757,Daniel Jones,أنثى,الإسكندرية,Regular
CUST-1758,Andrea Wilkinson,ذكر,المنصورة,Regular
CUST-1759,Alexander Luna,ذكر,الإسكندرية,Regular
CUST-1760,Amanda Thomas,أنثى,الجيزة,New
CUST-1761,Brian Mata,أنثى,الجيزة,Regular
CUST-1762,Jason Osborne,أنثى,بورسعيد,Regular
CUST-1763,Jeff Houston,أنثى,المنصورة,Regular
CUST-1764,Frank Hall,ذكر,القاهرة,VIP
CUST-1765,Amanda Harris,ذكر,الإسكندرية,Regular
CUST-1766,John Griffin,أنثى,القاهرة,Regular
CUST-1767,Steven Hayes,ذكر,بورسعيد,Regular
CUST-1768,Jennifer Nguyen,ذكر,القاهرة,Regular
CUST-1769,Alicia Nguyen,ذكر,الإسكندرية,Regular
CUST-1770,Jennifer Thompson,ذكر,القاهرة,Regular
CUST-1771,Michael Gallagher,ذكر,طنطا,Regular
CUST-1772,Stephen Wilson,أنثى,الجيزة,Regular
CUST-1773,Robert Collins,أنثى,بورسعيد,Regular
CUST-1774,Michael Jones,ذكر,طنطا,VIP
CUST-1775,Steve Charles,أنثى,الجيزة,Regular
CUST-1776,Roberto Moses,أنثى,الإسكندرية,Regular
CUST-1777,Lori Murphy,ذكر,المنصورة,VIP
CUST-1778,Denise Olson,ذكر,الإسكندرية,New
CUST-1779,Patricia Yu,أنثى,الجيزة,New
CUST-1780,Kaitlin Jones,ذكر,الإسكندرية,Regular
CUST-1781,Thomas Espinoza,أنثى,الإسكندرية,Regular
CUST-1782,Jamie Porter,أنثى,طنطا,Regular
CUST-1783,Greg Blake,أنثى,القاهرة,Regular
CUST-1784,Sheena Scott,أنثى,الإسكندرية,Regular
CUST-1785,Cheryl Miller,ذكر,القاهرة,VIP
CUST-1786,Lisa Chaney,ذكر,الإسكندرية,VIP
CUST-1787,Charlene Fernandez,أنثى,المنصورة,Regular
CUST-1788,Dana Odom,أنثى,القاهرة,Regular
CUST-1789,Victor Smith,أنثى,الإسكندرية,New
CUST-1790,Nicole Robinson,ذكر,الإسكندرية,New
CUST-1791,Mark Blevins,أنثى,الجيزة,VIP
CUST-1792,Mark Turner,ذكر,الجيزة,Regular
CUST-1793,Christopher Allen,أنثى,الجيزة,Regular
CUST-1794,Mr. Brandon Conner,ذكر,المنصورة,New
CUST-1795,Robin Richardson,أنثى,القاهرة,New
CUST-1796,Lance Brown,ذكر,بورسعيد,Regular
CUST-1797,Andrew Harris,أنثى,المنصورة,Regular
CUST-1798,Brent Silva,ذكر,الإسكندرية,New
CUST-1799,Christine Mclaughlin,أنثى,الجيزة,Regular
CUST-1800,Mary Obrien,أنثى,الإسكندرية,Regular
CUST-1801,Heather Jensen,أنثى,القاهرة,New
CUST-1802,Robert Patel DDS,أنثى,بورسعيد,Regular
CUST-1803,Jesse Gonzalez,ذكر,القاهرة,Regular
CUST-1804,Victor Todd,أنثى,الإسكندرية,Regular
CUST-1805,Austin Bartlett,ذكر,بورسعيد,Regular
CUST-1806,Jordan Richards,ذكر,طنطا,Regular
CUST-1807,Scott Taylor,أنثى,بورسعيد,Regular
CUST-1808,Ashley Martin,أنثى,بورسعيد,New
CUST-1809,David Carter,أنثى,بورسعيد,New
CUST-1810,Morgan Lee,أنثى,القاهرة,New
CUST-1811,Jake Mathis,ذكر,طنطا,Regular
CUST-1812,Christina Porter,ذكر,بورسعيد,New
CUST-1813,Diana Gordon,أنثى,بورسعيد,Regular
CUST-1814,Sarah Williams,أنثى,بورسعيد,Regular
CUST-1815,Joshua Parker,ذكر,الجيزة,New
CUST-1816,Cameron Salinas,ذكر,طنطا,New
CUST-1817,Joseph Rivera,أنثى,بورسعيد,VIP
CUST-1818,Lisa Roberts,ذكر,القاهرة,New
CUST-1819,Gerald Goodman,أنثى,الجيزة,New
CUST-1820,Anthony Summers,ذكر,الإسكندرية,Regular
CUST-1821,Kevin Cole,ذكر,القاهرة,Regular
CUST-1822,Debbie Robles,أنثى,الجيزة,Regular
CUST-1823,Allen Little,ذكر,بورسعيد,Regular
CUST-1824,Zachary Coleman,أنثى,الجيزة,Regular
CUST-1825,Melanie Kirby,أنثى,الإسكندرية,Regular
CUST-1826,Michelle Kelley,ذكر,طنطا,Regular
CUST-1827,Stacy Gentry,ذكر,طنطا,Regular
CUST-1828,Tammy Contreras,أنثى,القاهرة,VIP
CUST-1829,Marilyn Bailey,ذكر,المنصورة,Regular
CUST-1830,Abigail Macdonald,أنثى,الإسكندرية,Regular
CUST-1831,Charles Nixon,أنثى,القاهرة,Regular
CUST-1832,Patrick Woods,ذكر,المنصورة,New
CUST-1833,Christopher Mueller,ذكر,طنطا,Regular
CUST-1834,Gary Frazier,أنثى,القاهرة,Regular
CUST-1835,Cheryl Stafford,أنثى,طنطا,Regular
CUST-1836,Colin Lowery,ذكر,طنطا,Regular
CUST-1837,Gene Powers,أنثى,القاهرة,Regular
CUST-1838,John Salas,أنثى,القاهرة,VIP
CUST-1839,Caleb Thompson,ذكر,طنطا,New
CUST-1840,David Jacobson,ذكر,بورسعيد,Regular
CUST-1841,Amanda Snyder,ذكر,القاهرة,Regular
CUST-1842,Roy Simon,ذكر,طنطا,Regular
CUST-1843,Traci Wise,ذكر,الإسكندرية,Regular
CUST-1844,Steven Wade,أنثى,المنصورة,Regular
CUST-1845,Sandra Orozco,ذكر,المنصورة,New
CUST-1846,William Peterson,ذكر,بورسعيد,New
CUST-1847,Melanie Webb,أنثى,القاهرة,VIP
CUST-1848,Lauren Doyle,ذكر,طنطا,Regular
CUST-1849,Brandi Carr,أنثى,بورسعيد,Regular
CUST-1850,Jason Evans,ذكر,طنطا,Regular
CUST-1851,Tracey Lewis,أنثى,المنصورة,New
CUST-1852,Megan Phillips,ذكر,طنطا,VIP
CUST-1853,Mr. James Avila,ذكر,الجيزة,Regular
CUST-1854,George Morris,أنثى,القاهرة,Regular
CUST-1855,Steven Reese,ذكر,الجيزة,New
CUST-1856,Deborah Johnson,أنثى,الجيزة,Regular
CUST-1857,Michael Fitzgerald,أنثى,الجيزة,VIP
CUST-1858,Peter Hart,ذكر,الجيزة,New
CUST-1859,Mark Sanchez,ذكر,الجيزة,Regular
CUST-1860,Andrea Burton,ذكر,طنطا,Regular
CUST-1861,Stephen Lee,ذكر,بورسعيد,Regular
CUST-1862,Charles Scott,أنثى,المنصورة,Regular
CUST-1863,Douglas Rollins,ذكر,المنصورة,New
CUST-1864,Melissa Carey,أنثى,بورسعيد,New
CUST-1865,Kimberly Hicks,ذكر,الجيزة,New
CUST-1866,Leroy Schultz,أنثى,الإسكندرية,Regular
CUST-1867,Eduardo Kline,أنثى,بورسعيد,New
CUST-1868,Wesley Johnson,أنثى,طنطا,New
CUST-1869,Collin Robles,أنثى,الجيزة,New
CUST-1870,Kyle Webster,ذكر,المنصورة,Regular
CUST-1871,Paul Hill III,أنثى,طنطا,Regular
CUST-1872,Barbara Ball,ذكر,القاهرة,Regular
CUST-1873,Amy Ross,أنثى,بورسعيد,VIP
CUST-1874,Roberto Taylor,ذكر,القاهرة,Regular
CUST-1875,Amy Gordon,أنثى,المنصورة,VIP
CUST-1876,Erin Goodman,ذكر,الجيزة,Regular
CUST-1877,Emily Mercado,أنثى,طنطا,VIP
CUST-1878,Johnny Lee,ذكر,المنصورة,Regular
CUST-1879,Phillip Preston,أنثى,طنطا,Regular
CUST-1880,Derek Jones,أنثى,الإسكندرية,Regular
CUST-1881,Aaron Jones,ذكر,الجيزة,New
CUST-1882,Bryan Rodriguez,أنثى,بورسعيد,Regular
CUST-1883,Sally Green,ذكر,القاهرة,Regular
CUST-1884,Eric Gilmore,ذكر,بورسعيد,New
CUST-1885,Alexandra Jackson,ذكر,القاهرة,Regular
CUST-1886,David Bailey,أنثى,طنطا,Regular
CUST-1887,Emily Smith,أنثى,المنصورة,New
CUST-1888,Jeffery Adams,ذكر,المنصورة,Regular
CUST-1889,Sharon Ramos,ذكر,الجيزة,VIP
CUST-1890,Christopher Johnson,أنثى,بورسعيد,Regular
CUST-1891,Lisa Neal MD,أنثى,طنطا,VIP
CUST-1892,Charles Malone,ذكر,المنصورة,Regular
CUST-1893,Michelle Jones,ذكر,طنطا,New
CUST-1894,Trevor Schmidt,أنثى,الجيزة,VIP
CUST-1895,Jenna Carroll,ذكر,بورسعيد,New
CUST-1896,Dustin Brandt,ذكر,المنصورة,Regular
CUST-1897,Lisa Hunt,ذكر,القاهرة,Regular
CUST-1898,Melinda Mercer,أنثى,الجيزة,Regular
CUST-1899,Matthew Burton,ذكر,طنطا,Regular
CUST-1900,Dr. Christian Taylor,ذكر,المنصورة,Regular
CUST-1901,Tracey Whitney,ذكر,المنصورة,Regular
CUST-1902,Kerry Leblanc,ذكر,بورسعيد,VIP
CUST-1903,Mario Kerr,أنثى,القاهرة,Regular
CUST-1904,Heather Duncan,ذكر,بورسعيد,New
CUST-1905,William Alvarado,ذكر,طنطا,New
CUST-1906,Kayla Palmer,أنثى,طنطا,Regular
CUST-1907,Deborah Walker,أنثى,القاهرة,Regular
CUST-1908,Lindsey Greene,ذكر,الإسكندرية,New
CUST-1909,Crystal Walker,ذكر,بورسعيد,New
CUST-1910,Gabriela Sanchez,ذكر,الجيزة,Regular
CUST-1911,Thomas Lopez,أنثى,الإسكندرية,New
CUST-1912,William Morrow,ذكر,الإسكندرية,Regular
CUST-1913,Julie Barajas,ذكر,القاهرة,VIP
CUST-1914,Daniel Goodwin,ذكر,الإسكندرية,Regular
CUST-1915,Melissa Hill,أنثى,الإسكندرية,Regular
CUST-1916,Lisa Larsen,أنثى,الإسكندرية,New
CUST-1917,Julie Phillips,أنثى,بورسعيد,Regular
CUST-1918,Dylan Obrien,ذكر,القاهرة,Regular
CUST-1919,Gabrielle Norris,أنثى,بورسعيد,New
CUST-1920,Elizabeth Thomas,ذكر,الإسكندرية,Regular
CUST-1921,Dennis Mullen,أنثى,الإسكندرية,Regular
CUST-1922,Brian Smith,أنثى,طنطا,Regular
CUST-1923,Jennifer Green,أنثى,المنصورة,Regular
CUST-1924,Melissa Evans,ذكر,القاهرة,Regular
CUST-1925,Heidi Snyder,ذكر,طنطا,Regular
CUST-1926,Peter Anderson,أنثى,القاهرة,Regular
CUST-1927,Linda Evans,أنثى,بورسعيد,Regular
CUST-1928,Sarah Chen,ذكر,طنطا,Regular
CUST-1929,Kyle Stewart,ذكر,الجيزة,Regular
CUST-1930,Jorge Brown,أنثى,بورسعيد,Regular
CUST-1931,Brandon Petty,ذكر,المنصورة,Regular
CUST-1932,Steven Rivers,أنثى,طنطا,New
CUST-1933,Emily Johnson,ذكر,المنصورة,VIP
CUST-1934,Sherry Sanchez MD,أنثى,القاهرة,Regular
CUST-1935,Kristina Morris,ذكر,الإسكندرية,Regular
CUST-1936,Mark Guzman,ذكر,بورسعيد,Regular
CUST-1937,David Jenkins,أنثى,المنصورة,Regular
CUST-1938,Nathaniel Anderson,أنثى,بورسعيد,Regular
CUST-1939,Robert Wilson,ذكر,طنطا,New
CUST-1940,Andrea Gill,ذكر,الإسكندرية,Regular
CUST-1941,Deborah Garcia,ذكر,القاهرة,New
CUST-1942,Sherry Taylor,أنثى,الإسكندرية,New
CUST-1943,Nicholas Stephens,أنثى,بورسعيد,Regular
CUST-1944,Carly Hoffman,أنثى,طنطا,VIP
CUST-1945,John Campbell,أنثى,القاهرة,New
CUST-1946,Melanie Morales,أنثى,الإسكندرية,VIP
CUST-1947,Jeffery Williams,أنثى,بورسعيد,VIP
CUST-1948,Julia Reyes,أنثى,القاهرة,New
CUST-1949,Timothy Huffman,ذكر,طنطا,New
CUST-1950,Michael Cunningham,ذكر,المنصورة,Regular
CUST-1951,Christina Williams,ذكر,القاهرة,Regular
CUST-1952,Megan Santana,ذكر,طنطا,Regular
CUST-1953,Tina Hall,أنثى,الإسكندرية,Regular
CUST-1954,Erica Johnston,ذكر,المنصورة,VIP
CUST-1955,Mrs. Cheryl Griffith PhD,ذكر,القاهرة,VIP
CUST-1956,Krystal Jones,أنثى,بورسعيد,Regular
CUST-1957,Andrew Chavez,ذكر,الإسكندرية,Regular
CUST-1958,Jason Summers,أنثى,بورسعيد,Regular
CUST-1959,Kathryn Lopez,أنثى,الإسكندرية,Regular
CUST-1960,Andrea Thompson,ذكر,الإسكندرية,New
CUST-1961,John Anderson,أنثى,المنصورة,Regular
CUST-1962,Jessica Bishop,ذكر,طنطا,VIP
CUST-1963,Marilyn Miller,ذكر,طنطا,Regular
CUST-1964,Zachary Crawford,ذكر,طنطا,New
CUST-1965,Megan Kim,ذكر,الإسكندرية,Regular
CUST-1966,David Bennett,ذكر,طنطا,VIP
CUST-1967,Kimberly Hess,أنثى,بورسعيد,New
CUST-1968,Joseph Young,أنثى,طنطا,Regular
CUST-1969,Joy Johnson,ذكر,الإسكندرية,New
CUST-1970,Heather Knight,ذكر,الجيزة,New
CUST-1971,Alvin Armstrong,أنثى,بورسعيد,New
CUST-1972,Jerome Floyd,ذكر,القاهرة,New
CUST-1973,Brandy Frazier,أنثى,طنطا,New
CUST-1974,Charlotte Morales,أنثى,بورسعيد,New
CUST-1975,Joshua Leon,ذكر,الإسكندرية,New
CUST-1976,Sean White,ذكر,بورسعيد,Regular
CUST-1977,Melissa Smith,أنثى,الإسكندرية,New
CUST-1978,Jasmine Figueroa,أنثى,الإسكندرية,Regular
CUST-1979,Dr. Michael Meyer,ذكر,الجيزة,Regular
CUST-1980,Carlos Cruz,أنثى,طنطا,Regular
CUST-1981,Kevin Mcdonald,ذكر,بورسعيد,New
CUST-1982,Barbara Christensen,ذكر,القاهرة,VIP
CUST-1983,Paula Navarro,أنثى,طنطا,VIP
CUST-1984,Amanda Miller DVM,أنثى,الجيزة,New
CUST-1985,Charles Holt,أنثى,المنصورة,Regular
CUST-1986,Trevor Reed,ذكر,المنصورة,Regular
CUST-1987,Cynthia Silva,أنثى,المنصورة,New
CUST-1988,Bonnie Conrad,ذكر,المنصورة,VIP
CUST-1989,Joshua Nunez,ذكر,المنصورة,Regular
CUST-1990,Sean Cannon,أنثى,بورسعيد,New
CUST-1991,Regina Glass,أنثى,طنطا,New
CUST-1992,Dr. Andrea Schneider DDS,أنثى,القاهرة,New
CUST-1993,Joseph Obrien,أنثى,المنصورة,Regular
CUST-1994,Teresa Howell,ذكر,الإسكندرية,Regular
CUST-1995,Daniel Smith,ذكر,القاهرة,New
CUST-1996,Miguel Rodriguez,أنثى,القاهرة,New
CUST-1997,Michael Martin,أنثى,القاهرة,Regular
CUST-1998,George Clark,أنثى,القاهرة,VIP
CUST-1999,Tyler Andrews,ذكر,طنطا,Regular
CUST-2000,Catherine Park,ذكر,الإسكندرية,Regular
CUST-2001,Janice Herring,أنثى,الإسكندرية,Regular
CUST-2002,Lisa Hernandez,ذكر,طنطا,VIP
CUST-2003,Susan Mata,ذكر,المنصورة,Regular
CUST-2004,Katherine Campbell,أنثى,بورسعيد,VIP
CUST-2005,Jamie Campos,ذكر,القاهرة,Regular
CUST-2006,Elizabeth Harrison,ذكر,المنصورة,Regular
CUST-2007,Jennifer Clark,أنثى,الإسكندرية,Regular
CUST-2008,Timothy Russell,أنثى,الجيزة,Regular
CUST-2009,William Smith,أنثى,الجيزة,Regular
CUST-2010,David Jackson,أنثى,طنطا,Regular
CUST-2011,Derek Lopez,ذكر,المنصورة,VIP
CUST-2012,Christopher Allen,ذكر,الجيزة,Regular
CUST-2013,Ann Christensen,ذكر,طنطا,Regular
CUST-2014,Rebecca Lamb,ذكر,طنطا,New
CUST-2015,Hunter Smith,أنثى,القاهرة,Regular
CUST-2016,Dr. Vanessa Hill,ذكر,الجيزة,New
CUST-2017,Virginia Smith,أنثى,القاهرة,Regular
CUST-2018,Tiffany Smith,أنثى,المنصورة,Regular
CUST-2019,Susan Butler,ذكر,الجيزة,New
CUST-2020,Kevin Norman,ذكر,بورسعيد,Regular
CUST-2021,Barry Russell,أنثى,طنطا,New
CUST-2022,Amy Thomas,ذكر,بورسعيد,Regular
CUST-2023,Dustin Cohen,ذكر,الجيزة,Regular
CUST-2024,Michele Wade,ذكر,بورسعيد,New
CUST-2025,Robert Wheeler,أنثى,القاهرة,Regular
CUST-2026,Shawn Miller,ذكر,بورسعيد,New
CUST-2027,Joshua Scott,أنثى,القاهرة,Regular
CUST-2028,Ryan Rogers,أنثى,الجيزة,VIP
CUST-2029,Jesse Martinez MD,ذكر,بورسعيد,VIP
CUST-2030,Ronnie Davis,أنثى,القاهرة,New
CUST-2031,Lauren Johnson,ذكر,المنصورة,Regular
CUST-2032,Michael Kennedy,ذكر,الإسكندرية,New
CUST-2033,Mark Turner,ذكر,طنطا,Regular
CUST-2034,Jacob Jenkins,ذكر,الإسكندرية,Regular
CUST-2035,Kevin Mitchell,أنثى,المنصورة,Regular
CUST-2036,Timothy Stewart,ذكر,المنصورة,Regular
CUST-2037,Leah Flores,أنثى,طنطا,New
CUST-2038,Danny Edwards,أنثى,المنصورة,New
CUST-2039,Sonia Williams,ذكر,الإسكندرية,Regular
CUST-2040,Dennis Curry,أنثى,القاهرة,New
CUST-2041,James Brown,أنثى,المنصورة,Regular
CUST-2042,Phillip Buchanan,ذكر,المنصورة,Regular
CUST-2043,Teresa Dyer,أنثى,الإسكندرية,VIP
CUST-2044,Laura Edwards,ذكر,الجيزة,New
CUST-2045,Larry Walter,ذكر,القاهرة,Regular
CUST-2046,Beth Nelson,أنثى,الإسكندرية,New
CUST-2047,Dennis Gibbs,ذكر,المنصورة,Regular
CUST-2048,Rachel Daniels,أنثى,الإسكندرية,Regular
CUST-2049,Paul Smith MD,أنثى,طنطا,New
CUST-2050,Tommy Booth,ذكر,الجيزة,Regular
CUST-2051,Kimberly Bowen,ذكر,الإسكندرية,Regular
CUST-2052,William Holmes,أنثى,بورسعيد,Regular
CUST-2053,Amber Farley,أنثى,الإسكندرية,VIP
CUST-2054,Shaun Cantrell,أنثى,الإسكندرية,Regular
CUST-2055,Robin Smith,ذكر,طنطا,Regular
CUST-2056,Robert Duncan,أنثى,الإسكندرية,Regular
CUST-2057,Jerry Hill,أنثى,القاهرة,Regular
CUST-2058,James Lowe,أنثى,الإسكندرية,Regular
CUST-2059,Patrick Taylor,ذكر,طنطا,VIP
CUST-2060,Dana Taylor,ذكر,طنطا,Regular
CUST-2061,Brian Gonzalez,أنثى,القاهرة,VIP
CUST-2062,Lucas Henry,أنثى,القاهرة,Regular
CUST-2063,Mr. Louis Leach,أنثى,بورسعيد,New
CUST-2064,Stephanie Davis,ذكر,القاهرة,New
CUST-2065,Madeline Edwards,ذكر,الجيزة,New
CUST-2066,Richard Branch,ذكر,الإسكندرية,New
CUST-2067,Morgan Ward,ذكر,طنطا,VIP
CUST-2068,Glenn Weaver,أنثى,القاهرة,Regular
CUST-2069,Timothy Winters,ذكر,الإسكندرية,Regular
CUST-2070,Kevin Cooper,أنثى,بورسعيد,Regular
CUST-2071,Patrick Campos,ذكر,المنصورة,New
CUST-2072,Matthew Hill,ذكر,الجيزة,VIP
CUST-2073,Stacey Mccarthy,أنثى,الإسكندرية,Regular
CUST-2074,Angie Martin,ذكر,الجيزة,VIP
CUST-2075,April Welch,أنثى,المنصورة,New
CUST-2076,Barbara Adams,أنثى,بورسعيد,Regular
CUST-2077,Jose Brown,ذكر,طنطا,Regular
CUST-2078,Linda Velazquez,أنثى,الجيزة,New
CUST-2079,John Barnes,ذكر,القاهرة,Regular
CUST-2080,Tiffany Flynn,أنثى,المنصورة,New
CUST-2081,Carly Dawson,أنثى,طنطا,New
CUST-2082,Adrian Jones,ذكر,الجيزة,Regular
CUST-2083,Joseph Johnson,أنثى,المنصورة,Regular
CUST-2084,Brandon Mcclure,أنثى,الإسكندرية,New
CUST-2085,Pamela Brown,أنثى,الجيزة,Regular
CUST-2086,Jeffery Swanson,ذكر,بورسعيد,Regular
CUST-2087,Abigail Weaver,ذكر,القاهرة,Regular
CUST-2088,Danielle Simon,أنثى,المنصورة,Regular
CUST-2089,Christine Thompson,أنثى,القاهرة,Regular
CUST-2090,Kyle Kim,أنثى,طنطا,VIP
CUST-2091,Elizabeth Owens,أنثى,طنطا,Regular
CUST-2092,Heidi Kelly,ذكر,بورسعيد,VIP
CUST-2093,Julia Collins,أنثى,المنصورة,New
CUST-2094,John Hendrix,ذكر,القاهرة,VIP
CUST-2095,Kenneth Freeman,أنثى,طنطا,Regular
CUST-2096,Adrienne Fitzpatrick,ذكر,القاهرة,Regular
CUST-2097,Alexandria Rice,أنثى,القاهرة,VIP
CUST-2098,Michael Thornton,أنثى,الجيزة,Regular
CUST-2099,Richard Mccoy,أنثى,المنصورة,New
CUST-2100,Jerome Garza,أنثى,الجيزة,New
CUST-2101,Sandra Williams,ذكر,طنطا,New
CUST-2102,Mrs. Anne Lopez,ذكر,طنطا,Regular
CUST-2103,Richard Stephens,أنثى,القاهرة,Regular
CUST-2104,Lisa Holmes,ذكر,المنصورة,New
CUST-2105,Gregory Kim,أنثى,القاهرة,Regular
CUST-2106,Alexander Johnson,أنثى,القاهرة,Regular
CUST-2107,Melissa Weber,أنثى,الإسكندرية,Regular
CUST-2108,Sara Butler,أنثى,المنصورة,New
CUST-2109,John Hampton,أنثى,طنطا,New
CUST-2110,Sherry Raymond,أنثى,الإسكندرية,Regular
CUST-2111,Clinton Mullins,أنثى,الإسكندرية,New
CUST-2112,Ashley Taylor,أنثى,الجيزة,VIP
CUST-2113,April Cooley,ذكر,الإسكندرية,New
CUST-2114,Daniel Willis,ذكر,القاهرة,Regular
CUST-2115,John Wallace,ذكر,القاهرة,New
CUST-2116,Ashley Dennis,ذكر,بورسعيد,Regular
CUST-2117,Charles Nelson,أنثى,طنطا,New
CUST-2118,James Acosta,أنثى,بورسعيد,Regular
CUST-2119,Jimmy Kim,أنثى,المنصورة,Regular
CUST-2120,Dawn Watkins,ذكر,القاهرة,Regular
CUST-2121,Tiffany Alexander,ذكر,الإسكندرية,VIP
CUST-2122,Christian Williams,أنثى,الجيزة,Regular
CUST-2123,Laurie Martinez,ذكر,الجيزة,Regular
CUST-2124,Aaron Spears,ذكر,الجيزة,Regular
CUST-2125,Karl Harrison,أنثى,القاهرة,New
CUST-2126,Phillip Ellis,أنثى,القاهرة,New
CUST-2127,Earl Flores,أنثى,الإسكندرية,Regular
CUST-2128,Jill Elliott,أنثى,المنصورة,Regular
CUST-2129,April Ruiz,أنثى,المنصورة,Regular
CUST-2130,Kyle Rogers,ذكر,طنطا,Regular
CUST-2131,Norman Fischer,ذكر,المنصورة,Regular
CUST-2132,Lindsey Osborn,ذكر,المنصورة,Regular
CUST-2133,Kimberly Wilson,أنثى,بورسعيد,New
CUST-2134,Lori Manning,أنثى,الإسكندرية,New
CUST-2135,Gregory Thomas,أنثى,المنصورة,Regular
CUST-2136,Stacey Gibbs,ذكر,بورسعيد,Regular
CUST-2137,Mrs. Alyssa Odonnell,أنثى,المنصورة,Regular
CUST-2138,Rebecca Moore,ذكر,المنصورة,New
CUST-2139,Alexander Hanson,أنثى,الإسكندرية,VIP
CUST-2140,Brenda Grant,أنثى,المنصورة,New
CUST-2141,Roger Cooper,أنثى,الإسكندرية,Regular
CUST-2142,Frank Beltran,أنثى,القاهرة,Regular
CUST-2143,Michael Powers,ذكر,المنصورة,New
CUST-2144,Kathleen Johnston,أنثى,القاهرة,Regular
CUST-2145,Patricia Murphy,ذكر,المنصورة,Regular
CUST-2146,Benjamin Dixon,أنثى,بورسعيد,Regular
CUST-2147,Jared Bray MD,أنثى,المنصورة,Regular
CUST-2148,James Delacruz,ذكر,المنصورة,VIP
CUST-2149,Christina Macias,ذكر,الجيزة,Regular
CUST-2150,Luke Allen,ذكر,بورسعيد,Regular
CUST-2151,Jonathan Gregory,ذكر,طنطا,Regular
CUST-2152,Natasha Jones,ذكر,القاهرة,New
CUST-2153,Deborah Williams,ذكر,القاهرة,VIP
CUST-2154,Justin Brown,أنثى,الجيزة,Regular
CUST-2155,Tyler Murphy,أنثى,المنصورة,Regular
CUST-2156,Mackenzie Lane,ذكر,المنصورة,VIP
CUST-2157,Daniel Cantu DDS,ذكر,المنصورة,Regular
CUST-2158,Joshua Maxwell,أنثى,الجيزة,Regular
CUST-2159,Raymond Stafford,ذكر,المنصورة,Regular
CUST-2160,James Molina,ذكر,طنطا,Regular
CUST-2161,Trevor Gibson,أنثى,القاهرة,VIP
CUST-2162,Chloe Carpenter,أنثى,المنصورة,Regular
CUST-2163,Courtney Beck,أنثى,بورسعيد,New
CUST-2164,Jacob Banks,أنثى,بورسعيد,New
CUST-2165,Ricardo Wade,أنثى,طنطا,Regular
CUST-2166,Tina Dennis,ذكر,طنطا,New
CUST-2167,Jennifer Austin,أنثى,طنطا,New
CUST-2168,Allen Thompson,أنثى,طنطا,Regular
CUST-2169,Tiffany Ward,أنثى,المنصورة,Regular
CUST-2170,Karina Hines,أنثى,الإسكندرية,Regular
CUST-2171,James Bailey,أنثى,المنصورة,Regular
CUST-2172,Debra Hull,ذكر,الإسكندرية,Regular
CUST-2173,Bryan Serrano,أنثى,طنطا,Regular
CUST-2174,Eric Campos,ذكر,الجيزة,Regular
CUST-2175,Tiffany House,أنثى,طنطا,Regular
CUST-2176,Brian Thomas,أنثى,الإسكندرية,New
CUST-2177,John Gomez,ذكر,الجيزة,Regular
CUST-2178,Leslie Frazier,ذكر,المنصورة,New
CUST-2179,Joseph Hill,أنثى,القاهرة,Regular
CUST-2180,Mark Richards,أنثى,الإسكندرية,Regular
CUST-2181,Sandra Simmons,ذكر,بورسعيد,Regular
CUST-2182,Penny Brown,أنثى,المنصورة,VIP
CUST-2183,Samuel Lawrence,ذكر,القاهرة,Regular
CUST-2184,Tammy Valenzuela,أنثى,الجيزة,VIP
CUST-2185,William Wilson,أنثى,بورسعيد,Regular
CUST-2186,Amanda Smith,ذكر,طنطا,Regular
CUST-2187,Eric Sanders,أنثى,الإسكندرية,New
CUST-2188,Sabrina Ruiz,أنثى,الجيزة,VIP
CUST-2189,Jason Bauer,أنثى,المنصورة,Regular
CUST-2190,Gabriella Martinez,أنثى,المنصورة,VIP
CUST-2191,Anna Campbell,ذكر,الجيزة,VIP
CUST-2192,Julie Barnes,ذكر,بورسعيد,New
CUST-2193,Brittany Doyle,أنثى,القاهرة,Regular
CUST-2194,Terry Kane,ذكر,بورسعيد,Regular
CUST-2195,Brandon Smith,أنثى,بورسعيد,Regular
CUST-2196,Joseph Rios,ذكر,المنصورة,New
CUST-2197,Tasha Wilson,ذكر,المنصورة,Regular
CUST-2198,Lori Wood,ذكر,بورسعيد,Regular
CUST-2199,Elizabeth Walsh,ذكر,بورسعيد,Regular
CUST-2200,Alejandro Miller,ذكر,الإسكندرية,New
CUST-2201,Randall Schwartz,ذكر,الإسكندرية,Regular
CUST-2202,Christopher Savage,ذكر,بورسعيد,VIP
CUST-2203,Traci Garcia,ذكر,بورسعيد,VIP
CUST-2204,Scott Johnson,أنثى,طنطا,New
CUST-2205,Donald White,ذكر,الجيزة,Regular
CUST-2206,Samuel Bond,أنثى,الجيزة,Regular
CUST-2207,Cynthia Newman,أنثى,بورسعيد,New
CUST-2208,Joseph Ayers,ذكر,القاهرة,New
CUST-2209,Nancy Bryant,ذكر,الجيزة,New
CUST-2210,Scott Ortiz,ذكر,القاهرة,Regular
CUST-2211,Jason Holland,أنثى,الإسكندرية,New
CUST-2212,Kevin Gonzalez,أنثى,الإسكندرية,Regular
CUST-2213,James Duffy,أنثى,القاهرة,New
CUST-2214,Mrs. Kaitlyn Cardenas,ذكر,المنصورة,Regular
CUST-2215,Katrina Powell,ذكر,المنصورة,VIP
CUST-2216,Scott Patterson,ذكر,بورسعيد,New
CUST-2217,Deborah Porter,ذكر,بورسعيد,New
CUST-2218,Cindy Graham,ذكر,بورسعيد,Regular
CUST-2219,Sean Hensley,أنثى,طنطا,Regular
CUST-2220,Dr. Mark Schneider,أنثى,المنصورة,VIP
CUST-2221,Kelli Madden,أنثى,القاهرة,New
CUST-2222,Greg Meyer,ذكر,الإسكندرية,New
CUST-2223,Eileen Le,أنثى,الإسكندرية,Regular
CUST-2224,Dakota Moore,أنثى,الجيزة,New
CUST-2225,Kim Gilbert,أنثى,طنطا,New
CUST-2226,Colleen Robbins,ذكر,القاهرة,New
CUST-2227,Daniel Hunt,ذكر,الإسكندرية,Regular
CUST-2228,Barbara Barajas,أنثى,الجيزة,Regular
CUST-2229,Nathan Brown,أنثى,بورسعيد,Regular
CUST-2230,Jason Obrien,ذكر,طنطا,VIP
CUST-2231,Nicholas Thomas,أنثى,القاهرة,Regular
CUST-2232,Tom Chavez,أنثى,المنصورة,Regular
CUST-2233,Stephanie Gonzales,أنثى,الجيزة,Regular
CUST-2234,Larry Sanders,أنثى,الإسكندرية,VIP
CUST-2235,Thomas Barnes,أنثى,طنطا,Regular
CUST-2236,Elizabeth Dawson,أنثى,المنصورة,New
CUST-2237,Aaron Howard,أنثى,الجيزة,VIP
CUST-2238,Aaron Willis,ذكر,بورسعيد,VIP
CUST-2239,Melissa Frey,أنثى,القاهرة,New
CUST-2240,Richard Johnson,ذكر,الإسكندرية,New
CUST-2241,Robert Hurst,ذكر,القاهرة,Regular
CUST-2242,Robert Hughes,أنثى,القاهرة,Regular
CUST-2243,Sean Edwards,أنثى,طنطا,Regular
CUST-2244,Caroline Douglas,ذكر,بورسعيد,Regular
CUST-2245,Sara Brown,أنثى,الإسكندرية,Regular
CUST-2246,Terry Fuentes,أنثى,المنصورة,New
CUST-2247,Ashley Wallace,أنثى,الجيزة,New
CUST-2248,Jason Ward,ذكر,بورسعيد,New
CUST-2249,Michael Wilson,ذكر,القاهرة,Regular
CUST-2250,James Mueller,أنثى,الجيزة,Regular
CUST-2251,Samantha Nielsen,أنثى,المنصورة,New
CUST-2252,Paul Long,ذكر,الجيزة,VIP
CUST-2253,Antonio Kennedy,أنثى,القاهرة,Regular
CUST-2254,William Barber,أنثى,الإسكندرية,Regular
CUST-2255,Emily Chapman,أنثى,الجيزة,Regular
CUST-2256,Christina Howard,ذكر,الجيزة,VIP
CUST-2257,Nicholas Burnett,أنثى,طنطا,VIP
CUST-2258,Phyllis Huffman,ذكر,القاهرة,New
CUST-2259,Ariana Trevino,ذكر,بورسعيد,Regular
CUST-2260,Christine Hess,ذكر,طنطا,Regular
CUST-2261,Monica Watts,أنثى,القاهرة,Regular
CUST-2262,Rachel Jefferson,أنثى,طنطا,New
CUST-2263,Stacey Marshall,أنثى,بورسعيد,Regular
CUST-2264,William Peters,ذكر,القاهرة,Regular
CUST-2265,Taylor Curtis,ذكر,الإسكندرية,Regular
CUST-2266,Thomas Love,ذكر,الإسكندرية,Regular
CUST-2267,Lori Lester,ذكر,الإسكندرية,Regular
CUST-2268,Chad Duncan,ذكر,الإسكندرية,VIP
CUST-2269,Donna Fields DDS,ذكر,القاهرة,Regular
CUST-2270,Connor White,ذكر,طنطا,Regular
CUST-2271,Heather Jones,ذكر,المنصورة,Regular
CUST-2272,Summer Myers,أنثى,الإسكندرية,Regular
CUST-2273,Lauren Silva,ذكر,طنطا,Regular
CUST-2274,Marvin Hernandez,أنثى,القاهرة,Regular
CUST-2275,Marcus Gordon,أنثى,بورسعيد,New
CUST-2276,Linda Pearson,ذكر,الإسكندرية,New
CUST-2277,Mr. Steven Torres,أنثى,القاهرة,Regular
CUST-2278,Kimberly Waters,أنثى,بورسعيد,Regular
CUST-2279,Jodi Carter,أنثى,طنطا,VIP
CUST-2280,Jennifer Rodriguez,ذكر,الإسكندرية,VIP
CUST-2281,Amber Dixon,ذكر,المنصورة,Regular
CUST-2282,Elizabeth Cervantes,أنثى,بورسعيد,Regular
CUST-2283,Ronald Brown,أنثى,القاهرة,Regular
CUST-2284,Jesse Roman,أنثى,القاهرة,New
CUST-2285,Mark Valentine Jr.,ذكر,بورسعيد,New
CUST-2286,Hannah Phelps,أنثى,بورسعيد,Regular
CUST-2287,Emily Graves,ذكر,الجيزة,Regular
CUST-2288,Sharon Mendoza,ذكر,بورسعيد,New
CUST-2289,Erica Thompson,ذكر,الجيزة,Regular
CUST-2290,Michael Jones,ذكر,بورسعيد,New
CUST-2291,Dylan Bradley,ذكر,طنطا,VIP
CUST-2292,Jamie Cook,ذكر,الجيزة,Regular
CUST-2293,Patrick Harris,ذكر,طنطا,Regular
CUST-2294,Cheryl Howard,أنثى,المنصورة,Regular
CUST-2295,Tracy Archer,أنثى,القاهرة,Regular
CUST-2296,Jeremiah Russell,ذكر,القاهرة,Regular
CUST-2297,Maureen White,ذكر,طنطا,Regular
CUST-2298,Maria Johnson,ذكر,طنطا,Regular
CUST-2299,Stephanie Chandler,ذكر,الإسكندرية,Regular
CUST-2300,Erin Miller,ذكر,القاهرة,Regular
CUST-2301,Denise Nguyen MD,أنثى,المنصورة,Regular
CUST-2302,Elizabeth Brooks,أنثى,القاهرة,New
CUST-2303,Denise Dixon,ذكر,بورسعيد,New
CUST-2304,Leslie Johnson,ذكر,المنصورة,Regular
CUST-2305,Matthew Jensen,ذكر,الإسكندرية,Regular
CUST-2306,Brenda Hill,ذكر,طنطا,New
CUST-2307,Elizabeth Gray,ذكر,القاهرة,New
CUST-2308,Stephanie Skinner,أنثى,بورسعيد,Regular
CUST-2309,Chad Dixon,ذكر,المنصورة,VIP
CUST-2310,Rachel Mcintyre,ذكر,طنطا,New
CUST-2311,Robert Nguyen,ذكر,الجيزة,New
CUST-2312,Vanessa Mitchell,ذكر,الجيزة,New
CUST-2313,Zachary Chan,أنثى,طنطا,Regular
CUST-2314,Robert Kramer,أنثى,الجيزة,Regular
CUST-2315,Charles Perez,أنثى,الجيزة,Regular
CUST-2316,Alison Hood,ذكر,القاهرة,Regular
CUST-2317,Karen Martinez,ذكر,المنصورة,New
CUST-2318,Samantha Bernard,ذكر,الإسكندرية,Regular
CUST-2319,Keith Chaney,أنثى,المنصورة,Regular
CUST-2320,Andrea Nicholson,ذكر,الجيزة,VIP
CUST-2321,Bonnie Anderson,ذكر,القاهرة,New
CUST-2322,Heather Dunn,أنثى,المنصورة,New
CUST-2323,Tamara Sanchez,ذكر,طنطا,Regular
CUST-2324,Cody Skinner,أنثى,الإسكندرية,New
CUST-2325,Ashley Nguyen,أنثى,المنصورة,Regular
CUST-2326,Dylan Rodriguez,ذكر,طنطا,New
CUST-2327,Jamie Moore,ذكر,المنصورة,Regular
CUST-2328,Mark Mitchell,أنثى,القاهرة,VIP
CUST-2329,Luke Schultz,ذكر,طنطا,New
CUST-2330,Rachel Nolan,أنثى,بورسعيد,New
CUST-2331,Cheryl Reyes,ذكر,الإسكندرية,VIP
CUST-2332,Betty Burton,أنثى,القاهرة,Regular
CUST-2333,Melanie Garcia,ذكر,الإسكندرية,Regular
CUST-2334,Joseph Stewart,أنثى,الإسكندرية,Regular
CUST-2335,Jonathon Miller,ذكر,الإسكندرية,Regular
CUST-2336,Debra Williams,ذكر,المنصورة,Regular
CUST-2337,Brett Hanson,ذكر,القاهرة,Regular
CUST-2338,Jill Richards,أنثى,الجيزة,Regular
CUST-2339,Kimberly Good,ذكر,طنطا,Regular
CUST-2340,John Dawson,ذكر,القاهرة,Regular
CUST-2341,Lisa Harrison,ذكر,المنصورة,Regular
CUST-2342,Kevin Jones,ذكر,الجيزة,New
CUST-2343,Patty Mcdaniel,أنثى,المنصورة,New
CUST-2344,Caleb Torres,ذكر,القاهرة,Regular
CUST-2345,Evan Kelly,ذكر,القاهرة,Regular
CUST-2346,Devon Nicholson,ذكر,الجيزة,VIP
CUST-2347,Daisy Hansen,ذكر,القاهرة,Regular
CUST-2348,Danny Carter,أنثى,المنصورة,Regular
CUST-2349,Terry Rose,أنثى,طنطا,New
CUST-2350,Terry Tanner,ذكر,الجيزة,New
CUST-2351,Eric Brown,ذكر,المنصورة,Regular
CUST-2352,Robert Richards,ذكر,المنصورة,Regular
CUST-2353,Justin Hudson,أنثى,الإسكندرية,VIP
CUST-2354,Kelly Butler,ذكر,القاهرة,VIP
CUST-2355,Adam Huffman,ذكر,طنطا,Regular
CUST-2356,Sarah Ross,ذكر,بورسعيد,New
CUST-2357,John Rodriguez,ذكر,الجيزة,Regular
CUST-2358,Brian Jarvis,ذكر,طنطا,VIP
CUST-2359,Carolyn Morgan,أنثى,طنطا,Regular
CUST-2360,David Nelson,ذكر,المنصورة,Regular
CUST-2361,Kevin Burton,ذكر,المنصورة,Regular
CUST-2362,Angie Lee,أنثى,المنصورة,New
CUST-2363,Dawn Schwartz,أنثى,بورسعيد,New
CUST-2364,Jacob Smith,ذكر,طنطا,Regular
CUST-2365,William Griffin,أنثى,طنطا,Regular
CUST-2366,Olivia Richards,أنثى,المنصورة,New
CUST-2367,Jessica Barrett,أنثى,المنصورة,New
CUST-2368,Kenneth Wright,أنثى,بورسعيد,VIP
CUST-2369,Amber Morrison,ذكر,بورسعيد,New
CUST-2370,Nathan Peterson,ذكر,الإسكندرية,Regular
CUST-2371,Samantha Wilson,ذكر,الجيزة,Regular
CUST-2372,John Walker,ذكر,بورسعيد,Regular
CUST-2373,Kenneth Robinson,أنثى,المنصورة,Regular
CUST-2374,Wesley Watson,أنثى,الجيزة,VIP
CUST-2375,Barbara Suarez,ذكر,طنطا,Regular
CUST-2376,Jason Gonzalez,أنثى,الجيزة,Regular
CUST-2377,Ashley Hays,ذكر,الجيزة,Regular
CUST-2378,Tyler Navarro,ذكر,الجيزة,Regular
CUST-2379,Tammy Larson,أنثى,بورسعيد,VIP
CUST-2380,Mr. Michael Harding DVM,ذكر,الجيزة,Regular
CUST-2381,Jennifer Nicholson,أنثى,الجيزة,Regular
CUST-2382,Roberto Marks,ذكر,الإسكندرية,VIP
CUST-2383,Rebecca Orozco,أنثى,الجيزة,New
CUST-2384,John Miller,أنثى,طنطا,Regular
CUST-2385,Anna Jacobson,ذكر,بورسعيد,Regular
CUST-2386,Darren Sawyer,ذكر,المنصورة,VIP
CUST-2387,Billy Harrison,ذكر,القاهرة,Regular
CUST-2388,Kelly Lynch,أنثى,طنطا,Regular
CUST-2389,Jeffrey Juarez,ذكر,الإسكندرية,Regular
CUST-2390,Lindsay Miller,ذكر,طنطا,Regular
CUST-2391,Desiree Marquez,أنثى,المنصورة,Regular
CUST-2392,Sharon Lee,أنثى,الجيزة,Regular
CUST-2393,Jesse Bailey,ذكر,المنصورة,Regular
CUST-2394,Anthony Butler,أنثى,القاهرة,New
CUST-2395,Eric Morris,أنثى,بورسعيد,Regular
CUST-2396,Denise Jimenez,أنثى,طنطا,Regular
CUST-2397,Brandy Henry,ذكر,الجيزة,Regular
CUST-2398,Michelle West,ذكر,القاهرة,New
CUST-2399,Michael Robbins,ذكر,الجيزة,New
CUST-2400,Travis Bolton,ذكر,بورسعيد,Regular
CUST-2401,Richard Salinas,ذكر,المنصورة,Regular
CUST-2402,Heather Roman,أنثى,القاهرة,Regular
CUST-2403,Casey Walker,أنثى,بورسعيد,Regular
CUST-2404,Mrs. Jamie Harris,أنثى,الإسكندرية,New
CUST-2405,Michelle Gonzalez,ذكر,المنصورة,Regular
CUST-2406,Julie Doyle,أنثى,الإسكندرية,New
CUST-2407,Kathy Higgins,ذكر,المنصورة,VIP
CUST-2408,Tanya Garrison,أنثى,طنطا,Regular
CUST-2409,Susan Nguyen,أنثى,الجيزة,New
CUST-2410,Janice Mitchell DDS,ذكر,طنطا,Regular
CUST-2411,Jason Kramer,أنثى,طنطا,Regular
CUST-2412,Erin Larson,ذكر,القاهرة,Regular
CUST-2413,Eric Perez,أنثى,القاهرة,VIP
CUST-2414,Natasha Hayden,أنثى,طنطا,New
CUST-2415,Victor White,ذكر,طنطا,New
CUST-2416,Paul Sheppard,ذكر,بورسعيد,VIP
CUST-2417,Carol Chavez,أنثى,طنطا,Regular
CUST-2418,Teresa Griffin,أنثى,القاهرة,Regular
CUST-2419,Donna Price,أنثى,طنطا,Regular
CUST-2420,Catherine Rodriguez,أنثى,الإسكندرية,New
CUST-2421,Cynthia Webb,أنثى,الجيزة,Regular
CUST-2422,Michelle Evans,أنثى,طنطا,Regular
CUST-2423,Emily Singh,أنثى,طنطا,VIP
CUST-2424,Mitchell Kane,ذكر,المنصورة,Regular
CUST-2425,Denise Robinson,ذكر,المنصورة,New
CUST-2426,James Miller,أنثى,طنطا,New
CUST-2427,Ashley Jenkins,ذكر,الإسكندرية,Regular
CUST-2428,Allison Lee,ذكر,الإسكندرية,New
CUST-2429,Veronica Kelly,ذكر,طنطا,Regular
CUST-2430,Nancy Freeman,ذكر,الإسكندرية,New
CUST-2431,Kenneth Roberson,ذكر,الجيزة,New
CUST-2432,Sean Robbins,ذكر,القاهرة,New
CUST-2433,Kathleen Molina,ذكر,بورسعيد,New
CUST-2434,Laura Cobb,أنثى,الإسكندرية,Regular
CUST-2435,Barbara Perez,ذكر,الإسكندرية,New
CUST-2436,Benjamin Randall,ذكر,الجيزة,Regular
CUST-2437,Corey Lopez,أنثى,بورسعيد,Regular
CUST-2438,Joshua Taylor,ذكر,الجيزة,New
CUST-2439,James Lowe,ذكر,الإسكندرية,Regular
CUST-2440,Laura Jackson,ذكر,طنطا,Regular
CUST-2441,Brenda Miles,ذكر,بورسعيد,Regular
CUST-2442,Alexandria Burns,أنثى,القاهرة,New
CUST-2443,Damon Burns,أنثى,طنطا,New
CUST-2444,John Brown,أنثى,بورسعيد,New
CUST-2445,Daryl Snyder,ذكر,طنطا,Regular
CUST-2446,Sandra Miranda,ذكر,الإسكندرية,Regular
CUST-2447,Dr. Juan Mcintyre,أنثى,بورسعيد,Regular
CUST-2448,Michelle Hernandez,أنثى,القاهرة,Regular
CUST-2449,Cynthia Snyder,أنثى,طنطا,Regular
CUST-2450,Katie Jones,ذكر,المنصورة,VIP
CUST-2451,Brad Wong,ذكر,القاهرة,Regular
CUST-2452,Hannah Walton,ذكر,طنطا,Regular
CUST-2453,Brian Walters,ذكر,طنطا,Regular
CUST-2454,Cody Simmons,ذكر,طنطا,Regular
CUST-2455,Anita Doyle,أنثى,القاهرة,Regular
CUST-2456,Ralph Dean,أنثى,طنطا,Regular
CUST-2457,Jack Humphrey,ذكر,الإسكندرية,Regular
CUST-2458,Jeffrey Martin,ذكر,الجيزة,Regular
CUST-2459,Ronald Baker,أنثى,القاهرة,Regular
CUST-2460,Angela Allen,أنثى,الجيزة,New
CUST-2461,Joshua Ortega,ذكر,المنصورة,Regular
CUST-2462,Joshua Buchanan,أنثى,طنطا,New
CUST-2463,Kristin Parker,أنثى,بورسعيد,New
CUST-2464,Erin White,ذكر,المنصورة,Regular
CUST-2465,Jonathan Krause,ذكر,بورسعيد,Regular
CUST-2466,Mason Lopez,أنثى,الإسكندرية,Regular
CUST-2467,Dylan Dennis,أنثى,الجيزة,Regular
CUST-2468,David Kent,أنثى,القاهرة,Regular
CUST-2469,Evan Morgan,ذكر,القاهرة,New
CUST-2470,Corey Watson,أنثى,الإسكندرية,Regular
CUST-2471,Leonard Erickson,أنثى,طنطا,VIP
CUST-2472,Kristi Chambers,أنثى,المنصورة,New
CUST-2473,Nicole Jones,أنثى,المنصورة,New
CUST-2474,Marie Jones,أنثى,طنطا,VIP
CUST-2475,Judy Daniels,ذكر,الجيزة,Regular
CUST-2476,Bobby Jones,ذكر,القاهرة,Regular
CUST-2477,Mrs. Rachel Stewart DVM,أنثى,الجيزة,Regular
CUST-2478,Tara Garcia,أنثى,الجيزة,VIP
CUST-2479,Ann Buchanan,ذكر,الجيزة,Regular
CUST-2480,Mary Ruiz,ذكر,طنطا,Regular
CUST-2481,Jacob Harper,أنثى,بورسعيد,Regular
CUST-2482,Gabrielle Perez,أنثى,بورسعيد,Regular
CUST-2483,Jorge Berry,ذكر,المنصورة,Regular
CUST-2484,Frank Meyer,ذكر,طنطا,Regular
CUST-2485,Gregory Moore,أنثى,الجيزة,Regular
CUST-2486,Jonathan Bridges,ذكر,الإسكندرية,Regular
CUST-2487,Lucas Dillon,ذكر,بورسعيد,VIP
CUST-2488,Cynthia Callahan,أنثى,الإسكندرية,Regular
CUST-2489,Danielle Wilkerson,ذكر,المنصورة,Regular
CUST-2490,Cristian Garner,ذكر,الجيزة,Regular
CUST-2491,Anna Dougherty,أنثى,الإسكندرية,Regular
CUST-2492,Gerald Heath,ذكر,بورسعيد,New
CUST-2493,Joanna Park,أنثى,بورسعيد,Regular
CUST-2494,Lisa Lang,ذكر,الإسكندرية,New
CUST-2495,Micheal Malone,أنثى,الجيزة,Regular
CUST-2496,George Martinez,أنثى,طنطا,New
CUST-2497,Tiffany Reeves,ذكر,بورسعيد,New
CUST-2498,Curtis Bishop,أنثى,بورسعيد,Regular
CUST-2499,Brian Taylor,أنثى,بورسعيد,New
CUST-2500,Tracy Taylor,ذكر,الجيزة,VIP
CUST-2501,Ricardo Ferrell,أنثى,القاهرة,Regular
CUST-2502,Lori Reed,أنثى,القاهرة,VIP
CUST-2503,Danielle Johnson,ذكر,طنطا,New
CUST-2504,Richard Morgan,أنثى,القاهرة,Regular
CUST-2505,Steve Cox,أنثى,القاهرة,Regular
CUST-2506,Emily Nelson,ذكر,القاهرة,New
CUST-2507,William Johnson,ذكر,القاهرة,New
CUST-2508,Dr. Abigail Taylor,ذكر,القاهرة,Regular
CUST-2509,Kevin Torres,أنثى,طنطا,VIP
CUST-2510,Teresa Becker,أنثى,بورسعيد,Regular
CUST-2511,Katie Reynolds,أنثى,المنصورة,VIP
CUST-2512,Mallory Jones,أنثى,الإسكندرية,Regular
CUST-2513,Joshua Morrow,ذكر,بورسعيد,New
CUST-2514,Sean Bradshaw,أنثى,الجيزة,Regular
CUST-2515,Jillian Bentley,أنثى,طنطا,Regular
CUST-2516,Barbara Gonzales,ذكر,الإسكندرية,Regular
CUST-2517,Dalton Jones,ذكر,القاهرة,Regular
CUST-2518,Kristina Greer,أنثى,طنطا,VIP
CUST-2519,Michael Hull,ذكر,الجيزة,Regular
CUST-2520,Maria Burke,أنثى,القاهرة,Regular
CUST-2521,Brianna Gonzalez,أنثى,المنصورة,New
CUST-2522,Suzanne Patel,أنثى,طنطا,Regular
CUST-2523,Danny Watson,ذكر,بورسعيد,New
CUST-2524,Melissa Gonzalez,أنثى,الإسكندرية,Regular
CUST-2525,Matthew English,ذكر,بورسعيد,Regular
CUST-2526,Sharon Navarro,ذكر,القاهرة,New
CUST-2527,Timothy Johnston,أنثى,الجيزة,Regular
CUST-2528,Melissa Howell,أنثى,بورسعيد,New
CUST-2529,Robert Williams,ذكر,طنطا,Regular
CUST-2530,Laura Hoffman,أنثى,بورسعيد,New
CUST-2531,Brandon Beasley,ذكر,طنطا,VIP
CUST-2532,Mary George,ذكر,بورسعيد,Regular
CUST-2533,Victoria Sparks,أنثى,المنصورة,VIP
CUST-2534,Valerie Harmon,أنثى,بورسعيد,Regular
CUST-2535,Michelle Davis,ذكر,المنصورة,Regular
CUST-2536,Mr. Samuel White,أنثى,بورسعيد,New
CUST-2537,Jose Petty,أنثى,القاهرة,New
CUST-2538,Sean Lee,ذكر,بورسعيد,New
CUST-2539,Thomas Cameron,ذكر,الجيزة,VIP
CUST-2540,Gina Todd,أنثى,المنصورة,Regular
CUST-2541,Jennifer Rogers,ذكر,الجيزة,Regular
CUST-2542,Tina Foley,ذكر,بورسعيد,Regular
CUST-2543,Latoya Edwards,ذكر,المنصورة,Regular
CUST-2544,Tracey Martin,أنثى,المنصورة,Regular
CUST-2545,Juan Murray,ذكر,طنطا,New
CUST-2546,Cindy Ferguson,أنثى,طنطا,Regular
CUST-2547,Rachel Avery,ذكر,القاهرة,New
CUST-2548,Angela Patrick,ذكر,بورسعيد,Regular
CUST-2549,Ann White,أنثى,طنطا,Regular
CUST-2550,Lisa Ford,ذكر,المنصورة,VIP
CUST-2551,Jon Chandler,ذكر,بورسعيد,Regular
CUST-2552,Renee Rubio,ذكر,بورسعيد,Regular
CUST-2553,Joseph Johnson,أنثى,بورسعيد,New
CUST-2554,Melanie Holland,ذكر,القاهرة,Regular
CUST-2555,Christopher Holt,ذكر,القاهرة,VIP
CUST-2556,John Palmer,أنثى,بورسعيد,New
CUST-2557,Angel Neal,أنثى,بورسعيد,Regular
CUST-2558,Patricia Luna,أنثى,الإسكندرية,Regular
CUST-2559,Michelle Wright,ذكر,الإسكندرية,Regular
CUST-2560,Julia Gonzalez,أنثى,القاهرة,Regular
CUST-2561,Robert Scott,ذكر,الجيزة,VIP
CUST-2562,Shawn Wells,أنثى,المنصورة,New
CUST-2563,Gina Black,ذكر,القاهرة,Regular
CUST-2564,Susan Walters,أنثى,الجيزة,New
CUST-2565,Joel Johnson,أنثى,الإسكندرية,Regular
CUST-2566,Alexis Powell,أنثى,الجيزة,Regular
CUST-2567,Daniel Rosario,أنثى,المنصورة,Regular
CUST-2568,Kevin Jimenez,ذكر,الإسكندرية,Regular
CUST-2569,Ashley Hicks,ذكر,المنصورة,New
CUST-2570,Susan Thomas,أنثى,الإسكندرية,VIP
CUST-2571,Mr. Michael Nelson,ذكر,طنطا,Regular
CUST-2572,Alicia Livingston,أنثى,بورسعيد,New
CUST-2573,Samantha Moore,أنثى,المنصورة,Regular
CUST-2574,Todd Dixon,أنثى,الإسكندرية,New
CUST-2575,Anthony George,أنثى,الإسكندرية,Regular
CUST-2576,Johnny Miranda,أنثى,بورسعيد,Regular
CUST-2577,Cynthia Mcmahon,أنثى,الجيزة,New
CUST-2578,Jesse Church,أنثى,الإسكندرية,Regular
CUST-2579,Jean Mcguire,ذكر,الإسكندرية,New
CUST-2580,Tracy Sandoval,أنثى,طنطا,New
CUST-2581,Eric Herring,أنثى,بورسعيد,Regular
CUST-2582,Mark Hart,ذكر,الإسكندرية,New
CUST-2583,Sean Parker,أنثى,المنصورة,Regular
CUST-2584,Matthew Ruiz,أنثى,طنطا,Regular
CUST-2585,Jennifer Rodriguez,ذكر,المنصورة,Regular
CUST-2586,Maria Stephens,ذكر,بورسعيد,Regular
CUST-2587,Michele Johnson,ذكر,بورسعيد,Regular
CUST-2588,Brittany Macias,أنثى,المنصورة,Regular
CUST-2589,Margaret Gonzalez,أنثى,المنصورة,VIP
CUST-2590,Anthony Chase,ذكر,الإسكندرية,VIP
CUST-2591,Michael Davila,ذكر,طنطا,Regular
CUST-2592,Brett Macdonald,ذكر,الإسكندرية,Regular
CUST-2593,Rhonda Smith,ذكر,الإسكندرية,New
CUST-2594,Sophia Shepard,ذكر,القاهرة,Regular
CUST-2595,Samantha Bell,ذكر,المنصورة,New
CUST-2596,Doris Tanner,أنثى,الإسكندرية,New
CUST-2597,Austin Phelps,ذكر,بورسعيد,VIP
CUST-2598,Morgan Sims,ذكر,الجيزة,Regular
CUST-2599,Jonathan Romero,ذكر,الجيزة,New
CUST-2600,Samantha Ramirez,ذكر,طنطا,Regular
CUST-2601,Amy Gonzalez,أنثى,الإسكندرية,Regular
CUST-2602,Tammy Wang,أنثى,الإسكندرية,VIP
CUST-2603,Nicole Carroll,ذكر,الجيزة,Regular
CUST-2604,David Mcmillan,ذكر,القاهرة,Regular
CUST-2605,Jon Marks,ذكر,القاهرة,New
CUST-2606,Diane Davis,أنثى,الجيزة,Regular
CUST-2607,Ryan Wheeler,ذكر,الجيزة,Regular
CUST-2608,Carolyn Fisher,أنثى,بورسعيد,New
CUST-2609,Jacob Davis,أنثى,طنطا,VIP
CUST-2610,Nicole Miller,أنثى,الإسكندرية,New
CUST-2611,Stephen Ho,أنثى,طنطا,New
CUST-2612,Robert Sanchez,ذكر,الجيزة,Regular
CUST-2613,Zachary Woodward,ذكر,المنصورة,Regular
CUST-2614,Tara Cooper,أنثى,الإسكندرية,Regular
CUST-2615,Sandy Gardner,ذكر,طنطا,VIP
CUST-2616,Mary Allen,أنثى,الإسكندرية,Regular
CUST-2617,Nichole Holland,أنثى,الإسكندرية,New
CUST-2618,Sabrina Mendoza,ذكر,طنطا,Regular
CUST-2619,Charles Malone,أنثى,القاهرة,New
CUST-2620,Janet Phillips,أنثى,الإسكندرية,Regular
CUST-2621,Jennifer Ortiz,أنثى,الإسكندرية,Regular
CUST-2622,Gerald Anderson Jr.,أنثى,الجيزة,Regular
CUST-2623,Deborah Hernandez,أنثى,الجيزة,New
CUST-2624,Anthony Miller,ذكر,بورسعيد,Regular
CUST-2625,Christina Austin,أنثى,المنصورة,New
CUST-2626,Brett Ward,أنثى,بورسعيد,Regular
CUST-2627,Michael Petty,أنثى,القاهرة,New
CUST-2628,Kelly Snyder,ذكر,الجيزة,Regular
CUST-2629,John Ward,ذكر,بورسعيد,Regular
CUST-2630,Kathleen Mann,أنثى,المنصورة,Regular
CUST-2631,Jillian Flowers,ذكر,الإسكندرية,Regular
CUST-2632,Carolyn Mcguire,أنثى,المنصورة,Regular
CUST-2633,David Marsh,ذكر,الإسكندرية,Regular
CUST-2634,Elizabeth Scott,أنثى,الجيزة,Regular
CUST-2635,Angelica Perez,أنثى,المنصورة,Regular
CUST-2636,Aaron Garrison,أنثى,الجيزة,Regular
CUST-2637,Mary Bell,أنثى,المنصورة,New
CUST-2638,Margaret Nelson,أنثى,بورسعيد,New
CUST-2639,Melanie Dixon,ذكر,طنطا,Regular
CUST-2640,Rachel White,أنثى,الإسكندرية,Regular
CUST-2641,Stephanie Sandoval,ذكر,الجيزة,New
CUST-2642,Scott Delacruz,أنثى,الإسكندرية,Regular
CUST-2643,Michael Fernandez,ذكر,الجيزة,Regular
CUST-2644,Mary Boyd,ذكر,القاهرة,New
CUST-2645,Denise Palmer,أنثى,الجيزة,New
CUST-2646,Maxwell Frazier,أنثى,القاهرة,Regular
CUST-2647,Kyle Hardy,أنثى,الإسكندرية,New
CUST-2648,Timothy Gutierrez,ذكر,الإسكندرية,New
CUST-2649,Elizabeth Sandoval,أنثى,القاهرة,Regular
CUST-2650,Andrea Brown,أنثى,الجيزة,Regular
CUST-2651,Rebecca Patterson MD,ذكر,بورسعيد,New
CUST-2652,Michael Macias,أنثى,المنصورة,Regular
CUST-2653,Joseph Thompson,ذكر,بورسعيد,Regular
CUST-2654,Olivia Thomas,ذكر,المنصورة,New
CUST-2655,Rachel Rivera,أنثى,بورسعيد,VIP
CUST-2656,Dale Kelly,ذكر,طنطا,Regular
CUST-2657,Rebecca Stewart,أنثى,الإسكندرية,Regular
CUST-2658,William Reid,أنثى,طنطا,New
CUST-2659,Mrs. Catherine Clark,ذكر,المنصورة,New
CUST-2660,Mario Jacobs,ذكر,بورسعيد,New
CUST-2661,Andrea Davidson,أنثى,الجيزة,New
CUST-2662,James Curry,أنثى,القاهرة,Regular
CUST-2663,Lori Weaver,أنثى,بورسعيد,New
CUST-2664,Lauren Solis,ذكر,الجيزة,Regular
CUST-2665,Beth Porter,أنثى,القاهرة,New
CUST-2666,Faith Porter,ذكر,طنطا,Regular
CUST-2667,Mrs. Erin Howard,أنثى,القاهرة,Regular
CUST-2668,Tina Smith MD,ذكر,القاهرة,VIP
CUST-2669,Curtis Wong,أنثى,المنصورة,Regular
CUST-2670,Nicole Campbell,ذكر,الإسكندرية,New
CUST-2671,Joseph Rodriguez,أنثى,بورسعيد,New
CUST-2672,Charlotte Finley,أنثى,الإسكندرية,New
CUST-2673,Brandon Williams,أنثى,المنصورة,Regular
CUST-2674,Sarah Arroyo,ذكر,الإسكندرية,New
CUST-2675,Lance Ortiz,أنثى,الجيزة,Regular
CUST-2676,Timothy Edwards,أنثى,بورسعيد,Regular
CUST-2677,Teresa Parks,ذكر,القاهرة,Regular
CUST-2678,Angela Wright,أنثى,القاهرة,New
CUST-2679,Christopher Reed,ذكر,طنطا,New
CUST-2680,Jose Sanchez,ذكر,بورسعيد,New
CUST-2681,Crystal Smith,أنثى,المنصورة,Regular
CUST-2682,Corey Martinez,ذكر,طنطا,Regular
CUST-2683,Richard Boyd,ذكر,الجيزة,Regular
CUST-2684,Juan Walters,ذكر,المنصورة,New
CUST-2685,Christina King,أنثى,طنطا,VIP
CUST-2686,Jamie Johnson,أنثى,القاهرة,New
CUST-2687,Sabrina Hughes,ذكر,المنصورة,VIP
CUST-2688,John Hansen,ذكر,طنطا,New
CUST-2689,Robert Wood,أنثى,بورسعيد,Regular
CUST-2690,Cory Parker,ذكر,القاهرة,Regular
CUST-2691,Amanda Waller,أنثى,المنصورة,VIP
CUST-2692,Daniel Walton,أنثى,القاهرة,New
CUST-2693,Jeffrey Johnson,ذكر,المنصورة,Regular
CUST-2694,Joseph Stone,ذكر,الإسكندرية,New
CUST-2695,Heather Owens,ذكر,طنطا,Regular
CUST-2696,Erin Morales,ذكر,الإسكندرية,New
CUST-2697,Kayla Harris DVM,ذكر,الإسكندرية,Regular
CUST-2698,Zachary Brown,أنثى,الجيزة,Regular
CUST-2699,Kenneth Pierce,ذكر,القاهرة,Regular
CUST-2700,Rachel Wilson,أنثى,بورسعيد,New
CUST-2701,Ariana Barnett,ذكر,الجيزة,Regular
CUST-2702,Terrence Brown,أنثى,المنصورة,VIP
CUST-2703,Andrea Zuniga,ذكر,طنطا,New
CUST-2704,Brittany Hester DVM,أنثى,القاهرة,New
CUST-2705,Randy Johnson,ذكر,المنصورة,New
CUST-2706,Ronald Cannon,ذكر,القاهرة,VIP
CUST-2707,Michael Cameron,أنثى,القاهرة,Regular
CUST-2708,Michele Santos,ذكر,المنصورة,Regular
CUST-2709,Alexis Reynolds,أنثى,الإسكندرية,New
CUST-2710,Carol Brewer,ذكر,طنطا,VIP
CUST-2711,Jennifer Diaz,أنثى,الجيزة,New
CUST-2712,Gregory Pace,أنثى,طنطا,Regular
CUST-2713,John Smith,أنثى,طنطا,Regular
CUST-2714,Taylor Roman,أنثى,بورسعيد,Regular
CUST-2715,Yolanda Melton,ذكر,المنصورة,Regular
CUST-2716,Tyler Fox,أنثى,بورسعيد,Regular
CUST-2717,Richard Booth,أنثى,القاهرة,VIP
CUST-2718,Tristan Lee,أنثى,المنصورة,Regular
CUST-2719,Roberto Schneider,ذكر,الجيزة,VIP
CUST-2720,John Atkinson,ذكر,القاهرة,Regular
CUST-2721,Alex Nelson,أنثى,الإسكندرية,VIP
CUST-2722,Ryan Martin,أنثى,بورسعيد,Regular
CUST-2723,Debra Curtis,أنثى,القاهرة,Regular
CUST-2724,Patricia Lamb,ذكر,بورسعيد,Regular
CUST-2725,Michelle Lee,أنثى,المنصورة,Regular
CUST-2726,Scott Strickland,أنثى,القاهرة,New
CUST-2727,Michael Castro,أنثى,الجيزة,Regular
CUST-2728,Faith Pierce,أنثى,المنصورة,New
CUST-2729,Matthew Reilly,أنثى,القاهرة,Regular
CUST-2730,Amanda Pena,ذكر,طنطا,Regular
CUST-2731,Megan Jacobson,أنثى,الإسكندرية,Regular
CUST-2732,Dennis Hartman,أنثى,الإسكندرية,Regular
CUST-2733,Amy Blevins,أنثى,الجيزة,New
CUST-2734,Jennifer Sosa,أنثى,المنصورة,Regular
CUST-2735,Mr. John Martin,أنثى,طنطا,Regular
CUST-2736,Dennis Flores,أنثى,الجيزة,Regular
CUST-2737,Patty Ayers,ذكر,بورسعيد,New
CUST-2738,Kathy Moore,ذكر,المنصورة,New
CUST-2739,Virginia Merritt,أنثى,القاهرة,New
CUST-2740,Jessica Day,أنثى,القاهرة,Regular
CUST-2741,Connie Smith,ذكر,المنصورة,Regular
CUST-2742,Matthew Nguyen,أنثى,القاهرة,New
CUST-2743,Kelly Dominguez,ذكر,القاهرة,Regular
CUST-2744,Alyssa Garcia,أنثى,طنطا,Regular
CUST-2745,Timothy Graham,أنثى,المنصورة,Regular
CUST-2746,Richard Aguilar,أنثى,المنصورة,Regular
CUST-2747,Sarah Bailey,أنثى,المنصورة,Regular
CUST-2748,Kenneth Decker,أنثى,القاهرة,VIP
CUST-2749,Brianna Price,أنثى,الجيزة,Regular
CUST-2750,Elizabeth Spence,ذكر,طنطا,Regular
CUST-2751,Megan Larson,أنثى,القاهرة,New
CUST-2752,Peter Jensen,ذكر,بورسعيد,Regular
CUST-2753,Howard Richards,ذكر,المنصورة,Regular
CUST-2754,Jessica Velasquez,ذكر,بورسعيد,New
CUST-2755,Jeffery Bell,ذكر,بورسعيد,New
CUST-2756,Steven Rivera,أنثى,بورسعيد,Regular
CUST-2757,Kristina Torres,أنثى,المنصورة,Regular
CUST-2758,Tanner Bean,أنثى,الإسكندرية,Regular
CUST-2759,Garrett Harrington,أنثى,طنطا,VIP
CUST-2760,Sean Lopez,أنثى,المنصورة,Regular
CUST-2761,Zachary Howell,أنثى,بورسعيد,Regular
CUST-2762,Jennifer Ross,أنثى,القاهرة,Regular
CUST-2763,Stacey Perez,ذكر,الجيزة,New
CUST-2764,Heather Wallace DVM,ذكر,القاهرة,New
CUST-2765,Rachel Rosales,أنثى,طنطا,Regular
CUST-2766,Caleb Vaughan,أنثى,الجيزة,Regular
CUST-2767,Ashley Pierce,أنثى,الجيزة,Regular
CUST-2768,Jamie Andrews,ذكر,القاهرة,Regular
CUST-2769,Stephanie Williams,أنثى,القاهرة,Regular
CUST-2770,Dr. Natalie Cuevas,ذكر,طنطا,VIP
CUST-2771,Olivia Sherman,أنثى,طنطا,New
CUST-2772,Crystal Webster,ذكر,المنصورة,Regular
CUST-2773,Jim Hartman,أنثى,الإسكندرية,New
CUST-2774,Angelica Davidson,ذكر,القاهرة,Regular
CUST-2775,Amanda Davenport,ذكر,المنصورة,VIP
CUST-2776,Jonathan Sanchez,ذكر,المنصورة,Regular
CUST-2777,Angel Bradley,أنثى,الإسكندرية,Regular
CUST-2778,Laurie Roberts,أنثى,الإسكندرية,Regular
CUST-2779,Bobby Dudley,أنثى,المنصورة,VIP
CUST-2780,Andrew Wright,ذكر,المنصورة,Regular
CUST-2781,Arthur Day,ذكر,بورسعيد,VIP
CUST-2782,Kelli Bender,أنثى,الجيزة,Regular
CUST-2783,Vincent Vazquez,ذكر,القاهرة,Regular
CUST-2784,Christina Duncan,ذكر,الإسكندرية,VIP
CUST-2785,Randy Herring,ذكر,الجيزة,New
CUST-2786,Mrs. Angela Dunn,أنثى,الجيزة,Regular
CUST-2787,Kevin Lopez,أنثى,الجيزة,New
CUST-2788,Tina Lucas,أنثى,الإسكندرية,Regular
CUST-2789,Donna Lozano,أنثى,الجيزة,New
CUST-2790,Corey Lin,أنثى,القاهرة,Regular
CUST-2791,Cody Bender,ذكر,المنصورة,New
CUST-2792,Katherine Smith,أنثى,بورسعيد,New
CUST-2793,Bradley Powers,أنثى,الجيزة,Regular
CUST-2794,Katie Ortiz,أنثى,طنطا,Regular
CUST-2795,Robin Flores,ذكر,المنصورة,New
CUST-2796,Brian White,ذكر,طنطا,Regular
CUST-2797,Jeffery West,ذكر,الجيزة,New
CUST-2798,Laura Cook,أنثى,الإسكندرية,VIP
CUST-2799,Sergio Cortez,ذكر,طنطا,New
CUST-2800,Michael Gutierrez,ذكر,المنصورة,Regular
CUST-2801,Whitney Flores,أنثى,الإسكندرية,Regular
CUST-2802,Jerome Drake,أنثى,الجيزة,Regular
CUST-2803,Brittney Beltran,أنثى,المنصورة,Regular
CUST-2804,Jeremy Smith,ذكر,طنطا,Regular
CUST-2805,Tara Robinson,ذكر,طنطا,VIP
CUST-2806,Larry Murphy,ذكر,القاهرة,VIP
CUST-2807,Laura Carpenter,ذكر,طنطا,New
CUST-2808,Katelyn Adkins,أنثى,طنطا,Regular
CUST-2809,Tonya Sawyer,ذكر,طنطا,Regular
CUST-2810,David Sanders,أنثى,المنصورة,Regular
CUST-2811,Sara Price,أنثى,الإسكندرية,New
CUST-2812,Darryl Price,ذكر,الإسكندرية,Regular
CUST-2813,Dennis Romero,أنثى,القاهرة,New
CUST-2814,James Meyers,أنثى,المنصورة,Regular
CUST-2815,Suzanne Wolf,أنثى,القاهرة,Regular
CUST-2816,Bethany Allen,ذكر,المنصورة,New
CUST-2817,Heather Parker,ذكر,القاهرة,New
CUST-2818,Jill Daniels,ذكر,الجيزة,Regular
CUST-2819,Teresa Harris,ذكر,الإسكندرية,Regular
CUST-2820,Renee Carroll,أنثى,القاهرة,Regular
CUST-2821,Carl Howard,أنثى,المنصورة,VIP
CUST-2822,Lisa Jacobs,أنثى,طنطا,VIP
CUST-2823,Vanessa Hodge,أنثى,الجيزة,Regular
CUST-2824,Rachel Brown,أنثى,بورسعيد,Regular
CUST-2825,Jeffrey Mullen,أنثى,الإسكندرية,VIP
CUST-2826,Stephanie Abbott,ذكر,بورسعيد,New
CUST-2827,Sharon Pittman,ذكر,بورسعيد,Regular
CUST-2828,Jennifer Fisher,أنثى,القاهرة,New
CUST-2829,Donna Wright,ذكر,طنطا,Regular
CUST-2830,Wanda Allen,ذكر,طنطا,Regular
CUST-2831,Katherine Burch,أنثى,بورسعيد,Regular
CUST-2832,Jesse Hardy,ذكر,الإسكندرية,Regular
CUST-2833,Kyle Martin,ذكر,الجيزة,Regular
CUST-2834,Rebekah Powell,ذكر,طنطا,Regular
CUST-2835,William Greene,أنثى,الجيزة,Regular
CUST-2836,Rodney Swanson,أنثى,بورسعيد,Regular
CUST-2837,William Johnson,أنثى,بورسعيد,New
CUST-2838,Jennifer Young,ذكر,بورسعيد,Regular
CUST-2839,Kevin Rogers,ذكر,الإسكندرية,Regular
CUST-2840,Joseph Thomas,أنثى,الإسكندرية,New
CUST-2841,Natalie Moore,أنثى,الإسكندرية,Regular
CUST-2842,John Velez,ذكر,الإسكندرية,New
CUST-2843,Brenda Love,أنثى,القاهرة,New
CUST-2844,Angela Martin,أنثى,طنطا,Regular
CUST-2845,Frank Jones,أنثى,الإسكندرية,Regular
CUST-2846,Olivia Mendoza,أنثى,بورسعيد,Regular
CUST-2847,Ana Barber,أنثى,المنصورة,Regular
CUST-2848,Kenneth George,أنثى,بورسعيد,Regular
CUST-2849,Michelle Bray,ذكر,القاهرة,Regular
CUST-2850,Timothy James,أنثى,طنطا,Regular
CUST-2851,Brandon Russell,ذكر,الإسكندرية,Regular
CUST-2852,Clayton Barrera,ذكر,طنطا,VIP
CUST-2853,Laurie Hebert,أنثى,القاهرة,Regular
CUST-2854,Ryan Jones,ذكر,بورسعيد,Regular
CUST-2855,Jason Hanson,ذكر,القاهرة,New
CUST-2856,Frank Sanchez,أنثى,المنصورة,New
CUST-2857,John Scott,أنثى,القاهرة,Regular
CUST-2858,William Turner,ذكر,بورسعيد,Regular
CUST-2859,Anthony Raymond,أنثى,طنطا,New
CUST-2860,Adrian Pearson,ذكر,الجيزة,Regular
CUST-2861,Samantha Page,ذكر,القاهرة,VIP
CUST-2862,Justin Scott,ذكر,الجيزة,Regular
CUST-2863,Joshua Foley,أنثى,القاهرة,Regular
CUST-2864,Daniel Woods,أنثى,الإسكندرية,Regular
CUST-2865,Sara Jackson,ذكر,بورسعيد,Regular
CUST-2866,Paige Gross,ذكر,المنصورة,Regular
CUST-2867,Amy Garcia,أنثى,بورسعيد,VIP
CUST-2868,William Johnson,أنثى,بورسعيد,Regular
CUST-2869,Bobby Moore,أنثى,المنصورة,Regular
CUST-2870,Teresa Woods,ذكر,المنصورة,Regular
CUST-2871,Sharon Hunter,ذكر,المنصورة,Regular
CUST-2872,Sharon Thomas,ذكر,بورسعيد,New
CUST-2873,Rachel Hines,ذكر,طنطا,Regular
CUST-2874,Crystal Campbell,أنثى,الجيزة,New
CUST-2875,Jennifer Fleming,ذكر,القاهرة,Regular
CUST-2876,Andrew Davis,أنثى,الإسكندرية,New
CUST-2877,Colleen Grant,أنثى,المنصورة,New
CUST-2878,Eric Gonzales,ذكر,الجيزة,Regular
CUST-2879,Travis Black,ذكر,بورسعيد,Regular
CUST-2880,Emily Sparks,أنثى,طنطا,Regular
CUST-2881,Donald Petersen,أنثى,طنطا,VIP
CUST-2882,Amy Thomas,ذكر,المنصورة,Regular
CUST-2883,Jose Evans,ذكر,الإسكندرية,VIP
CUST-2884,William Barber,أنثى,الجيزة,Regular
CUST-2885,Anna Berry,ذكر,طنطا,New
CUST-2886,Erin Brewer,أنثى,بورسعيد,VIP
CUST-2887,Alejandro Peters,أنثى,بورسعيد,Regular
CUST-2888,Mark Holt,أنثى,الإسكندرية,Regular
CUST-2889,Mark Moore,أنثى,المنصورة,Regular
CUST-2890,Erin Chen,أنثى,بورسعيد,VIP
CUST-2891,Daniel Solomon,أنثى,الإسكندرية,New
CUST-2892,Dan Randall,أنثى,بورسعيد,Regular
CUST-2893,John Thomas,ذكر,طنطا,VIP
CUST-2894,Edward Griffin,ذكر,الجيزة,Regular
CUST-2895,Sara Marshall,أنثى,بورسعيد,Regular
CUST-2896,Nathan Clay,ذكر,الجيزة,Regular
CUST-2897,Morgan Shah,ذكر,طنطا,Regular
CUST-2898,Debbie Bruce,ذكر,بورسعيد,New
CUST-2899,Alicia Kennedy,أنثى,الجيزة,Regular
CUST-2900,Ryan Robinson,ذكر,طنطا,New
CUST-2901,Kayla Clarke,ذكر,القاهرة,VIP
CUST-2902,Teresa Kaiser,ذكر,المنصورة,Regular
CUST-2903,Aaron Johnson,ذكر,طنطا,Regular
CUST-2904,Amy Cooper,ذكر,القاهرة,Regular
CUST-2905,Erin Wiley,أنثى,طنطا,New
CUST-2906,Monica Reynolds,ذكر,المنصورة,VIP
CUST-2907,William Rivera,أنثى,القاهرة,Regular
CUST-2908,Jason Frey,أنثى,الجيزة,Regular
CUST-2909,Jamie Leonard,أنثى,الإسكندرية,Regular
CUST-2910,Andrea Barnes,ذكر,بورسعيد,New
CUST-2911,Danielle Schneider,ذكر,الإسكندرية,Regular
CUST-2912,Luke Santos,ذكر,الإسكندرية,Regular
CUST-2913,Stephanie Hernandez,ذكر,الإسكندرية,Regular
CUST-2914,Antonio Haynes,ذكر,بورسعيد,Regular
CUST-2915,Patrick Porter,ذكر,المنصورة,Regular
CUST-2916,David Mack,أنثى,المنصورة,New
CUST-2917,Adam Mcconnell,أنثى,بورسعيد,New
CUST-2918,Nicole Robles,أنثى,الجيزة,Regular
CUST-2919,Melissa Bartlett,ذكر,المنصورة,New
CUST-2920,Lauren Gillespie,أنثى,بورسعيد,VIP
CUST-2921,Richard Hall,أنثى,المنصورة,Regular
CUST-2922,Alicia Simmons,أنثى,الإسكندرية,Regular
CUST-2923,Kenneth Woods,أنثى,بورسعيد,Regular
CUST-2924,Brett Foster,ذكر,بورسعيد,Regular
CUST-2925,Michael Harris,ذكر,بورسعيد,Regular
CUST-2926,Russell Elliott,أنثى,بورسعيد,Regular
CUST-2927,Misty Estes,أنثى,المنصورة,Regular
CUST-2928,Tammy Miller,ذكر,بورسعيد,Regular
CUST-2929,Matthew Davis,ذكر,الجيزة,Regular
CUST-2930,John Hess,أنثى,المنصورة,New
CUST-2931,Joshua Wilson,ذكر,الجيزة,Regular
CUST-2932,Andrea Dorsey,أنثى,بورسعيد,New
CUST-2933,Brandon Owens,ذكر,بورسعيد,Regular
CUST-2934,Mr. John Monroe DVM,أنثى,الجيزة,Regular
CUST-2935,Michelle Hamilton,أنثى,طنطا,VIP
CUST-2936,Sarah Hall,ذكر,الجيزة,VIP
CUST-2937,Kelly Harvey,ذكر,الجيزة,Regular
CUST-2938,Anna Poole,ذكر,الجيزة,Regular
CUST-2939,Kathryn Ryan,أنثى,بورسعيد,New
CUST-2940,Jennifer Gallagher,أنثى,الإسكندرية,Regular
CUST-2941,Charles Mccullough,ذكر,الإسكندرية,New
CUST-2942,Mary Smith,ذكر,المنصورة,Regular
CUST-2943,Kristen Lowery,أنثى,طنطا,Regular
CUST-2944,Gregory Russell,أنثى,القاهرة,New
CUST-2945,Crystal Lopez,أنثى,الإسكندرية,Regular
CUST-2946,Eric Coffey,أنثى,الإسكندرية,New
CUST-2947,Thomas Stout,أنثى,بورسعيد,Regular
CUST-2948,John Johnson,ذكر,المنصورة,Regular
CUST-2949,Deborah Bell,أنثى,المنصورة,Regular
CUST-2950,Nathan Drake,ذكر,طنطا,New
CUST-2951,Ashley Cooper,ذكر,الإسكندرية,New
CUST-2952,Melissa Davis,أنثى,القاهرة,Regular
CUST-2953,Samuel Murphy,أنثى,طنطا,New
CUST-2954,Robin Jordan,أنثى,القاهرة,New
CUST-2955,Nicole Thomas,أنثى,الجيزة,Regular
CUST-2956,Kristie Reynolds,ذكر,الجيزة,Regular
CUST-2957,Bruce Weeks,أنثى,الإسكندرية,VIP
CUST-2958,Joseph Jordan,ذكر,الجيزة,VIP
CUST-2959,James Butler,ذكر,المنصورة,Regular
CUST-2960,Shannon Flores,أنثى,القاهرة,Regular
CUST-2961,Sheri Brooks,أنثى,المنصورة,Regular
CUST-2962,Abigail Reynolds,ذكر,المنصورة,New
CUST-2963,Kevin Diaz,أنثى,بورسعيد,Regular
CUST-2964,Kathy Daniel,ذكر,طنطا,VIP
CUST-2965,Adam Robles,أنثى,طنطا,Regular
CUST-2966,Brett Welch,ذكر,الجيزة,VIP
CUST-2967,Rebecca Rose,ذكر,طنطا,Regular
CUST-2968,Kristina Ferguson,أنثى,المنصورة,Regular
CUST-2969,Jennifer Parker,أنثى,الإسكندرية,VIP
CUST-2970,Vicki Armstrong,أنثى,طنطا,New
CUST-2971,Courtney Phillips,ذكر,المنصورة,Regular
CUST-2972,Sandra Lee,أنثى,المنصورة,New
CUST-2973,Kristen Powell,أنثى,بورسعيد,New
CUST-2974,Robert Cunningham,أنثى,الجيزة,Regular
CUST-2975,Gabrielle Brown,ذكر,بورسعيد,Regular
CUST-2976,Caleb Miller,ذكر,بورسعيد,New
CUST-2977,Christina Berry,ذكر,الجيزة,Regular
CUST-2978,Martin Mitchell,أنثى,طنطا,Regular
CUST-2979,Mary Zimmerman,أنثى,الجيزة,Regular
CUST-2980,Morgan Cruz,ذكر,القاهرة,Regular
CUST-2981,James Shepard,أنثى,الإسكندرية,VIP
CUST-2982,Craig Davis,ذكر,القاهرة,Regular
CUST-2983,Bill Rogers,أنثى,الجيزة,Regular
CUST-2984,Paul Fischer,أنثى,بورسعيد,New
CUST-2985,Amy Malone,ذكر,بورسعيد,Regular
CUST-2986,Kayla Miller,ذكر,الجيزة,Regular
CUST-2987,April Tran,أنثى,القاهرة,Regular
CUST-2988,Bruce Adams,ذكر,الإسكندرية,VIP
CUST-2989,Elizabeth Le,أنثى,طنطا,Regular
CUST-2990,Diane Guzman,أنثى,الجيزة,Regular
CUST-2991,Ashley Thomas,ذكر,الإسكندرية,Regular
CUST-2992,Alexander Butler,أنثى,المنصورة,Regular
CUST-2993,Amanda Hogan,ذكر,الإسكندرية,Regular
CUST-2994,Angela Jones,أنثى,الإسكندرية,VIP
CUST-2995,James Gallagher,أنثى,بورسعيد,New
CUST-2996,Margaret Guerra,ذكر,الإسكندرية,New
CUST-2997,Nicholas Erickson,ذكر,طنطا,Regular
CUST-2998,Hannah Cruz,ذكر,القاهرة,Regular
CUST-2999,Stephanie Holland,أنثى,الإسكندرية,Regular
CUST-3000,Patrick Harris,ذكر,الجيزة,VIP
CUST-3001,Andrea Gordon,ذكر,المنصورة,Regular
CUST-3002,Tamara Quinn,أنثى,المنصورة,Regular
CUST-3003,Bethany Vazquez,ذكر,طنطا,Regular
CUST-3004,Alexander Villegas,ذكر,القاهرة,Regular
CUST-3005,Jennifer Choi,أنثى,الجيزة,Regular
CUST-3006,Justin Sosa,ذكر,المنصورة,Regular
CUST-3007,Julie Adams,ذكر,بورسعيد,VIP
CUST-3008,Katie Woods,ذكر,القاهرة,VIP
CUST-3009,Jamie Young,أنثى,القاهرة,New
CUST-3010,Elizabeth Marquez,ذكر,طنطا,New
CUST-3011,Isaiah Wilkinson,ذكر,الإسكندرية,New
CUST-3012,Taylor Rollins,أنثى,بورسعيد,Regular
CUST-3013,Tina Perez,ذكر,بورسعيد,Regular
CUST-3014,Daniel Peterson,أنثى,الجيزة,Regular
CUST-3015,Martha Pitts,أنثى,الإسكندرية,Regular
CUST-3016,Melissa Johnston,أنثى,الإسكندرية,Regular
CUST-3017,Olivia Joyce,ذكر,الإسكندرية,Regular
CUST-3018,Mark Spencer,ذكر,القاهرة,Regular
CUST-3019,John Cole,أنثى,طنطا,New
CUST-3020,Melissa Palmer,أنثى,القاهرة,Regular
CUST-3021,Karen Copeland,أنثى,القاهرة,Regular
CUST-3022,Nicole Parker,أنثى,الجيزة,Regular
CUST-3023,Gregory Cox,ذكر,المنصورة,New
CUST-3024,Dustin Rogers,أنثى,طنطا,Regular
CUST-3025,Michael Sanchez,أنثى,الجيزة,Regular
CUST-3026,Allen Allen,ذكر,طنطا,Regular
CUST-3027,Gregory Young,أنثى,المنصورة,New
CUST-3028,Rachel Sweeney,ذكر,الإسكندرية,VIP
CUST-3029,Mary Richardson,ذكر,المنصورة,New
CUST-3030,Anthony Myers,ذكر,بورسعيد,Regular
CUST-3031,Charles Baxter,ذكر,بورسعيد,New
CUST-3032,Lawrence Hall,ذكر,بورسعيد,New
CUST-3033,Jasmine Bass,أنثى,الجيزة,Regular
CUST-3034,Chelsey Parker,أنثى,الجيزة,Regular
CUST-3035,Sharon Brewer,ذكر,طنطا,Regular
CUST-3036,Nathan Sullivan,أنثى,المنصورة,Regular
CUST-3037,Anthony Kirby,أنثى,المنصورة,Regular
CUST-3038,Arthur Wilson,ذكر,المنصورة,VIP
CUST-3039,Angela Zuniga,ذكر,المنصورة,New
CUST-3040,Donald Lloyd,أنثى,القاهرة,New
CUST-3041,Denise Woods,أنثى,بورسعيد,VIP
CUST-3042,Robert Webb,ذكر,الإسكندرية,New
CUST-3043,Anthony Lynch,أنثى,القاهرة,Regular
CUST-3044,David Patton,أنثى,بورسعيد,Regular
CUST-3045,Jennifer Dawson,أنثى,المنصورة,Regular
CUST-3046,David Walker,أنثى,القاهرة,Regular
CUST-3047,Chris Howard,أنثى,الجيزة,VIP
CUST-3048,Bobby Perez,ذكر,طنطا,New
CUST-3049,Kyle Hahn,أنثى,الجيزة,Regular
CUST-3050,Travis Simon,ذكر,بورسعيد,New
CUST-3051,Charles Ball,أنثى,الجيزة,Regular
CUST-3052,Dennis Gomez,ذكر,المنصورة,Regular
CUST-3053,Courtney Scott,أنثى,القاهرة,Regular
CUST-3054,Jeremy Brown,أنثى,طنطا,VIP
CUST-3055,David Gibson,ذكر,القاهرة,Regular
CUST-3056,Cassandra Lane,أنثى,الجيزة,Regular
CUST-3057,Dawn Hayes,أنثى,الإسكندرية,VIP
CUST-3058,Mark Simpson,ذكر,الإسكندرية,New
CUST-3059,Michael Harris,ذكر,القاهرة,Regular
CUST-3060,Melissa Flores,ذكر,الإسكندرية,New
CUST-3061,Christian Smith,ذكر,القاهرة,New
CUST-3062,Matthew Wilcox,ذكر,المنصورة,Regular
CUST-3063,Lydia Golden MD,أنثى,الإسكندرية,Regular
CUST-3064,Jeffrey Hall,أنثى,المنصورة,New
CUST-3065,Dawn Hayes,أنثى,طنطا,Regular
CUST-3066,Kristin Frazier,أنثى,الإسكندرية,Regular
CUST-3067,Barbara Smith,ذكر,القاهرة,Regular
CUST-3068,Kathryn Robinson,ذكر,الجيزة,New
CUST-3069,Rebecca Roy,ذكر,طنطا,Regular
CUST-3070,Chelsea Hooper,أنثى,القاهرة,Regular
CUST-3071,Barbara Fleming,أنثى,المنصورة,Regular
CUST-3072,Kevin Martin,أنثى,المنصورة,Regular
CUST-3073,Angel Wilson,ذكر,بورسعيد,Regular
CUST-3074,Brian Jones,أنثى,الجيزة,Regular
CUST-3075,Richard Lopez,أنثى,طنطا,New
CUST-3076,Tonya Smith,ذكر,طنطا,Regular
CUST-3077,Jordan West,ذكر,طنطا,Regular
CUST-3078,Brian Rodriguez,ذكر,المنصورة,New
CUST-3079,Jesse Payne,أنثى,الجيزة,VIP
CUST-3080,Ronald Cruz,ذكر,المنصورة,New
CUST-3081,Barbara Knight,ذكر,المنصورة,VIP
CUST-3082,Judith Meyer,أنثى,القاهرة,VIP
CUST-3083,Lauren Williams,ذكر,القاهرة,VIP
CUST-3084,James Jacobs,أنثى,القاهرة,Regular
CUST-3085,Chad Lee,أنثى,بورسعيد,Regular
CUST-3086,Denise Forbes,ذكر,القاهرة,Regular
CUST-3087,Jose Hopkins,ذكر,طنطا,Regular
CUST-3088,Robert Thompson,ذكر,طنطا,Regular
CUST-3089,Haley Barber,ذكر,القاهرة,Regular
CUST-3090,Lisa Russell,ذكر,القاهرة,Regular
CUST-3091,Frank Baker,ذكر,الإسكندرية,Regular
CUST-3092,Jose Carrillo,ذكر,القاهرة,New
CUST-3093,Sharon Cook,ذكر,طنطا,New
CUST-3094,Joseph Alvarado,أنثى,طنطا,New
CUST-3095,Hailey Ross,أنثى,الجيزة,New
CUST-3096,Brandon Mason,ذكر,الجيزة,Regular
CUST-3097,Colleen Barber,أنثى,طنطا,VIP
CUST-3098,Eddie Green,أنثى,الإسكندرية,VIP
CUST-3099,Thomas Morton,ذكر,الإسكندرية,New
CUST-3100,Bradley Butler,ذكر,القاهرة,New
CUST-3101,Jason Reed,أنثى,الجيزة,Regular
CUST-3102,Gary Garcia,أنثى,الإسكندرية,Regular
CUST-3103,Patricia Day,أنثى,الإسكندرية,New
CUST-3104,Shawn Hurst,ذكر,القاهرة,Regular
CUST-3105,Kelly Smith,أنثى,بورسعيد,Regular
CUST-3106,Deborah Rice,أنثى,طنطا,VIP
CUST-3107,Ashley Bolton,أنثى,بورسعيد,Regular
CUST-3108,Darren Dickerson,ذكر,الإسكندرية,Regular
CUST-3109,Terry Goodwin,أنثى,الجيزة,New
CUST-3110,Scott Stuart,أنثى,بورسعيد,VIP
CUST-3111,Donna Johnson,ذكر,المنصورة,New
CUST-3112,Adam Dorsey,ذكر,المنصورة,Regular
CUST-3113,Ralph Bradford,ذكر,بورسعيد,VIP
CUST-3114,Stephen Warren,ذكر,الجيزة,New
CUST-3115,Michael Owen,ذكر,المنصورة,New
CUST-3116,Glenda Lindsey,أنثى,بورسعيد,Regular
CUST-3117,Terri Garcia,ذكر,الجيزة,Regular
CUST-3118,Dana Warner,أنثى,المنصورة,New
CUST-3119,Robert Caldwell,أنثى,بورسعيد,New
CUST-3120,Kristin Meyers,أنثى,طنطا,Regular
CUST-3121,Michael Russell,أنثى,الإسكندرية,Regular
CUST-3122,Mackenzie Sanchez,أنثى,الإسكندرية,Regular
CUST-3123,Alex Morgan,ذكر,المنصورة,Regular
CUST-3124,Michael Parker,أنثى,الإسكندرية,VIP
CUST-3125,Michelle Coleman,أنثى,طنطا,Regular
CUST-3126,Ashley Barnes,ذكر,الجيزة,Regular
CUST-3127,Stephanie Ortiz,ذكر,طنطا,Regular
CUST-3128,Valerie Goodwin PhD,ذكر,الجيزة,Regular
CUST-3129,Michael Allen,أنثى,طنطا,Regular
CUST-3130,Maria Benson,أنثى,الجيزة,Regular
CUST-3131,Justin Garner,ذكر,القاهرة,Regular
CUST-3132,Scott Thompson,ذكر,بورسعيد,Regular
CUST-3133,Martin Weiss,أنثى,طنطا,Regular
CUST-3134,Carrie Lewis,ذكر,المنصورة,New
CUST-3135,Edward Williams,أنثى,المنصورة,VIP
CUST-3136,Christine Taylor,أنثى,الإسكندرية,New
CUST-3137,Dennis Howard,أنثى,طنطا,Regular
CUST-3138,Justin Campbell,أنثى,طنطا,Regular
CUST-3139,Dustin Greene,ذكر,بورسعيد,VIP
CUST-3140,Dana Malone,أنثى,الإسكندرية,Regular
CUST-3141,Julie Wood,أنثى,الجيزة,VIP
CUST-3142,William Norris,أنثى,بورسعيد,Regular
CUST-3143,Elizabeth Marsh,أنثى,المنصورة,VIP
CUST-3144,Ms. Charlotte Pittman MD,أنثى,الجيزة,Regular
CUST-3145,Christopher Gibson,أنثى,المنصورة,Regular
CUST-3146,Richard Bryan,أنثى,طنطا,Regular
CUST-3147,Sandra Benson,أنثى,القاهرة,New
CUST-3148,Rachel Novak,ذكر,المنصورة,Regular
CUST-3149,Linda Freeman,ذكر,طنطا,Regular
CUST-3150,Jeffrey Brown,ذكر,طنطا,Regular
CUST-3151,Lori Kelly,ذكر,المنصورة,Regular
CUST-3152,Lisa Anderson,ذكر,طنطا,Regular
CUST-3153,Susan Olson,أنثى,القاهرة,New
CUST-3154,Cynthia Bauer,أنثى,الإسكندرية,Regular
CUST-3155,Sandra Thomas,ذكر,الجيزة,New
CUST-3156,Donald Jacobs,أنثى,الإسكندرية,New
CUST-3157,Alan Solis,أنثى,بورسعيد,Regular
CUST-3158,Andrew Christensen,أنثى,بورسعيد,Regular
CUST-3159,Deanna Hanson,أنثى,طنطا,Regular
CUST-3160,David Parker,ذكر,الجيزة,VIP
CUST-3161,Melissa Phelps,ذكر,المنصورة,New
CUST-3162,Eileen Hanna,أنثى,القاهرة,New
CUST-3163,Joseph Vazquez,ذكر,القاهرة,New
CUST-3164,Jason Ward,أنثى,طنطا,Regular
CUST-3165,Maria Dalton,ذكر,المنصورة,VIP
CUST-3166,Mrs. Lauren Herrera DDS,أنثى,بورسعيد,Regular
CUST-3167,Alison Rogers,ذكر,بورسعيد,Regular
CUST-3168,Linda Simpson,ذكر,بورسعيد,Regular
CUST-3169,Matthew Velazquez,ذكر,القاهرة,Regular
CUST-3170,Mark Huffman,ذكر,المنصورة,New
CUST-3171,William Dickerson,ذكر,المنصورة,Regular
CUST-3172,Katherine Davila,أنثى,طنطا,VIP
CUST-3173,Morgan Shepard,ذكر,الإسكندرية,New
CUST-3174,Emma Miller,أنثى,الجيزة,VIP
CUST-3175,William Ramirez,أنثى,بورسعيد,New
CUST-3176,Kimberly Brewer,ذكر,طنطا,New
CUST-3177,Melissa Smith,أنثى,طنطا,Regular
CUST-3178,Suzanne Smith,أنثى,طنطا,Regular
CUST-3179,Mary Ford,أنثى,طنطا,New
CUST-3180,Pedro Tyler,أنثى,المنصورة,New
CUST-3181,Jeremiah Martinez DDS,أنثى,بورسعيد,Regular
CUST-3182,Anthony Maldonado,أنثى,طنطا,New
CUST-3183,Matthew Hammond,ذكر,المنصورة,Regular
CUST-3184,Brianna Hansen,أنثى,الجيزة,New
CUST-3185,Devin Johnson,ذكر,بورسعيد,Regular
CUST-3186,James Roberts,ذكر,الجيزة,Regular
CUST-3187,Selena Harmon,أنثى,المنصورة,VIP
CUST-3188,Richard Delacruz,ذكر,الجيزة,VIP
CUST-3189,Joseph Lloyd,أنثى,الجيزة,Regular
CUST-3190,Elizabeth Gardner,ذكر,الإسكندرية,VIP
CUST-3191,David Ford,ذكر,المنصورة,Regular
CUST-3192,Christopher Caldwell,أنثى,الجيزة,New
CUST-3193,James Clark,أنثى,المنصورة,New
CUST-3194,Diana Williamson,ذكر,بورسعيد,Regular
CUST-3195,Katrina Kent,أنثى,الجيزة,New
CUST-3196,Joshua Martin,ذكر,القاهرة,New
CUST-3197,James Johnson,أنثى,بورسعيد,Regular
CUST-3198,Elizabeth Johnson,أنثى,بورسعيد,Regular
CUST-3199,Hunter Lopez,أنثى,المنصورة,Regular
CUST-3200,Karen Leonard,أنثى,الجيزة,Regular
CUST-3201,Stacy Woodard DDS,أنثى,بورسعيد,Regular
CUST-3202,Stephanie Hawkins,ذكر,بورسعيد,Regular
CUST-3203,Christopher Taylor,أنثى,طنطا,New
CUST-3204,Brenda Douglas,ذكر,طنطا,Regular
CUST-3205,Mark Rice,أنثى,طنطا,New
CUST-3206,Ms. Carolyn Lopez,ذكر,المنصورة,Regular
CUST-3207,Julie Murray,ذكر,طنطا,Regular
CUST-3208,Jeffrey Mcdonald,أنثى,بورسعيد,VIP
CUST-3209,Brenda Pham,ذكر,طنطا,Regular
CUST-3210,Charles Armstrong,أنثى,المنصورة,Regular
CUST-3211,Elizabeth Brooks,ذكر,الإسكندرية,VIP
CUST-3212,Debra Edwards,ذكر,طنطا,VIP
CUST-3213,Jacob Brown,ذكر,القاهرة,VIP
CUST-3214,James Thomas,أنثى,بورسعيد,Regular
CUST-3215,Ian Perez MD,ذكر,المنصورة,New
CUST-3216,Douglas Jenkins,أنثى,طنطا,New
CUST-3217,Michael Robertson,ذكر,المنصورة,Regular
CUST-3218,Alexis Burke,أنثى,طنطا,New
CUST-3219,Austin Walker,ذكر,المنصورة,VIP
CUST-3220,Chloe Whitney,ذكر,الجيزة,Regular
CUST-3221,Amanda Vargas,ذكر,المنصورة,Regular
CUST-3222,Kyle Fox,أنثى,بورسعيد,New
CUST-3223,Michelle Russell,أنثى,الجيزة,Regular
CUST-3224,Brianna Nichols,ذكر,طنطا,Regular
CUST-3225,Marc Simmons,أنثى,الجيزة,New
CUST-3226,Jacob Jacobs,أنثى,بورسعيد,Regular
CUST-3227,Christopher Armstrong,ذكر,بورسعيد,VIP
CUST-3228,Alicia Flynn,ذكر,الجيزة,Regular
CUST-3229,Marvin Matthews,ذكر,القاهرة,Regular
CUST-3230,Jessica Lyons,ذكر,طنطا,Regular
CUST-3231,Jennifer Hernandez,أنثى,بورسعيد,Regular
CUST-3232,Andre Edwards,أنثى,الإسكندرية,VIP
CUST-3233,Timothy Hatfield,ذكر,القاهرة,VIP
CUST-3234,Tabitha Jones,ذكر,طنطا,Regular
CUST-3235,Paul Robinson,ذكر,بورسعيد,New
CUST-3236,Julia Cummings,ذكر,بورسعيد,New
CUST-3237,Jenny Trujillo,ذكر,المنصورة,Regular
CUST-3238,Danielle Buckley,أنثى,القاهرة,Regular
CUST-3239,Scott Smith,أنثى,المنصورة,VIP
CUST-3240,Matthew Sims,أنثى,القاهرة,VIP
CUST-3241,Robert Reyes,ذكر,المنصورة,Regular
CUST-3242,Anna Durham,ذكر,الجيزة,Regular
CUST-3243,Kevin Campbell,ذكر,الإسكندرية,Regular
CUST-3244,Justin Rogers,أنثى,الجيزة,Regular
CUST-3245,Angela Brooks,أنثى,طنطا,VIP
CUST-3246,Nathan Wang,ذكر,بورسعيد,New
CUST-3247,Nicholas Martinez,ذكر,القاهرة,Regular
CUST-3248,Vincent Delacruz,ذكر,المنصورة,New
CUST-3249,Alexa Powers,ذكر,الإسكندرية,New
CUST-3250,Denise Sharp,ذكر,بورسعيد,VIP
CUST-3251,Gary Rivas,أنثى,طنطا,Regular
CUST-3252,Kyle Richards,أنثى,طنطا,Regular
CUST-3253,Drew Porter,ذكر,طنطا,Regular
CUST-3254,Angela Jacobs,أنثى,بورسعيد,Regular
CUST-3255,Kevin Reese,ذكر,بورسعيد,New
CUST-3256,Adam Smith II,أنثى,الإسكندرية,Regular
CUST-3257,Monique Wong,ذكر,الإسكندرية,New
CUST-3258,Robert Gates,أنثى,الجيزة,Regular
CUST-3259,Sarah Cox,ذكر,الإسكندرية,Regular
CUST-3260,Ryan Anderson,ذكر,بورسعيد,New
CUST-3261,Brian Martinez,أنثى,بورسعيد,New
CUST-3262,Brittney Cisneros,ذكر,الجيزة,New
CUST-3263,Brett Schwartz,أنثى,الجيزة,VIP
CUST-3264,Jonathan Garza,أنثى,طنطا,New
CUST-3265,Ashley Weaver,أنثى,القاهرة,Regular
CUST-3266,Robert Schwartz Jr.,أنثى,المنصورة,New
CUST-3267,Nicole Osborn,ذكر,الإسكندرية,New
CUST-3268,Catherine Macdonald,ذكر,الإسكندرية,Regular
CUST-3269,Nicole Washington,أنثى,بورسعيد,VIP
CUST-3270,Sierra Ward,ذكر,الجيزة,Regular
CUST-3271,Leslie Gonzalez,أنثى,طنطا,Regular
CUST-3272,Brandon Byrd,ذكر,الجيزة,VIP
CUST-3273,Caitlin Patel,ذكر,القاهرة,Regular
CUST-3274,Todd Stevens,أنثى,الجيزة,VIP
CUST-3275,David Sullivan,أنثى,طنطا,VIP
CUST-3276,Daniel Matthews,أنثى,طنطا,Regular
CUST-3277,Julie Clark,ذكر,المنصورة,Regular
CUST-3278,Robert Soto,أنثى,الجيزة,Regular
CUST-3279,Barbara Grimes,أنثى,طنطا,Regular
CUST-3280,Timothy Williams,ذكر,الإسكندرية,Regular
CUST-3281,Tom Garcia,ذكر,المنصورة,Regular
CUST-3282,Dylan Allen,ذكر,الإسكندرية,Regular
CUST-3283,Harold Clark,ذكر,المنصورة,Regular
CUST-3284,Margaret Baldwin,ذكر,المنصورة,Regular
CUST-3285,Melissa Dyer,أنثى,المنصورة,Regular
CUST-3286,Sandra Robertson,ذكر,القاهرة,New
CUST-3287,Brittney Anderson,أنثى,الجيزة,Regular
CUST-3288,Dennis Cox,أنثى,المنصورة,New
CUST-3289,Adrian Reed,أنثى,بورسعيد,Regular
CUST-3290,Rebecca Bruce,أنثى,طنطا,New
CUST-3291,George Knight,ذكر,بورسعيد,VIP
CUST-3292,Daniel Martinez,أنثى,المنصورة,VIP
CUST-3293,Jose Ferguson,ذكر,طنطا,Regular
CUST-3294,Hailey Singh,أنثى,طنطا,Regular
CUST-3295,Elizabeth Mejia,أنثى,المنصورة,Regular
CUST-3296,Tina Barnes,ذكر,الجيزة,Regular
CUST-3297,Lisa Elliott,أنثى,الجيزة,Regular
CUST-3298,Jodi Garcia,أنثى,بورسعيد,New
CUST-3299,Erik Brown,أنثى,الإسكندرية,Regular
CUST-3300,Dr. Katie Castro,ذكر,بورسعيد,VIP
CUST-3301,Sandra Fisher,ذكر,بورسعيد,Regular
CUST-3302,Linda Gallagher,ذكر,القاهرة,New
CUST-3303,Joshua Glover,أنثى,الإسكندرية,New
CUST-3304,Kevin Boyer,ذكر,طنطا,Regular
CUST-3305,Darryl Wilson,ذكر,الجيزة,New
CUST-3306,Robin Adams,أنثى,القاهرة,VIP
CUST-3307,Angelica Tyler,أنثى,المنصورة,Regular
CUST-3308,Joshua Shepherd,أنثى,المنصورة,Regular
CUST-3309,Billy Black,ذكر,بورسعيد,Regular
CUST-3310,Gina Hill,أنثى,الإسكندرية,Regular
CUST-3311,Christine Allen,ذكر,المنصورة,New
CUST-3312,Thomas Thornton,ذكر,طنطا,New
CUST-3313,Micheal Mercer,أنثى,الإسكندرية,Regular
CUST-3314,Michael Rivas,ذكر,بورسعيد,VIP
CUST-3315,Jenny Williams,ذكر,الإسكندرية,New
CUST-3316,Ryan Miller,ذكر,المنصورة,VIP
CUST-3317,Sarah Yu,ذكر,الجيزة,Regular
CUST-3318,Kayla Ortiz,ذكر,الإسكندرية,New
CUST-3319,John Johnston,أنثى,بورسعيد,Regular
CUST-3320,Daniel Mclean,أنثى,القاهرة,New
CUST-3321,Bobby Harrison,أنثى,الجيزة,Regular
CUST-3322,Joshua Church,ذكر,المنصورة,Regular
CUST-3323,William Daniels,ذكر,طنطا,VIP
CUST-3324,James Long,ذكر,بورسعيد,VIP
CUST-3325,Nicole Schroeder,ذكر,المنصورة,VIP
CUST-3326,Lindsay Gibbs,ذكر,بورسعيد,VIP
CUST-3327,Kayla Klein,أنثى,القاهرة,Regular
CUST-3328,Stephanie Molina,أنثى,طنطا,New
CUST-3329,Jeffrey West,ذكر,طنطا,New
CUST-3330,Lynn Hurley,أنثى,الجيزة,Regular
CUST-3331,Rebecca Jones,أنثى,طنطا,Regular
CUST-3332,Eric Baker,ذكر,بورسعيد,Regular
CUST-3333,Tony Cabrera,أنثى,الإسكندرية,VIP
CUST-3334,Shelby Washington,أنثى,الجيزة,Regular
CUST-3335,Ellen Flores,أنثى,الجيزة,Regular
CUST-3336,Crystal Brown,أنثى,الإسكندرية,Regular
CUST-3337,Mary Payne,ذكر,الإسكندرية,VIP
CUST-3338,Brandi Adkins,أنثى,المنصورة,VIP
CUST-3339,Steven Smith,أنثى,القاهرة,Regular
CUST-3340,Daniel Lewis,أنثى,بورسعيد,Regular
CUST-3341,Stacey Harper,ذكر,المنصورة,New
CUST-3342,Jennifer Black,أنثى,الجيزة,Regular
CUST-3343,Collin Griffith,ذكر,القاهرة,Regular
CUST-3344,Kim Adkins,أنثى,بورسعيد,New
CUST-3345,Timothy Hayes,ذكر,بورسعيد,VIP
CUST-3346,Dale Dixon,ذكر,طنطا,Regular
CUST-3347,Christina Park,أنثى,بورسعيد,New
CUST-3348,Ryan Smith,أنثى,بورسعيد,New
CUST-3349,Sharon Mitchell,أنثى,القاهرة,Regular
CUST-3350,Isaac Castro,ذكر,المنصورة,New
CUST-3351,Kathryn Padilla,أنثى,بورسعيد,Regular
CUST-3352,Bridget Mason,أنثى,المنصورة,New
CUST-3353,Crystal Hart,أنثى,الجيزة,VIP
CUST-3354,David Washington,ذكر,القاهرة,VIP
CUST-3355,Antonio Case,أنثى,طنطا,Regular
CUST-3356,Kevin Cantrell,ذكر,طنطا,New
CUST-3357,Michael Phillips,ذكر,طنطا,New
CUST-3358,Richard Norris,ذكر,طنطا,Regular
CUST-3359,Kelsey Adkins,ذكر,الإسكندرية,Regular
CUST-3360,Ashley Anderson,أنثى,الجيزة,New
CUST-3361,Angela Richardson,ذكر,الجيزة,Regular
CUST-3362,Bryce Robertson,أنثى,طنطا,Regular
CUST-3363,Alexander Dominguez,ذكر,المنصورة,Regular
CUST-3364,Kristi Ward,ذكر,الإسكندرية,New
CUST-3365,Matthew Hansen,أنثى,طنطا,Regular
CUST-3366,Brittney Guzman,أنثى,القاهرة,Regular
CUST-3367,Douglas Ramirez,أنثى,القاهرة,Regular
CUST-3368,Ashley Hurley,ذكر,الجيزة,Regular
CUST-3369,Michael Johnson,أنثى,الإسكندرية,New
CUST-3370,Brooke Zimmerman,أنثى,طنطا,New
CUST-3371,Tracy Reyes,أنثى,المنصورة,Regular
CUST-3372,Sean Dennis,ذكر,طنطا,VIP
CUST-3373,Michelle Mayer,أنثى,الإسكندرية,Regular
CUST-3374,Carl Rojas,ذكر,بورسعيد,Regular
CUST-3375,Joshua Rodriguez,أنثى,طنطا,Regular
CUST-3376,Brian Noble,ذكر,بورسعيد,Regular
CUST-3377,Deborah Reyes,أنثى,المنصورة,New
CUST-3378,Douglas Miller,أنثى,بورسعيد,New
CUST-3379,William Pennington,ذكر,بورسعيد,Regular
CUST-3380,Michelle Russell,ذكر,الجيزة,New
CUST-3381,Dr. Bridget Silva,ذكر,المنصورة,Regular
CUST-3382,Alex Randolph,أنثى,الإسكندرية,Regular
CUST-3383,Dawn Stanley,ذكر,المنصورة,New
CUST-3384,Brian Miller,أنثى,الإسكندرية,New
CUST-3385,Jason Romero,أنثى,الجيزة,New
CUST-3386,Michael Rivera,ذكر,القاهرة,New
CUST-3387,Emily Lowery,ذكر,الجيزة,New
CUST-3388,Anthony Lawrence,أنثى,طنطا,Regular
CUST-3389,Justin Shannon,ذكر,الإسكندرية,New
CUST-3390,Tammy Foley,أنثى,الجيزة,New
CUST-3391,Sheila Nunez,أنثى,القاهرة,VIP
CUST-3392,Michaela Alexander,أنثى,المنصورة,New
CUST-3393,Charles Cortez,ذكر,طنطا,Regular
CUST-3394,Emily Walsh,أنثى,الإسكندرية,New
CUST-3395,Joseph Reid,ذكر,الجيزة,Regular
CUST-3396,Ryan Anderson,ذكر,الجيزة,Regular
CUST-3397,Joshua Williams,أنثى,طنطا,Regular
CUST-3398,George Higgins,أنثى,الإسكندرية,New
CUST-3399,David Perkins,ذكر,الجيزة,New
CUST-3400,Susan Anderson,أنثى,بورسعيد,New
CUST-3401,Steven James,ذكر,الإسكندرية,New
CUST-3402,Mark Tapia,أنثى,القاهرة,VIP
CUST-3403,Matthew Pineda,ذكر,الجيزة,Regular
CUST-3404,Bradley Cohen,أنثى,الإسكندرية,VIP
CUST-3405,Ralph Rodgers,أنثى,الجيزة,Regular
CUST-3406,Jeffrey Meyer,ذكر,المنصورة,Regular
CUST-3407,John Black,أنثى,بورسعيد,Regular
CUST-3408,Michelle Flores,ذكر,طنطا,New
CUST-3409,Gerald Mckee,ذكر,القاهرة,Regular
CUST-3410,Sherry Howard,ذكر,بورسعيد,Regular
CUST-3411,Nathan Holland,أنثى,بورسعيد,Regular
CUST-3412,Justin Smith,أنثى,بورسعيد,Regular
CUST-3413,Tara Jackson,ذكر,الإسكندرية,Regular
CUST-3414,Jessica Murray,ذكر,القاهرة,VIP
CUST-3415,Ronald Durham,ذكر,طنطا,New
CUST-3416,Kelly Parker,ذكر,الإسكندرية,VIP
CUST-3417,Kathy Griffin,أنثى,القاهرة,Regular
CUST-3418,Tim Barron,أنثى,الإسكندرية,Regular
CUST-3419,Bryan Barton,ذكر,الإسكندرية,Regular
CUST-3420,Leslie Harper,أنثى,طنطا,Regular
CUST-3421,Nathan Taylor,ذكر,بورسعيد,New
CUST-3422,Wendy Bailey,أنثى,بورسعيد,VIP
CUST-3423,Makayla Gonzalez,أنثى,طنطا,Regular
CUST-3424,Mr. Jeffrey Hernandez,ذكر,الجيزة,New
CUST-3425,Michael Massey,ذكر,الإسكندرية,New
CUST-3426,Brittany Powell,ذكر,طنطا,New
CUST-3427,Jenny Suarez,ذكر,بورسعيد,Regular
CUST-3428,Rebecca Castro,أنثى,الإسكندرية,New
CUST-3429,Melissa Ross,أنثى,الجيزة,Regular
CUST-3430,Sarah Vega,أنثى,بورسعيد,New
CUST-3431,Erika Calderon,ذكر,الإسكندرية,Regular
CUST-3432,Daniel Mcneil,أنثى,الإسكندرية,Regular
CUST-3433,Nicholas Branch,ذكر,طنطا,New
CUST-3434,Rebecca Murray,أنثى,طنطا,New
CUST-3435,Julie Wilson MD,أنثى,الإسكندرية,New
CUST-3436,Amanda Flores,ذكر,المنصورة,New
CUST-3437,Lori Collins,أنثى,طنطا,New
CUST-3438,Katrina Castaneda,ذكر,المنصورة,New
CUST-3439,Kelly Lucas,ذكر,المنصورة,New
CUST-3440,Andrea Horton,أنثى,الجيزة,New
CUST-3441,Michael Riley,أنثى,بورسعيد,Regular
CUST-3442,Nicholas Hobbs,ذكر,الإسكندرية,New
CUST-3443,Timothy Mack,أنثى,المنصورة,New
CUST-3444,Mary Ford,ذكر,القاهرة,New
CUST-3445,Karla Griffith,أنثى,بورسعيد,Regular
CUST-3446,Lauren Smith,أنثى,بورسعيد,Regular
CUST-3447,Helen Hayes,أنثى,الجيزة,Regular
CUST-3448,Aaron Wells,أنثى,بورسعيد,Regular
CUST-3449,Jonathan Olson,ذكر,القاهرة,Regular
CUST-3450,Robert Hughes,أنثى,طنطا,New
CUST-3451,Elizabeth Robinson,ذكر,الجيزة,Regular
CUST-3452,Joseph Jackson,أنثى,طنطا,Regular
CUST-3453,Lisa Lee,أنثى,المنصورة,Regular
CUST-3454,Kara Abbott,أنثى,القاهرة,Regular
CUST-3455,Christine Davis,ذكر,الجيزة,Regular
CUST-3456,Matthew Ortiz,ذكر,الإسكندرية,VIP
CUST-3457,Sara Norris,ذكر,المنصورة,Regular
CUST-3458,Gwendolyn Ramos,أنثى,الإسكندرية,Regular
CUST-3459,Cathy Sanchez,أنثى,القاهرة,Regular
CUST-3460,Melissa Moore,ذكر,بورسعيد,Regular
CUST-3461,Cindy Williams,أنثى,طنطا,New
CUST-3462,Samuel Johnson,أنثى,طنطا,New
CUST-3463,Isabella Gonzalez,ذكر,المنصورة,Regular
CUST-3464,Anthony Briggs,ذكر,المنصورة,New
CUST-3465,Samantha Clarke,أنثى,المنصورة,Regular
CUST-3466,Gregory Mathis,ذكر,طنطا,Regular
CUST-3467,Melissa Evans,ذكر,المنصورة,Regular
CUST-3468,Adam Parsons,ذكر,طنطا,Regular
CUST-3469,Robin Lopez,ذكر,بورسعيد,Regular
CUST-3470,Michelle Rodriguez,أنثى,طنطا,VIP
CUST-3471,Tara Contreras,أنثى,الجيزة,Regular
CUST-3472,Todd Lowe,ذكر,طنطا,New
CUST-3473,Scott Gordon,ذكر,المنصورة,New
CUST-3474,Michael Neal,أنثى,طنطا,New
CUST-3475,Samuel Kim,ذكر,المنصورة,VIP
CUST-3476,Patrick Poole,أنثى,الإسكندرية,Regular
CUST-3477,Jennifer Ellis,ذكر,بورسعيد,Regular
CUST-3478,Theodore Newman,أنثى,المنصورة,Regular
CUST-3479,Timothy West,أنثى,المنصورة,Regular
CUST-3480,Marcus Williams,ذكر,الإسكندرية,VIP
CUST-3481,David Delacruz,أنثى,الجيزة,Regular
CUST-3482,Sabrina Flynn,أنثى,المنصورة,Regular
CUST-3483,Devin Brooks,ذكر,الإسكندرية,Regular
CUST-3484,Sarah Martin,أنثى,القاهرة,Regular
CUST-3485,Cory Rodriguez,أنثى,الجيزة,New
CUST-3486,James Lawson,ذكر,المنصورة,Regular
CUST-3487,Brooke Blevins,أنثى,الجيزة,New
CUST-3488,Michael Castillo,أنثى,المنصورة,VIP
CUST-3489,Edwin Francis,ذكر,طنطا,Regular
CUST-3490,Tonya Mathews,ذكر,طنطا,Regular
CUST-3491,Philip Lewis,ذكر,طنطا,Regular
CUST-3492,Richard Price,أنثى,الجيزة,Regular
CUST-3493,Randy Gonzalez,ذكر,الجيزة,Regular
CUST-3494,John Morris,ذكر,طنطا,New
CUST-3495,Michele Vincent,أنثى,القاهرة,Regular
CUST-3496,David Cobb,ذكر,الإسكندرية,VIP
CUST-3497,Elizabeth Sanders,ذكر,بورسعيد,Regular
CUST-3498,Christopher Owens,أنثى,المنصورة,Regular
CUST-3499,Caroline Berry,أنثى,القاهرة,Regular
CUST-3500,Marie Davis,ذكر,طنطا,New
