RecordID,EmployeeID,Date,AbsentDays,OvertimeHours,MonthlyBonus,Deductions
1,EMP-2001,2024-01-01,0,18,225.0,0.0
2,EMP-2003,2024-01-01,3,0,0.0,99.5
3,EMP-2004,2024-01-01,0,15,187.5,0.0
4,EMP-2005,2024-01-01,0,6,75.0,0.0
5,EMP-2006,2024-01-01,0,20,250.0,0.0
6,EMP-2008,2024-01-01,0,14,175.0,0.0
7,EMP-2010,2024-01-01,0,7,87.5,0.0
8,EMP-2011,2024-01-01,3,0,0.0,134.2
9,EMP-2012,2024-01-01,3,0,0.0,97.1
10,EMP-2014,2024-01-01,0,16,200.0,0.0
11,EMP-2015,2024-01-01,1,0,0.0,57.33
12,EMP-2016,2024-01-01,0,18,225.0,0.0
13,EMP-2017,2024-01-01,0,10,125.0,0.0
14,EMP-2018,2024-01-01,0,20,250.0,0.0
15,EMP-2019,2024-01-01,0,6,75.0,0.0
16,EMP-2020,2024-01-01,0,13,162.5,0.0
17,EMP-2024,2024-01-01,0,0,0.0,0.0
18,EMP-2025,2024-01-01,3,0,0.0,90.3
19,EMP-2026,2024-01-01,0,4,50.0,0.0
20,EMP-2027,2024-01-01,0,6,75.0,0.0
21,EMP-2028,2024-01-01,0,10,125.0,0.0
22,EMP-2029,2024-01-01,0,2,25.0,0.0
23,EMP-2030,2024-01-01,0,14,175.0,0.0
24,EMP-2031,2024-01-01,1,0,0.0,145.57
25,EMP-2032,2024-01-01,0,5,62.5,0.0
26,EMP-2034,2024-01-01,0,15,187.5,0.0
27,EMP-2036,2024-01-01,0,20,250.0,0.0
28,EMP-2037,2024-01-01,0,9,112.5,0.0
29,EMP-2039,2024-01-01,0,16,200.0,0.0
30,EMP-2040,2024-01-01,0,0,0.0,0.0
31,EMP-2041,2024-01-01,0,5,62.5,0.0
32,EMP-2042,2024-01-01,0,4,50.0,0.0
33,EMP-2043,2024-01-01,0,4,50.0,0.0
34,EMP-2044,2024-01-01,0,13,162.5,0.0
35,EMP-2047,2024-01-01,0,17,212.5,0.0
36,EMP-2049,2024-01-01,0,14,175.0,0.0
37,EMP-2050,2024-01-01,1,0,0.0,45.2
38,EMP-2051,2024-01-01,3,0,0.0,121.8
39,EMP-2052,2024-01-01,2,0,0.0,211.67
40,EMP-2053,2024-01-01,5,0,0.0,179.0
41,EMP-2055,2024-01-01,0,7,87.5,0.0
42,EMP-2056,2024-01-01,0,15,187.5,0.0
43,EMP-2057,2024-01-01,0,17,212.5,0.0
44,EMP-2058,2024-01-01,0,20,250.0,0.0
45,EMP-2059,2024-01-01,2,0,0.0,90.87
46,EMP-2060,2024-01-01,1,0,0.0,29.3
47,EMP-2061,2024-01-01,0,19,237.5,0.0
48,EMP-2062,2024-01-01,5,0,0.0,218.0
49,EMP-2063,2024-01-01,1,0,0.0,54.8
50,EMP-2064,2024-01-01,0,13,162.5,0.0
51,EMP-2065,2024-01-01,2,0,0.0,112.2
52,EMP-2066,2024-01-01,1,0,0.0,117.4
53,EMP-2069,2024-01-01,1,0,0.0,30.8
54,EMP-2070,2024-01-01,0,10,125.0,0.0
55,EMP-2071,2024-01-01,0,6,75.0,0.0
56,EMP-2072,2024-01-01,0,8,100.0,0.0
57,EMP-2073,2024-01-01,0,1,12.5,0.0
58,EMP-2074,2024-01-01,0,13,162.5,0.0
59,EMP-2075,2024-01-01,0,0,0.0,0.0
60,EMP-2076,2024-01-01,1,0,0.0,27.37
61,EMP-2078,2024-01-01,0,5,62.5,0.0
62,EMP-2081,2024-01-01,1,0,0.0,57.93
63,EMP-2082,2024-01-01,0,0,0.0,0.0
64,EMP-2083,2024-01-01,0,15,187.5,0.0
65,EMP-2084,2024-01-01,0,7,87.5,0.0
66,EMP-2085,2024-01-01,0,18,225.0,0.0
67,EMP-2086,2024-01-01,0,14,175.0,0.0
68,EMP-2087,2024-01-01,0,4,50.0,0.0
69,EMP-2089,2024-01-01,0,18,225.0,0.0
70,EMP-2090,2024-01-01,0,8,100.0,0.0
71,EMP-2091,2024-01-01,2,0,0.0,242.6
72,EMP-2093,2024-01-01,0,20,250.0,0.0
73,EMP-2094,2024-01-01,0,3,37.5,0.0
74,EMP-2095,2024-01-01,0,17,212.5,0.0
75,EMP-2096,2024-01-01,3,0,0.0,109.3
76,EMP-2098,2024-01-01,0,14,175.0,0.0
77,EMP-2101,2024-01-01,0,18,225.0,0.0
78,EMP-2102,2024-01-01,0,0,0.0,0.0
79,EMP-2103,2024-01-01,1,0,0.0,30.73
80,EMP-2104,2024-01-01,0,5,62.5,0.0
81,EMP-2105,2024-01-01,0,9,112.5,0.0
82,EMP-2107,2024-01-01,2,0,0.0,60.53
83,EMP-2108,2024-01-01,0,8,100.0,0.0
84,EMP-2109,2024-01-01,3,0,0.0,154.1
85,EMP-2110,2024-01-01,1,0,0.0,117.03
86,EMP-2112,2024-01-01,0,0,0.0,0.0
87,EMP-2113,2024-01-01,0,1,12.5,0.0
88,EMP-2115,2024-01-01,0,2,25.0,0.0
89,EMP-2116,2024-01-01,2,0,0.0,64.27
90,EMP-2117,2024-01-01,0,15,187.5,0.0
91,EMP-2120,2024-01-01,3,0,0.0,149.4
92,EMP-2121,2024-01-01,0,7,87.5,0.0
93,EMP-2122,2024-01-01,0,9,112.5,0.0
94,EMP-2123,2024-01-01,0,5,62.5,0.0
95,EMP-2124,2024-01-01,0,18,225.0,0.0
96,EMP-2127,2024-01-01,0,12,150.0,0.0
97,EMP-2129,2024-01-01,0,11,137.5,0.0
98,EMP-2130,2024-01-01,1,0,0.0,45.0
99,EMP-2131,2024-01-01,0,9,112.5,0.0
100,EMP-2133,2024-01-01,0,3,37.5,0.0
101,EMP-2136,2024-01-01,1,0,0.0,70.8
102,EMP-2137,2024-01-01,0,12,150.0,0.0
103,EMP-2139,2024-01-01,0,20,250.0,0.0
104,EMP-2142,2024-01-01,0,9,112.5,0.0
105,EMP-2143,2024-01-01,0,11,137.5,0.0
106,EMP-2144,2024-01-01,0,2,25.0,0.0
107,EMP-2145,2024-01-01,0,8,100.0,0.0
108,EMP-2147,2024-01-01,0,2,25.0,0.0
109,EMP-2148,2024-01-01,0,9,112.5,0.0
110,EMP-2149,2024-01-01,0,9,112.5,0.0
111,EMP-2150,2024-01-01,0,13,162.5,0.0
112,EMP-2151,2024-01-01,0,19,237.5,0.0
113,EMP-2152,2024-01-01,0,0,0.0,0.0
114,EMP-2156,2024-01-01,0,10,125.0,0.0
115,EMP-2157,2024-01-01,0,16,200.0,0.0
116,EMP-2158,2024-01-01,1,0,0.0,53.9
117,EMP-2159,2024-01-01,0,13,162.5,0.0
118,EMP-2160,2024-01-01,0,3,37.5,0.0
119,EMP-2161,2024-01-01,0,15,187.5,0.0
120,EMP-2164,2024-01-01,0,8,100.0,0.0
121,EMP-2165,2024-01-01,0,2,25.0,0.0
122,EMP-2167,2024-01-01,0,10,125.0,0.0
123,EMP-2168,2024-01-01,1,0,0.0,44.7
124,EMP-2170,2024-01-01,0,12,150.0,0.0
125,EMP-2171,2024-01-01,0,6,75.0,0.0
126,EMP-2172,2024-01-01,0,9,112.5,0.0
127,EMP-2173,2024-01-01,0,6,75.0,0.0
128,EMP-2174,2024-01-01,1,0,0.0,118.1
129,EMP-2175,2024-01-01,0,6,75.0,0.0
130,EMP-2177,2024-01-01,0,15,187.5,0.0
131,EMP-2178,2024-01-01,0,1,12.5,0.0
132,EMP-2180,2024-01-01,1,0,0.0,36.43
133,EMP-2181,2024-01-01,0,8,100.0,0.0
134,EMP-2182,2024-01-01,0,4,50.0,0.0
135,EMP-2183,2024-01-01,1,0,0.0,35.7
136,EMP-2184,2024-01-01,0,10,125.0,0.0
137,EMP-2185,2024-01-01,0,6,75.0,0.0
138,EMP-2186,2024-01-01,1,0,0.0,35.3
139,EMP-2187,2024-01-01,0,13,162.5,0.0
140,EMP-2188,2024-01-01,0,7,87.5,0.0
141,EMP-2189,2024-01-01,1,0,0.0,99.8
142,EMP-2190,2024-01-01,0,14,175.0,0.0
143,EMP-2191,2024-01-01,0,0,0.0,0.0
144,EMP-2192,2024-01-01,0,3,37.5,0.0
145,EMP-2194,2024-01-01,1,0,0.0,51.73
146,EMP-2197,2024-01-01,0,11,137.5,0.0
147,EMP-2198,2024-01-01,1,0,0.0,30.57
148,EMP-2200,2024-01-01,0,12,150.0,0.0
149,EMP-2201,2024-01-01,0,5,62.5,0.0
150,EMP-2203,2024-01-01,0,5,62.5,0.0
151,EMP-2204,2024-01-01,1,0,0.0,121.1
152,EMP-2206,2024-01-01,0,11,137.5,0.0
153,EMP-2208,2024-01-01,0,3,37.5,0.0
154,EMP-2210,2024-01-01,1,0,0.0,31.37
155,EMP-2211,2024-01-01,0,20,250.0,0.0
156,EMP-2212,2024-01-01,1,0,0.0,36.07
157,EMP-2214,2024-01-01,0,17,212.5,0.0
158,EMP-2215,2024-01-01,1,0,0.0,99.57
159,EMP-2216,2024-01-01,0,13,162.5,0.0
160,EMP-2217,2024-01-01,0,14,175.0,0.0
161,EMP-2219,2024-01-01,0,19,237.5,0.0
162,EMP-2220,2024-01-01,0,0,0.0,0.0
163,EMP-2221,2024-01-01,0,9,112.5,0.0
164,EMP-2222,2024-01-01,0,14,175.0,0.0
165,EMP-2223,2024-01-01,0,19,237.5,0.0
166,EMP-2224,2024-01-01,0,10,125.0,0.0
167,EMP-2225,2024-01-01,0,10,125.0,0.0
168,EMP-2226,2024-01-01,2,0,0.0,90.2
169,EMP-2227,2024-01-01,0,10,125.0,0.0
170,EMP-2229,2024-01-01,0,9,112.5,0.0
171,EMP-2230,2024-01-01,0,3,37.5,0.0
172,EMP-2231,2024-01-01,1,0,0.0,59.7
173,EMP-2232,2024-01-01,0,16,200.0,0.0
174,EMP-2233,2024-01-01,2,0,0.0,295.27
175,EMP-2235,2024-01-01,0,6,75.0,0.0
176,EMP-2236,2024-01-01,2,0,0.0,153.47
177,EMP-2237,2024-01-01,0,2,25.0,0.0
178,EMP-2238,2024-01-01,0,20,250.0,0.0
179,EMP-2239,2024-01-01,0,9,112.5,0.0
180,EMP-2240,2024-01-01,0,7,87.5,0.0
181,EMP-2242,2024-01-01,1,0,0.0,30.97
182,EMP-2243,2024-01-01,1,0,0.0,27.93
183,EMP-2245,2024-01-01,0,19,237.5,0.0
184,EMP-2246,2024-01-01,0,10,125.0,0.0
185,EMP-2247,2024-01-01,0,10,125.0,0.0
186,EMP-2248,2024-01-01,0,19,237.5,0.0
187,EMP-2251,2024-01-01,0,13,162.5,0.0
188,EMP-2252,2024-01-01,0,20,250.0,0.0
189,EMP-2253,2024-01-01,0,5,62.5,0.0
190,EMP-2255,2024-01-01,1,0,0.0,85.9
191,EMP-2256,2024-01-01,2,0,0.0,69.6
192,EMP-2257,2024-01-01,0,9,112.5,0.0
193,EMP-2258,2024-01-01,1,0,0.0,47.3
194,EMP-2259,2024-01-01,0,12,150.0,0.0
195,EMP-2260,2024-01-01,0,10,125.0,0.0
196,EMP-2261,2024-01-01,0,5,62.5,0.0
197,EMP-2262,2024-01-01,0,11,137.5,0.0
198,EMP-2263,2024-01-01,0,4,50.0,0.0
199,EMP-2264,2024-01-01,0,14,175.0,0.0
200,EMP-2265,2024-01-01,1,0,0.0,43.1
201,EMP-2266,2024-01-01,0,17,212.5,0.0
202,EMP-2267,2024-01-01,0,20,250.0,0.0
203,EMP-2270,2024-01-01,2,0,0.0,84.2
204,EMP-2271,2024-01-01,0,5,62.5,0.0
205,EMP-2272,2024-01-01,2,0,0.0,79.47
206,EMP-2275,2024-01-01,0,8,100.0,0.0
207,EMP-2276,2024-01-01,1,0,0.0,35.33
208,EMP-2277,2024-01-01,0,10,125.0,0.0
209,EMP-2281,2024-01-01,0,13,162.5,0.0
210,EMP-2283,2024-01-01,0,13,162.5,0.0
211,EMP-2284,2024-01-01,0,4,50.0,0.0
212,EMP-2285,2024-01-01,0,18,225.0,0.0
213,EMP-2286,2024-01-01,2,0,0.0,45.67
214,EMP-2288,2024-01-01,0,13,162.5,0.0
215,EMP-2289,2024-01-01,5,0,0.0,234.0
216,EMP-2290,2024-01-01,2,0,0.0,112.67
217,EMP-2294,2024-01-01,0,1,12.5,0.0
218,EMP-2295,2024-01-01,0,2,25.0,0.0
219,EMP-2297,2024-01-01,2,0,0.0,58.2
220,EMP-2299,2024-01-01,1,0,0.0,48.87
221,EMP-2300,2024-01-01,0,19,237.5,0.0
222,EMP-2301,2024-01-01,1,0,0.0,29.6
223,EMP-2302,2024-01-01,0,14,175.0,0.0
224,EMP-2303,2024-01-01,3,0,0.0,135.0
225,EMP-2304,2024-01-01,0,18,225.0,0.0
226,EMP-2305,2024-01-01,0,8,100.0,0.0
227,EMP-2306,2024-01-01,0,4,50.0,0.0
228,EMP-2307,2024-01-01,0,6,75.0,0.0
229,EMP-2308,2024-01-01,0,16,200.0,0.0
230,EMP-2310,2024-01-01,1,0,0.0,57.6
231,EMP-2311,2024-01-01,0,20,250.0,0.0
232,EMP-2312,2024-01-01,0,18,225.0,0.0
233,EMP-2313,2024-01-01,0,15,187.5,0.0
234,EMP-2314,2024-01-01,0,10,125.0,0.0
235,EMP-2315,2024-01-01,0,1,12.5,0.0
236,EMP-2316,2024-01-01,0,14,175.0,0.0
237,EMP-2317,2024-01-01,1,0,0.0,144.6
238,EMP-2318,2024-01-01,0,20,250.0,0.0
239,EMP-2319,2024-01-01,3,0,0.0,322.2
240,EMP-2320,2024-01-01,0,15,187.5,0.0
241,EMP-2322,2024-01-01,1,0,0.0,48.27
242,EMP-2323,2024-01-01,0,11,137.5,0.0
243,EMP-2324,2024-01-01,2,0,0.0,79.67
244,EMP-2325,2024-01-01,0,11,137.5,0.0
245,EMP-2326,2024-01-01,0,2,25.0,0.0
246,EMP-2327,2024-01-01,0,15,187.5,0.0
247,EMP-2328,2024-01-01,0,19,237.5,0.0
248,EMP-2330,2024-01-01,2,0,0.0,93.27
249,EMP-2333,2024-01-01,0,20,250.0,0.0
250,EMP-2334,2024-01-01,2,0,0.0,170.73
251,EMP-2336,2024-01-01,3,0,0.0,219.7
252,EMP-2337,2024-01-01,1,0,0.0,24.17
253,EMP-2338,2024-01-01,0,17,212.5,0.0
254,EMP-2340,2024-01-01,1,0,0.0,22.03
255,EMP-2342,2024-01-01,0,4,50.0,0.0
256,EMP-2343,2024-01-01,2,0,0.0,262.27
257,EMP-2344,2024-01-01,1,0,0.0,71.13
258,EMP-2345,2024-01-01,0,12,150.0,0.0
259,EMP-2346,2024-01-01,0,4,50.0,0.0
260,EMP-2347,2024-01-01,0,18,225.0,0.0
261,EMP-2350,2024-01-01,2,0,0.0,46.27
262,EMP-2351,2024-01-01,0,18,225.0,0.0
263,EMP-2352,2024-01-01,0,12,150.0,0.0
264,EMP-2356,2024-01-01,0,10,125.0,0.0
265,EMP-2357,2024-01-01,0,19,237.5,0.0
266,EMP-2358,2024-01-01,0,18,225.0,0.0
267,EMP-2359,2024-01-01,0,14,175.0,0.0
268,EMP-2361,2024-01-01,1,0,0.0,22.23
269,EMP-2362,2024-01-01,1,0,0.0,20.93
270,EMP-2364,2024-01-01,0,18,225.0,0.0
271,EMP-2366,2024-01-01,0,2,25.0,0.0
272,EMP-2367,2024-01-01,0,16,200.0,0.0
273,EMP-2368,2024-01-01,0,0,0.0,0.0
274,EMP-2370,2024-01-01,0,17,212.5,0.0
275,EMP-2371,2024-01-01,1,0,0.0,42.33
276,EMP-2373,2024-01-01,1,0,0.0,101.33
277,EMP-2374,2024-01-01,2,0,0.0,50.67
278,EMP-2375,2024-01-01,0,9,112.5,0.0
279,EMP-2376,2024-01-01,0,11,137.5,0.0
280,EMP-2377,2024-01-01,0,18,225.0,0.0
281,EMP-2379,2024-01-01,0,4,50.0,0.0
282,EMP-2382,2024-01-01,0,14,175.0,0.0
283,EMP-2383,2024-01-01,3,0,0.0,175.7
284,EMP-2384,2024-01-01,2,0,0.0,99.53
285,EMP-2385,2024-01-01,1,0,0.0,39.93
286,EMP-2387,2024-01-01,0,6,75.0,0.0
287,EMP-2390,2024-01-01,0,13,162.5,0.0
288,EMP-2392,2024-01-01,1,0,0.0,22.77
289,EMP-2394,2024-01-01,2,0,0.0,53.87
290,EMP-2395,2024-01-01,0,16,200.0,0.0
291,EMP-2396,2024-01-01,1,0,0.0,44.07
292,EMP-2398,2024-01-01,2,0,0.0,76.13
293,EMP-2399,2024-01-01,0,8,100.0,0.0
294,EMP-2402,2024-01-01,1,0,0.0,28.57
295,EMP-2405,2024-01-01,3,0,0.0,116.0
296,EMP-2406,2024-01-01,0,11,137.5,0.0
297,EMP-2407,2024-01-01,1,0,0.0,30.1
298,EMP-2408,2024-01-01,0,6,75.0,0.0
299,EMP-2409,2024-01-01,0,9,112.5,0.0
300,EMP-2410,2024-01-01,1,0,0.0,58.93
301,EMP-2411,2024-01-01,5,0,0.0,238.67
302,EMP-2412,2024-01-01,0,17,212.5,0.0
303,EMP-2413,2024-01-01,0,20,250.0,0.0
304,EMP-2415,2024-01-01,0,16,200.0,0.0
305,EMP-2418,2024-01-01,0,18,225.0,0.0
306,EMP-2420,2024-01-01,0,10,125.0,0.0
307,EMP-2423,2024-01-01,1,0,0.0,38.77
308,EMP-2424,2024-01-01,0,10,125.0,0.0
309,EMP-2425,2024-01-01,0,11,137.5,0.0
310,EMP-2426,2024-01-01,0,9,112.5,0.0
311,EMP-2428,2024-01-01,0,8,100.0,0.0
312,EMP-2429,2024-01-01,0,11,137.5,0.0
313,EMP-2431,2024-01-01,0,0,0.0,0.0
314,EMP-2433,2024-01-01,0,6,75.0,0.0
315,EMP-2434,2024-01-01,1,0,0.0,68.87
316,EMP-2435,2024-01-01,3,0,0.0,433.0
317,EMP-2437,2024-01-01,0,17,212.5,0.0
318,EMP-2438,2024-01-01,2,0,0.0,75.67
319,EMP-2440,2024-01-01,0,8,100.0,0.0
320,EMP-2441,2024-01-01,0,1,12.5,0.0
321,EMP-2442,2024-01-01,0,9,112.5,0.0
322,EMP-2443,2024-01-01,0,15,187.5,0.0
323,EMP-2445,2024-01-01,1,0,0.0,36.37
324,EMP-2446,2024-01-01,0,7,87.5,0.0
325,EMP-2450,2024-01-01,0,8,100.0,0.0
326,EMP-2452,2024-01-01,1,0,0.0,93.53
327,EMP-2453,2024-01-01,0,12,150.0,0.0
328,EMP-2455,2024-01-01,0,0,0.0,0.0
329,EMP-2456,2024-01-01,0,3,37.5,0.0
330,EMP-2457,2024-01-01,1,0,0.0,41.27
331,EMP-2458,2024-01-01,0,17,212.5,0.0
332,EMP-2459,2024-01-01,1,0,0.0,34.93
333,EMP-2461,2024-01-01,0,4,50.0,0.0
334,EMP-2462,2024-01-01,0,19,237.5,0.0
335,EMP-2463,2024-01-01,0,20,250.0,0.0
336,EMP-2464,2024-01-01,1,0,0.0,50.87
337,EMP-2465,2024-01-01,0,0,0.0,0.0
338,EMP-2466,2024-01-01,2,0,0.0,205.2
339,EMP-2469,2024-01-01,1,0,0.0,144.03
340,EMP-2471,2024-01-01,1,0,0.0,118.07
341,EMP-2472,2024-01-01,1,0,0.0,36.7
342,EMP-2475,2024-01-01,3,0,0.0,148.7
343,EMP-2476,2024-01-01,0,13,162.5,0.0
344,EMP-2477,2024-01-01,0,10,125.0,0.0
345,EMP-2478,2024-01-01,5,0,0.0,191.67
346,EMP-2479,2024-01-01,0,6,75.0,0.0
347,EMP-2481,2024-01-01,0,4,50.0,0.0
348,EMP-2482,2024-01-01,0,16,200.0,0.0
349,EMP-2483,2024-01-01,1,0,0.0,129.27
350,EMP-2484,2024-01-01,0,9,112.5,0.0
351,EMP-2486,2024-01-01,0,11,137.5,0.0
352,EMP-2489,2024-01-01,0,2,25.0,0.0
353,EMP-2491,2024-01-01,0,11,137.5,0.0
354,EMP-2492,2024-01-01,1,0,0.0,42.57
355,EMP-2493,2024-01-01,0,17,212.5,0.0
356,EMP-2495,2024-01-01,2,0,0.0,88.4
357,EMP-2496,2024-01-01,0,0,0.0,0.0
358,EMP-2497,2024-01-01,0,15,187.5,0.0
359,EMP-2498,2024-01-01,2,0,0.0,112.2
360,EMP-2499,2024-01-01,0,16,200.0,0.0
361,EMP-2500,2024-01-01,3,0,0.0,378.3
362,EMP-2501,2024-01-01,1,0,0.0,58.87
363,EMP-2502,2024-01-01,0,12,150.0,0.0
364,EMP-2503,2024-01-01,1,0,0.0,21.27
365,EMP-2504,2024-01-01,1,0,0.0,37.9
366,EMP-2505,2024-01-01,0,12,150.0,0.0
367,EMP-2506,2024-01-01,1,0,0.0,54.4
368,EMP-2508,2024-01-01,3,0,0.0,119.4
369,EMP-2511,2024-01-01,0,12,150.0,0.0
370,EMP-2512,2024-01-01,0,16,200.0,0.0
371,EMP-2513,2024-01-01,0,10,125.0,0.0
372,EMP-2514,2024-01-01,1,0,0.0,47.23
373,EMP-2517,2024-01-01,0,18,225.0,0.0
374,EMP-2518,2024-01-01,1,0,0.0,54.67
375,EMP-2520,2024-01-01,0,18,225.0,0.0
376,EMP-2521,2024-01-01,0,7,87.5,0.0
377,EMP-2522,2024-01-01,0,10,125.0,0.0
378,EMP-2524,2024-01-01,0,9,112.5,0.0
379,EMP-2525,2024-01-01,0,8,100.0,0.0
380,EMP-2526,2024-01-01,0,7,87.5,0.0
381,EMP-2527,2024-01-01,0,14,175.0,0.0
382,EMP-2528,2024-01-01,0,16,200.0,0.0
383,EMP-2529,2024-01-01,0,19,237.5,0.0
384,EMP-2531,2024-01-01,0,12,150.0,0.0
385,EMP-2532,2024-01-01,3,0,0.0,65.0
386,EMP-2533,2024-01-01,0,0,0.0,0.0
387,EMP-2534,2024-01-01,0,11,137.5,0.0
388,EMP-2535,2024-01-01,0,19,237.5,0.0
389,EMP-2536,2024-01-01,0,20,250.0,0.0
390,EMP-2538,2024-01-01,0,9,112.5,0.0
391,EMP-2539,2024-01-01,0,17,212.5,0.0
392,EMP-2541,2024-01-01,0,20,250.0,0.0
393,EMP-2543,2024-01-01,0,17,212.5,0.0
394,EMP-2544,2024-01-01,0,7,87.5,0.0
395,EMP-2545,2024-01-01,0,0,0.0,0.0
396,EMP-2546,2024-01-01,0,9,112.5,0.0
397,EMP-2549,2024-01-01,2,0,0.0,52.67
398,EMP-2551,2024-01-01,0,19,237.5,0.0
399,EMP-2553,2024-01-01,1,0,0.0,53.87
400,EMP-2554,2024-01-01,0,15,187.5,0.0
401,EMP-2556,2024-01-01,0,13,162.5,0.0
402,EMP-2557,2024-01-01,0,2,25.0,0.0
403,EMP-2560,2024-01-01,0,0,0.0,0.0
404,EMP-2561,2024-01-01,0,4,50.0,0.0
405,EMP-2562,2024-01-01,0,18,225.0,0.0
406,EMP-2563,2024-01-01,0,3,37.5,0.0
407,EMP-2564,2024-01-01,0,1,12.5,0.0
408,EMP-2565,2024-01-01,2,0,0.0,71.33
409,EMP-2567,2024-01-01,0,11,137.5,0.0
410,EMP-2568,2024-01-01,2,0,0.0,122.0
411,EMP-2570,2024-01-01,0,12,150.0,0.0
412,EMP-2572,2024-01-01,1,0,0.0,51.83
413,EMP-2574,2024-01-01,5,0,0.0,285.5
414,EMP-2575,2024-01-01,3,0,0.0,149.3
415,EMP-2576,2024-01-01,1,0,0.0,21.43
416,EMP-2577,2024-01-01,1,0,0.0,37.1
417,EMP-2578,2024-01-01,0,5,62.5,0.0
418,EMP-2579,2024-01-01,0,20,250.0,0.0
419,EMP-2580,2024-01-01,0,19,237.5,0.0
420,EMP-2581,2024-01-01,0,17,212.5,0.0
421,EMP-2582,2024-01-01,0,10,125.0,0.0
422,EMP-2583,2024-01-01,0,0,0.0,0.0
423,EMP-2584,2024-01-01,0,18,225.0,0.0
424,EMP-2585,2024-01-01,0,8,100.0,0.0
425,EMP-2587,2024-01-01,0,11,137.5,0.0
426,EMP-2588,2024-01-01,1,0,0.0,138.87
427,EMP-2589,2024-01-01,0,0,0.0,0.0
428,EMP-2590,2024-01-01,0,9,112.5,0.0
429,EMP-2594,2024-01-01,0,3,37.5,0.0
430,EMP-2598,2024-01-01,0,5,62.5,0.0
431,EMP-2599,2024-01-01,0,4,50.0,0.0
432,EMP-2001,2024-02-01,1,0,0.0,23.3
433,EMP-2003,2024-02-01,0,17,212.5,0.0
434,EMP-2004,2024-02-01,0,3,37.5,0.0
435,EMP-2005,2024-02-01,0,20,250.0,0.0
436,EMP-2006,2024-02-01,0,1,12.5,0.0
437,EMP-2008,2024-02-01,0,9,112.5,0.0
438,EMP-2010,2024-02-01,3,0,0.0,296.8
439,EMP-2011,2024-02-01,3,0,0.0,134.2
440,EMP-2012,2024-02-01,0,1,12.5,0.0
441,EMP-2014,2024-02-01,0,14,175.0,0.0
442,EMP-2015,2024-02-01,0,15,187.5,0.0
443,EMP-2016,2024-02-01,0,4,50.0,0.0
444,EMP-2017,2024-02-01,2,0,0.0,95.67
445,EMP-2018,2024-02-01,0,13,162.5,0.0
446,EMP-2019,2024-02-01,0,12,150.0,0.0
447,EMP-2020,2024-02-01,0,15,187.5,0.0
448,EMP-2024,2024-02-01,1,0,0.0,94.7
449,EMP-2025,2024-02-01,0,14,175.0,0.0
450,EMP-2026,2024-02-01,1,0,0.0,21.6
451,EMP-2027,2024-02-01,0,2,25.0,0.0
452,EMP-2028,2024-02-01,0,12,150.0,0.0
453,EMP-2029,2024-02-01,1,0,0.0,40.27
454,EMP-2030,2024-02-01,2,0,0.0,47.0
455,EMP-2031,2024-02-01,1,0,0.0,145.57
456,EMP-2032,2024-02-01,0,19,237.5,0.0
457,EMP-2034,2024-02-01,0,20,250.0,0.0
458,EMP-2036,2024-02-01,0,1,12.5,0.0
459,EMP-2037,2024-02-01,0,1,12.5,0.0
460,EMP-2039,2024-02-01,1,0,0.0,54.87
461,EMP-2040,2024-02-01,0,19,237.5,0.0
462,EMP-2041,2024-02-01,0,5,62.5,0.0
463,EMP-2042,2024-02-01,0,9,112.5,0.0
464,EMP-2043,2024-02-01,0,0,0.0,0.0
465,EMP-2044,2024-02-01,2,0,0.0,62.6
466,EMP-2047,2024-02-01,0,19,237.5,0.0
467,EMP-2049,2024-02-01,1,0,0.0,55.87
468,EMP-2050,2024-02-01,0,2,25.0,0.0
469,EMP-2051,2024-02-01,0,0,0.0,0.0
470,EMP-2052,2024-02-01,0,7,87.5,0.0
471,EMP-2053,2024-02-01,1,0,0.0,35.8
472,EMP-2055,2024-02-01,0,13,162.5,0.0
473,EMP-2056,2024-02-01,0,0,0.0,0.0
474,EMP-2057,2024-02-01,0,20,250.0,0.0
475,EMP-2058,2024-02-01,5,0,0.0,136.5
476,EMP-2059,2024-02-01,0,3,37.5,0.0
477,EMP-2060,2024-02-01,0,7,87.5,0.0
478,EMP-2061,2024-02-01,0,3,37.5,0.0
479,EMP-2062,2024-02-01,3,0,0.0,130.8
480,EMP-2063,2024-02-01,1,0,0.0,54.8
481,EMP-2064,2024-02-01,0,11,137.5,0.0
482,EMP-2065,2024-02-01,0,10,125.0,0.0
483,EMP-2066,2024-02-01,0,18,225.0,0.0
484,EMP-2069,2024-02-01,0,11,137.5,0.0
485,EMP-2070,2024-02-01,2,0,0.0,88.93
486,EMP-2071,2024-02-01,0,8,100.0,0.0
487,EMP-2072,2024-02-01,0,12,150.0,0.0
488,EMP-2073,2024-02-01,1,0,0.0,60.03
489,EMP-2074,2024-02-01,1,0,0.0,70.83
490,EMP-2075,2024-02-01,0,13,162.5,0.0
491,EMP-2076,2024-02-01,0,4,50.0,0.0
492,EMP-2078,2024-02-01,0,2,25.0,0.0
493,EMP-2081,2024-02-01,0,8,100.0,0.0
494,EMP-2082,2024-02-01,0,15,187.5,0.0
495,EMP-2083,2024-02-01,0,13,162.5,0.0
496,EMP-2084,2024-02-01,1,0,0.0,36.1
497,EMP-2085,2024-02-01,0,12,150.0,0.0
498,EMP-2086,2024-02-01,0,12,150.0,0.0
499,EMP-2087,2024-02-01,0,14,175.0,0.0
500,EMP-2089,2024-02-01,0,19,237.5,0.0
501,EMP-2090,2024-02-01,0,15,187.5,0.0
502,EMP-2091,2024-02-01,0,13,162.5,0.0
503,EMP-2093,2024-02-01,2,0,0.0,43.2
504,EMP-2094,2024-02-01,0,9,112.5,0.0
505,EMP-2095,2024-02-01,1,0,0.0,56.77
506,EMP-2096,2024-02-01,0,8,100.0,0.0
507,EMP-2098,2024-02-01,1,0,0.0,47.33
508,EMP-2101,2024-02-01,1,0,0.0,27.5
509,EMP-2102,2024-02-01,0,7,87.5,0.0
510,EMP-2103,2024-02-01,0,15,187.5,0.0
511,EMP-2104,2024-02-01,0,1,12.5,0.0
512,EMP-2105,2024-02-01,0,4,50.0,0.0
513,EMP-2106,2024-02-01,0,2,25.0,0.0
514,EMP-2107,2024-02-01,0,16,200.0,0.0
515,EMP-2108,2024-02-01,0,0,0.0,0.0
516,EMP-2109,2024-02-01,2,0,0.0,102.73
517,EMP-2110,2024-02-01,1,0,0.0,117.03
518,EMP-2112,2024-02-01,0,15,187.5,0.0
519,EMP-2113,2024-02-01,0,10,125.0,0.0
520,EMP-2115,2024-02-01,0,13,162.5,0.0
521,EMP-2116,2024-02-01,1,0,0.0,32.13
522,EMP-2117,2024-02-01,0,20,250.0,0.0
523,EMP-2120,2024-02-01,2,0,0.0,99.6
524,EMP-2121,2024-02-01,0,14,175.0,0.0
525,EMP-2122,2024-02-01,0,11,137.5,0.0
526,EMP-2123,2024-02-01,0,0,0.0,0.0
527,EMP-2124,2024-02-01,0,14,175.0,0.0
528,EMP-2127,2024-02-01,0,9,112.5,0.0
529,EMP-2129,2024-02-01,0,9,112.5,0.0
530,EMP-2130,2024-02-01,0,15,187.5,0.0
531,EMP-2131,2024-02-01,0,11,137.5,0.0
532,EMP-2133,2024-02-01,0,19,237.5,0.0
533,EMP-2136,2024-02-01,0,9,112.5,0.0
534,EMP-2137,2024-02-01,0,10,125.0,0.0
535,EMP-2139,2024-02-01,0,19,237.5,0.0
536,EMP-2142,2024-02-01,0,12,150.0,0.0
537,EMP-2143,2024-02-01,0,18,225.0,0.0
538,EMP-2144,2024-02-01,0,4,50.0,0.0
539,EMP-2145,2024-02-01,0,5,62.5,0.0
540,EMP-2146,2024-02-01,1,0,0.0,51.7
541,EMP-2147,2024-02-01,0,20,250.0,0.0
542,EMP-2148,2024-02-01,0,2,25.0,0.0
543,EMP-2149,2024-02-01,2,0,0.0,272.0
544,EMP-2150,2024-02-01,0,7,87.5,0.0
545,EMP-2151,2024-02-01,1,0,0.0,35.17
546,EMP-2152,2024-02-01,0,11,137.5,0.0
547,EMP-2156,2024-02-01,0,12,150.0,0.0
548,EMP-2157,2024-02-01,0,16,200.0,0.0
549,EMP-2158,2024-02-01,0,20,250.0,0.0
550,EMP-2159,2024-02-01,0,3,37.5,0.0
551,EMP-2160,2024-02-01,2,0,0.0,154.2
552,EMP-2161,2024-02-01,5,0,0.0,265.0
553,EMP-2164,2024-02-01,0,10,125.0,0.0
554,EMP-2165,2024-02-01,0,5,62.5,0.0
555,EMP-2167,2024-02-01,0,8,100.0,0.0
556,EMP-2168,2024-02-01,1,0,0.0,44.7
557,EMP-2170,2024-02-01,1,0,0.0,98.97
558,EMP-2171,2024-02-01,0,19,237.5,0.0
559,EMP-2172,2024-02-01,1,0,0.0,112.4
560,EMP-2173,2024-02-01,0,9,112.5,0.0
561,EMP-2174,2024-02-01,0,18,225.0,0.0
562,EMP-2175,2024-02-01,0,7,87.5,0.0
563,EMP-2177,2024-02-01,2,0,0.0,261.27
564,EMP-2178,2024-02-01,0,16,200.0,0.0
565,EMP-2180,2024-02-01,0,8,100.0,0.0
566,EMP-2181,2024-02-01,0,0,0.0,0.0
567,EMP-2182,2024-02-01,1,0,0.0,126.43
568,EMP-2183,2024-02-01,0,14,175.0,0.0
569,EMP-2184,2024-02-01,3,0,0.0,132.3
570,EMP-2185,2024-02-01,2,0,0.0,114.67
571,EMP-2186,2024-02-01,0,4,50.0,0.0
572,EMP-2187,2024-02-01,0,20,250.0,0.0
573,EMP-2188,2024-02-01,2,0,0.0,159.6
574,EMP-2189,2024-02-01,0,18,225.0,0.0
575,EMP-2190,2024-02-01,0,0,0.0,0.0
576,EMP-2191,2024-02-01,0,3,37.5,0.0
577,EMP-2192,2024-02-01,0,13,162.5,0.0
578,EMP-2194,2024-02-01,0,2,25.0,0.0
579,EMP-2195,2024-02-01,0,20,250.0,0.0
580,EMP-2197,2024-02-01,0,12,150.0,0.0
581,EMP-2198,2024-02-01,0,13,162.5,0.0
582,EMP-2200,2024-02-01,0,1,12.5,0.0
583,EMP-2201,2024-02-01,0,4,50.0,0.0
584,EMP-2203,2024-02-01,0,0,0.0,0.0
585,EMP-2204,2024-02-01,3,0,0.0,363.3
586,EMP-2206,2024-02-01,0,0,0.0,0.0
587,EMP-2208,2024-02-01,1,0,0.0,105.43
588,EMP-2210,2024-02-01,0,10,125.0,0.0
589,EMP-2211,2024-02-01,0,2,25.0,0.0
590,EMP-2212,2024-02-01,0,7,87.5,0.0
591,EMP-2214,2024-02-01,3,0,0.0,166.4
592,EMP-2215,2024-02-01,0,11,137.5,0.0
593,EMP-2216,2024-02-01,0,0,0.0,0.0
594,EMP-2217,2024-02-01,1,0,0.0,23.43
595,EMP-2219,2024-02-01,1,0,0.0,130.6
596,EMP-2220,2024-02-01,0,6,75.0,0.0
597,EMP-2221,2024-02-01,0,11,137.5,0.0
598,EMP-2222,2024-02-01,0,15,187.5,0.0
599,EMP-2223,2024-02-01,1,0,0.0,52.47
600,EMP-2224,2024-02-01,0,6,75.0,0.0
601,EMP-2225,2024-02-01,3,0,0.0,113.7
602,EMP-2226,2024-02-01,0,5,62.5,0.0
603,EMP-2227,2024-02-01,0,18,225.0,0.0
604,EMP-2229,2024-02-01,5,0,0.0,722.0
605,EMP-2230,2024-02-01,0,0,0.0,0.0
606,EMP-2231,2024-02-01,1,0,0.0,59.7
607,EMP-2232,2024-02-01,0,8,100.0,0.0
608,EMP-2233,2024-02-01,0,3,37.5,0.0
609,EMP-2234,2024-02-01,0,17,212.5,0.0
610,EMP-2235,2024-02-01,2,0,0.0,265.4
611,EMP-2236,2024-02-01,0,1,12.5,0.0
612,EMP-2237,2024-02-01,3,0,0.0,161.0
613,EMP-2238,2024-02-01,0,6,75.0,0.0
614,EMP-2239,2024-02-01,3,0,0.0,130.6
615,EMP-2240,2024-02-01,0,8,100.0,0.0
616,EMP-2242,2024-02-01,0,8,100.0,0.0
617,EMP-2243,2024-02-01,0,6,75.0,0.0
618,EMP-2245,2024-02-01,3,0,0.0,126.1
619,EMP-2246,2024-02-01,0,1,12.5,0.0
620,EMP-2247,2024-02-01,0,19,237.5,0.0
621,EMP-2248,2024-02-01,2,0,0.0,237.33
622,EMP-2251,2024-02-01,0,0,0.0,0.0
623,EMP-2252,2024-02-01,2,0,0.0,106.13
624,EMP-2253,2024-02-01,0,5,62.5,0.0
625,EMP-2255,2024-02-01,1,0,0.0,85.9
626,EMP-2256,2024-02-01,0,12,150.0,0.0
627,EMP-2257,2024-02-01,0,18,225.0,0.0
628,EMP-2258,2024-02-01,0,2,25.0,0.0
629,EMP-2259,2024-02-01,0,2,25.0,0.0
630,EMP-2260,2024-02-01,0,3,37.5,0.0
631,EMP-2261,2024-02-01,2,0,0.0,63.67
632,EMP-2262,2024-02-01,0,1,12.5,0.0
633,EMP-2263,2024-02-01,0,5,62.5,0.0
634,EMP-2264,2024-02-01,0,13,162.5,0.0
635,EMP-2265,2024-02-01,0,2,25.0,0.0
636,EMP-2266,2024-02-01,3,0,0.0,103.7
637,EMP-2267,2024-02-01,0,20,250.0,0.0
638,EMP-2268,2024-02-01,0,15,187.5,0.0
639,EMP-2270,2024-02-01,1,0,0.0,42.1
640,EMP-2271,2024-02-01,0,18,225.0,0.0
641,EMP-2272,2024-02-01,0,2,25.0,0.0
642,EMP-2275,2024-02-01,0,9,112.5,0.0
643,EMP-2276,2024-02-01,0,0,0.0,0.0
644,EMP-2277,2024-02-01,0,0,0.0,0.0
645,EMP-2281,2024-02-01,2,0,0.0,77.27
646,EMP-2283,2024-02-01,2,0,0.0,98.33
647,EMP-2284,2024-02-01,0,4,50.0,0.0
648,EMP-2285,2024-02-01,1,0,0.0,49.37
649,EMP-2286,2024-02-01,0,12,150.0,0.0
650,EMP-2288,2024-02-01,3,0,0.0,154.5
651,EMP-2289,2024-02-01,1,0,0.0,46.8
652,EMP-2290,2024-02-01,0,4,50.0,0.0
653,EMP-2291,2024-02-01,1,0,0.0,147.17
654,EMP-2294,2024-02-01,0,12,150.0,0.0
655,EMP-2295,2024-02-01,2,0,0.0,116.47
656,EMP-2297,2024-02-01,3,0,0.0,87.3
657,EMP-2299,2024-02-01,0,15,187.5,0.0
658,EMP-2300,2024-02-01,1,0,0.0,132.07
659,EMP-2301,2024-02-01,0,19,237.5,0.0
660,EMP-2302,2024-02-01,1,0,0.0,118.27
661,EMP-2303,2024-02-01,2,0,0.0,90.0
662,EMP-2304,2024-02-01,0,13,162.5,0.0
663,EMP-2305,2024-02-01,0,20,250.0,0.0
664,EMP-2306,2024-02-01,1,0,0.0,25.3
665,EMP-2307,2024-02-01,0,10,125.0,0.0
666,EMP-2308,2024-02-01,0,17,212.5,0.0
667,EMP-2310,2024-02-01,0,19,237.5,0.0
668,EMP-2311,2024-02-01,0,13,162.5,0.0
669,EMP-2312,2024-02-01,2,0,0.0,86.93
670,EMP-2313,2024-02-01,0,19,237.5,0.0
671,EMP-2314,2024-02-01,0,16,200.0,0.0
672,EMP-2315,2024-02-01,0,11,137.5,0.0
673,EMP-2316,2024-02-01,2,0,0.0,94.67
674,EMP-2317,2024-02-01,3,0,0.0,433.8
675,EMP-2318,2024-02-01,0,3,37.5,0.0
676,EMP-2319,2024-02-01,0,3,37.5,0.0
677,EMP-2320,2024-02-01,0,5,62.5,0.0
678,EMP-2322,2024-02-01,1,0,0.0,48.27
679,EMP-2323,2024-02-01,0,15,187.5,0.0
680,EMP-2324,2024-02-01,0,6,75.0,0.0
681,EMP-2325,2024-02-01,0,20,250.0,0.0
682,EMP-2326,2024-02-01,0,15,187.5,0.0
683,EMP-2327,2024-02-01,0,6,75.0,0.0
684,EMP-2328,2024-02-01,0,7,87.5,0.0
685,EMP-2330,2024-02-01,0,7,87.5,0.0
686,EMP-2333,2024-02-01,0,18,225.0,0.0
687,EMP-2334,2024-02-01,0,20,250.0,0.0
688,EMP-2335,2024-02-01,1,0,0.0,22.87
689,EMP-2336,2024-02-01,0,16,200.0,0.0
690,EMP-2337,2024-02-01,0,5,62.5,0.0
691,EMP-2338,2024-02-01,0,10,125.0,0.0
692,EMP-2340,2024-02-01,0,9,112.5,0.0
693,EMP-2342,2024-02-01,0,5,62.5,0.0
694,EMP-2343,2024-02-01,1,0,0.0,131.13
695,EMP-2344,2024-02-01,0,17,212.5,0.0
696,EMP-2345,2024-02-01,0,18,225.0,0.0
697,EMP-2346,2024-02-01,0,17,212.5,0.0
698,EMP-2347,2024-02-01,5,0,0.0,282.0
699,EMP-2350,2024-02-01,0,18,225.0,0.0
700,EMP-2351,2024-02-01,0,12,150.0,0.0
701,EMP-2352,2024-02-01,3,0,0.0,168.7
702,EMP-2356,2024-02-01,0,6,75.0,0.0
703,EMP-2357,2024-02-01,1,0,0.0,59.73
704,EMP-2358,2024-02-01,1,0,0.0,36.43
705,EMP-2359,2024-02-01,0,5,62.5,0.0
706,EMP-2361,2024-02-01,0,15,187.5,0.0
707,EMP-2362,2024-02-01,0,10,125.0,0.0
708,EMP-2364,2024-02-01,0,3,37.5,0.0
709,EMP-2366,2024-02-01,0,17,212.5,0.0
710,EMP-2367,2024-02-01,1,0,0.0,56.43
711,EMP-2368,2024-02-01,0,19,237.5,0.0
712,EMP-2370,2024-02-01,0,17,212.5,0.0
713,EMP-2371,2024-02-01,0,17,212.5,0.0
714,EMP-2373,2024-02-01,0,17,212.5,0.0
715,EMP-2374,2024-02-01,0,2,25.0,0.0
716,EMP-2375,2024-02-01,2,0,0.0,115.67
717,EMP-2376,2024-02-01,0,9,112.5,0.0
718,EMP-2377,2024-02-01,0,0,0.0,0.0
719,EMP-2379,2024-02-01,0,11,137.5,0.0
720,EMP-2382,2024-02-01,0,6,75.0,0.0
721,EMP-2383,2024-02-01,1,0,0.0,58.57
722,EMP-2384,2024-02-01,0,9,112.5,0.0
723,EMP-2385,2024-02-01,0,12,150.0,0.0
724,EMP-2387,2024-02-01,0,3,37.5,0.0
725,EMP-2390,2024-02-01,0,5,62.5,0.0
726,EMP-2392,2024-02-01,3,0,0.0,68.3
727,EMP-2394,2024-02-01,0,4,50.0,0.0
728,EMP-2395,2024-02-01,0,20,250.0,0.0
729,EMP-2396,2024-02-01,3,0,0.0,132.2
730,EMP-2398,2024-02-01,0,19,237.5,0.0
731,EMP-2399,2024-02-01,0,13,162.5,0.0
732,EMP-2402,2024-02-01,0,17,212.5,0.0
733,EMP-2405,2024-02-01,0,18,225.0,0.0
734,EMP-2406,2024-02-01,0,16,200.0,0.0
735,EMP-2407,2024-02-01,0,10,125.0,0.0
736,EMP-2408,2024-02-01,1,0,0.0,112.23
737,EMP-2409,2024-02-01,0,15,187.5,0.0
738,EMP-2410,2024-02-01,0,1,12.5,0.0
739,EMP-2411,2024-02-01,0,13,162.5,0.0
740,EMP-2412,2024-02-01,2,0,0.0,79.0
741,EMP-2413,2024-02-01,2,0,0.0,43.93
742,EMP-2415,2024-02-01,2,0,0.0,224.13
743,EMP-2418,2024-02-01,0,5,62.5,0.0
744,EMP-2420,2024-02-01,0,16,200.0,0.0
745,EMP-2423,2024-02-01,1,0,0.0,38.77
746,EMP-2424,2024-02-01,0,1,12.5,0.0
747,EMP-2425,2024-02-01,0,11,137.5,0.0
748,EMP-2426,2024-02-01,0,19,237.5,0.0
749,EMP-2428,2024-02-01,0,19,237.5,0.0
750,EMP-2429,2024-02-01,1,0,0.0,40.37
751,EMP-2431,2024-02-01,0,5,62.5,0.0
752,EMP-2433,2024-02-01,0,1,12.5,0.0
753,EMP-2434,2024-02-01,1,0,0.0,68.87
754,EMP-2435,2024-02-01,0,17,212.5,0.0
755,EMP-2437,2024-02-01,0,11,137.5,0.0
756,EMP-2438,2024-02-01,0,16,200.0,0.0
757,EMP-2440,2024-02-01,0,14,175.0,0.0
758,EMP-2441,2024-02-01,0,4,50.0,0.0
759,EMP-2442,2024-02-01,0,16,200.0,0.0
760,EMP-2443,2024-02-01,0,0,0.0,0.0
761,EMP-2445,2024-02-01,0,6,75.0,0.0
762,EMP-2446,2024-02-01,0,9,112.5,0.0
763,EMP-2450,2024-02-01,0,11,137.5,0.0
764,EMP-2452,2024-02-01,0,5,62.5,0.0
765,EMP-2453,2024-02-01,1,0,0.0,79.37
766,EMP-2455,2024-02-01,0,10,125.0,0.0
767,EMP-2456,2024-02-01,0,15,187.5,0.0
768,EMP-2457,2024-02-01,2,0,0.0,82.53
769,EMP-2458,2024-02-01,5,0,0.0,214.0
770,EMP-2459,2024-02-01,0,10,125.0,0.0
771,EMP-2461,2024-02-01,0,11,137.5,0.0
772,EMP-2462,2024-02-01,3,0,0.0,151.4
773,EMP-2463,2024-02-01,0,2,25.0,0.0
774,EMP-2464,2024-02-01,0,16,200.0,0.0
775,EMP-2465,2024-02-01,0,3,37.5,0.0
776,EMP-2466,2024-02-01,0,18,225.0,0.0
777,EMP-2469,2024-02-01,2,0,0.0,288.07
778,EMP-2470,2024-02-01,0,4,50.0,0.0
779,EMP-2471,2024-02-01,0,6,75.0,0.0
780,EMP-2472,2024-02-01,0,19,237.5,0.0
781,EMP-2475,2024-02-01,0,16,200.0,0.0
782,EMP-2476,2024-02-01,2,0,0.0,288.8
783,EMP-2477,2024-02-01,0,2,25.0,0.0
784,EMP-2478,2024-02-01,0,10,125.0,0.0
785,EMP-2479,2024-02-01,0,13,162.5,0.0
786,EMP-2481,2024-02-01,0,14,175.0,0.0
787,EMP-2482,2024-02-01,0,12,150.0,0.0
788,EMP-2483,2024-02-01,1,0,0.0,129.27
789,EMP-2484,2024-02-01,0,15,187.5,0.0
790,EMP-2486,2024-02-01,3,0,0.0,410.6
791,EMP-2489,2024-02-01,0,12,150.0,0.0
792,EMP-2491,2024-02-01,0,14,175.0,0.0
793,EMP-2492,2024-02-01,0,0,0.0,0.0
794,EMP-2493,2024-02-01,1,0,0.0,81.53
795,EMP-2495,2024-02-01,1,0,0.0,44.2
796,EMP-2496,2024-02-01,0,14,175.0,0.0
797,EMP-2497,2024-02-01,0,8,100.0,0.0
798,EMP-2498,2024-02-01,0,3,37.5,0.0
799,EMP-2499,2024-02-01,0,1,12.5,0.0
800,EMP-2500,2024-02-01,0,12,150.0,0.0
801,EMP-2501,2024-02-01,0,7,87.5,0.0
802,EMP-2502,2024-02-01,0,0,0.0,0.0
803,EMP-2503,2024-02-01,1,0,0.0,21.27
804,EMP-2504,2024-02-01,1,0,0.0,37.9
805,EMP-2505,2024-02-01,0,17,212.5,0.0
806,EMP-2506,2024-02-01,0,11,137.5,0.0
807,EMP-2508,2024-02-01,0,13,162.5,0.0
808,EMP-2511,2024-02-01,0,0,0.0,0.0
809,EMP-2512,2024-02-01,2,0,0.0,96.87
810,EMP-2513,2024-02-01,1,0,0.0,46.7
811,EMP-2514,2024-02-01,0,7,87.5,0.0
812,EMP-2517,2024-02-01,0,12,150.0,0.0
813,EMP-2518,2024-02-01,0,6,75.0,0.0
814,EMP-2520,2024-02-01,0,3,37.5,0.0
815,EMP-2521,2024-02-01,5,0,0.0,352.0
816,EMP-2522,2024-02-01,0,19,237.5,0.0
817,EMP-2524,2024-02-01,0,18,225.0,0.0
818,EMP-2525,2024-02-01,1,0,0.0,24.57
819,EMP-2526,2024-02-01,0,18,225.0,0.0
820,EMP-2527,2024-02-01,0,14,175.0,0.0
821,EMP-2528,2024-02-01,0,10,125.0,0.0
822,EMP-2529,2024-02-01,0,1,12.5,0.0
823,EMP-2531,2024-02-01,0,9,112.5,0.0
824,EMP-2532,2024-02-01,0,20,250.0,0.0
825,EMP-2533,2024-02-01,5,0,0.0,119.67
826,EMP-2534,2024-02-01,0,8,100.0,0.0
827,EMP-2535,2024-02-01,0,11,137.5,0.0
828,EMP-2536,2024-02-01,0,1,12.5,0.0
829,EMP-2538,2024-02-01,5,0,0.0,436.33
830,EMP-2539,2024-02-01,0,8,100.0,0.0
831,EMP-2541,2024-02-01,0,14,175.0,0.0
832,EMP-2543,2024-02-01,0,3,37.5,0.0
833,EMP-2544,2024-02-01,1,0,0.0,109.73
834,EMP-2545,2024-02-01,1,0,0.0,25.33
835,EMP-2546,2024-02-01,0,9,112.5,0.0
836,EMP-2549,2024-02-01,2,0,0.0,52.67
837,EMP-2551,2024-02-01,0,9,112.5,0.0
838,EMP-2553,2024-02-01,2,0,0.0,107.73
839,EMP-2554,2024-02-01,0,1,12.5,0.0
840,EMP-2556,2024-02-01,0,18,225.0,0.0
841,EMP-2557,2024-02-01,0,16,200.0,0.0
842,EMP-2560,2024-02-01,0,2,25.0,0.0
843,EMP-2561,2024-02-01,0,15,187.5,0.0
844,EMP-2562,2024-02-01,0,20,250.0,0.0
845,EMP-2563,2024-02-01,1,0,0.0,70.93
846,EMP-2564,2024-02-01,3,0,0.0,169.1
847,EMP-2565,2024-02-01,0,16,200.0,0.0
848,EMP-2567,2024-02-01,1,0,0.0,87.93
849,EMP-2568,2024-02-01,0,20,250.0,0.0
850,EMP-2570,2024-02-01,0,17,212.5,0.0
851,EMP-2572,2024-02-01,0,12,150.0,0.0
852,EMP-2574,2024-02-01,0,18,225.0,0.0
853,EMP-2575,2024-02-01,3,0,0.0,149.3
854,EMP-2576,2024-02-01,0,10,125.0,0.0
855,EMP-2577,2024-02-01,3,0,0.0,111.3
856,EMP-2578,2024-02-01,1,0,0.0,99.97
857,EMP-2579,2024-02-01,1,0,0.0,42.73
858,EMP-2580,2024-02-01,0,3,37.5,0.0
859,EMP-2581,2024-02-01,0,8,100.0,0.0
860,EMP-2582,2024-02-01,0,3,37.5,0.0
861,EMP-2583,2024-02-01,0,6,75.0,0.0
862,EMP-2584,2024-02-01,0,10,125.0,0.0
863,EMP-2585,2024-02-01,0,13,162.5,0.0
864,EMP-2587,2024-02-01,0,17,212.5,0.0
865,EMP-2588,2024-02-01,0,0,0.0,0.0
866,EMP-2589,2024-02-01,0,8,100.0,0.0
867,EMP-2590,2024-02-01,0,14,175.0,0.0
868,EMP-2594,2024-02-01,0,9,112.5,0.0
869,EMP-2598,2024-02-01,2,0,0.0,185.67
870,EMP-2599,2024-02-01,0,9,112.5,0.0
871,EMP-2001,2024-03-01,3,0,0.0,69.9
872,EMP-2003,2024-03-01,1,0,0.0,33.17
873,EMP-2004,2024-03-01,0,10,125.0,0.0
874,EMP-2005,2024-03-01,0,6,75.0,0.0
875,EMP-2006,2024-03-01,0,8,100.0,0.0
876,EMP-2008,2024-03-01,1,0,0.0,103.33
877,EMP-2010,2024-03-01,0,16,200.0,0.0
878,EMP-2011,2024-03-01,0,0,0.0,0.0
879,EMP-2012,2024-03-01,1,0,0.0,32.37
880,EMP-2014,2024-03-01,0,3,37.5,0.0
881,EMP-2015,2024-03-01,0,7,87.5,0.0
882,EMP-2016,2024-03-01,0,6,75.0,0.0
883,EMP-2017,2024-03-01,0,15,187.5,0.0
884,EMP-2018,2024-03-01,0,17,212.5,0.0
885,EMP-2019,2024-03-01,0,1,12.5,0.0
886,EMP-2020,2024-03-01,5,0,0.0,160.0
887,EMP-2024,2024-03-01,0,2,25.0,0.0
888,EMP-2025,2024-03-01,0,11,137.5,0.0
889,EMP-2026,2024-03-01,1,0,0.0,21.6
890,EMP-2027,2024-03-01,0,16,200.0,0.0
891,EMP-2028,2024-03-01,0,9,112.5,0.0
892,EMP-2029,2024-03-01,0,11,137.5,0.0
893,EMP-2030,2024-03-01,0,12,150.0,0.0
894,EMP-2031,2024-03-01,0,0,0.0,0.0
895,EMP-2032,2024-03-01,0,6,75.0,0.0
896,EMP-2034,2024-03-01,0,18,225.0,0.0
897,EMP-2036,2024-03-01,1,0,0.0,44.37
898,EMP-2037,2024-03-01,1,0,0.0,140.13
899,EMP-2039,2024-03-01,0,3,37.5,0.0
900,EMP-2040,2024-03-01,2,0,0.0,114.93
901,EMP-2041,2024-03-01,0,2,25.0,0.0
902,EMP-2042,2024-03-01,0,9,112.5,0.0
903,EMP-2043,2024-03-01,0,13,162.5,0.0
904,EMP-2044,2024-03-01,0,20,250.0,0.0
905,EMP-2047,2024-03-01,0,6,75.0,0.0
906,EMP-2049,2024-03-01,0,1,12.5,0.0
907,EMP-2050,2024-03-01,0,13,162.5,0.0
908,EMP-2051,2024-03-01,0,16,200.0,0.0
909,EMP-2052,2024-03-01,0,5,62.5,0.0
910,EMP-2053,2024-03-01,0,1,12.5,0.0
911,EMP-2055,2024-03-01,1,0,0.0,90.37
912,EMP-2056,2024-03-01,0,7,87.5,0.0
913,EMP-2057,2024-03-01,0,3,37.5,0.0
914,EMP-2058,2024-03-01,1,0,0.0,27.3
915,EMP-2059,2024-03-01,0,4,50.0,0.0
916,EMP-2060,2024-03-01,0,13,162.5,0.0
917,EMP-2061,2024-03-01,0,13,162.5,0.0
918,EMP-2062,2024-03-01,0,2,25.0,0.0
919,EMP-2063,2024-03-01,0,20,250.0,0.0
920,EMP-2064,2024-03-01,1,0,0.0,45.57
921,EMP-2065,2024-03-01,0,9,112.5,0.0
922,EMP-2066,2024-03-01,0,1,12.5,0.0
923,EMP-2069,2024-03-01,0,11,137.5,0.0
924,EMP-2070,2024-03-01,0,6,75.0,0.0
925,EMP-2071,2024-03-01,0,13,162.5,0.0
926,EMP-2072,2024-03-01,0,12,150.0,0.0
927,EMP-2073,2024-03-01,1,0,0.0,60.03
928,EMP-2074,2024-03-01,1,0,0.0,70.83
929,EMP-2075,2024-03-01,0,4,50.0,0.0
930,EMP-2076,2024-03-01,1,0,0.0,27.37
931,EMP-2078,2024-03-01,1,0,0.0,48.3
932,EMP-2081,2024-03-01,0,2,25.0,0.0
933,EMP-2082,2024-03-01,0,1,12.5,0.0
934,EMP-2083,2024-03-01,0,8,100.0,0.0
935,EMP-2084,2024-03-01,0,1,12.5,0.0
936,EMP-2085,2024-03-01,1,0,0.0,49.9
937,EMP-2086,2024-03-01,0,9,112.5,0.0
938,EMP-2087,2024-03-01,0,10,125.0,0.0
939,EMP-2089,2024-03-01,0,10,125.0,0.0
940,EMP-2090,2024-03-01,2,0,0.0,177.33
941,EMP-2091,2024-03-01,0,3,37.5,0.0
942,EMP-2093,2024-03-01,0,12,150.0,0.0
943,EMP-2094,2024-03-01,0,15,187.5,0.0
944,EMP-2095,2024-03-01,0,6,75.0,0.0
945,EMP-2096,2024-03-01,0,20,250.0,0.0
946,EMP-2098,2024-03-01,0,7,87.5,0.0
947,EMP-2101,2024-03-01,1,0,0.0,27.5
948,EMP-2102,2024-03-01,0,5,62.5,0.0
949,EMP-2103,2024-03-01,0,1,12.5,0.0
950,EMP-2104,2024-03-01,2,0,0.0,277.07
951,EMP-2105,2024-03-01,0,13,162.5,0.0
952,EMP-2106,2024-03-01,3,0,0.0,203.7
953,EMP-2107,2024-03-01,0,17,212.5,0.0
954,EMP-2108,2024-03-01,0,17,212.5,0.0
955,EMP-2109,2024-03-01,2,0,0.0,102.73
956,EMP-2110,2024-03-01,1,0,0.0,117.03
957,EMP-2112,2024-03-01,1,0,0.0,55.53
958,EMP-2113,2024-03-01,0,15,187.5,0.0
959,EMP-2115,2024-03-01,0,2,25.0,0.0
960,EMP-2116,2024-03-01,0,18,225.0,0.0
961,EMP-2117,2024-03-01,0,18,225.0,0.0
962,EMP-2120,2024-03-01,0,4,50.0,0.0
963,EMP-2121,2024-03-01,1,0,0.0,43.37
964,EMP-2122,2024-03-01,0,13,162.5,0.0
965,EMP-2123,2024-03-01,0,1,12.5,0.0
966,EMP-2124,2024-03-01,0,4,50.0,0.0
967,EMP-2125,2024-03-01,0,9,112.5,0.0
968,EMP-2127,2024-03-01,0,5,62.5,0.0
969,EMP-2129,2024-03-01,0,12,150.0,0.0
970,EMP-2130,2024-03-01,1,0,0.0,45.0
971,EMP-2131,2024-03-01,0,16,200.0,0.0
972,EMP-2133,2024-03-01,2,0,0.0,98.07
973,EMP-2136,2024-03-01,1,0,0.0,70.8
974,EMP-2137,2024-03-01,0,2,25.0,0.0
975,EMP-2139,2024-03-01,1,0,0.0,27.73
976,EMP-2142,2024-03-01,0,6,75.0,0.0
977,EMP-2143,2024-03-01,1,0,0.0,81.83
978,EMP-2144,2024-03-01,0,2,25.0,0.0
979,EMP-2145,2024-03-01,1,0,0.0,74.83
980,EMP-2146,2024-03-01,0,17,212.5,0.0
981,EMP-2147,2024-03-01,0,2,25.0,0.0
982,EMP-2148,2024-03-01,0,12,150.0,0.0
983,EMP-2149,2024-03-01,0,1,12.5,0.0
984,EMP-2150,2024-03-01,0,12,150.0,0.0
985,EMP-2151,2024-03-01,0,9,112.5,0.0
986,EMP-2152,2024-03-01,0,4,50.0,0.0
987,EMP-2156,2024-03-01,1,0,0.0,30.83
988,EMP-2157,2024-03-01,0,10,125.0,0.0
989,EMP-2158,2024-03-01,3,0,0.0,161.7
990,EMP-2159,2024-03-01,0,15,187.5,0.0
991,EMP-2160,2024-03-01,0,9,112.5,0.0
992,EMP-2161,2024-03-01,0,15,187.5,0.0
993,EMP-2164,2024-03-01,1,0,0.0,39.53
994,EMP-2165,2024-03-01,1,0,0.0,53.6
995,EMP-2167,2024-03-01,1,0,0.0,28.8
996,EMP-2168,2024-03-01,0,8,100.0,0.0
997,EMP-2170,2024-03-01,5,0,0.0,494.83
998,EMP-2171,2024-03-01,1,0,0.0,42.33
999,EMP-2172,2024-03-01,2,0,0.0,224.8
1000,EMP-2173,2024-03-01,0,7,87.5,0.0
1001,EMP-2174,2024-03-01,3,0,0.0,354.3
1002,EMP-2175,2024-03-01,0,14,175.0,0.0
1003,EMP-2177,2024-03-01,1,0,0.0,130.63
1004,EMP-2178,2024-03-01,1,0,0.0,28.03
1005,EMP-2180,2024-03-01,0,3,37.5,0.0
1006,EMP-2181,2024-03-01,0,15,187.5,0.0
1007,EMP-2182,2024-03-01,0,18,225.0,0.0
1008,EMP-2183,2024-03-01,2,0,0.0,71.4
1009,EMP-2184,2024-03-01,0,18,225.0,0.0
1010,EMP-2185,2024-03-01,1,0,0.0,57.33
1011,EMP-2186,2024-03-01,3,0,0.0,105.9
1012,EMP-2187,2024-03-01,0,19,237.5,0.0
1013,EMP-2188,2024-03-01,0,11,137.5,0.0
1014,EMP-2189,2024-03-01,0,19,237.5,0.0
1015,EMP-2190,2024-03-01,0,8,100.0,0.0
1016,EMP-2191,2024-03-01,1,0,0.0,66.13
1017,EMP-2192,2024-03-01,0,10,125.0,0.0
1018,EMP-2194,2024-03-01,0,20,250.0,0.0
1019,EMP-2195,2024-03-01,1,0,0.0,40.13
1020,EMP-2197,2024-03-01,0,17,212.5,0.0
1021,EMP-2198,2024-03-01,1,0,0.0,30.57
1022,EMP-2200,2024-03-01,3,0,0.0,128.2
1023,EMP-2201,2024-03-01,0,15,187.5,0.0
1024,EMP-2203,2024-03-01,0,16,200.0,0.0
1025,EMP-2204,2024-03-01,0,20,250.0,0.0
1026,EMP-2206,2024-03-01,0,7,87.5,0.0
1027,EMP-2208,2024-03-01,0,5,62.5,0.0
1028,EMP-2210,2024-03-01,1,0,0.0,31.37
1029,EMP-2211,2024-03-01,0,12,150.0,0.0
1030,EMP-2212,2024-03-01,2,0,0.0,72.13
1031,EMP-2214,2024-03-01,0,5,62.5,0.0
1032,EMP-2215,2024-03-01,0,6,75.0,0.0
1033,EMP-2216,2024-03-01,1,0,0.0,31.43
1034,EMP-2217,2024-03-01,0,3,37.5,0.0
1035,EMP-2218,2024-03-01,0,18,225.0,0.0
1036,EMP-2219,2024-03-01,0,20,250.0,0.0
1037,EMP-2220,2024-03-01,0,4,50.0,0.0
1038,EMP-2221,2024-03-01,0,14,175.0,0.0
1039,EMP-2222,2024-03-01,0,17,212.5,0.0
1040,EMP-2223,2024-03-01,0,8,100.0,0.0
1041,EMP-2224,2024-03-01,0,9,112.5,0.0
1042,EMP-2225,2024-03-01,1,0,0.0,37.9
1043,EMP-2226,2024-03-01,0,2,25.0,0.0
1044,EMP-2227,2024-03-01,5,0,0.0,397.5
1045,EMP-2229,2024-03-01,0,15,187.5,0.0
1046,EMP-2230,2024-03-01,0,6,75.0,0.0
1047,EMP-2231,2024-03-01,1,0,0.0,59.7
1048,EMP-2232,2024-03-01,2,0,0.0,96.33
1049,EMP-2233,2024-03-01,3,0,0.0,442.9
1050,EMP-2234,2024-03-01,0,4,50.0,0.0
1051,EMP-2235,2024-03-01,1,0,0.0,132.7
1052,EMP-2236,2024-03-01,0,13,162.5,0.0
1053,EMP-2237,2024-03-01,0,6,75.0,0.0
1054,EMP-2238,2024-03-01,0,7,87.5,0.0
1055,EMP-2239,2024-03-01,0,4,50.0,0.0
1056,EMP-2240,2024-03-01,0,14,175.0,0.0
1057,EMP-2242,2024-03-01,3,0,0.0,92.9
1058,EMP-2243,2024-03-01,0,18,225.0,0.0
1059,EMP-2245,2024-03-01,0,5,62.5,0.0
1060,EMP-2246,2024-03-01,3,0,0.0,212.9
1061,EMP-2247,2024-03-01,0,2,25.0,0.0
1062,EMP-2248,2024-03-01,0,5,62.5,0.0
1063,EMP-2251,2024-03-01,0,18,225.0,0.0
1064,EMP-2252,2024-03-01,0,3,37.5,0.0
1065,EMP-2253,2024-03-01,1,0,0.0,36.2
1066,EMP-2255,2024-03-01,1,0,0.0,85.9
1067,EMP-2256,2024-03-01,0,12,150.0,0.0
1068,EMP-2257,2024-03-01,0,7,87.5,0.0
1069,EMP-2258,2024-03-01,3,0,0.0,141.9
1070,EMP-2259,2024-03-01,0,9,112.5,0.0
1071,EMP-2260,2024-03-01,0,2,25.0,0.0
1072,EMP-2261,2024-03-01,2,0,0.0,63.67
1073,EMP-2262,2024-03-01,0,0,0.0,0.0
1074,EMP-2263,2024-03-01,0,11,137.5,0.0
1075,EMP-2264,2024-03-01,0,3,37.5,0.0
1076,EMP-2265,2024-03-01,0,3,37.5,0.0
1077,EMP-2266,2024-03-01,0,1,12.5,0.0
1078,EMP-2267,2024-03-01,0,5,62.5,0.0
1079,EMP-2268,2024-03-01,1,0,0.0,47.6
1080,EMP-2270,2024-03-01,0,5,62.5,0.0
1081,EMP-2271,2024-03-01,0,7,87.5,0.0
1082,EMP-2272,2024-03-01,0,6,75.0,0.0
1083,EMP-2275,2024-03-01,0,11,137.5,0.0
1084,EMP-2276,2024-03-01,2,0,0.0,70.67
1085,EMP-2277,2024-03-01,0,6,75.0,0.0
1086,EMP-2281,2024-03-01,0,9,112.5,0.0
1087,EMP-2283,2024-03-01,2,0,0.0,98.33
1088,EMP-2284,2024-03-01,0,8,100.0,0.0
1089,EMP-2285,2024-03-01,0,4,50.0,0.0
1090,EMP-2286,2024-03-01,1,0,0.0,22.83
1091,EMP-2288,2024-03-01,0,10,125.0,0.0
1092,EMP-2289,2024-03-01,0,3,37.5,0.0
1093,EMP-2290,2024-03-01,0,11,137.5,0.0
1094,EMP-2291,2024-03-01,0,0,0.0,0.0
1095,EMP-2294,2024-03-01,1,0,0.0,115.83
1096,EMP-2295,2024-03-01,0,12,150.0,0.0
1097,EMP-2297,2024-03-01,0,5,62.5,0.0
1098,EMP-2299,2024-03-01,0,17,212.5,0.0
1099,EMP-2300,2024-03-01,0,13,162.5,0.0
1100,EMP-2301,2024-03-01,0,18,225.0,0.0
1101,EMP-2302,2024-03-01,5,0,0.0,591.33
1102,EMP-2303,2024-03-01,0,16,200.0,0.0
1103,EMP-2304,2024-03-01,0,12,150.0,0.0
1104,EMP-2305,2024-03-01,0,2,25.0,0.0
1105,EMP-2306,2024-03-01,0,8,100.0,0.0
1106,EMP-2307,2024-03-01,0,2,25.0,0.0
1107,EMP-2308,2024-03-01,0,7,87.5,0.0
1108,EMP-2310,2024-03-01,0,12,150.0,0.0
1109,EMP-2311,2024-03-01,0,3,37.5,0.0
1110,EMP-2312,2024-03-01,0,2,25.0,0.0
1111,EMP-2313,2024-03-01,0,7,87.5,0.0
1112,EMP-2314,2024-03-01,0,4,50.0,0.0
1113,EMP-2315,2024-03-01,0,19,237.5,0.0
1114,EMP-2316,2024-03-01,0,7,87.5,0.0
1115,EMP-2317,2024-03-01,0,4,50.0,0.0
1116,EMP-2318,2024-03-01,0,17,212.5,0.0
1117,EMP-2319,2024-03-01,0,8,100.0,0.0
1118,EMP-2320,2024-03-01,0,18,225.0,0.0
1119,EMP-2322,2024-03-01,0,18,225.0,0.0
1120,EMP-2323,2024-03-01,0,6,75.0,0.0
1121,EMP-2324,2024-03-01,0,6,75.0,0.0
1122,EMP-2325,2024-03-01,0,14,175.0,0.0
1123,EMP-2326,2024-03-01,0,16,200.0,0.0
1124,EMP-2327,2024-03-01,0,14,175.0,0.0
1125,EMP-2328,2024-03-01,0,7,87.5,0.0
1126,EMP-2330,2024-03-01,2,0,0.0,93.27
1127,EMP-2333,2024-03-01,0,8,100.0,0.0
1128,EMP-2334,2024-03-01,0,12,150.0,0.0
1129,EMP-2335,2024-03-01,0,1,12.5,0.0
1130,EMP-2336,2024-03-01,3,0,0.0,219.7
1131,EMP-2337,2024-03-01,0,13,162.5,0.0
1132,EMP-2338,2024-03-01,0,1,12.5,0.0
1133,EMP-2339,2024-03-01,0,12,150.0,0.0
1134,EMP-2340,2024-03-01,0,3,37.5,0.0
1135,EMP-2342,2024-03-01,2,0,0.0,72.13
1136,EMP-2343,2024-03-01,0,3,37.5,0.0
1137,EMP-2344,2024-03-01,0,18,225.0,0.0
1138,EMP-2345,2024-03-01,0,8,100.0,0.0
1139,EMP-2346,2024-03-01,2,0,0.0,140.67
1140,EMP-2347,2024-03-01,3,0,0.0,169.2
1141,EMP-2350,2024-03-01,0,14,175.0,0.0
1142,EMP-2351,2024-03-01,1,0,0.0,96.93
1143,EMP-2352,2024-03-01,1,0,0.0,56.23
1144,EMP-2356,2024-03-01,0,7,87.5,0.0
1145,EMP-2357,2024-03-01,0,6,75.0,0.0
1146,EMP-2358,2024-03-01,0,17,212.5,0.0
1147,EMP-2359,2024-03-01,0,20,250.0,0.0
1148,EMP-2361,2024-03-01,0,12,150.0,0.0
1149,EMP-2362,2024-03-01,0,12,150.0,0.0
1150,EMP-2364,2024-03-01,0,5,62.5,0.0
1151,EMP-2366,2024-03-01,0,19,237.5,0.0
1152,EMP-2367,2024-03-01,0,7,87.5,0.0
1153,EMP-2368,2024-03-01,1,0,0.0,127.8
1154,EMP-2370,2024-03-01,0,11,137.5,0.0
1155,EMP-2371,2024-03-01,0,12,150.0,0.0
1156,EMP-2373,2024-03-01,1,0,0.0,101.33
1157,EMP-2374,2024-03-01,0,5,62.5,0.0
1158,EMP-2375,2024-03-01,0,4,50.0,0.0
1159,EMP-2376,2024-03-01,0,18,225.0,0.0
1160,EMP-2377,2024-03-01,0,7,87.5,0.0
1161,EMP-2379,2024-03-01,0,20,250.0,0.0
1162,EMP-2382,2024-03-01,0,18,225.0,0.0
1163,EMP-2383,2024-03-01,0,16,200.0,0.0
1164,EMP-2384,2024-03-01,0,18,225.0,0.0
1165,EMP-2385,2024-03-01,0,14,175.0,0.0
1166,EMP-2387,2024-03-01,0,1,12.5,0.0
1167,EMP-2390,2024-03-01,0,20,250.0,0.0
1168,EMP-2391,2024-03-01,0,9,112.5,0.0
1169,EMP-2392,2024-03-01,0,9,112.5,0.0
1170,EMP-2394,2024-03-01,0,15,187.5,0.0
1171,EMP-2395,2024-03-01,2,0,0.0,190.13
1172,EMP-2396,2024-03-01,0,2,25.0,0.0
1173,EMP-2398,2024-03-01,0,18,225.0,0.0
1174,EMP-2399,2024-03-01,2,0,0.0,68.4
1175,EMP-2402,2024-03-01,0,4,50.0,0.0
1176,EMP-2405,2024-03-01,1,0,0.0,38.67
1177,EMP-2406,2024-03-01,1,0,0.0,22.53
1178,EMP-2407,2024-03-01,0,6,75.0,0.0
1179,EMP-2408,2024-03-01,0,5,62.5,0.0
1180,EMP-2409,2024-03-01,1,0,0.0,33.4
1181,EMP-2410,2024-03-01,0,10,125.0,0.0
1182,EMP-2411,2024-03-01,1,0,0.0,47.73
1183,EMP-2412,2024-03-01,0,9,112.5,0.0
1184,EMP-2413,2024-03-01,0,11,137.5,0.0
1185,EMP-2415,2024-03-01,1,0,0.0,112.07
1186,EMP-2418,2024-03-01,0,6,75.0,0.0
1187,EMP-2420,2024-03-01,0,2,25.0,0.0
1188,EMP-2423,2024-03-01,0,4,50.0,0.0
1189,EMP-2424,2024-03-01,0,16,200.0,0.0
1190,EMP-2425,2024-03-01,0,9,112.5,0.0
1191,EMP-2426,2024-03-01,1,0,0.0,36.5
1192,EMP-2428,2024-03-01,1,0,0.0,42.07
1193,EMP-2429,2024-03-01,1,0,0.0,40.37
1194,EMP-2431,2024-03-01,0,2,25.0,0.0
1195,EMP-2433,2024-03-01,2,0,0.0,51.2
1196,EMP-2434,2024-03-01,0,20,250.0,0.0
1197,EMP-2435,2024-03-01,0,18,225.0,0.0
1198,EMP-2436,2024-03-01,2,0,0.0,55.8
1199,EMP-2437,2024-03-01,2,0,0.0,97.53
1200,EMP-2438,2024-03-01,0,6,75.0,0.0
1201,EMP-2440,2024-03-01,0,4,50.0,0.0
1202,EMP-2441,2024-03-01,0,17,212.5,0.0
1203,EMP-2442,2024-03-01,0,18,225.0,0.0
1204,EMP-2443,2024-03-01,0,7,87.5,0.0
1205,EMP-2445,2024-03-01,2,0,0.0,72.73
1206,EMP-2446,2024-03-01,0,8,100.0,0.0
1207,EMP-2450,2024-03-01,0,2,25.0,0.0
1208,EMP-2452,2024-03-01,0,16,200.0,0.0
1209,EMP-2453,2024-03-01,0,17,212.5,0.0
1210,EMP-2455,2024-03-01,0,3,37.5,0.0
1211,EMP-2456,2024-03-01,2,0,0.0,88.47
1212,EMP-2457,2024-03-01,0,3,37.5,0.0
1213,EMP-2458,2024-03-01,0,19,237.5,0.0
1214,EMP-2459,2024-03-01,2,0,0.0,69.87
1215,EMP-2461,2024-03-01,0,2,25.0,0.0
1216,EMP-2462,2024-03-01,0,4,50.0,0.0
1217,EMP-2463,2024-03-01,0,12,150.0,0.0
1218,EMP-2464,2024-03-01,0,1,12.5,0.0
1219,EMP-2465,2024-03-01,0,3,37.5,0.0
1220,EMP-2466,2024-03-01,0,14,175.0,0.0
1221,EMP-2469,2024-03-01,2,0,0.0,288.07
1222,EMP-2470,2024-03-01,0,17,212.5,0.0
1223,EMP-2471,2024-03-01,0,6,75.0,0.0
1224,EMP-2472,2024-03-01,0,15,187.5,0.0
1225,EMP-2474,2024-03-01,3,0,0.0,122.6
1226,EMP-2475,2024-03-01,0,2,25.0,0.0
1227,EMP-2476,2024-03-01,0,4,50.0,0.0
1228,EMP-2477,2024-03-01,0,8,100.0,0.0
1229,EMP-2478,2024-03-01,1,0,0.0,38.33
1230,EMP-2479,2024-03-01,0,12,150.0,0.0
1231,EMP-2481,2024-03-01,2,0,0.0,62.47
1232,EMP-2482,2024-03-01,1,0,0.0,60.67
1233,EMP-2483,2024-03-01,1,0,0.0,129.27
1234,EMP-2484,2024-03-01,3,0,0.0,105.5
1235,EMP-2486,2024-03-01,0,17,212.5,0.0
1236,EMP-2488,2024-03-01,1,0,0.0,30.63
1237,EMP-2489,2024-03-01,0,16,200.0,0.0
1238,EMP-2491,2024-03-01,0,10,125.0,0.0
1239,EMP-2492,2024-03-01,1,0,0.0,42.57
1240,EMP-2493,2024-03-01,0,18,225.0,0.0
1241,EMP-2495,2024-03-01,0,14,175.0,0.0
1242,EMP-2496,2024-03-01,0,7,87.5,0.0
1243,EMP-2497,2024-03-01,0,14,175.0,0.0
1244,EMP-2498,2024-03-01,3,0,0.0,168.3
1245,EMP-2499,2024-03-01,0,13,162.5,0.0
1246,EMP-2500,2024-03-01,0,7,87.5,0.0
1247,EMP-2501,2024-03-01,0,0,0.0,0.0
1248,EMP-2502,2024-03-01,1,0,0.0,79.97
1249,EMP-2503,2024-03-01,2,0,0.0,42.53
1250,EMP-2504,2024-03-01,0,19,237.5,0.0
1251,EMP-2505,2024-03-01,5,0,0.0,701.0
1252,EMP-2506,2024-03-01,0,7,87.5,0.0
1253,EMP-2508,2024-03-01,0,13,162.5,0.0
1254,EMP-2511,2024-03-01,1,0,0.0,27.9
1255,EMP-2512,2024-03-01,0,4,50.0,0.0
1256,EMP-2513,2024-03-01,3,0,0.0,140.1
1257,EMP-2514,2024-03-01,1,0,0.0,47.23
1258,EMP-2517,2024-03-01,2,0,0.0,100.07
1259,EMP-2518,2024-03-01,3,0,0.0,164.0
1260,EMP-2520,2024-03-01,0,20,250.0,0.0
1261,EMP-2521,2024-03-01,0,0,0.0,0.0
1262,EMP-2522,2024-03-01,3,0,0.0,132.8
1263,EMP-2524,2024-03-01,0,12,150.0,0.0
1264,EMP-2525,2024-03-01,0,1,12.5,0.0
1265,EMP-2526,2024-03-01,0,5,62.5,0.0
1266,EMP-2527,2024-03-01,1,0,0.0,27.03
1267,EMP-2528,2024-03-01,0,4,50.0,0.0
1268,EMP-2529,2024-03-01,3,0,0.0,146.0
1269,EMP-2531,2024-03-01,0,10,125.0,0.0
1270,EMP-2532,2024-03-01,1,0,0.0,21.67
1271,EMP-2533,2024-03-01,0,19,237.5,0.0
1272,EMP-2534,2024-03-01,0,20,250.0,0.0
1273,EMP-2535,2024-03-01,1,0,0.0,35.57
1274,EMP-2536,2024-03-01,0,3,37.5,0.0
1275,EMP-2538,2024-03-01,1,0,0.0,87.27
1276,EMP-2539,2024-03-01,0,11,137.5,0.0
1277,EMP-2541,2024-03-01,2,0,0.0,240.07
1278,EMP-2543,2024-03-01,0,2,25.0,0.0
1279,EMP-2544,2024-03-01,0,17,212.5,0.0
1280,EMP-2545,2024-03-01,0,3,37.5,0.0
1281,EMP-2546,2024-03-01,1,0,0.0,45.3
1282,EMP-2549,2024-03-01,0,11,137.5,0.0
1283,EMP-2551,2024-03-01,0,9,112.5,0.0
1284,EMP-2553,2024-03-01,1,0,0.0,53.87
1285,EMP-2554,2024-03-01,1,0,0.0,81.3
1286,EMP-2556,2024-03-01,0,17,212.5,0.0
1287,EMP-2557,2024-03-01,0,3,37.5,0.0
1288,EMP-2560,2024-03-01,0,3,37.5,0.0
1289,EMP-2561,2024-03-01,0,14,175.0,0.0
1290,EMP-2562,2024-03-01,1,0,0.0,30.87
1291,EMP-2563,2024-03-01,0,18,225.0,0.0
1292,EMP-2564,2024-03-01,0,6,75.0,0.0
1293,EMP-2565,2024-03-01,0,20,250.0,0.0
1294,EMP-2567,2024-03-01,0,1,12.5,0.0
1295,EMP-2568,2024-03-01,2,0,0.0,122.0
1296,EMP-2570,2024-03-01,0,2,25.0,0.0
1297,EMP-2572,2024-03-01,0,7,87.5,0.0
1298,EMP-2574,2024-03-01,0,5,62.5,0.0
1299,EMP-2575,2024-03-01,0,8,100.0,0.0
1300,EMP-2576,2024-03-01,0,15,187.5,0.0
1301,EMP-2577,2024-03-01,0,5,62.5,0.0
1302,EMP-2578,2024-03-01,0,8,100.0,0.0
1303,EMP-2579,2024-03-01,0,9,112.5,0.0
1304,EMP-2580,2024-03-01,0,6,75.0,0.0
1305,EMP-2581,2024-03-01,0,20,250.0,0.0
1306,EMP-2582,2024-03-01,0,10,125.0,0.0
1307,EMP-2583,2024-03-01,2,0,0.0,137.33
1308,EMP-2584,2024-03-01,0,11,137.5,0.0
1309,EMP-2585,2024-03-01,1,0,0.0,43.33
1310,EMP-2587,2024-03-01,2,0,0.0,92.53
1311,EMP-2588,2024-03-01,2,0,0.0,277.73
1312,EMP-2589,2024-03-01,3,0,0.0,250.4
1313,EMP-2590,2024-03-01,0,11,137.5,0.0
1314,EMP-2594,2024-03-01,5,0,0.0,421.5
1315,EMP-2598,2024-03-01,1,0,0.0,92.83
1316,EMP-2599,2024-03-01,0,8,100.0,0.0
1317,EMP-2001,2024-04-01,0,20,250.0,0.0
1318,EMP-2003,2024-04-01,1,0,0.0,33.17
1319,EMP-2004,2024-04-01,0,19,237.5,0.0
1320,EMP-2005,2024-04-01,2,0,0.0,136.87
1321,EMP-2006,2024-04-01,0,13,162.5,0.0
1322,EMP-2008,2024-04-01,0,14,175.0,0.0
1323,EMP-2010,2024-04-01,0,2,25.0,0.0
1324,EMP-2011,2024-04-01,0,7,87.5,0.0
1325,EMP-2012,2024-04-01,0,13,162.5,0.0
1326,EMP-2014,2024-04-01,0,11,137.5,0.0
1327,EMP-2015,2024-04-01,0,8,100.0,0.0
1328,EMP-2016,2024-04-01,0,20,250.0,0.0
1329,EMP-2017,2024-04-01,0,9,112.5,0.0
1330,EMP-2018,2024-04-01,1,0,0.0,78.23
1331,EMP-2019,2024-04-01,0,15,187.5,0.0
1332,EMP-2020,2024-04-01,0,8,100.0,0.0
1333,EMP-2024,2024-04-01,0,2,25.0,0.0
1334,EMP-2025,2024-04-01,5,0,0.0,150.5
1335,EMP-2026,2024-04-01,0,20,250.0,0.0
1336,EMP-2027,2024-04-01,2,0,0.0,115.07
1337,EMP-2028,2024-04-01,0,4,50.0,0.0
1338,EMP-2029,2024-04-01,0,14,175.0,0.0
1339,EMP-2030,2024-04-01,0,15,187.5,0.0
1340,EMP-2031,2024-04-01,0,14,175.0,0.0
1341,EMP-2032,2024-04-01,2,0,0.0,101.67
1342,EMP-2034,2024-04-01,0,8,100.0,0.0
1343,EMP-2036,2024-04-01,0,16,200.0,0.0
1344,EMP-2037,2024-04-01,0,14,175.0,0.0
1345,EMP-2039,2024-04-01,0,6,75.0,0.0
1346,EMP-2040,2024-04-01,1,0,0.0,57.47
1347,EMP-2041,2024-04-01,0,13,162.5,0.0
1348,EMP-2042,2024-04-01,0,5,62.5,0.0
1349,EMP-2043,2024-04-01,0,11,137.5,0.0
1350,EMP-2044,2024-04-01,0,16,200.0,0.0
1351,EMP-2047,2024-04-01,0,20,250.0,0.0
1352,EMP-2049,2024-04-01,1,0,0.0,55.87
1353,EMP-2050,2024-04-01,0,1,12.5,0.0
1354,EMP-2051,2024-04-01,0,13,162.5,0.0
1355,EMP-2052,2024-04-01,0,1,12.5,0.0
1356,EMP-2053,2024-04-01,0,8,100.0,0.0
1357,EMP-2055,2024-04-01,0,17,212.5,0.0
1358,EMP-2056,2024-04-01,2,0,0.0,117.67
1359,EMP-2057,2024-04-01,0,13,162.5,0.0
1360,EMP-2058,2024-04-01,3,0,0.0,81.9
1361,EMP-2059,2024-04-01,1,0,0.0,45.43
1362,EMP-2060,2024-04-01,0,11,137.5,0.0
1363,EMP-2061,2024-04-01,3,0,0.0,158.6
1364,EMP-2062,2024-04-01,2,0,0.0,87.2
1365,EMP-2063,2024-04-01,0,2,25.0,0.0
1366,EMP-2064,2024-04-01,0,18,225.0,0.0
1367,EMP-2065,2024-04-01,0,3,37.5,0.0
1368,EMP-2066,2024-04-01,3,0,0.0,352.2
1369,EMP-2069,2024-04-01,0,15,187.5,0.0
1370,EMP-2070,2024-04-01,0,15,187.5,0.0
1371,EMP-2071,2024-04-01,1,0,0.0,20.47
1372,EMP-2072,2024-04-01,1,0,0.0,30.87
1373,EMP-2073,2024-04-01,0,0,0.0,0.0
1374,EMP-2074,2024-04-01,0,10,125.0,0.0
1375,EMP-2075,2024-04-01,0,12,150.0,0.0
1376,EMP-2076,2024-04-01,0,18,225.0,0.0
1377,EMP-2078,2024-04-01,0,17,212.5,0.0
1378,EMP-2081,2024-04-01,0,9,112.5,0.0
1379,EMP-2082,2024-04-01,2,0,0.0,89.8
1380,EMP-2083,2024-04-01,0,5,62.5,0.0
1381,EMP-2084,2024-04-01,0,2,25.0,0.0
1382,EMP-2085,2024-04-01,3,0,0.0,149.7
1383,EMP-2086,2024-04-01,0,14,175.0,0.0
1384,EMP-2087,2024-04-01,0,11,137.5,0.0
1385,EMP-2089,2024-04-01,0,8,100.0,0.0
1386,EMP-2090,2024-04-01,0,10,125.0,0.0
1387,EMP-2091,2024-04-01,1,0,0.0,121.3
1388,EMP-2093,2024-04-01,1,0,0.0,21.6
1389,EMP-2094,2024-04-01,0,13,162.5,0.0
1390,EMP-2095,2024-04-01,0,8,100.0,0.0
1391,EMP-2096,2024-04-01,0,1,12.5,0.0
1392,EMP-2098,2024-04-01,0,15,187.5,0.0
1393,EMP-2101,2024-04-01,0,18,225.0,0.0
1394,EMP-2102,2024-04-01,0,15,187.5,0.0
1395,EMP-2103,2024-04-01,0,14,175.0,0.0
1396,EMP-2104,2024-04-01,1,0,0.0,138.53
1397,EMP-2105,2024-04-01,0,15,187.5,0.0
1398,EMP-2106,2024-04-01,0,7,87.5,0.0
1399,EMP-2107,2024-04-01,0,1,12.5,0.0
1400,EMP-2108,2024-04-01,0,20,250.0,0.0
1401,EMP-2109,2024-04-01,0,13,162.5,0.0
1402,EMP-2110,2024-04-01,0,17,212.5,0.0
1403,EMP-2112,2024-04-01,3,0,0.0,166.6
1404,EMP-2113,2024-04-01,0,14,175.0,0.0
1405,EMP-2115,2024-04-01,0,3,37.5,0.0
1406,EMP-2116,2024-04-01,0,20,250.0,0.0
1407,EMP-2117,2024-04-01,0,1,12.5,0.0
1408,EMP-2120,2024-04-01,3,0,0.0,149.4
1409,EMP-2121,2024-04-01,0,13,162.5,0.0
1410,EMP-2122,2024-04-01,0,1,12.5,0.0
1411,EMP-2123,2024-04-01,1,0,0.0,141.17
1412,EMP-2124,2024-04-01,0,11,137.5,0.0
1413,EMP-2125,2024-04-01,1,0,0.0,57.1
1414,EMP-2127,2024-04-01,0,9,112.5,0.0
1415,EMP-2129,2024-04-01,0,1,12.5,0.0
1416,EMP-2130,2024-04-01,0,1,12.5,0.0
1417,EMP-2131,2024-04-01,0,1,12.5,0.0
1418,EMP-2133,2024-04-01,3,0,0.0,147.1
1419,EMP-2136,2024-04-01,0,16,200.0,0.0
1420,EMP-2137,2024-04-01,0,18,225.0,0.0
1421,EMP-2139,2024-04-01,0,18,225.0,0.0
1422,EMP-2142,2024-04-01,0,6,75.0,0.0
1423,EMP-2143,2024-04-01,0,6,75.0,0.0
1424,EMP-2144,2024-04-01,1,0,0.0,71.77
1425,EMP-2145,2024-04-01,0,18,225.0,0.0
1426,EMP-2146,2024-04-01,0,19,237.5,0.0
1427,EMP-2147,2024-04-01,0,13,162.5,0.0
1428,EMP-2148,2024-04-01,2,0,0.0,83.53
1429,EMP-2149,2024-04-01,0,11,137.5,0.0
1430,EMP-2150,2024-04-01,2,0,0.0,211.2
1431,EMP-2151,2024-04-01,0,10,125.0,0.0
1432,EMP-2152,2024-04-01,0,2,25.0,0.0
1433,EMP-2156,2024-04-01,0,5,62.5,0.0
1434,EMP-2157,2024-04-01,3,0,0.0,291.8
1435,EMP-2158,2024-04-01,1,0,0.0,53.9
1436,EMP-2159,2024-04-01,0,12,150.0,0.0
1437,EMP-2160,2024-04-01,1,0,0.0,77.1
1438,EMP-2161,2024-04-01,0,12,150.0,0.0
1439,EMP-2164,2024-04-01,0,17,212.5,0.0
1440,EMP-2165,2024-04-01,0,5,62.5,0.0
1441,EMP-2167,2024-04-01,0,17,212.5,0.0
1442,EMP-2168,2024-04-01,0,11,137.5,0.0
1443,EMP-2170,2024-04-01,2,0,0.0,197.93
1444,EMP-2171,2024-04-01,0,12,150.0,0.0
1445,EMP-2172,2024-04-01,0,19,237.5,0.0
1446,EMP-2173,2024-04-01,0,10,125.0,0.0
1447,EMP-2174,2024-04-01,2,0,0.0,236.2
1448,EMP-2175,2024-04-01,0,8,100.0,0.0
1449,EMP-2177,2024-04-01,0,15,187.5,0.0
1450,EMP-2178,2024-04-01,0,16,200.0,0.0
1451,EMP-2180,2024-04-01,0,14,175.0,0.0
1452,EMP-2181,2024-04-01,0,1,12.5,0.0
1453,EMP-2182,2024-04-01,0,19,237.5,0.0
1454,EMP-2183,2024-04-01,1,0,0.0,35.7
1455,EMP-2184,2024-04-01,0,4,50.0,0.0
1456,EMP-2185,2024-04-01,0,5,62.5,0.0
1457,EMP-2186,2024-04-01,2,0,0.0,70.6
1458,EMP-2187,2024-04-01,1,0,0.0,43.83
1459,EMP-2188,2024-04-01,0,12,150.0,0.0
1460,EMP-2189,2024-04-01,0,13,162.5,0.0
1461,EMP-2190,2024-04-01,2,0,0.0,82.93
1462,EMP-2191,2024-04-01,0,9,112.5,0.0
1463,EMP-2192,2024-04-01,5,0,0.0,281.0
1464,EMP-2194,2024-04-01,0,14,175.0,0.0
1465,EMP-2195,2024-04-01,0,5,62.5,0.0
1466,EMP-2197,2024-04-01,0,18,225.0,0.0
1467,EMP-2198,2024-04-01,0,19,237.5,0.0
1468,EMP-2200,2024-04-01,0,2,25.0,0.0
1469,EMP-2201,2024-04-01,1,0,0.0,40.77
1470,EMP-2203,2024-04-01,0,17,212.5,0.0
1471,EMP-2204,2024-04-01,0,18,225.0,0.0
1472,EMP-2206,2024-04-01,0,19,237.5,0.0
1473,EMP-2208,2024-04-01,2,0,0.0,210.87
1474,EMP-2210,2024-04-01,1,0,0.0,31.37
1475,EMP-2211,2024-04-01,0,2,25.0,0.0
1476,EMP-2212,2024-04-01,1,0,0.0,36.07
1477,EMP-2213,2024-04-01,2,0,0.0,97.93
1478,EMP-2214,2024-04-01,0,15,187.5,0.0
1479,EMP-2215,2024-04-01,3,0,0.0,298.7
1480,EMP-2216,2024-04-01,0,12,150.0,0.0
1481,EMP-2217,2024-04-01,0,1,12.5,0.0
1482,EMP-2218,2024-04-01,2,0,0.0,40.73
1483,EMP-2219,2024-04-01,0,14,175.0,0.0
1484,EMP-2220,2024-04-01,0,17,212.5,0.0
1485,EMP-2221,2024-04-01,0,11,137.5,0.0
1486,EMP-2222,2024-04-01,0,17,212.5,0.0
1487,EMP-2223,2024-04-01,0,1,12.5,0.0
1488,EMP-2224,2024-04-01,0,11,137.5,0.0
1489,EMP-2225,2024-04-01,1,0,0.0,37.9
1490,EMP-2226,2024-04-01,0,14,175.0,0.0
1491,EMP-2227,2024-04-01,1,0,0.0,79.5
1492,EMP-2229,2024-04-01,1,0,0.0,144.4
1493,EMP-2230,2024-04-01,0,15,187.5,0.0
1494,EMP-2231,2024-04-01,0,20,250.0,0.0
1495,EMP-2232,2024-04-01,2,0,0.0,96.33
1496,EMP-2233,2024-04-01,0,5,62.5,0.0
1497,EMP-2234,2024-04-01,0,8,100.0,0.0
1498,EMP-2235,2024-04-01,2,0,0.0,265.4
1499,EMP-2236,2024-04-01,0,9,112.5,0.0
1500,EMP-2237,2024-04-01,1,0,0.0,53.67
1501,EMP-2238,2024-04-01,0,4,50.0,0.0
1502,EMP-2239,2024-04-01,0,19,237.5,0.0
1503,EMP-2240,2024-04-01,0,16,200.0,0.0
1504,EMP-2242,2024-04-01,1,0,0.0,30.97
1505,EMP-2243,2024-04-01,0,19,237.5,0.0
1506,EMP-2245,2024-04-01,0,8,100.0,0.0
1507,EMP-2246,2024-04-01,0,2,25.0,0.0
1508,EMP-2247,2024-04-01,0,9,112.5,0.0
1509,EMP-2248,2024-04-01,0,18,225.0,0.0
1510,EMP-2251,2024-04-01,0,12,150.0,0.0
1511,EMP-2252,2024-04-01,0,4,50.0,0.0
1512,EMP-2253,2024-04-01,0,20,250.0,0.0
1513,EMP-2255,2024-04-01,0,12,150.0,0.0
1514,EMP-2256,2024-04-01,0,14,175.0,0.0
1515,EMP-2257,2024-04-01,1,0,0.0,43.0
1516,EMP-2258,2024-04-01,0,12,150.0,0.0
1517,EMP-2259,2024-04-01,0,13,162.5,0.0
1518,EMP-2260,2024-04-01,0,2,25.0,0.0
1519,EMP-2261,2024-04-01,0,10,125.0,0.0
1520,EMP-2262,2024-04-01,2,0,0.0,96.73
1521,EMP-2263,2024-04-01,0,16,200.0,0.0
1522,EMP-2264,2024-04-01,0,12,150.0,0.0
1523,EMP-2265,2024-04-01,3,0,0.0,129.3
1524,EMP-2266,2024-04-01,0,2,25.0,0.0
1525,EMP-2267,2024-04-01,0,2,25.0,0.0
1526,EMP-2268,2024-04-01,0,7,87.5,0.0
1527,EMP-2270,2024-04-01,1,0,0.0,42.1
1528,EMP-2271,2024-04-01,1,0,0.0,40.23
1529,EMP-2272,2024-04-01,0,0,0.0,0.0
1530,EMP-2275,2024-04-01,0,12,150.0,0.0
1531,EMP-2276,2024-04-01,0,0,0.0,0.0
1532,EMP-2277,2024-04-01,2,0,0.0,65.87
1533,EMP-2281,2024-04-01,1,0,0.0,38.63
1534,EMP-2283,2024-04-01,0,20,250.0,0.0
1535,EMP-2284,2024-04-01,1,0,0.0,52.6
1536,EMP-2285,2024-04-01,0,13,162.5,0.0
1537,EMP-2286,2024-04-01,2,0,0.0,45.67
1538,EMP-2288,2024-04-01,0,7,87.5,0.0
1539,EMP-2289,2024-04-01,0,10,125.0,0.0
1540,EMP-2290,2024-04-01,0,0,0.0,0.0
1541,EMP-2291,2024-04-01,1,0,0.0,147.17
1542,EMP-2294,2024-04-01,0,11,137.5,0.0
1543,EMP-2295,2024-04-01,1,0,0.0,58.23
1544,EMP-2297,2024-04-01,1,0,0.0,29.1
1545,EMP-2299,2024-04-01,0,7,87.5,0.0
1546,EMP-2300,2024-04-01,0,11,137.5,0.0
1547,EMP-2301,2024-04-01,0,18,225.0,0.0
1548,EMP-2302,2024-04-01,0,15,187.5,0.0
1549,EMP-2303,2024-04-01,0,11,137.5,0.0
1550,EMP-2304,2024-04-01,0,15,187.5,0.0
1551,EMP-2305,2024-04-01,1,0,0.0,92.17
1552,EMP-2306,2024-04-01,0,18,225.0,0.0
1553,EMP-2307,2024-04-01,0,5,62.5,0.0
1554,EMP-2308,2024-04-01,1,0,0.0,37.03
1555,EMP-2310,2024-04-01,0,20,250.0,0.0
1556,EMP-2311,2024-04-01,0,14,175.0,0.0
1557,EMP-2313,2024-04-01,0,9,112.5,0.0
1558,EMP-2314,2024-04-01,2,0,0.0,74.47
1559,EMP-2315,2024-04-01,0,10,125.0,0.0
1560,EMP-2316,2024-04-01,0,7,87.5,0.0
1561,EMP-2317,2024-04-01,1,0,0.0,144.6
1562,EMP-2318,2024-04-01,2,0,0.0,54.4
1563,EMP-2319,2024-04-01,2,0,0.0,214.8
1564,EMP-2320,2024-04-01,2,0,0.0,95.33
1565,EMP-2322,2024-04-01,0,12,150.0,0.0
1566,EMP-2323,2024-04-01,0,2,25.0,0.0
1567,EMP-2324,2024-04-01,0,7,87.5,0.0
1568,EMP-2325,2024-04-01,0,13,162.5,0.0
1569,EMP-2326,2024-04-01,0,1,12.5,0.0
1570,EMP-2327,2024-04-01,0,5,62.5,0.0
1571,EMP-2328,2024-04-01,0,16,200.0,0.0
1572,EMP-2330,2024-04-01,1,0,0.0,46.63
1573,EMP-2333,2024-04-01,0,15,187.5,0.0
1574,EMP-2334,2024-04-01,0,6,75.0,0.0
1575,EMP-2335,2024-04-01,0,8,100.0,0.0
1576,EMP-2336,2024-04-01,0,12,150.0,0.0
1577,EMP-2337,2024-04-01,1,0,0.0,24.17
1578,EMP-2338,2024-04-01,0,0,0.0,0.0
1579,EMP-2339,2024-04-01,2,0,0.0,80.73
1580,EMP-2340,2024-04-01,1,0,0.0,22.03
1581,EMP-2342,2024-04-01,0,13,162.5,0.0
1582,EMP-2343,2024-04-01,0,12,150.0,0.0
1583,EMP-2344,2024-04-01,0,20,250.0,0.0
1584,EMP-2345,2024-04-01,1,0,0.0,43.47
1585,EMP-2346,2024-04-01,0,13,162.5,0.0
1586,EMP-2347,2024-04-01,0,20,250.0,0.0
1587,EMP-2350,2024-04-01,1,0,0.0,23.13
1588,EMP-2351,2024-04-01,1,0,0.0,96.93
1589,EMP-2352,2024-04-01,0,18,225.0,0.0
1590,EMP-2356,2024-04-01,0,11,137.5,0.0
1591,EMP-2357,2024-04-01,1,0,0.0,59.73
1592,EMP-2358,2024-04-01,0,15,187.5,0.0
1593,EMP-2359,2024-04-01,0,8,100.0,0.0
1594,EMP-2361,2024-04-01,0,2,25.0,0.0
1595,EMP-2362,2024-04-01,3,0,0.0,62.8
1596,EMP-2364,2024-04-01,0,11,137.5,0.0
1597,EMP-2366,2024-04-01,3,0,0.0,400.7
1598,EMP-2367,2024-04-01,0,0,0.0,0.0
1599,EMP-2368,2024-04-01,0,11,137.5,0.0
1600,EMP-2370,2024-04-01,0,13,162.5,0.0
1601,EMP-2371,2024-04-01,0,18,225.0,0.0
1602,EMP-2373,2024-04-01,0,2,25.0,0.0
1603,EMP-2374,2024-04-01,0,16,200.0,0.0
1604,EMP-2375,2024-04-01,0,6,75.0,0.0
1605,EMP-2376,2024-04-01,0,18,225.0,0.0
1606,EMP-2377,2024-04-01,0,7,87.5,0.0
1607,EMP-2379,2024-04-01,0,14,175.0,0.0
1608,EMP-2382,2024-04-01,1,0,0.0,59.4
1609,EMP-2383,2024-04-01,0,20,250.0,0.0
1610,EMP-2384,2024-04-01,0,16,200.0,0.0
1611,EMP-2385,2024-04-01,0,3,37.5,0.0
1612,EMP-2387,2024-04-01,2,0,0.0,73.0
1613,EMP-2390,2024-04-01,0,14,175.0,0.0
1614,EMP-2391,2024-04-01,0,4,50.0,0.0
1615,EMP-2392,2024-04-01,1,0,0.0,22.77
1616,EMP-2394,2024-04-01,0,15,187.5,0.0
1617,EMP-2395,2024-04-01,2,0,0.0,190.13
1618,EMP-2396,2024-04-01,1,0,0.0,44.07
1619,EMP-2398,2024-04-01,0,12,150.0,0.0
1620,EMP-2399,2024-04-01,1,0,0.0,34.2
1621,EMP-2402,2024-04-01,0,10,125.0,0.0
1622,EMP-2405,2024-04-01,0,14,175.0,0.0
1623,EMP-2406,2024-04-01,0,12,150.0,0.0
1624,EMP-2407,2024-04-01,0,10,125.0,0.0
1625,EMP-2408,2024-04-01,0,18,225.0,0.0
1626,EMP-2409,2024-04-01,5,0,0.0,167.0
1627,EMP-2410,2024-04-01,1,0,0.0,58.93
1628,EMP-2411,2024-04-01,0,18,225.0,0.0
1629,EMP-2412,2024-04-01,5,0,0.0,197.5
1630,EMP-2413,2024-04-01,0,20,250.0,0.0
1631,EMP-2415,2024-04-01,0,16,200.0,0.0
1632,EMP-2417,2024-04-01,0,4,50.0,0.0
1633,EMP-2418,2024-04-01,0,14,175.0,0.0
1634,EMP-2420,2024-04-01,0,14,175.0,0.0
1635,EMP-2423,2024-04-01,0,16,200.0,0.0
1636,EMP-2424,2024-04-01,0,15,187.5,0.0
1637,EMP-2425,2024-04-01,0,15,187.5,0.0
1638,EMP-2426,2024-04-01,0,12,150.0,0.0
1639,EMP-2428,2024-04-01,0,10,125.0,0.0
1640,EMP-2429,2024-04-01,0,8,100.0,0.0
1641,EMP-2431,2024-04-01,0,15,187.5,0.0
1642,EMP-2433,2024-04-01,3,0,0.0,76.8
1643,EMP-2434,2024-04-01,0,0,0.0,0.0
1644,EMP-2435,2024-04-01,0,10,125.0,0.0
1645,EMP-2436,2024-04-01,0,5,62.5,0.0
1646,EMP-2437,2024-04-01,0,9,112.5,0.0
1647,EMP-2438,2024-04-01,2,0,0.0,75.67
1648,EMP-2440,2024-04-01,0,17,212.5,0.0
1649,EMP-2441,2024-04-01,0,4,50.0,0.0
1650,EMP-2442,2024-04-01,0,18,225.0,0.0
1651,EMP-2443,2024-04-01,0,15,187.5,0.0
1652,EMP-2445,2024-04-01,0,4,50.0,0.0
1653,EMP-2446,2024-04-01,5,0,0.0,128.5
1654,EMP-2450,2024-04-01,0,1,12.5,0.0
1655,EMP-2452,2024-04-01,0,16,200.0,0.0
1656,EMP-2453,2024-04-01,1,0,0.0,79.37
1657,EMP-2455,2024-04-01,0,3,37.5,0.0
1658,EMP-2456,2024-04-01,0,19,237.5,0.0
1659,EMP-2457,2024-04-01,3,0,0.0,123.8
1660,EMP-2458,2024-04-01,5,0,0.0,214.0
1661,EMP-2459,2024-04-01,0,13,162.5,0.0
1662,EMP-2461,2024-04-01,0,10,125.0,0.0
1663,EMP-2462,2024-04-01,0,20,250.0,0.0
1664,EMP-2463,2024-04-01,0,15,187.5,0.0
1665,EMP-2464,2024-04-01,0,16,200.0,0.0
1666,EMP-2465,2024-04-01,0,15,187.5,0.0
1667,EMP-2466,2024-04-01,0,0,0.0,0.0
1668,EMP-2469,2024-04-01,0,20,250.0,0.0
1669,EMP-2470,2024-04-01,0,7,87.5,0.0
1670,EMP-2471,2024-04-01,0,18,225.0,0.0
1671,EMP-2474,2024-04-01,3,0,0.0,122.6
1672,EMP-2475,2024-04-01,0,4,50.0,0.0
1673,EMP-2476,2024-04-01,0,4,50.0,0.0
1674,EMP-2477,2024-04-01,0,10,125.0,0.0
1675,EMP-2478,2024-04-01,0,2,25.0,0.0
1676,EMP-2479,2024-04-01,0,1,12.5,0.0
1677,EMP-2481,2024-04-01,1,0,0.0,31.23
1678,EMP-2482,2024-04-01,0,11,137.5,0.0
1679,EMP-2483,2024-04-01,3,0,0.0,387.8
1680,EMP-2484,2024-04-01,1,0,0.0,35.17
1681,EMP-2486,2024-04-01,0,11,137.5,0.0
1682,EMP-2488,2024-04-01,0,19,237.5,0.0
1683,EMP-2489,2024-04-01,1,0,0.0,128.07
1684,EMP-2491,2024-04-01,0,17,212.5,0.0
1685,EMP-2492,2024-04-01,1,0,0.0,42.57
1686,EMP-2493,2024-04-01,2,0,0.0,163.07
1687,EMP-2495,2024-04-01,1,0,0.0,44.2
1688,EMP-2496,2024-04-01,0,20,250.0,0.0
1689,EMP-2497,2024-04-01,0,8,100.0,0.0
1690,EMP-2498,2024-04-01,0,15,187.5,0.0
1691,EMP-2499,2024-04-01,0,15,187.5,0.0
1692,EMP-2500,2024-04-01,3,0,0.0,378.3
1693,EMP-2501,2024-04-01,0,10,125.0,0.0
1694,EMP-2502,2024-04-01,0,16,200.0,0.0
1695,EMP-2503,2024-04-01,0,6,75.0,0.0
1696,EMP-2504,2024-04-01,1,0,0.0,37.9
1697,EMP-2505,2024-04-01,0,14,175.0,0.0
1698,EMP-2506,2024-04-01,0,11,137.5,0.0
1699,EMP-2508,2024-04-01,0,19,237.5,0.0
1700,EMP-2511,2024-04-01,0,10,125.0,0.0
1701,EMP-2512,2024-04-01,0,9,112.5,0.0
1702,EMP-2513,2024-04-01,0,1,12.5,0.0
1703,EMP-2514,2024-04-01,0,4,50.0,0.0
1704,EMP-2517,2024-04-01,0,2,25.0,0.0
1705,EMP-2518,2024-04-01,5,0,0.0,273.33
1706,EMP-2520,2024-04-01,1,0,0.0,138.6
1707,EMP-2521,2024-04-01,0,11,137.5,0.0
1708,EMP-2522,2024-04-01,0,13,162.5,0.0
1709,EMP-2524,2024-04-01,0,8,100.0,0.0
1710,EMP-2525,2024-04-01,1,0,0.0,24.57
1711,EMP-2526,2024-04-01,0,6,75.0,0.0
1712,EMP-2527,2024-04-01,0,20,250.0,0.0
1713,EMP-2528,2024-04-01,0,19,237.5,0.0
1714,EMP-2529,2024-04-01,0,16,200.0,0.0
1715,EMP-2531,2024-04-01,0,6,75.0,0.0
1716,EMP-2532,2024-04-01,3,0,0.0,65.0
1717,EMP-2533,2024-04-01,1,0,0.0,23.93
1718,EMP-2534,2024-04-01,0,16,200.0,0.0
1719,EMP-2535,2024-04-01,0,10,125.0,0.0
1720,EMP-2536,2024-04-01,0,2,25.0,0.0
1721,EMP-2538,2024-04-01,0,11,137.5,0.0
1722,EMP-2539,2024-04-01,0,16,200.0,0.0
1723,EMP-2541,2024-04-01,1,0,0.0,120.03
1724,EMP-2543,2024-04-01,0,18,225.0,0.0
1725,EMP-2544,2024-04-01,0,2,25.0,0.0
1726,EMP-2545,2024-04-01,0,9,112.5,0.0
1727,EMP-2546,2024-04-01,0,10,125.0,0.0
1728,EMP-2548,2024-04-01,0,0,0.0,0.0
1729,EMP-2549,2024-04-01,0,12,150.0,0.0
1730,EMP-2551,2024-04-01,0,11,137.5,0.0
1731,EMP-2552,2024-04-01,0,0,0.0,0.0
1732,EMP-2553,2024-04-01,0,19,237.5,0.0
1733,EMP-2554,2024-04-01,2,0,0.0,162.6
1734,EMP-2556,2024-04-01,0,16,200.0,0.0
1735,EMP-2557,2024-04-01,0,8,100.0,0.0
1736,EMP-2560,2024-04-01,0,13,162.5,0.0
1737,EMP-2561,2024-04-01,0,13,162.5,0.0
1738,EMP-2562,2024-04-01,1,0,0.0,30.87
1739,EMP-2563,2024-04-01,0,16,200.0,0.0
1740,EMP-2564,2024-04-01,0,13,162.5,0.0
1741,EMP-2565,2024-04-01,0,4,50.0,0.0
1742,EMP-2567,2024-04-01,0,13,162.5,0.0
1743,EMP-2568,2024-04-01,0,18,225.0,0.0
1744,EMP-2570,2024-04-01,0,19,237.5,0.0
1745,EMP-2571,2024-04-01,0,9,112.5,0.0
1746,EMP-2572,2024-04-01,2,0,0.0,103.67
1747,EMP-2574,2024-04-01,0,14,175.0,0.0
1748,EMP-2575,2024-04-01,0,9,112.5,0.0
1749,EMP-2576,2024-04-01,1,0,0.0,21.43
1750,EMP-2577,2024-04-01,0,2,25.0,0.0
1751,EMP-2578,2024-04-01,0,11,137.5,0.0
1752,EMP-2579,2024-04-01,0,8,100.0,0.0
1753,EMP-2580,2024-04-01,1,0,0.0,59.8
1754,EMP-2581,2024-04-01,0,0,0.0,0.0
1755,EMP-2582,2024-04-01,0,16,200.0,0.0
1756,EMP-2583,2024-04-01,3,0,0.0,206.0
1757,EMP-2584,2024-04-01,0,20,250.0,0.0
1758,EMP-2585,2024-04-01,0,0,0.0,0.0
1759,EMP-2587,2024-04-01,0,9,112.5,0.0
1760,EMP-2588,2024-04-01,0,9,112.5,0.0
1761,EMP-2589,2024-04-01,0,4,50.0,0.0
1762,EMP-2590,2024-04-01,0,4,50.0,0.0
1763,EMP-2594,2024-04-01,0,3,37.5,0.0
1764,EMP-2595,2024-04-01,0,5,62.5,0.0
1765,EMP-2598,2024-04-01,1,0,0.0,92.83
1766,EMP-2599,2024-04-01,0,11,137.5,0.0
1767,EMP-2001,2024-05-01,3,0,0.0,69.9
1768,EMP-2003,2024-05-01,0,6,75.0,0.0
1769,EMP-2004,2024-05-01,0,14,175.0,0.0
1770,EMP-2005,2024-05-01,0,17,212.5,0.0
1771,EMP-2006,2024-05-01,0,13,162.5,0.0
1772,EMP-2008,2024-05-01,0,20,250.0,0.0
1773,EMP-2010,2024-05-01,0,19,237.5,0.0
1774,EMP-2011,2024-05-01,0,8,100.0,0.0
1775,EMP-2012,2024-05-01,0,3,37.5,0.0
1776,EMP-2014,2024-05-01,0,15,187.5,0.0
1777,EMP-2015,2024-05-01,1,0,0.0,57.33
1778,EMP-2016,2024-05-01,5,0,0.0,215.17
1779,EMP-2017,2024-05-01,0,14,175.0,0.0
1780,EMP-2018,2024-05-01,2,0,0.0,156.47
1781,EMP-2019,2024-05-01,5,0,0.0,138.17
1782,EMP-2020,2024-05-01,0,12,150.0,0.0
1783,EMP-2024,2024-05-01,1,0,0.0,94.7
1784,EMP-2025,2024-05-01,0,18,225.0,0.0
1785,EMP-2026,2024-05-01,1,0,0.0,21.6
1786,EMP-2027,2024-05-01,0,9,112.5,0.0
1787,EMP-2028,2024-05-01,0,8,100.0,0.0
1788,EMP-2029,2024-05-01,0,20,250.0,0.0
1789,EMP-2030,2024-05-01,0,3,37.5,0.0
1790,EMP-2031,2024-05-01,0,15,187.5,0.0
1791,EMP-2032,2024-05-01,3,0,0.0,152.5
1792,EMP-2034,2024-05-01,0,19,237.5,0.0
1793,EMP-2036,2024-05-01,2,0,0.0,88.73
1794,EMP-2037,2024-05-01,0,14,175.0,0.0
1795,EMP-2039,2024-05-01,2,0,0.0,109.73
1796,EMP-2040,2024-05-01,0,7,87.5,0.0
1797,EMP-2041,2024-05-01,0,20,250.0,0.0
1798,EMP-2042,2024-05-01,0,16,200.0,0.0
1799,EMP-2043,2024-05-01,2,0,0.0,112.4
1800,EMP-2044,2024-05-01,1,0,0.0,31.3
1801,EMP-2047,2024-05-01,0,15,187.5,0.0
1802,EMP-2049,2024-05-01,0,20,250.0,0.0
1803,EMP-2050,2024-05-01,0,14,175.0,0.0
1804,EMP-2051,2024-05-01,0,0,0.0,0.0
1805,EMP-2052,2024-05-01,0,9,112.5,0.0
1806,EMP-2053,2024-05-01,5,0,0.0,179.0
1807,EMP-2055,2024-05-01,0,19,237.5,0.0
1808,EMP-2056,2024-05-01,0,9,112.5,0.0
1809,EMP-2057,2024-05-01,5,0,0.0,357.67
1810,EMP-2058,2024-05-01,0,10,125.0,0.0
1811,EMP-2059,2024-05-01,0,8,100.0,0.0
1812,EMP-2060,2024-05-01,0,19,237.5,0.0
1813,EMP-2061,2024-05-01,0,14,175.0,0.0
1814,EMP-2062,2024-05-01,2,0,0.0,87.2
1815,EMP-2063,2024-05-01,0,11,137.5,0.0
1816,EMP-2064,2024-05-01,0,17,212.5,0.0
1817,EMP-2065,2024-05-01,1,0,0.0,56.1
1818,EMP-2066,2024-05-01,0,5,62.5,0.0
1819,EMP-2069,2024-05-01,0,1,12.5,0.0
1820,EMP-2070,2024-05-01,0,19,237.5,0.0
1821,EMP-2071,2024-05-01,3,0,0.0,61.4
1822,EMP-2072,2024-05-01,3,0,0.0,92.6
1823,EMP-2073,2024-05-01,0,20,250.0,0.0
1824,EMP-2074,2024-05-01,2,0,0.0,141.67
1825,EMP-2075,2024-05-01,0,10,125.0,0.0
1826,EMP-2076,2024-05-01,0,0,0.0,0.0
1827,EMP-2078,2024-05-01,1,0,0.0,48.3
1828,EMP-2081,2024-05-01,2,0,0.0,115.87
1829,EMP-2082,2024-05-01,0,15,187.5,0.0
1830,EMP-2083,2024-05-01,0,19,237.5,0.0
1831,EMP-2084,2024-05-01,1,0,0.0,36.1
1832,EMP-2085,2024-05-01,1,0,0.0,49.9
1833,EMP-2086,2024-05-01,2,0,0.0,45.33
1834,EMP-2087,2024-05-01,2,0,0.0,47.93
1835,EMP-2089,2024-05-01,0,8,100.0,0.0
1836,EMP-2090,2024-05-01,0,11,137.5,0.0
1837,EMP-2091,2024-05-01,0,5,62.5,0.0
1838,EMP-2093,2024-05-01,5,0,0.0,108.0
1839,EMP-2094,2024-05-01,0,15,187.5,0.0
1840,EMP-2095,2024-05-01,1,0,0.0,56.77
1841,EMP-2096,2024-05-01,0,7,87.5,0.0
1842,EMP-2098,2024-05-01,1,0,0.0,47.33
1843,EMP-2101,2024-05-01,0,10,125.0,0.0
1844,EMP-2102,2024-05-01,1,0,0.0,45.97
1845,EMP-2103,2024-05-01,0,2,25.0,0.0
1846,EMP-2104,2024-05-01,1,0,0.0,138.53
1847,EMP-2105,2024-05-01,3,0,0.0,133.2
1848,EMP-2106,2024-05-01,0,8,100.0,0.0
1849,EMP-2107,2024-05-01,0,5,62.5,0.0
1850,EMP-2109,2024-05-01,0,7,87.5,0.0
1851,EMP-2110,2024-05-01,0,17,212.5,0.0
1852,EMP-2112,2024-05-01,0,3,37.5,0.0
1853,EMP-2113,2024-05-01,0,16,200.0,0.0
1854,EMP-2115,2024-05-01,0,6,75.0,0.0
1855,EMP-2116,2024-05-01,0,0,0.0,0.0
1856,EMP-2117,2024-05-01,0,9,112.5,0.0
1857,EMP-2120,2024-05-01,3,0,0.0,149.4
1858,EMP-2121,2024-05-01,2,0,0.0,86.73
1859,EMP-2122,2024-05-01,0,12,150.0,0.0
1860,EMP-2123,2024-05-01,0,0,0.0,0.0
1861,EMP-2124,2024-05-01,0,12,150.0,0.0
1862,EMP-2125,2024-05-01,2,0,0.0,114.2
1863,EMP-2127,2024-05-01,0,0,0.0,0.0
1864,EMP-2129,2024-05-01,1,0,0.0,128.47
1865,EMP-2130,2024-05-01,0,5,62.5,0.0
1866,EMP-2131,2024-05-01,0,2,25.0,0.0
1867,EMP-2133,2024-05-01,0,8,100.0,0.0
1868,EMP-2136,2024-05-01,0,7,87.5,0.0
1869,EMP-2137,2024-05-01,5,0,0.0,333.5
1870,EMP-2139,2024-05-01,5,0,0.0,138.67
1871,EMP-2142,2024-05-01,0,12,150.0,0.0
1872,EMP-2143,2024-05-01,0,2,25.0,0.0
1873,EMP-2144,2024-05-01,0,17,212.5,0.0
1874,EMP-2145,2024-05-01,3,0,0.0,224.5
1875,EMP-2146,2024-05-01,1,0,0.0,51.7
1876,EMP-2147,2024-05-01,1,0,0.0,48.87
1877,EMP-2148,2024-05-01,1,0,0.0,41.77
1878,EMP-2149,2024-05-01,0,8,100.0,0.0
1879,EMP-2150,2024-05-01,1,0,0.0,105.6
1880,EMP-2151,2024-05-01,0,7,87.5,0.0
1881,EMP-2152,2024-05-01,2,0,0.0,240.8
1882,EMP-2156,2024-05-01,0,4,50.0,0.0
1883,EMP-2157,2024-05-01,1,0,0.0,97.27
1884,EMP-2158,2024-05-01,1,0,0.0,53.9
1885,EMP-2159,2024-05-01,0,3,37.5,0.0
1886,EMP-2160,2024-05-01,0,9,112.5,0.0
1887,EMP-2161,2024-05-01,2,0,0.0,106.0
1888,EMP-2164,2024-05-01,0,3,37.5,0.0
1889,EMP-2165,2024-05-01,0,1,12.5,0.0
1890,EMP-2167,2024-05-01,0,7,87.5,0.0
1891,EMP-2168,2024-05-01,0,11,137.5,0.0
1892,EMP-2170,2024-05-01,0,16,200.0,0.0
1893,EMP-2171,2024-05-01,0,18,225.0,0.0
1894,EMP-2172,2024-05-01,2,0,0.0,224.8
1895,EMP-2173,2024-05-01,0,18,225.0,0.0
1896,EMP-2174,2024-05-01,1,0,0.0,118.1
1897,EMP-2175,2024-05-01,0,12,150.0,0.0
1898,EMP-2177,2024-05-01,3,0,0.0,391.9
1899,EMP-2178,2024-05-01,0,4,50.0,0.0
1900,EMP-2180,2024-05-01,1,0,0.0,36.43
1901,EMP-2181,2024-05-01,0,17,212.5,0.0
1902,EMP-2182,2024-05-01,0,6,75.0,0.0
1903,EMP-2183,2024-05-01,0,1,12.5,0.0
1904,EMP-2184,2024-05-01,1,0,0.0,44.1
1905,EMP-2185,2024-05-01,0,13,162.5,0.0
1906,EMP-2186,2024-05-01,0,9,112.5,0.0
1907,EMP-2187,2024-05-01,0,18,225.0,0.0
1908,EMP-2188,2024-05-01,0,4,50.0,0.0
1909,EMP-2189,2024-05-01,5,0,0.0,499.0
1910,EMP-2190,2024-05-01,0,17,212.5,0.0
1911,EMP-2191,2024-05-01,1,0,0.0,66.13
1912,EMP-2192,2024-05-01,2,0,0.0,112.4
1913,EMP-2194,2024-05-01,3,0,0.0,155.2
1914,EMP-2195,2024-05-01,0,20,250.0,0.0
1915,EMP-2197,2024-05-01,0,16,200.0,0.0
1916,EMP-2198,2024-05-01,0,6,75.0,0.0
1917,EMP-2200,2024-05-01,0,11,137.5,0.0
1918,EMP-2201,2024-05-01,2,0,0.0,81.53
1919,EMP-2203,2024-05-01,0,8,100.0,0.0
1920,EMP-2204,2024-05-01,0,8,100.0,0.0
1921,EMP-2206,2024-05-01,0,2,25.0,0.0
1922,EMP-2208,2024-05-01,0,7,87.5,0.0
1923,EMP-2210,2024-05-01,5,0,0.0,156.83
1924,EMP-2211,2024-05-01,1,0,0.0,26.03
1925,EMP-2212,2024-05-01,0,13,162.5,0.0
1926,EMP-2213,2024-05-01,0,0,0.0,0.0
1927,EMP-2214,2024-05-01,0,13,162.5,0.0
1928,EMP-2215,2024-05-01,3,0,0.0,298.7
1929,EMP-2216,2024-05-01,3,0,0.0,94.3
1930,EMP-2217,2024-05-01,3,0,0.0,70.3
1931,EMP-2218,2024-05-01,0,9,112.5,0.0
1932,EMP-2219,2024-05-01,0,13,162.5,0.0
1933,EMP-2220,2024-05-01,3,0,0.0,126.1
1934,EMP-2221,2024-05-01,0,11,137.5,0.0
1935,EMP-2222,2024-05-01,1,0,0.0,110.37
1936,EMP-2223,2024-05-01,0,6,75.0,0.0
1937,EMP-2224,2024-05-01,0,14,175.0,0.0
1938,EMP-2225,2024-05-01,0,11,137.5,0.0
1939,EMP-2226,2024-05-01,0,7,87.5,0.0
1940,EMP-2227,2024-05-01,0,6,75.0,0.0
1941,EMP-2229,2024-05-01,0,18,225.0,0.0
1942,EMP-2230,2024-05-01,0,14,175.0,0.0
1943,EMP-2231,2024-05-01,0,16,200.0,0.0
1944,EMP-2232,2024-05-01,0,7,87.5,0.0
1945,EMP-2233,2024-05-01,0,3,37.5,0.0
1946,EMP-2234,2024-05-01,0,18,225.0,0.0
1947,EMP-2235,2024-05-01,1,0,0.0,132.7
1948,EMP-2236,2024-05-01,0,5,62.5,0.0
1949,EMP-2237,2024-05-01,0,12,150.0,0.0
1950,EMP-2238,2024-05-01,0,14,175.0,0.0
1951,EMP-2239,2024-05-01,0,7,87.5,0.0
1952,EMP-2240,2024-05-01,3,0,0.0,166.9
1953,EMP-2242,2024-05-01,0,15,187.5,0.0
1954,EMP-2243,2024-05-01,0,10,125.0,0.0
1955,EMP-2245,2024-05-01,0,14,175.0,0.0
1956,EMP-2246,2024-05-01,1,0,0.0,70.97
1957,EMP-2247,2024-05-01,2,0,0.0,89.53
1958,EMP-2248,2024-05-01,3,0,0.0,356.0
1959,EMP-2251,2024-05-01,0,10,125.0,0.0
1960,EMP-2252,2024-05-01,0,0,0.0,0.0
1961,EMP-2253,2024-05-01,5,0,0.0,181.0
1962,EMP-2255,2024-05-01,0,12,150.0,0.0
1963,EMP-2256,2024-05-01,0,17,212.5,0.0
1964,EMP-2257,2024-05-01,0,9,112.5,0.0
1965,EMP-2258,2024-05-01,3,0,0.0,141.9
1966,EMP-2259,2024-05-01,0,11,137.5,0.0
1967,EMP-2260,2024-05-01,0,10,125.0,0.0
1968,EMP-2261,2024-05-01,2,0,0.0,63.67
1969,EMP-2262,2024-05-01,2,0,0.0,96.73
1970,EMP-2263,2024-05-01,0,19,237.5,0.0
1971,EMP-2264,2024-05-01,1,0,0.0,47.67
1972,EMP-2265,2024-05-01,3,0,0.0,129.3
1973,EMP-2266,2024-05-01,1,0,0.0,34.57
1974,EMP-2267,2024-05-01,0,20,250.0,0.0
1975,EMP-2268,2024-05-01,0,5,62.5,0.0
1976,EMP-2270,2024-05-01,3,0,0.0,126.3
1977,EMP-2271,2024-05-01,0,10,125.0,0.0
1978,EMP-2272,2024-05-01,0,4,50.0,0.0
1979,EMP-2275,2024-05-01,0,4,50.0,0.0
1980,EMP-2276,2024-05-01,1,0,0.0,35.33
1981,EMP-2277,2024-05-01,0,17,212.5,0.0
1982,EMP-2281,2024-05-01,2,0,0.0,77.27
1983,EMP-2283,2024-05-01,1,0,0.0,49.17
1984,EMP-2284,2024-05-01,0,7,87.5,0.0
1985,EMP-2285,2024-05-01,0,19,237.5,0.0
1986,EMP-2286,2024-05-01,0,19,237.5,0.0
1987,EMP-2288,2024-05-01,0,15,187.5,0.0
1988,EMP-2289,2024-05-01,0,4,50.0,0.0
1989,EMP-2290,2024-05-01,0,19,237.5,0.0
1990,EMP-2291,2024-05-01,0,12,150.0,0.0
1991,EMP-2294,2024-05-01,5,0,0.0,579.17
1992,EMP-2295,2024-05-01,0,12,150.0,0.0
1993,EMP-2297,2024-05-01,1,0,0.0,29.1
1994,EMP-2299,2024-05-01,2,0,0.0,97.73
1995,EMP-2300,2024-05-01,0,3,37.5,0.0
1996,EMP-2301,2024-05-01,0,1,12.5,0.0
1997,EMP-2302,2024-05-01,0,6,75.0,0.0
1998,EMP-2303,2024-05-01,1,0,0.0,45.0
1999,EMP-2304,2024-05-01,0,13,162.5,0.0
2000,EMP-2305,2024-05-01,1,0,0.0,92.17
2001,EMP-2306,2024-05-01,0,16,200.0,0.0
2002,EMP-2307,2024-05-01,1,0,0.0,120.2
2003,EMP-2308,2024-05-01,0,0,0.0,0.0
2004,EMP-2310,2024-05-01,0,8,100.0,0.0
2005,EMP-2311,2024-05-01,0,15,187.5,0.0
2006,EMP-2313,2024-05-01,0,0,0.0,0.0
2007,EMP-2314,2024-05-01,0,11,137.5,0.0
2008,EMP-2315,2024-05-01,5,0,0.0,174.5
2009,EMP-2316,2024-05-01,1,0,0.0,47.33
2010,EMP-2317,2024-05-01,3,0,0.0,433.8
2011,EMP-2318,2024-05-01,3,0,0.0,81.6
2012,EMP-2319,2024-05-01,3,0,0.0,322.2
2013,EMP-2320,2024-05-01,0,11,137.5,0.0
2014,EMP-2322,2024-05-01,0,7,87.5,0.0
2015,EMP-2323,2024-05-01,0,20,250.0,0.0
2016,EMP-2324,2024-05-01,0,0,0.0,0.0
2017,EMP-2325,2024-05-01,1,0,0.0,45.33
2018,EMP-2326,2024-05-01,0,16,200.0,0.0
2019,EMP-2327,2024-05-01,0,0,0.0,0.0
2020,EMP-2328,2024-05-01,2,0,0.0,103.73
2021,EMP-2330,2024-05-01,0,12,150.0,0.0
2022,EMP-2333,2024-05-01,1,0,0.0,38.73
2023,EMP-2334,2024-05-01,0,20,250.0,0.0
2024,EMP-2335,2024-05-01,0,18,225.0,0.0
2025,EMP-2336,2024-05-01,0,5,62.5,0.0
2026,EMP-2337,2024-05-01,1,0,0.0,24.17
2027,EMP-2338,2024-05-01,0,9,112.5,0.0
2028,EMP-2339,2024-05-01,1,0,0.0,40.37
2029,EMP-2340,2024-05-01,1,0,0.0,22.03
2030,EMP-2341,2024-05-01,0,3,37.5,0.0
2031,EMP-2342,2024-05-01,0,17,212.5,0.0
2032,EMP-2343,2024-05-01,5,0,0.0,655.67
2033,EMP-2344,2024-05-01,3,0,0.0,213.4
2034,EMP-2345,2024-05-01,1,0,0.0,43.47
2035,EMP-2346,2024-05-01,0,3,37.5,0.0
2036,EMP-2347,2024-05-01,3,0,0.0,169.2
2037,EMP-2350,2024-05-01,3,0,0.0,69.4
2038,EMP-2351,2024-05-01,0,9,112.5,0.0
2039,EMP-2352,2024-05-01,0,2,25.0,0.0
2040,EMP-2356,2024-05-01,0,17,212.5,0.0
2041,EMP-2357,2024-05-01,0,15,187.5,0.0
2042,EMP-2358,2024-05-01,0,18,225.0,0.0
2043,EMP-2359,2024-05-01,0,6,75.0,0.0
2044,EMP-2361,2024-05-01,1,0,0.0,22.23
2045,EMP-2362,2024-05-01,3,0,0.0,62.8
2046,EMP-2364,2024-05-01,3,0,0.0,402.7
2047,EMP-2366,2024-05-01,2,0,0.0,267.13
2048,EMP-2367,2024-05-01,0,6,75.0,0.0
2049,EMP-2368,2024-05-01,0,11,137.5,0.0
2050,EMP-2370,2024-05-01,0,0,0.0,0.0
2051,EMP-2371,2024-05-01,0,8,100.0,0.0
2052,EMP-2373,2024-05-01,3,0,0.0,304.0
2053,EMP-2374,2024-05-01,1,0,0.0,25.33
2054,EMP-2375,2024-05-01,0,18,225.0,0.0
2055,EMP-2376,2024-05-01,0,2,25.0,0.0
2056,EMP-2377,2024-05-01,2,0,0.0,141.2
2057,EMP-2379,2024-05-01,0,10,125.0,0.0
2058,EMP-2382,2024-05-01,1,0,0.0,59.4
2059,EMP-2383,2024-05-01,1,0,0.0,58.57
2060,EMP-2384,2024-05-01,0,20,250.0,0.0
2061,EMP-2385,2024-05-01,0,0,0.0,0.0
2062,EMP-2387,2024-05-01,3,0,0.0,109.5
2063,EMP-2390,2024-05-01,2,0,0.0,257.6
2064,EMP-2391,2024-05-01,2,0,0.0,270.0
2065,EMP-2392,2024-05-01,3,0,0.0,68.3
2066,EMP-2394,2024-05-01,1,0,0.0,26.93
2067,EMP-2395,2024-05-01,0,19,237.5,0.0
2068,EMP-2396,2024-05-01,5,0,0.0,220.33
2069,EMP-2398,2024-05-01,0,19,237.5,0.0
2070,EMP-2399,2024-05-01,0,15,187.5,0.0
2071,EMP-2402,2024-05-01,0,0,0.0,0.0
2072,EMP-2405,2024-05-01,5,0,0.0,193.33
2073,EMP-2406,2024-05-01,0,0,0.0,0.0
2074,EMP-2407,2024-05-01,0,14,175.0,0.0
2075,EMP-2408,2024-05-01,0,11,137.5,0.0
2076,EMP-2409,2024-05-01,0,0,0.0,0.0
2077,EMP-2410,2024-05-01,0,9,112.5,0.0
2078,EMP-2411,2024-05-01,5,0,0.0,238.67
2079,EMP-2412,2024-05-01,5,0,0.0,197.5
2080,EMP-2413,2024-05-01,0,7,87.5,0.0
2081,EMP-2415,2024-05-01,0,17,212.5,0.0
2082,EMP-2417,2024-05-01,1,0,0.0,25.9
2083,EMP-2418,2024-05-01,0,18,225.0,0.0
2084,EMP-2420,2024-05-01,0,10,125.0,0.0
2085,EMP-2422,2024-05-01,5,0,0.0,256.33
2086,EMP-2423,2024-05-01,2,0,0.0,77.53
2087,EMP-2424,2024-05-01,1,0,0.0,20.97
2088,EMP-2425,2024-05-01,1,0,0.0,49.83
2089,EMP-2426,2024-05-01,0,6,75.0,0.0
2090,EMP-2428,2024-05-01,0,10,125.0,0.0
2091,EMP-2429,2024-05-01,5,0,0.0,201.83
2092,EMP-2431,2024-05-01,0,10,125.0,0.0
2093,EMP-2433,2024-05-01,2,0,0.0,51.2
2094,EMP-2434,2024-05-01,0,13,162.5,0.0
2095,EMP-2435,2024-05-01,5,0,0.0,721.67
2096,EMP-2436,2024-05-01,0,15,187.5,0.0
2097,EMP-2437,2024-05-01,2,0,0.0,97.53
2098,EMP-2438,2024-05-01,0,10,125.0,0.0
2099,EMP-2440,2024-05-01,0,16,200.0,0.0
2100,EMP-2441,2024-05-01,0,7,87.5,0.0
2101,EMP-2442,2024-05-01,0,17,212.5,0.0
2102,EMP-2443,2024-05-01,3,0,0.0,81.9
2103,EMP-2445,2024-05-01,0,9,112.5,0.0
2104,EMP-2446,2024-05-01,5,0,0.0,128.5
2105,EMP-2450,2024-05-01,0,10,125.0,0.0
2106,EMP-2452,2024-05-01,0,19,237.5,0.0
2107,EMP-2453,2024-05-01,0,12,150.0,0.0
2108,EMP-2455,2024-05-01,0,2,25.0,0.0
2109,EMP-2456,2024-05-01,1,0,0.0,44.23
2110,EMP-2457,2024-05-01,0,0,0.0,0.0
2111,EMP-2458,2024-05-01,0,16,200.0,0.0
2112,EMP-2459,2024-05-01,3,0,0.0,104.8
2113,EMP-2461,2024-05-01,0,20,250.0,0.0
2114,EMP-2462,2024-05-01,0,8,100.0,0.0
2115,EMP-2463,2024-05-01,0,4,50.0,0.0
2116,EMP-2464,2024-05-01,1,0,0.0,50.87
2117,EMP-2465,2024-05-01,0,18,225.0,0.0
2118,EMP-2466,2024-05-01,0,9,112.5,0.0
2119,EMP-2469,2024-05-01,3,0,0.0,432.1
2120,EMP-2470,2024-05-01,0,1,12.5,0.0
2121,EMP-2471,2024-05-01,0,12,150.0,0.0
2122,EMP-2474,2024-05-01,0,13,162.5,0.0
2123,EMP-2475,2024-05-01,0,1,12.5,0.0
2124,EMP-2476,2024-05-01,2,0,0.0,288.8
2125,EMP-2477,2024-05-01,0,5,62.5,0.0
2126,EMP-2478,2024-05-01,0,16,200.0,0.0
2127,EMP-2479,2024-05-01,0,19,237.5,0.0
2128,EMP-2481,2024-05-01,0,12,150.0,0.0
2129,EMP-2482,2024-05-01,1,0,0.0,60.67
2130,EMP-2483,2024-05-01,0,18,225.0,0.0
2131,EMP-2484,2024-05-01,0,11,137.5,0.0
2132,EMP-2486,2024-05-01,0,0,0.0,0.0
2133,EMP-2488,2024-05-01,2,0,0.0,61.27
2134,EMP-2489,2024-05-01,0,8,100.0,0.0
2135,EMP-2491,2024-05-01,0,18,225.0,0.0
2136,EMP-2492,2024-05-01,0,1,12.5,0.0
2137,EMP-2493,2024-05-01,1,0,0.0,81.53
2138,EMP-2495,2024-05-01,0,15,187.5,0.0
2139,EMP-2496,2024-05-01,0,16,200.0,0.0
2140,EMP-2497,2024-05-01,0,11,137.5,0.0
2141,EMP-2498,2024-05-01,3,0,0.0,168.3
2142,EMP-2499,2024-05-01,0,7,87.5,0.0
2143,EMP-2500,2024-05-01,1,0,0.0,126.1
2144,EMP-2501,2024-05-01,0,2,25.0,0.0
2145,EMP-2502,2024-05-01,1,0,0.0,79.97
2146,EMP-2503,2024-05-01,2,0,0.0,42.53
2147,EMP-2504,2024-05-01,0,12,150.0,0.0
2148,EMP-2505,2024-05-01,0,20,250.0,0.0
2149,EMP-2506,2024-05-01,3,0,0.0,163.2
2150,EMP-2508,2024-05-01,0,19,237.5,0.0
2151,EMP-2509,2024-05-01,0,16,200.0,0.0
2152,EMP-2511,2024-05-01,0,13,162.5,0.0
2153,EMP-2512,2024-05-01,1,0,0.0,48.43
2154,EMP-2513,2024-05-01,1,0,0.0,46.7
2155,EMP-2514,2024-05-01,0,18,225.0,0.0
2156,EMP-2517,2024-05-01,3,0,0.0,150.1
2157,EMP-2518,2024-05-01,2,0,0.0,109.33
2158,EMP-2520,2024-05-01,0,4,50.0,0.0
2159,EMP-2521,2024-05-01,0,13,162.5,0.0
2160,EMP-2522,2024-05-01,2,0,0.0,88.53
2161,EMP-2524,2024-05-01,0,12,150.0,0.0
2162,EMP-2525,2024-05-01,0,6,75.0,0.0
2163,EMP-2526,2024-05-01,0,20,250.0,0.0
2164,EMP-2527,2024-05-01,0,12,150.0,0.0
2165,EMP-2528,2024-05-01,0,2,25.0,0.0
2166,EMP-2529,2024-05-01,0,15,187.5,0.0
2167,EMP-2531,2024-05-01,0,5,62.5,0.0
2168,EMP-2532,2024-05-01,2,0,0.0,43.33
2169,EMP-2533,2024-05-01,1,0,0.0,23.93
2170,EMP-2534,2024-05-01,1,0,0.0,49.27
2171,EMP-2535,2024-05-01,0,1,12.5,0.0
2172,EMP-2536,2024-05-01,2,0,0.0,100.73
2173,EMP-2538,2024-05-01,2,0,0.0,174.53
2174,EMP-2539,2024-05-01,1,0,0.0,54.8
2175,EMP-2541,2024-05-01,0,16,200.0,0.0
2176,EMP-2543,2024-05-01,0,18,225.0,0.0
2177,EMP-2544,2024-05-01,0,10,125.0,0.0
2178,EMP-2545,2024-05-01,1,0,0.0,25.33
2179,EMP-2546,2024-05-01,0,4,50.0,0.0
2180,EMP-2548,2024-05-01,0,17,212.5,0.0
2181,EMP-2549,2024-05-01,0,6,75.0,0.0
2182,EMP-2551,2024-05-01,0,15,187.5,0.0
2183,EMP-2552,2024-05-01,0,4,50.0,0.0
2184,EMP-2553,2024-05-01,0,18,225.0,0.0
2185,EMP-2554,2024-05-01,3,0,0.0,243.9
2186,EMP-2556,2024-05-01,0,2,25.0,0.0
2187,EMP-2557,2024-05-01,0,5,62.5,0.0
2188,EMP-2558,2024-05-01,0,19,237.5,0.0
2189,EMP-2560,2024-05-01,0,5,62.5,0.0
2190,EMP-2561,2024-05-01,1,0,0.0,30.3
2191,EMP-2562,2024-05-01,0,9,112.5,0.0
2192,EMP-2563,2024-05-01,5,0,0.0,354.67
2193,EMP-2564,2024-05-01,1,0,0.0,56.37
2194,EMP-2565,2024-05-01,0,15,187.5,0.0
2195,EMP-2567,2024-05-01,2,0,0.0,175.87
2196,EMP-2568,2024-05-01,0,12,150.0,0.0
2197,EMP-2570,2024-05-01,0,20,250.0,0.0
2198,EMP-2571,2024-05-01,2,0,0.0,64.53
2199,EMP-2572,2024-05-01,0,12,150.0,0.0
2200,EMP-2574,2024-05-01,1,0,0.0,57.1
2201,EMP-2575,2024-05-01,1,0,0.0,49.77
2202,EMP-2576,2024-05-01,0,3,37.5,0.0
2203,EMP-2577,2024-05-01,0,14,175.0,0.0
2204,EMP-2578,2024-05-01,3,0,0.0,299.9
2205,EMP-2579,2024-05-01,0,3,37.5,0.0
2206,EMP-2580,2024-05-01,0,8,100.0,0.0
2207,EMP-2581,2024-05-01,5,0,0.0,456.67
2208,EMP-2582,2024-05-01,1,0,0.0,51.67
2209,EMP-2583,2024-05-01,0,7,87.5,0.0
2210,EMP-2584,2024-05-01,0,8,100.0,0.0
2211,EMP-2585,2024-05-01,0,17,212.5,0.0
2212,EMP-2587,2024-05-01,2,0,0.0,92.53
2213,EMP-2588,2024-05-01,0,3,37.5,0.0
2214,EMP-2589,2024-05-01,1,0,0.0,83.47
2215,EMP-2590,2024-05-01,0,11,137.5,0.0
2216,EMP-2594,2024-05-01,0,6,75.0,0.0
2217,EMP-2595,2024-05-01,0,18,225.0,0.0
2218,EMP-2598,2024-05-01,0,14,175.0,0.0
2219,EMP-2599,2024-05-01,0,20,250.0,0.0
2220,EMP-2001,2024-06-01,0,20,250.0,0.0
2221,EMP-2003,2024-06-01,1,0,0.0,33.17
2222,EMP-2004,2024-06-01,0,15,187.5,0.0
2223,EMP-2005,2024-06-01,0,12,150.0,0.0
2224,EMP-2006,2024-06-01,0,12,150.0,0.0
2225,EMP-2008,2024-06-01,0,1,12.5,0.0
2226,EMP-2010,2024-06-01,1,0,0.0,98.93
2227,EMP-2011,2024-06-01,0,9,112.5,0.0
2228,EMP-2012,2024-06-01,0,20,250.0,0.0
2229,EMP-2014,2024-06-01,1,0,0.0,132.27
2230,EMP-2015,2024-06-01,0,9,112.5,0.0
2231,EMP-2016,2024-06-01,0,10,125.0,0.0
2232,EMP-2017,2024-06-01,0,6,75.0,0.0
2233,EMP-2018,2024-06-01,0,4,50.0,0.0
2234,EMP-2019,2024-06-01,0,20,250.0,0.0
2235,EMP-2020,2024-06-01,0,19,237.5,0.0
2236,EMP-2024,2024-06-01,0,20,250.0,0.0
2237,EMP-2025,2024-06-01,2,0,0.0,60.2
2238,EMP-2026,2024-06-01,0,15,187.5,0.0
2239,EMP-2027,2024-06-01,0,17,212.5,0.0
2240,EMP-2028,2024-06-01,2,0,0.0,81.07
2241,EMP-2029,2024-06-01,0,13,162.5,0.0
2242,EMP-2030,2024-06-01,0,4,50.0,0.0
2243,EMP-2031,2024-06-01,0,0,0.0,0.0
2244,EMP-2032,2024-06-01,0,1,12.5,0.0
2245,EMP-2034,2024-06-01,0,2,25.0,0.0
2246,EMP-2036,2024-06-01,0,7,87.5,0.0
2247,EMP-2037,2024-06-01,0,17,212.5,0.0
2248,EMP-2039,2024-06-01,0,14,175.0,0.0
2249,EMP-2040,2024-06-01,0,6,75.0,0.0
2250,EMP-2041,2024-06-01,0,19,237.5,0.0
2251,EMP-2042,2024-06-01,0,2,25.0,0.0
2252,EMP-2043,2024-06-01,0,5,62.5,0.0
2253,EMP-2044,2024-06-01,0,4,50.0,0.0
2254,EMP-2047,2024-06-01,1,0,0.0,31.2
2255,EMP-2049,2024-06-01,0,8,100.0,0.0
2256,EMP-2050,2024-06-01,0,1,12.5,0.0
2257,EMP-2051,2024-06-01,0,10,125.0,0.0
2258,EMP-2052,2024-06-01,1,0,0.0,105.83
2259,EMP-2053,2024-06-01,5,0,0.0,179.0
2260,EMP-2055,2024-06-01,0,3,37.5,0.0
2261,EMP-2056,2024-06-01,0,9,112.5,0.0
2262,EMP-2057,2024-06-01,0,14,175.0,0.0
2263,EMP-2058,2024-06-01,0,0,0.0,0.0
2264,EMP-2059,2024-06-01,0,19,237.5,0.0
2265,EMP-2060,2024-06-01,0,4,50.0,0.0
2266,EMP-2061,2024-06-01,1,0,0.0,52.87
2267,EMP-2062,2024-06-01,0,0,0.0,0.0
2268,EMP-2063,2024-06-01,2,0,0.0,109.6
2269,EMP-2064,2024-06-01,5,0,0.0,227.83
2270,EMP-2065,2024-06-01,2,0,0.0,112.2
2271,EMP-2066,2024-06-01,0,11,137.5,0.0
2272,EMP-2069,2024-06-01,1,0,0.0,30.8
2273,EMP-2070,2024-06-01,0,16,200.0,0.0
2274,EMP-2071,2024-06-01,0,9,112.5,0.0
2275,EMP-2072,2024-06-01,0,14,175.0,0.0
2276,EMP-2073,2024-06-01,0,15,187.5,0.0
2277,EMP-2074,2024-06-01,0,10,125.0,0.0
2278,EMP-2075,2024-06-01,1,0,0.0,48.8
2279,EMP-2076,2024-06-01,0,20,250.0,0.0
2280,EMP-2078,2024-06-01,0,13,162.5,0.0
2281,EMP-2081,2024-06-01,2,0,0.0,115.87
2282,EMP-2082,2024-06-01,0,15,187.5,0.0
2283,EMP-2083,2024-06-01,0,17,212.5,0.0
2284,EMP-2084,2024-06-01,0,15,187.5,0.0
2285,EMP-2085,2024-06-01,0,4,50.0,0.0
2286,EMP-2086,2024-06-01,0,12,150.0,0.0
2287,EMP-2087,2024-06-01,1,0,0.0,23.97
2288,EMP-2089,2024-06-01,2,0,0.0,110.27
2289,EMP-2090,2024-06-01,0,8,100.0,0.0
2290,EMP-2091,2024-06-01,1,0,0.0,121.3
2291,EMP-2093,2024-06-01,0,9,112.5,0.0
2292,EMP-2094,2024-06-01,0,6,75.0,0.0
2293,EMP-2095,2024-06-01,3,0,0.0,170.3
2294,EMP-2096,2024-06-01,1,0,0.0,36.43
2295,EMP-2098,2024-06-01,0,0,0.0,0.0
2296,EMP-2101,2024-06-01,0,12,150.0,0.0
2297,EMP-2102,2024-06-01,0,11,137.5,0.0
2298,EMP-2103,2024-06-01,0,4,50.0,0.0
2299,EMP-2104,2024-06-01,1,0,0.0,138.53
2300,EMP-2105,2024-06-01,1,0,0.0,44.4
2301,EMP-2106,2024-06-01,0,17,212.5,0.0
2302,EMP-2107,2024-06-01,0,13,162.5,0.0
2303,EMP-2109,2024-06-01,0,5,62.5,0.0
2304,EMP-2110,2024-06-01,0,8,100.0,0.0
2305,EMP-2112,2024-06-01,2,0,0.0,111.07
2306,EMP-2113,2024-06-01,1,0,0.0,36.2
2307,EMP-2115,2024-06-01,0,6,75.0,0.0
2308,EMP-2116,2024-06-01,0,4,50.0,0.0
2309,EMP-2117,2024-06-01,0,15,187.5,0.0
2310,EMP-2120,2024-06-01,0,19,237.5,0.0
2311,EMP-2121,2024-06-01,0,0,0.0,0.0
2312,EMP-2122,2024-06-01,1,0,0.0,117.53
2313,EMP-2123,2024-06-01,0,17,212.5,0.0
2314,EMP-2124,2024-06-01,0,6,75.0,0.0
2315,EMP-2125,2024-06-01,0,8,100.0,0.0
2316,EMP-2127,2024-06-01,2,0,0.0,86.2
2317,EMP-2129,2024-06-01,1,0,0.0,128.47
2318,EMP-2130,2024-06-01,0,2,25.0,0.0
2319,EMP-2131,2024-06-01,0,8,100.0,0.0
2320,EMP-2133,2024-06-01,0,13,162.5,0.0
2321,EMP-2134,2024-06-01,0,4,50.0,0.0
2322,EMP-2136,2024-06-01,0,9,112.5,0.0
2323,EMP-2137,2024-06-01,2,0,0.0,133.4
2324,EMP-2139,2024-06-01,0,12,150.0,0.0
2325,EMP-2142,2024-06-01,1,0,0.0,28.33
2326,EMP-2143,2024-06-01,0,7,87.5,0.0
2327,EMP-2144,2024-06-01,0,0,0.0,0.0
2328,EMP-2145,2024-06-01,1,0,0.0,74.83
2329,EMP-2146,2024-06-01,2,0,0.0,103.4
2330,EMP-2147,2024-06-01,0,6,75.0,0.0
2331,EMP-2148,2024-06-01,0,1,12.5,0.0
2332,EMP-2149,2024-06-01,1,0,0.0,136.0
2333,EMP-2150,2024-06-01,0,4,50.0,0.0
2334,EMP-2151,2024-06-01,0,18,225.0,0.0
2335,EMP-2152,2024-06-01,1,0,0.0,120.4
2336,EMP-2156,2024-06-01,0,12,150.0,0.0
2337,EMP-2157,2024-06-01,0,13,162.5,0.0
2338,EMP-2158,2024-06-01,0,19,237.5,0.0
2339,EMP-2159,2024-06-01,0,17,212.5,0.0
2340,EMP-2160,2024-06-01,0,12,150.0,0.0
2341,EMP-2161,2024-06-01,0,4,50.0,0.0
2342,EMP-2164,2024-06-01,0,1,12.5,0.0
2343,EMP-2165,2024-06-01,0,16,200.0,0.0
2344,EMP-2167,2024-06-01,2,0,0.0,57.6
2345,EMP-2168,2024-06-01,2,0,0.0,89.4
2346,EMP-2170,2024-06-01,1,0,0.0,98.97
2347,EMP-2171,2024-06-01,0,11,137.5,0.0
2348,EMP-2172,2024-06-01,0,9,112.5,0.0
2349,EMP-2173,2024-06-01,1,0,0.0,51.07
2350,EMP-2174,2024-06-01,0,13,162.5,0.0
2351,EMP-2175,2024-06-01,1,0,0.0,65.5
2352,EMP-2177,2024-06-01,0,15,187.5,0.0
2353,EMP-2178,2024-06-01,1,0,0.0,28.03
2354,EMP-2180,2024-06-01,0,2,25.0,0.0
2355,EMP-2181,2024-06-01,0,3,37.5,0.0
2356,EMP-2182,2024-06-01,1,0,0.0,126.43
2357,EMP-2183,2024-06-01,2,0,0.0,71.4
2358,EMP-2184,2024-06-01,0,0,0.0,0.0
2359,EMP-2185,2024-06-01,0,3,37.5,0.0
2360,EMP-2186,2024-06-01,0,14,175.0,0.0
2361,EMP-2187,2024-06-01,0,16,200.0,0.0
2362,EMP-2188,2024-06-01,0,13,162.5,0.0
2363,EMP-2189,2024-06-01,2,0,0.0,199.6
2364,EMP-2190,2024-06-01,0,17,212.5,0.0
2365,EMP-2191,2024-06-01,0,12,150.0,0.0
2366,EMP-2192,2024-06-01,1,0,0.0,56.2
2367,EMP-2194,2024-06-01,1,0,0.0,51.73
2368,EMP-2195,2024-06-01,0,20,250.0,0.0
2369,EMP-2197,2024-06-01,0,7,87.5,0.0
2370,EMP-2198,2024-06-01,0,10,125.0,0.0
2371,EMP-2200,2024-06-01,0,14,175.0,0.0
2372,EMP-2201,2024-06-01,0,17,212.5,0.0
2373,EMP-2203,2024-06-01,2,0,0.0,62.13
2374,EMP-2204,2024-06-01,0,11,137.5,0.0
2375,EMP-2206,2024-06-01,2,0,0.0,112.4
2376,EMP-2208,2024-06-01,0,7,87.5,0.0
2377,EMP-2210,2024-06-01,2,0,0.0,62.73
2378,EMP-2211,2024-06-01,5,0,0.0,130.17
2379,EMP-2212,2024-06-01,0,4,50.0,0.0
2380,EMP-2213,2024-06-01,0,11,137.5,0.0
2381,EMP-2214,2024-06-01,0,6,75.0,0.0
2382,EMP-2215,2024-06-01,0,17,212.5,0.0
2383,EMP-2216,2024-06-01,1,0,0.0,31.43
2384,EMP-2217,2024-06-01,1,0,0.0,23.43
2385,EMP-2218,2024-06-01,0,1,12.5,0.0
2386,EMP-2219,2024-06-01,0,15,187.5,0.0
2387,EMP-2220,2024-06-01,0,14,175.0,0.0
2388,EMP-2221,2024-06-01,0,5,62.5,0.0
2389,EMP-2222,2024-06-01,0,4,50.0,0.0
2390,EMP-2223,2024-06-01,0,2,25.0,0.0
2391,EMP-2224,2024-06-01,1,0,0.0,23.53
2392,EMP-2225,2024-06-01,0,11,137.5,0.0
2393,EMP-2226,2024-06-01,0,12,150.0,0.0
2394,EMP-2227,2024-06-01,0,2,25.0,0.0
2395,EMP-2229,2024-06-01,0,8,100.0,0.0
2396,EMP-2230,2024-06-01,1,0,0.0,36.47
2397,EMP-2231,2024-06-01,0,9,112.5,0.0
2398,EMP-2232,2024-06-01,0,8,100.0,0.0
2399,EMP-2233,2024-06-01,2,0,0.0,295.27
2400,EMP-2234,2024-06-01,0,11,137.5,0.0
2401,EMP-2235,2024-06-01,0,6,75.0,0.0
2402,EMP-2236,2024-06-01,1,0,0.0,76.73
2403,EMP-2237,2024-06-01,0,17,212.5,0.0
2404,EMP-2238,2024-06-01,0,18,225.0,0.0
2405,EMP-2239,2024-06-01,3,0,0.0,130.6
2406,EMP-2240,2024-06-01,0,17,212.5,0.0
2407,EMP-2242,2024-06-01,0,11,137.5,0.0
2408,EMP-2243,2024-06-01,0,7,87.5,0.0
2409,EMP-2245,2024-06-01,1,0,0.0,42.03
2410,EMP-2246,2024-06-01,0,12,150.0,0.0
2411,EMP-2247,2024-06-01,2,0,0.0,89.53
2412,EMP-2248,2024-06-01,3,0,0.0,356.0
2413,EMP-2251,2024-06-01,0,13,162.5,0.0
2414,EMP-2252,2024-06-01,0,13,162.5,0.0
2415,EMP-2253,2024-06-01,0,6,75.0,0.0
2416,EMP-2255,2024-06-01,1,0,0.0,85.9
2417,EMP-2256,2024-06-01,1,0,0.0,34.8
2418,EMP-2257,2024-06-01,0,0,0.0,0.0
2419,EMP-2258,2024-06-01,0,2,25.0,0.0
2420,EMP-2259,2024-06-01,2,0,0.0,132.2
2421,EMP-2260,2024-06-01,0,16,200.0,0.0
2422,EMP-2261,2024-06-01,2,0,0.0,63.67
2423,EMP-2262,2024-06-01,0,18,225.0,0.0
2424,EMP-2263,2024-06-01,5,0,0.0,163.5
2425,EMP-2264,2024-06-01,1,0,0.0,47.67
2426,EMP-2265,2024-06-01,0,2,25.0,0.0
2427,EMP-2266,2024-06-01,5,0,0.0,172.83
2428,EMP-2267,2024-06-01,2,0,0.0,97.93
2429,EMP-2268,2024-06-01,0,19,237.5,0.0
2430,EMP-2270,2024-06-01,0,20,250.0,0.0
2431,EMP-2271,2024-06-01,2,0,0.0,80.47
2432,EMP-2272,2024-06-01,0,9,112.5,0.0
2433,EMP-2274,2024-06-01,0,14,175.0,0.0
2434,EMP-2275,2024-06-01,3,0,0.0,108.4
2435,EMP-2276,2024-06-01,0,17,212.5,0.0
2436,EMP-2277,2024-06-01,0,3,37.5,0.0
2437,EMP-2281,2024-06-01,0,19,237.5,0.0
2438,EMP-2283,2024-06-01,0,11,137.5,0.0
2439,EMP-2284,2024-06-01,2,0,0.0,105.2
2440,EMP-2285,2024-06-01,1,0,0.0,49.37
2441,EMP-2286,2024-06-01,0,15,187.5,0.0
2442,EMP-2288,2024-06-01,0,3,37.5,0.0
2443,EMP-2289,2024-06-01,2,0,0.0,93.6
2444,EMP-2290,2024-06-01,3,0,0.0,169.0
2445,EMP-2291,2024-06-01,3,0,0.0,441.5
2446,EMP-2294,2024-06-01,2,0,0.0,231.67
2447,EMP-2295,2024-06-01,0,17,212.5,0.0
2448,EMP-2297,2024-06-01,1,0,0.0,29.1
2449,EMP-2299,2024-06-01,0,14,175.0,0.0
2450,EMP-2300,2024-06-01,0,5,62.5,0.0
2451,EMP-2301,2024-06-01,5,0,0.0,148.0
2452,EMP-2302,2024-06-01,0,20,250.0,0.0
2453,EMP-2303,2024-06-01,0,3,37.5,0.0
2454,EMP-2304,2024-06-01,3,0,0.0,403.4
2455,EMP-2305,2024-06-01,0,19,237.5,0.0
2456,EMP-2306,2024-06-01,0,14,175.0,0.0
2457,EMP-2307,2024-06-01,2,0,0.0,240.4
2458,EMP-2308,2024-06-01,0,20,250.0,0.0
2459,EMP-2310,2024-06-01,0,9,112.5,0.0
2460,EMP-2311,2024-06-01,2,0,0.0,88.0
2461,EMP-2313,2024-06-01,0,4,50.0,0.0
2462,EMP-2314,2024-06-01,0,4,50.0,0.0
2463,EMP-2315,2024-06-01,0,10,125.0,0.0
2464,EMP-2316,2024-06-01,0,14,175.0,0.0
2465,EMP-2317,2024-06-01,0,12,150.0,0.0
2466,EMP-2318,2024-06-01,0,7,87.5,0.0
2467,EMP-2319,2024-06-01,0,10,125.0,0.0
2468,EMP-2320,2024-06-01,0,5,62.5,0.0
2469,EMP-2322,2024-06-01,0,9,112.5,0.0
2470,EMP-2323,2024-06-01,2,0,0.0,170.27
2471,EMP-2324,2024-06-01,0,5,62.5,0.0
2472,EMP-2325,2024-06-01,0,16,200.0,0.0
2473,EMP-2326,2024-06-01,0,17,212.5,0.0
2474,EMP-2327,2024-06-01,0,9,112.5,0.0
2475,EMP-2328,2024-06-01,0,11,137.5,0.0
2476,EMP-2329,2024-06-01,0,10,125.0,0.0
2477,EMP-2330,2024-06-01,0,6,75.0,0.0
2478,EMP-2333,2024-06-01,0,13,162.5,0.0
2479,EMP-2334,2024-06-01,0,17,212.5,0.0
2480,EMP-2335,2024-06-01,3,0,0.0,68.6
2481,EMP-2336,2024-06-01,2,0,0.0,146.47
2482,EMP-2337,2024-06-01,5,0,0.0,120.83
2483,EMP-2338,2024-06-01,0,10,125.0,0.0
2484,EMP-2339,2024-06-01,0,10,125.0,0.0
2485,EMP-2340,2024-06-01,0,2,25.0,0.0
2486,EMP-2341,2024-06-01,3,0,0.0,153.8
2487,EMP-2342,2024-06-01,0,18,225.0,0.0
2488,EMP-2343,2024-06-01,0,4,50.0,0.0
2489,EMP-2344,2024-06-01,0,4,50.0,0.0
2490,EMP-2345,2024-06-01,0,17,212.5,0.0
2491,EMP-2346,2024-06-01,0,3,37.5,0.0
2492,EMP-2347,2024-06-01,0,4,50.0,0.0
2493,EMP-2350,2024-06-01,0,18,225.0,0.0
2494,EMP-2351,2024-06-01,0,3,37.5,0.0
2495,EMP-2352,2024-06-01,2,0,0.0,112.47
2496,EMP-2356,2024-06-01,0,5,62.5,0.0
2497,EMP-2357,2024-06-01,0,4,50.0,0.0
2498,EMP-2358,2024-06-01,0,19,237.5,0.0
2499,EMP-2359,2024-06-01,0,9,112.5,0.0
2500,EMP-2361,2024-06-01,2,0,0.0,44.47
2501,EMP-2362,2024-06-01,0,19,237.5,0.0
2502,EMP-2364,2024-06-01,0,18,225.0,0.0
2503,EMP-2366,2024-06-01,0,2,25.0,0.0
2504,EMP-2367,2024-06-01,0,14,175.0,0.0
2505,EMP-2368,2024-06-01,0,4,50.0,0.0
2506,EMP-2369,2024-06-01,1,0,0.0,51.63
2507,EMP-2370,2024-06-01,3,0,0.0,403.4
2508,EMP-2371,2024-06-01,1,0,0.0,42.33
2509,EMP-2373,2024-06-01,0,14,175.0,0.0
2510,EMP-2374,2024-06-01,2,0,0.0,50.67
2511,EMP-2375,2024-06-01,0,16,200.0,0.0
2512,EMP-2376,2024-06-01,0,17,212.5,0.0
2513,EMP-2377,2024-06-01,1,0,0.0,70.6
2514,EMP-2379,2024-06-01,1,0,0.0,138.6
2515,EMP-2382,2024-06-01,3,0,0.0,178.2
2516,EMP-2383,2024-06-01,0,15,187.5,0.0
2517,EMP-2384,2024-06-01,0,3,37.5,0.0
2518,EMP-2385,2024-06-01,0,1,12.5,0.0
2519,EMP-2387,2024-06-01,1,0,0.0,36.5
2520,EMP-2390,2024-06-01,0,8,100.0,0.0
2521,EMP-2391,2024-06-01,0,13,162.5,0.0
2522,EMP-2392,2024-06-01,0,16,200.0,0.0
2523,EMP-2394,2024-06-01,1,0,0.0,26.93
2524,EMP-2395,2024-06-01,0,17,212.5,0.0
2525,EMP-2396,2024-06-01,0,5,62.5,0.0
2526,EMP-2398,2024-06-01,0,18,225.0,0.0
2527,EMP-2399,2024-06-01,2,0,0.0,68.4
2528,EMP-2402,2024-06-01,0,14,175.0,0.0
2529,EMP-2405,2024-06-01,1,0,0.0,38.67
2530,EMP-2406,2024-06-01,0,0,0.0,0.0
2531,EMP-2407,2024-06-01,0,3,37.5,0.0
2532,EMP-2408,2024-06-01,0,5,62.5,0.0
2533,EMP-2409,2024-06-01,0,4,50.0,0.0
2534,EMP-2410,2024-06-01,2,0,0.0,117.87
2535,EMP-2411,2024-06-01,0,3,37.5,0.0
2536,EMP-2412,2024-06-01,0,14,175.0,0.0
2537,EMP-2413,2024-06-01,0,1,12.5,0.0
2538,EMP-2415,2024-06-01,0,18,225.0,0.0
2539,EMP-2417,2024-06-01,1,0,0.0,25.9
2540,EMP-2418,2024-06-01,1,0,0.0,56.5
2541,EMP-2420,2024-06-01,2,0,0.0,100.2
2542,EMP-2422,2024-06-01,0,16,200.0,0.0
2543,EMP-2423,2024-06-01,1,0,0.0,38.77
2544,EMP-2424,2024-06-01,0,8,100.0,0.0
2545,EMP-2425,2024-06-01,0,10,125.0,0.0
2546,EMP-2426,2024-06-01,0,15,187.5,0.0
2547,EMP-2428,2024-06-01,0,15,187.5,0.0
2548,EMP-2429,2024-06-01,0,0,0.0,0.0
2549,EMP-2431,2024-06-01,2,0,0.0,68.53
2550,EMP-2433,2024-06-01,0,12,150.0,0.0
2551,EMP-2434,2024-06-01,1,0,0.0,68.87
2552,EMP-2435,2024-06-01,0,2,25.0,0.0
2553,EMP-2436,2024-06-01,1,0,0.0,27.9
2554,EMP-2437,2024-06-01,5,0,0.0,243.83
2555,EMP-2438,2024-06-01,5,0,0.0,189.17
2556,EMP-2440,2024-06-01,0,18,225.0,0.0
2557,EMP-2441,2024-06-01,0,4,50.0,0.0
2558,EMP-2442,2024-06-01,0,9,112.5,0.0
2559,EMP-2443,2024-06-01,1,0,0.0,27.3
2560,EMP-2445,2024-06-01,3,0,0.0,109.1
2561,EMP-2446,2024-06-01,0,2,25.0,0.0
2562,EMP-2450,2024-06-01,0,19,237.5,0.0
2563,EMP-2452,2024-06-01,0,10,125.0,0.0
2564,EMP-2453,2024-06-01,1,0,0.0,79.37
2565,EMP-2455,2024-06-01,2,0,0.0,58.33
2566,EMP-2456,2024-06-01,0,15,187.5,0.0
2567,EMP-2457,2024-06-01,5,0,0.0,206.33
2568,EMP-2458,2024-06-01,0,0,0.0,0.0
2569,EMP-2459,2024-06-01,1,0,0.0,34.93
2570,EMP-2461,2024-06-01,0,16,200.0,0.0
2571,EMP-2462,2024-06-01,0,1,12.5,0.0
2572,EMP-2463,2024-06-01,0,3,37.5,0.0
2573,EMP-2464,2024-06-01,0,4,50.0,0.0
2574,EMP-2465,2024-06-01,0,17,212.5,0.0
2575,EMP-2466,2024-06-01,2,0,0.0,205.2
2576,EMP-2469,2024-06-01,0,20,250.0,0.0
2577,EMP-2470,2024-06-01,0,20,250.0,0.0
2578,EMP-2471,2024-06-01,0,5,62.5,0.0
2579,EMP-2474,2024-06-01,2,0,0.0,81.73
2580,EMP-2476,2024-06-01,0,6,75.0,0.0
2581,EMP-2477,2024-06-01,1,0,0.0,133.07
2582,EMP-2478,2024-06-01,1,0,0.0,38.33
2583,EMP-2479,2024-06-01,1,0,0.0,49.3
2584,EMP-2481,2024-06-01,1,0,0.0,31.23
2585,EMP-2482,2024-06-01,2,0,0.0,121.33
2586,EMP-2483,2024-06-01,0,20,250.0,0.0
2587,EMP-2484,2024-06-01,0,5,62.5,0.0
2588,EMP-2486,2024-06-01,0,16,200.0,0.0
2589,EMP-2488,2024-06-01,0,1,12.5,0.0
2590,EMP-2489,2024-06-01,2,0,0.0,256.13
2591,EMP-2491,2024-06-01,0,0,0.0,0.0
2592,EMP-2492,2024-06-01,0,20,250.0,0.0
2593,EMP-2493,2024-06-01,0,1,12.5,0.0
2594,EMP-2495,2024-06-01,3,0,0.0,132.6
2595,EMP-2496,2024-06-01,0,12,150.0,0.0
2596,EMP-2497,2024-06-01,0,7,87.5,0.0
2597,EMP-2498,2024-06-01,0,11,137.5,0.0
2598,EMP-2499,2024-06-01,0,16,200.0,0.0
2599,EMP-2500,2024-06-01,5,0,0.0,630.5
2600,EMP-2501,2024-06-01,0,2,25.0,0.0
2601,EMP-2502,2024-06-01,1,0,0.0,79.97
2602,EMP-2503,2024-06-01,0,9,112.5,0.0
2603,EMP-2504,2024-06-01,0,14,175.0,0.0
2604,EMP-2505,2024-06-01,0,10,125.0,0.0
2605,EMP-2506,2024-06-01,0,5,62.5,0.0
2606,EMP-2508,2024-06-01,0,3,37.5,0.0
2607,EMP-2509,2024-06-01,0,11,137.5,0.0
2608,EMP-2511,2024-06-01,0,12,150.0,0.0
2609,EMP-2512,2024-06-01,0,3,37.5,0.0
2610,EMP-2513,2024-06-01,0,12,150.0,0.0
2611,EMP-2514,2024-06-01,2,0,0.0,94.47
2612,EMP-2517,2024-06-01,0,11,137.5,0.0
2613,EMP-2518,2024-06-01,0,0,0.0,0.0
2614,EMP-2520,2024-06-01,0,3,37.5,0.0
2615,EMP-2521,2024-06-01,0,2,25.0,0.0
2616,EMP-2522,2024-06-01,1,0,0.0,44.27
2617,EMP-2524,2024-06-01,0,19,237.5,0.0
2618,EMP-2525,2024-06-01,2,0,0.0,49.13
2619,EMP-2526,2024-06-01,0,9,112.5,0.0
2620,EMP-2527,2024-06-01,0,5,62.5,0.0
2621,EMP-2528,2024-06-01,0,2,25.0,0.0
2622,EMP-2529,2024-06-01,0,2,25.0,0.0
2623,EMP-2531,2024-06-01,0,7,87.5,0.0
2624,EMP-2532,2024-06-01,0,20,250.0,0.0
2625,EMP-2533,2024-06-01,0,0,0.0,0.0
2626,EMP-2534,2024-06-01,0,8,100.0,0.0
2627,EMP-2535,2024-06-01,1,0,0.0,35.57
2628,EMP-2536,2024-06-01,0,15,187.5,0.0
2629,EMP-2538,2024-06-01,1,0,0.0,87.27
2630,EMP-2539,2024-06-01,0,8,100.0,0.0
2631,EMP-2541,2024-06-01,2,0,0.0,240.07
2632,EMP-2543,2024-06-01,0,1,12.5,0.0
2633,EMP-2544,2024-06-01,0,20,250.0,0.0
2634,EMP-2545,2024-06-01,0,14,175.0,0.0
2635,EMP-2546,2024-06-01,1,0,0.0,45.3
2636,EMP-2548,2024-06-01,3,0,0.0,165.4
2637,EMP-2549,2024-06-01,1,0,0.0,26.33
2638,EMP-2551,2024-06-01,0,5,62.5,0.0
2639,EMP-2552,2024-06-01,0,12,150.0,0.0
2640,EMP-2553,2024-06-01,0,7,87.5,0.0
2641,EMP-2554,2024-06-01,0,14,175.0,0.0
2642,EMP-2556,2024-06-01,1,0,0.0,90.57
2643,EMP-2557,2024-06-01,1,0,0.0,127.63
2644,EMP-2558,2024-06-01,0,11,137.5,0.0
2645,EMP-2560,2024-06-01,1,0,0.0,87.5
2646,EMP-2561,2024-06-01,0,15,187.5,0.0
2647,EMP-2562,2024-06-01,3,0,0.0,92.6
2648,EMP-2563,2024-06-01,0,12,150.0,0.0
2649,EMP-2564,2024-06-01,0,14,175.0,0.0
2650,EMP-2565,2024-06-01,0,3,37.5,0.0
2651,EMP-2567,2024-06-01,0,15,187.5,0.0
2652,EMP-2568,2024-06-01,0,6,75.0,0.0
2653,EMP-2570,2024-06-01,1,0,0.0,20.17
2654,EMP-2571,2024-06-01,1,0,0.0,32.27
2655,EMP-2572,2024-06-01,0,0,0.0,0.0
2656,EMP-2574,2024-06-01,0,1,12.5,0.0
2657,EMP-2575,2024-06-01,0,2,25.0,0.0
2658,EMP-2576,2024-06-01,1,0,0.0,21.43
2659,EMP-2577,2024-06-01,0,3,37.5,0.0
2660,EMP-2578,2024-06-01,0,16,200.0,0.0
2661,EMP-2579,2024-06-01,0,14,175.0,0.0
2662,EMP-2580,2024-06-01,3,0,0.0,179.4
2663,EMP-2581,2024-06-01,0,11,137.5,0.0
2664,EMP-2582,2024-06-01,2,0,0.0,103.33
2665,EMP-2583,2024-06-01,0,19,237.5,0.0
2666,EMP-2584,2024-06-01,1,0,0.0,85.23
2667,EMP-2585,2024-06-01,0,9,112.5,0.0
2668,EMP-2587,2024-06-01,1,0,0.0,46.27
2669,EMP-2588,2024-06-01,0,6,75.0,0.0
2670,EMP-2589,2024-06-01,2,0,0.0,166.93
2671,EMP-2590,2024-06-01,0,8,100.0,0.0
2672,EMP-2591,2024-06-01,0,9,112.5,0.0
2673,EMP-2592,2024-06-01,1,0,0.0,42.57
2674,EMP-2594,2024-06-01,0,17,212.5,0.0
2675,EMP-2595,2024-06-01,3,0,0.0,177.2
2676,EMP-2598,2024-06-01,0,3,37.5,0.0
2677,EMP-2599,2024-06-01,2,0,0.0,98.47
2678,EMP-2001,2024-07-01,1,0,0.0,23.3
2679,EMP-2003,2024-07-01,0,8,100.0,0.0
2680,EMP-2004,2024-07-01,0,4,50.0,0.0
2681,EMP-2005,2024-07-01,0,16,200.0,0.0
2682,EMP-2006,2024-07-01,0,19,237.5,0.0
2683,EMP-2008,2024-07-01,1,0,0.0,103.33
2684,EMP-2010,2024-07-01,0,7,87.5,0.0
2685,EMP-2011,2024-07-01,1,0,0.0,44.73
2686,EMP-2012,2024-07-01,0,18,225.0,0.0
2687,EMP-2014,2024-07-01,0,0,0.0,0.0
2688,EMP-2015,2024-07-01,1,0,0.0,57.33
2689,EMP-2016,2024-07-01,0,20,250.0,0.0
2690,EMP-2017,2024-07-01,0,20,250.0,0.0
2691,EMP-2018,2024-07-01,0,5,62.5,0.0
2692,EMP-2019,2024-07-01,0,20,250.0,0.0
2693,EMP-2020,2024-07-01,5,0,0.0,160.0
2694,EMP-2024,2024-07-01,5,0,0.0,473.5
2695,EMP-2025,2024-07-01,0,17,212.5,0.0
2696,EMP-2026,2024-07-01,1,0,0.0,21.6
2697,EMP-2027,2024-07-01,0,9,112.5,0.0
2698,EMP-2028,2024-07-01,0,4,50.0,0.0
2699,EMP-2029,2024-07-01,0,2,25.0,0.0
2700,EMP-2030,2024-07-01,0,20,250.0,0.0
2701,EMP-2031,2024-07-01,2,0,0.0,291.13
2702,EMP-2032,2024-07-01,3,0,0.0,152.5
2703,EMP-2034,2024-07-01,0,7,87.5,0.0
2704,EMP-2036,2024-07-01,0,19,237.5,0.0
2705,EMP-2037,2024-07-01,0,4,50.0,0.0
2706,EMP-2039,2024-07-01,0,5,62.5,0.0
2707,EMP-2040,2024-07-01,1,0,0.0,57.47
2708,EMP-2041,2024-07-01,0,3,37.5,0.0
2709,EMP-2042,2024-07-01,0,8,100.0,0.0
2710,EMP-2043,2024-07-01,2,0,0.0,112.4
2711,EMP-2044,2024-07-01,0,13,162.5,0.0
2712,EMP-2047,2024-07-01,1,0,0.0,31.2
2713,EMP-2049,2024-07-01,0,15,187.5,0.0
2714,EMP-2050,2024-07-01,3,0,0.0,135.6
2715,EMP-2051,2024-07-01,5,0,0.0,203.0
2716,EMP-2052,2024-07-01,5,0,0.0,529.17
2717,EMP-2053,2024-07-01,0,4,50.0,0.0
2718,EMP-2055,2024-07-01,0,3,37.5,0.0
2719,EMP-2056,2024-07-01,1,0,0.0,58.83
2720,EMP-2057,2024-07-01,0,14,175.0,0.0
2721,EMP-2058,2024-07-01,0,20,250.0,0.0
2722,EMP-2059,2024-07-01,0,2,25.0,0.0
2723,EMP-2060,2024-07-01,2,0,0.0,58.6
2724,EMP-2061,2024-07-01,0,14,175.0,0.0
2725,EMP-2062,2024-07-01,0,1,12.5,0.0
2726,EMP-2063,2024-07-01,0,19,237.5,0.0
2727,EMP-2064,2024-07-01,0,6,75.0,0.0
2728,EMP-2065,2024-07-01,2,0,0.0,112.2
2729,EMP-2066,2024-07-01,1,0,0.0,117.4
2730,EMP-2069,2024-07-01,3,0,0.0,92.4
2731,EMP-2070,2024-07-01,1,0,0.0,44.47
2732,EMP-2071,2024-07-01,0,16,200.0,0.0
2733,EMP-2072,2024-07-01,0,11,137.5,0.0
2734,EMP-2073,2024-07-01,0,13,162.5,0.0
2735,EMP-2074,2024-07-01,0,10,125.0,0.0
2736,EMP-2075,2024-07-01,2,0,0.0,97.6
2737,EMP-2076,2024-07-01,0,14,175.0,0.0
2738,EMP-2078,2024-07-01,0,16,200.0,0.0
2739,EMP-2081,2024-07-01,0,19,237.5,0.0
2740,EMP-2082,2024-07-01,0,16,200.0,0.0
2741,EMP-2083,2024-07-01,0,20,250.0,0.0
2742,EMP-2084,2024-07-01,1,0,0.0,36.1
2743,EMP-2085,2024-07-01,0,3,37.5,0.0
2744,EMP-2086,2024-07-01,1,0,0.0,22.67
2745,EMP-2087,2024-07-01,0,6,75.0,0.0
2746,EMP-2089,2024-07-01,0,7,87.5,0.0
2747,EMP-2090,2024-07-01,0,3,37.5,0.0
2748,EMP-2091,2024-07-01,0,12,150.0,0.0
2749,EMP-2093,2024-07-01,0,20,250.0,0.0
2750,EMP-2094,2024-07-01,0,13,162.5,0.0
2751,EMP-2095,2024-07-01,0,0,0.0,0.0
2752,EMP-2096,2024-07-01,2,0,0.0,72.87
2753,EMP-2098,2024-07-01,0,2,25.0,0.0
2754,EMP-2101,2024-07-01,0,4,50.0,0.0
2755,EMP-2102,2024-07-01,0,17,212.5,0.0
2756,EMP-2103,2024-07-01,0,11,137.5,0.0
2757,EMP-2104,2024-07-01,1,0,0.0,138.53
2758,EMP-2105,2024-07-01,2,0,0.0,88.8
2759,EMP-2106,2024-07-01,0,9,112.5,0.0
2760,EMP-2107,2024-07-01,0,9,112.5,0.0
2761,EMP-2109,2024-07-01,1,0,0.0,51.37
2762,EMP-2110,2024-07-01,0,11,137.5,0.0
2763,EMP-2112,2024-07-01,2,0,0.0,111.07
2764,EMP-2113,2024-07-01,1,0,0.0,36.2
2765,EMP-2115,2024-07-01,0,16,200.0,0.0
2766,EMP-2116,2024-07-01,0,9,112.5,0.0
2767,EMP-2117,2024-07-01,0,13,162.5,0.0
2768,EMP-2120,2024-07-01,1,0,0.0,49.8
2769,EMP-2121,2024-07-01,0,7,87.5,0.0
2770,EMP-2122,2024-07-01,0,20,250.0,0.0
2771,EMP-2123,2024-07-01,0,20,250.0,0.0
2772,EMP-2124,2024-07-01,0,20,250.0,0.0
2773,EMP-2125,2024-07-01,0,20,250.0,0.0
2774,EMP-2127,2024-07-01,0,17,212.5,0.0
2775,EMP-2129,2024-07-01,0,9,112.5,0.0
2776,EMP-2130,2024-07-01,0,11,137.5,0.0
2777,EMP-2131,2024-07-01,0,9,112.5,0.0
2778,EMP-2133,2024-07-01,0,20,250.0,0.0
2779,EMP-2134,2024-07-01,2,0,0.0,115.33
2780,EMP-2136,2024-07-01,0,10,125.0,0.0
2781,EMP-2137,2024-07-01,0,16,200.0,0.0
2782,EMP-2139,2024-07-01,1,0,0.0,27.73
2783,EMP-2142,2024-07-01,0,0,0.0,0.0
2784,EMP-2143,2024-07-01,0,14,175.0,0.0
2785,EMP-2144,2024-07-01,0,6,75.0,0.0
2786,EMP-2145,2024-07-01,0,5,62.5,0.0
2787,EMP-2146,2024-07-01,0,15,187.5,0.0
2788,EMP-2147,2024-07-01,0,15,187.5,0.0
2789,EMP-2148,2024-07-01,2,0,0.0,83.53
2790,EMP-2149,2024-07-01,1,0,0.0,136.0
2791,EMP-2150,2024-07-01,0,12,150.0,0.0
2792,EMP-2151,2024-07-01,0,16,200.0,0.0
2793,EMP-2152,2024-07-01,0,16,200.0,0.0
2794,EMP-2156,2024-07-01,0,12,150.0,0.0
2795,EMP-2157,2024-07-01,1,0,0.0,97.27
2796,EMP-2158,2024-07-01,0,11,137.5,0.0
2797,EMP-2159,2024-07-01,0,0,0.0,0.0
2798,EMP-2160,2024-07-01,0,20,250.0,0.0
2799,EMP-2161,2024-07-01,0,5,62.5,0.0
2800,EMP-2164,2024-07-01,0,15,187.5,0.0
2801,EMP-2165,2024-07-01,0,13,162.5,0.0
2802,EMP-2167,2024-07-01,0,6,75.0,0.0
2803,EMP-2168,2024-07-01,0,2,25.0,0.0
2804,EMP-2170,2024-07-01,0,16,200.0,0.0
2805,EMP-2171,2024-07-01,0,16,200.0,0.0
2806,EMP-2172,2024-07-01,1,0,0.0,112.4
2807,EMP-2173,2024-07-01,0,5,62.5,0.0
2808,EMP-2174,2024-07-01,0,2,25.0,0.0
2809,EMP-2175,2024-07-01,0,8,100.0,0.0
2810,EMP-2177,2024-07-01,0,6,75.0,0.0
2811,EMP-2178,2024-07-01,0,12,150.0,0.0
2812,EMP-2180,2024-07-01,0,18,225.0,0.0
2813,EMP-2181,2024-07-01,0,18,225.0,0.0
2814,EMP-2182,2024-07-01,0,15,187.5,0.0
2815,EMP-2183,2024-07-01,0,3,37.5,0.0
2816,EMP-2184,2024-07-01,0,19,237.5,0.0
2817,EMP-2185,2024-07-01,0,2,25.0,0.0
2818,EMP-2186,2024-07-01,0,5,62.5,0.0
2819,EMP-2187,2024-07-01,2,0,0.0,87.67
2820,EMP-2188,2024-07-01,0,4,50.0,0.0
2821,EMP-2189,2024-07-01,0,16,200.0,0.0
2822,EMP-2190,2024-07-01,3,0,0.0,124.4
2823,EMP-2191,2024-07-01,0,15,187.5,0.0
2824,EMP-2192,2024-07-01,0,2,25.0,0.0
2825,EMP-2194,2024-07-01,0,8,100.0,0.0
2826,EMP-2195,2024-07-01,1,0,0.0,40.13
2827,EMP-2197,2024-07-01,0,15,187.5,0.0
2828,EMP-2198,2024-07-01,0,4,50.0,0.0
2829,EMP-2200,2024-07-01,1,0,0.0,42.73
2830,EMP-2201,2024-07-01,0,14,175.0,0.0
2831,EMP-2203,2024-07-01,0,19,237.5,0.0
2832,EMP-2204,2024-07-01,2,0,0.0,242.2
2833,EMP-2206,2024-07-01,0,8,100.0,0.0
2834,EMP-2208,2024-07-01,0,17,212.5,0.0
2835,EMP-2210,2024-07-01,0,3,37.5,0.0
2836,EMP-2211,2024-07-01,1,0,0.0,26.03
2837,EMP-2212,2024-07-01,0,2,25.0,0.0
2838,EMP-2213,2024-07-01,1,0,0.0,48.97
2839,EMP-2214,2024-07-01,0,19,237.5,0.0
2840,EMP-2215,2024-07-01,0,18,225.0,0.0
2841,EMP-2216,2024-07-01,0,12,150.0,0.0
2842,EMP-2217,2024-07-01,0,9,112.5,0.0
2843,EMP-2218,2024-07-01,0,9,112.5,0.0
2844,EMP-2219,2024-07-01,0,18,225.0,0.0
2845,EMP-2220,2024-07-01,0,0,0.0,0.0
2846,EMP-2221,2024-07-01,2,0,0.0,95.6
2847,EMP-2222,2024-07-01,1,0,0.0,110.37
2848,EMP-2223,2024-07-01,1,0,0.0,52.47
2849,EMP-2224,2024-07-01,0,2,25.0,0.0
2850,EMP-2225,2024-07-01,0,11,137.5,0.0
2851,EMP-2226,2024-07-01,0,7,87.5,0.0
2852,EMP-2227,2024-07-01,0,18,225.0,0.0
2853,EMP-2229,2024-07-01,0,10,125.0,0.0
2854,EMP-2230,2024-07-01,0,5,62.5,0.0
2855,EMP-2231,2024-07-01,0,3,37.5,0.0
2856,EMP-2232,2024-07-01,0,7,87.5,0.0
2857,EMP-2233,2024-07-01,0,4,50.0,0.0
2858,EMP-2234,2024-07-01,0,12,150.0,0.0
2859,EMP-2235,2024-07-01,1,0,0.0,132.7
2860,EMP-2236,2024-07-01,0,9,112.5,0.0
2861,EMP-2237,2024-07-01,0,1,12.5,0.0
2862,EMP-2238,2024-07-01,1,0,0.0,36.77
2863,EMP-2239,2024-07-01,0,8,100.0,0.0
2864,EMP-2240,2024-07-01,0,14,175.0,0.0
2865,EMP-2242,2024-07-01,0,18,225.0,0.0
2866,EMP-2243,2024-07-01,0,18,225.0,0.0
2867,EMP-2245,2024-07-01,0,6,75.0,0.0
2868,EMP-2246,2024-07-01,0,7,87.5,0.0
2869,EMP-2247,2024-07-01,0,6,75.0,0.0
2870,EMP-2248,2024-07-01,1,0,0.0,118.67
2871,EMP-2251,2024-07-01,0,2,25.0,0.0
2872,EMP-2252,2024-07-01,0,0,0.0,0.0
2873,EMP-2253,2024-07-01,0,0,0.0,0.0
2874,EMP-2255,2024-07-01,0,4,50.0,0.0
2875,EMP-2256,2024-07-01,0,20,250.0,0.0
2876,EMP-2257,2024-07-01,0,4,50.0,0.0
2877,EMP-2258,2024-07-01,0,9,112.5,0.0
2878,EMP-2259,2024-07-01,2,0,0.0,132.2
2879,EMP-2260,2024-07-01,0,11,137.5,0.0
2880,EMP-2261,2024-07-01,0,1,12.5,0.0
2881,EMP-2262,2024-07-01,0,11,137.5,0.0
2882,EMP-2263,2024-07-01,2,0,0.0,65.4
2883,EMP-2264,2024-07-01,0,8,100.0,0.0
2884,EMP-2265,2024-07-01,2,0,0.0,86.2
2885,EMP-2266,2024-07-01,0,11,137.5,0.0
2886,EMP-2267,2024-07-01,0,7,87.5,0.0
2887,EMP-2268,2024-07-01,1,0,0.0,47.6
2888,EMP-2270,2024-07-01,0,17,212.5,0.0
2889,EMP-2271,2024-07-01,3,0,0.0,120.7
2890,EMP-2272,2024-07-01,0,12,150.0,0.0
2891,EMP-2274,2024-07-01,5,0,0.0,226.17
2892,EMP-2275,2024-07-01,0,14,175.0,0.0
2893,EMP-2276,2024-07-01,0,12,150.0,0.0
2894,EMP-2277,2024-07-01,0,10,125.0,0.0
2895,EMP-2281,2024-07-01,0,2,25.0,0.0
2896,EMP-2283,2024-07-01,0,4,50.0,0.0
2897,EMP-2284,2024-07-01,0,2,25.0,0.0
2898,EMP-2285,2024-07-01,3,0,0.0,148.1
2899,EMP-2286,2024-07-01,0,9,112.5,0.0
2900,EMP-2288,2024-07-01,0,5,62.5,0.0
2901,EMP-2289,2024-07-01,0,20,250.0,0.0
2902,EMP-2290,2024-07-01,3,0,0.0,169.0
2903,EMP-2291,2024-07-01,0,13,162.5,0.0
2904,EMP-2294,2024-07-01,2,0,0.0,231.67
2905,EMP-2295,2024-07-01,3,0,0.0,174.7
2906,EMP-2297,2024-07-01,0,10,125.0,0.0
2907,EMP-2299,2024-07-01,2,0,0.0,97.73
2908,EMP-2300,2024-07-01,0,0,0.0,0.0
2909,EMP-2301,2024-07-01,0,7,87.5,0.0
2910,EMP-2302,2024-07-01,0,9,112.5,0.0
2911,EMP-2303,2024-07-01,1,0,0.0,45.0
2912,EMP-2304,2024-07-01,0,7,87.5,0.0
2913,EMP-2305,2024-07-01,0,5,62.5,0.0
2914,EMP-2306,2024-07-01,0,0,0.0,0.0
2915,EMP-2307,2024-07-01,3,0,0.0,360.6
2916,EMP-2308,2024-07-01,0,3,37.5,0.0
2917,EMP-2309,2024-07-01,1,0,0.0,104.03
2918,EMP-2310,2024-07-01,1,0,0.0,57.6
2919,EMP-2311,2024-07-01,0,2,25.0,0.0
2920,EMP-2313,2024-07-01,0,11,137.5,0.0
2921,EMP-2314,2024-07-01,0,0,0.0,0.0
2922,EMP-2315,2024-07-01,3,0,0.0,104.7
2923,EMP-2316,2024-07-01,0,18,225.0,0.0
2924,EMP-2317,2024-07-01,0,6,75.0,0.0
2925,EMP-2318,2024-07-01,0,9,112.5,0.0
2926,EMP-2319,2024-07-01,0,1,12.5,0.0
2927,EMP-2320,2024-07-01,0,12,150.0,0.0
2928,EMP-2322,2024-07-01,2,0,0.0,96.53
2929,EMP-2323,2024-07-01,0,0,0.0,0.0
2930,EMP-2324,2024-07-01,0,11,137.5,0.0
2931,EMP-2325,2024-07-01,0,11,137.5,0.0
2932,EMP-2326,2024-07-01,0,4,50.0,0.0
2933,EMP-2327,2024-07-01,0,4,50.0,0.0
2934,EMP-2328,2024-07-01,0,8,100.0,0.0
2935,EMP-2329,2024-07-01,0,0,0.0,0.0
2936,EMP-2330,2024-07-01,0,0,0.0,0.0
2937,EMP-2333,2024-07-01,0,17,212.5,0.0
2938,EMP-2334,2024-07-01,0,6,75.0,0.0
2939,EMP-2335,2024-07-01,0,13,162.5,0.0
2940,EMP-2336,2024-07-01,1,0,0.0,73.23
2941,EMP-2337,2024-07-01,1,0,0.0,24.17
2942,EMP-2338,2024-07-01,0,18,225.0,0.0
2943,EMP-2339,2024-07-01,0,18,225.0,0.0
2944,EMP-2340,2024-07-01,2,0,0.0,44.07
2945,EMP-2341,2024-07-01,0,13,162.5,0.0
2946,EMP-2342,2024-07-01,0,19,237.5,0.0
2947,EMP-2343,2024-07-01,0,13,162.5,0.0
2948,EMP-2344,2024-07-01,0,17,212.5,0.0
2949,EMP-2345,2024-07-01,0,8,100.0,0.0
2950,EMP-2346,2024-07-01,1,0,0.0,70.33
2951,EMP-2347,2024-07-01,0,2,25.0,0.0
2952,EMP-2350,2024-07-01,0,10,125.0,0.0
2953,EMP-2351,2024-07-01,0,7,87.5,0.0
2954,EMP-2352,2024-07-01,0,0,0.0,0.0
2955,EMP-2356,2024-07-01,0,6,75.0,0.0
2956,EMP-2357,2024-07-01,2,0,0.0,119.47
2957,EMP-2358,2024-07-01,2,0,0.0,72.87
2958,EMP-2359,2024-07-01,1,0,0.0,22.33
2959,EMP-2361,2024-07-01,0,2,25.0,0.0
2960,EMP-2362,2024-07-01,0,0,0.0,0.0
2961,EMP-2364,2024-07-01,0,6,75.0,0.0
2962,EMP-2366,2024-07-01,0,20,250.0,0.0
2963,EMP-2367,2024-07-01,1,0,0.0,56.43
2964,EMP-2368,2024-07-01,0,11,137.5,0.0
2965,EMP-2369,2024-07-01,0,4,50.0,0.0
2966,EMP-2370,2024-07-01,2,0,0.0,268.93
2967,EMP-2371,2024-07-01,0,18,225.0,0.0
2968,EMP-2373,2024-07-01,0,6,75.0,0.0
2969,EMP-2374,2024-07-01,0,17,212.5,0.0
2970,EMP-2375,2024-07-01,0,20,250.0,0.0
2971,EMP-2376,2024-07-01,0,18,225.0,0.0
2972,EMP-2377,2024-07-01,0,12,150.0,0.0
2973,EMP-2379,2024-07-01,1,0,0.0,138.6
2974,EMP-2382,2024-07-01,0,9,112.5,0.0
2975,EMP-2383,2024-07-01,1,0,0.0,58.57
2976,EMP-2384,2024-07-01,0,15,187.5,0.0
2977,EMP-2385,2024-07-01,0,4,50.0,0.0
2978,EMP-2387,2024-07-01,0,18,225.0,0.0
2979,EMP-2390,2024-07-01,0,15,187.5,0.0
2980,EMP-2391,2024-07-01,0,16,200.0,0.0
2981,EMP-2392,2024-07-01,1,0,0.0,22.77
2982,EMP-2394,2024-07-01,0,0,0.0,0.0
2983,EMP-2395,2024-07-01,1,0,0.0,95.07
2984,EMP-2396,2024-07-01,0,6,75.0,0.0
2985,EMP-2398,2024-07-01,0,7,87.5,0.0
2986,EMP-2399,2024-07-01,0,2,25.0,0.0
2987,EMP-2402,2024-07-01,0,13,162.5,0.0
2988,EMP-2405,2024-07-01,0,11,137.5,0.0
2989,EMP-2406,2024-07-01,0,5,62.5,0.0
2990,EMP-2407,2024-07-01,0,17,212.5,0.0
2991,EMP-2408,2024-07-01,1,0,0.0,112.23
2992,EMP-2409,2024-07-01,0,13,162.5,0.0
2993,EMP-2410,2024-07-01,0,0,0.0,0.0
2994,EMP-2411,2024-07-01,1,0,0.0,47.73
2995,EMP-2412,2024-07-01,0,10,125.0,0.0
2996,EMP-2413,2024-07-01,3,0,0.0,65.9
2997,EMP-2415,2024-07-01,1,0,0.0,112.07
2998,EMP-2417,2024-07-01,1,0,0.0,25.9
2999,EMP-2418,2024-07-01,0,5,62.5,0.0
3000,EMP-2420,2024-07-01,0,2,25.0,0.0
3001,EMP-2422,2024-07-01,1,0,0.0,51.27
3002,EMP-2423,2024-07-01,1,0,0.0,38.77
3003,EMP-2424,2024-07-01,0,12,150.0,0.0
3004,EMP-2425,2024-07-01,0,0,0.0,0.0
3005,EMP-2426,2024-07-01,2,0,0.0,73.0
3006,EMP-2428,2024-07-01,2,0,0.0,84.13
3007,EMP-2429,2024-07-01,0,9,112.5,0.0
3008,EMP-2431,2024-07-01,0,17,212.5,0.0
3009,EMP-2433,2024-07-01,1,0,0.0,25.6
3010,EMP-2434,2024-07-01,2,0,0.0,137.73
3011,EMP-2435,2024-07-01,0,1,12.5,0.0
3012,EMP-2436,2024-07-01,0,5,62.5,0.0
3013,EMP-2437,2024-07-01,0,8,100.0,0.0
3014,EMP-2438,2024-07-01,0,8,100.0,0.0
3015,EMP-2440,2024-07-01,1,0,0.0,86.37
3016,EMP-2441,2024-07-01,0,16,200.0,0.0
3017,EMP-2442,2024-07-01,1,0,0.0,31.03
3018,EMP-2443,2024-07-01,1,0,0.0,27.3
3019,EMP-2445,2024-07-01,0,16,200.0,0.0
3020,EMP-2446,2024-07-01,0,14,175.0,0.0
3021,EMP-2450,2024-07-01,1,0,0.0,48.43
3022,EMP-2452,2024-07-01,0,6,75.0,0.0
3023,EMP-2453,2024-07-01,0,10,125.0,0.0
3024,EMP-2455,2024-07-01,0,11,137.5,0.0
3025,EMP-2456,2024-07-01,0,4,50.0,0.0
3026,EMP-2457,2024-07-01,3,0,0.0,123.8
3027,EMP-2458,2024-07-01,2,0,0.0,85.6
3028,EMP-2459,2024-07-01,2,0,0.0,69.87
3029,EMP-2461,2024-07-01,0,3,37.5,0.0
3030,EMP-2462,2024-07-01,0,19,237.5,0.0
3031,EMP-2463,2024-07-01,0,1,12.5,0.0
3032,EMP-2464,2024-07-01,0,5,62.5,0.0
3033,EMP-2465,2024-07-01,3,0,0.0,167.8
3034,EMP-2466,2024-07-01,0,17,212.5,0.0
3035,EMP-2469,2024-07-01,0,7,87.5,0.0
3036,EMP-2470,2024-07-01,0,19,237.5,0.0
3037,EMP-2471,2024-07-01,0,10,125.0,0.0
3038,EMP-2474,2024-07-01,0,12,150.0,0.0
3039,EMP-2476,2024-07-01,5,0,0.0,722.0
3040,EMP-2477,2024-07-01,0,14,175.0,0.0
3041,EMP-2478,2024-07-01,0,10,125.0,0.0
3042,EMP-2479,2024-07-01,3,0,0.0,147.9
3043,EMP-2481,2024-07-01,0,19,237.5,0.0
3044,EMP-2482,2024-07-01,0,2,25.0,0.0
3045,EMP-2483,2024-07-01,1,0,0.0,129.27
3046,EMP-2484,2024-07-01,0,4,50.0,0.0
3047,EMP-2486,2024-07-01,0,16,200.0,0.0
3048,EMP-2488,2024-07-01,0,11,137.5,0.0
3049,EMP-2489,2024-07-01,0,11,137.5,0.0
3050,EMP-2491,2024-07-01,0,18,225.0,0.0
3051,EMP-2492,2024-07-01,0,0,0.0,0.0
3052,EMP-2493,2024-07-01,0,5,62.5,0.0
3053,EMP-2495,2024-07-01,2,0,0.0,88.4
3054,EMP-2496,2024-07-01,0,16,200.0,0.0
3055,EMP-2497,2024-07-01,0,2,25.0,0.0
3056,EMP-2498,2024-07-01,1,0,0.0,56.1
3057,EMP-2499,2024-07-01,0,12,150.0,0.0
3058,EMP-2500,2024-07-01,2,0,0.0,252.2
3059,EMP-2501,2024-07-01,0,1,12.5,0.0
3060,EMP-2502,2024-07-01,3,0,0.0,239.9
3061,EMP-2503,2024-07-01,0,18,225.0,0.0
3062,EMP-2504,2024-07-01,1,0,0.0,37.9
3063,EMP-2505,2024-07-01,1,0,0.0,140.2
3064,EMP-2506,2024-07-01,0,9,112.5,0.0
3065,EMP-2508,2024-07-01,0,5,62.5,0.0
3066,EMP-2509,2024-07-01,0,19,237.5,0.0
3067,EMP-2510,2024-07-01,0,1,12.5,0.0
3068,EMP-2511,2024-07-01,0,5,62.5,0.0
3069,EMP-2512,2024-07-01,0,17,212.5,0.0
3070,EMP-2513,2024-07-01,0,20,250.0,0.0
3071,EMP-2514,2024-07-01,0,14,175.0,0.0
3072,EMP-2517,2024-07-01,1,0,0.0,50.03
3073,EMP-2518,2024-07-01,0,18,225.0,0.0
3074,EMP-2520,2024-07-01,0,18,225.0,0.0
3075,EMP-2521,2024-07-01,1,0,0.0,70.4
3076,EMP-2522,2024-07-01,0,17,212.5,0.0
3077,EMP-2524,2024-07-01,0,8,100.0,0.0
3078,EMP-2525,2024-07-01,0,10,125.0,0.0
3079,EMP-2526,2024-07-01,1,0,0.0,57.6
3080,EMP-2527,2024-07-01,0,8,100.0,0.0
3081,EMP-2528,2024-07-01,0,3,37.5,0.0
3082,EMP-2529,2024-07-01,0,19,237.5,0.0
3083,EMP-2531,2024-07-01,0,15,187.5,0.0
3084,EMP-2532,2024-07-01,0,15,187.5,0.0
3085,EMP-2533,2024-07-01,0,4,50.0,0.0
3086,EMP-2534,2024-07-01,0,8,100.0,0.0
3087,EMP-2535,2024-07-01,2,0,0.0,71.13
3088,EMP-2536,2024-07-01,0,7,87.5,0.0
3089,EMP-2538,2024-07-01,0,0,0.0,0.0
3090,EMP-2539,2024-07-01,0,18,225.0,0.0
3091,EMP-2541,2024-07-01,0,9,112.5,0.0
3092,EMP-2543,2024-07-01,0,9,112.5,0.0
3093,EMP-2544,2024-07-01,2,0,0.0,219.47
3094,EMP-2545,2024-07-01,0,6,75.0,0.0
3095,EMP-2546,2024-07-01,0,4,50.0,0.0
3096,EMP-2548,2024-07-01,0,17,212.5,0.0
3097,EMP-2549,2024-07-01,0,7,87.5,0.0
3098,EMP-2551,2024-07-01,0,11,137.5,0.0
3099,EMP-2552,2024-07-01,0,18,225.0,0.0
3100,EMP-2553,2024-07-01,0,11,137.5,0.0
3101,EMP-2554,2024-07-01,0,11,137.5,0.0
3102,EMP-2556,2024-07-01,2,0,0.0,181.13
3103,EMP-2557,2024-07-01,0,9,112.5,0.0
3104,EMP-2558,2024-07-01,0,20,250.0,0.0
3105,EMP-2560,2024-07-01,0,18,225.0,0.0
3106,EMP-2561,2024-07-01,1,0,0.0,30.3
3107,EMP-2562,2024-07-01,2,0,0.0,61.73
3108,EMP-2563,2024-07-01,0,4,50.0,0.0
3109,EMP-2564,2024-07-01,0,0,0.0,0.0
3110,EMP-2565,2024-07-01,0,18,225.0,0.0
3111,EMP-2567,2024-07-01,0,11,137.5,0.0
3112,EMP-2568,2024-07-01,0,6,75.0,0.0
3113,EMP-2570,2024-07-01,3,0,0.0,60.5
3114,EMP-2571,2024-07-01,0,10,125.0,0.0
3115,EMP-2572,2024-07-01,0,6,75.0,0.0
3116,EMP-2574,2024-07-01,2,0,0.0,114.2
3117,EMP-2575,2024-07-01,1,0,0.0,49.77
3118,EMP-2576,2024-07-01,1,0,0.0,21.43
3119,EMP-2577,2024-07-01,0,11,137.5,0.0
3120,EMP-2578,2024-07-01,1,0,0.0,99.97
3121,EMP-2579,2024-07-01,0,0,0.0,0.0
3122,EMP-2580,2024-07-01,1,0,0.0,59.8
3123,EMP-2581,2024-07-01,0,20,250.0,0.0
3124,EMP-2582,2024-07-01,0,15,187.5,0.0
3125,EMP-2583,2024-07-01,0,17,212.5,0.0
3126,EMP-2584,2024-07-01,0,9,112.5,0.0
3127,EMP-2585,2024-07-01,0,7,87.5,0.0
3128,EMP-2587,2024-07-01,0,20,250.0,0.0
3129,EMP-2588,2024-07-01,1,0,0.0,138.87
3130,EMP-2589,2024-07-01,2,0,0.0,166.93
3131,EMP-2590,2024-07-01,0,11,137.5,0.0
3132,EMP-2591,2024-07-01,0,16,200.0,0.0
3133,EMP-2592,2024-07-01,0,14,175.0,0.0
3134,EMP-2594,2024-07-01,1,0,0.0,84.3
3135,EMP-2595,2024-07-01,0,15,187.5,0.0
3136,EMP-2598,2024-07-01,0,6,75.0,0.0
3137,EMP-2599,2024-07-01,2,0,0.0,98.47
3138,EMP-2001,2024-08-01,1,0,0.0,23.3
3139,EMP-2003,2024-08-01,2,0,0.0,66.33
3140,EMP-2004,2024-08-01,0,5,62.5,0.0
3141,EMP-2005,2024-08-01,0,6,75.0,0.0
3142,EMP-2006,2024-08-01,2,0,0.0,55.07
3143,EMP-2008,2024-08-01,0,11,137.5,0.0
3144,EMP-2010,2024-08-01,0,11,137.5,0.0
3145,EMP-2011,2024-08-01,0,10,125.0,0.0
3146,EMP-2012,2024-08-01,0,7,87.5,0.0
3147,EMP-2014,2024-08-01,0,18,225.0,0.0
3148,EMP-2015,2024-08-01,0,7,87.5,0.0
3149,EMP-2016,2024-08-01,0,11,137.5,0.0
3150,EMP-2017,2024-08-01,0,4,50.0,0.0
3151,EMP-2018,2024-08-01,0,14,175.0,0.0
3152,EMP-2019,2024-08-01,3,0,0.0,82.9
3153,EMP-2020,2024-08-01,0,1,12.5,0.0
3154,EMP-2024,2024-08-01,0,8,100.0,0.0
3155,EMP-2025,2024-08-01,0,18,225.0,0.0
3156,EMP-2026,2024-08-01,0,10,125.0,0.0
3157,EMP-2027,2024-08-01,0,2,25.0,0.0
3158,EMP-2028,2024-08-01,0,12,150.0,0.0
3159,EMP-2029,2024-08-01,1,0,0.0,40.27
3160,EMP-2030,2024-08-01,0,6,75.0,0.0
3161,EMP-2031,2024-08-01,3,0,0.0,436.7
3162,EMP-2032,2024-08-01,0,14,175.0,0.0
3163,EMP-2034,2024-08-01,0,16,200.0,0.0
3164,EMP-2036,2024-08-01,2,0,0.0,88.73
3165,EMP-2037,2024-08-01,0,16,200.0,0.0
3166,EMP-2038,2024-08-01,3,0,0.0,99.3
3167,EMP-2039,2024-08-01,1,0,0.0,54.87
3168,EMP-2040,2024-08-01,1,0,0.0,57.47
3169,EMP-2041,2024-08-01,0,19,237.5,0.0
3170,EMP-2042,2024-08-01,0,0,0.0,0.0
3171,EMP-2043,2024-08-01,0,0,0.0,0.0
3172,EMP-2044,2024-08-01,3,0,0.0,93.9
3173,EMP-2047,2024-08-01,0,12,150.0,0.0
3174,EMP-2049,2024-08-01,0,12,150.0,0.0
3175,EMP-2050,2024-08-01,3,0,0.0,135.6
3176,EMP-2051,2024-08-01,2,0,0.0,81.2
3177,EMP-2052,2024-08-01,0,8,100.0,0.0
3178,EMP-2053,2024-08-01,0,12,150.0,0.0
3179,EMP-2055,2024-08-01,1,0,0.0,90.37
3180,EMP-2056,2024-08-01,0,2,25.0,0.0
3181,EMP-2057,2024-08-01,0,11,137.5,0.0
3182,EMP-2058,2024-08-01,2,0,0.0,54.6
3183,EMP-2059,2024-08-01,0,2,25.0,0.0
3184,EMP-2060,2024-08-01,0,15,187.5,0.0
3185,EMP-2061,2024-08-01,0,6,75.0,0.0
3186,EMP-2062,2024-08-01,0,4,50.0,0.0
3187,EMP-2063,2024-08-01,0,18,225.0,0.0
3188,EMP-2064,2024-08-01,0,6,75.0,0.0
3189,EMP-2065,2024-08-01,0,11,137.5,0.0
3190,EMP-2066,2024-08-01,0,15,187.5,0.0
3191,EMP-2069,2024-08-01,0,6,75.0,0.0
3192,EMP-2070,2024-08-01,0,10,125.0,0.0
3193,EMP-2071,2024-08-01,2,0,0.0,40.93
3194,EMP-2072,2024-08-01,0,7,87.5,0.0
3195,EMP-2073,2024-08-01,0,19,237.5,0.0
3196,EMP-2074,2024-08-01,0,18,225.0,0.0
3197,EMP-2075,2024-08-01,0,7,87.5,0.0
3198,EMP-2076,2024-08-01,0,14,175.0,0.0
3199,EMP-2078,2024-08-01,1,0,0.0,48.3
3200,EMP-2081,2024-08-01,0,12,150.0,0.0
3201,EMP-2082,2024-08-01,1,0,0.0,44.9
3202,EMP-2083,2024-08-01,1,0,0.0,71.57
3203,EMP-2084,2024-08-01,1,0,0.0,36.1
3204,EMP-2085,2024-08-01,0,10,125.0,0.0
3205,EMP-2086,2024-08-01,1,0,0.0,22.67
3206,EMP-2087,2024-08-01,0,18,225.0,0.0
3207,EMP-2089,2024-08-01,2,0,0.0,110.27
3208,EMP-2090,2024-08-01,1,0,0.0,88.67
3209,EMP-2091,2024-08-01,0,17,212.5,0.0
3210,EMP-2093,2024-08-01,2,0,0.0,43.2
3211,EMP-2094,2024-08-01,2,0,0.0,63.27
3212,EMP-2095,2024-08-01,0,20,250.0,0.0
3213,EMP-2096,2024-08-01,0,2,25.0,0.0
3214,EMP-2098,2024-08-01,0,2,25.0,0.0
3215,EMP-2101,2024-08-01,0,18,225.0,0.0
3216,EMP-2102,2024-08-01,0,19,237.5,0.0
3217,EMP-2103,2024-08-01,1,0,0.0,30.73
3218,EMP-2104,2024-08-01,0,19,237.5,0.0
3219,EMP-2105,2024-08-01,0,19,237.5,0.0
3220,EMP-2106,2024-08-01,1,0,0.0,67.9
3221,EMP-2107,2024-08-01,0,7,87.5,0.0
3222,EMP-2109,2024-08-01,0,8,100.0,0.0
3223,EMP-2110,2024-08-01,2,0,0.0,234.07
3224,EMP-2112,2024-08-01,0,7,87.5,0.0
3225,EMP-2113,2024-08-01,0,1,12.5,0.0
3226,EMP-2115,2024-08-01,0,4,50.0,0.0
3227,EMP-2116,2024-08-01,1,0,0.0,32.13
3228,EMP-2117,2024-08-01,3,0,0.0,75.2
3229,EMP-2120,2024-08-01,0,9,112.5,0.0
3230,EMP-2121,2024-08-01,1,0,0.0,43.37
3231,EMP-2122,2024-08-01,1,0,0.0,117.53
3232,EMP-2123,2024-08-01,0,5,62.5,0.0
3233,EMP-2124,2024-08-01,1,0,0.0,22.57
3234,EMP-2125,2024-08-01,0,15,187.5,0.0
3235,EMP-2127,2024-08-01,0,13,162.5,0.0
3236,EMP-2129,2024-08-01,0,17,212.5,0.0
3237,EMP-2130,2024-08-01,0,20,250.0,0.0
3238,EMP-2131,2024-08-01,0,8,100.0,0.0
3239,EMP-2133,2024-08-01,0,17,212.5,0.0
3240,EMP-2134,2024-08-01,0,20,250.0,0.0
3241,EMP-2136,2024-08-01,1,0,0.0,70.8
3242,EMP-2137,2024-08-01,0,17,212.5,0.0
3243,EMP-2139,2024-08-01,0,13,162.5,0.0
3244,EMP-2142,2024-08-01,0,8,100.0,0.0
3245,EMP-2144,2024-08-01,2,0,0.0,143.53
3246,EMP-2145,2024-08-01,0,11,137.5,0.0
3247,EMP-2146,2024-08-01,0,7,87.5,0.0
3248,EMP-2147,2024-08-01,0,8,100.0,0.0
3249,EMP-2148,2024-08-01,0,9,112.5,0.0
3250,EMP-2149,2024-08-01,0,4,50.0,0.0
3251,EMP-2150,2024-08-01,2,0,0.0,211.2
3252,EMP-2151,2024-08-01,0,8,100.0,0.0
3253,EMP-2152,2024-08-01,0,17,212.5,0.0
3254,EMP-2156,2024-08-01,0,15,187.5,0.0
3255,EMP-2157,2024-08-01,0,0,0.0,0.0
3256,EMP-2158,2024-08-01,0,13,162.5,0.0
3257,EMP-2159,2024-08-01,0,11,137.5,0.0
3258,EMP-2160,2024-08-01,0,9,112.5,0.0
3259,EMP-2161,2024-08-01,2,0,0.0,106.0
3260,EMP-2164,2024-08-01,1,0,0.0,39.53
3261,EMP-2165,2024-08-01,0,18,225.0,0.0
3262,EMP-2167,2024-08-01,1,0,0.0,28.8
3263,EMP-2168,2024-08-01,0,18,225.0,0.0
3264,EMP-2170,2024-08-01,2,0,0.0,197.93
3265,EMP-2171,2024-08-01,0,20,250.0,0.0
3266,EMP-2172,2024-08-01,0,1,12.5,0.0
3267,EMP-2173,2024-08-01,0,11,137.5,0.0
3268,EMP-2174,2024-08-01,0,2,25.0,0.0
3269,EMP-2175,2024-08-01,0,20,250.0,0.0
3270,EMP-2177,2024-08-01,2,0,0.0,261.27
3271,EMP-2178,2024-08-01,0,11,137.5,0.0
3272,EMP-2180,2024-08-01,0,12,150.0,0.0
3273,EMP-2181,2024-08-01,0,0,0.0,0.0
3274,EMP-2182,2024-08-01,2,0,0.0,252.87
3275,EMP-2183,2024-08-01,2,0,0.0,71.4
3276,EMP-2184,2024-08-01,3,0,0.0,132.3
3277,EMP-2185,2024-08-01,0,8,100.0,0.0
3278,EMP-2186,2024-08-01,3,0,0.0,105.9
3279,EMP-2187,2024-08-01,0,11,137.5,0.0
3280,EMP-2188,2024-08-01,0,6,75.0,0.0
3281,EMP-2189,2024-08-01,1,0,0.0,99.8
3282,EMP-2190,2024-08-01,0,20,250.0,0.0
3283,EMP-2191,2024-08-01,1,0,0.0,66.13
3284,EMP-2192,2024-08-01,0,1,12.5,0.0
3285,EMP-2194,2024-08-01,1,0,0.0,51.73
3286,EMP-2195,2024-08-01,0,15,187.5,0.0
3287,EMP-2197,2024-08-01,0,0,0.0,0.0
3288,EMP-2198,2024-08-01,0,6,75.0,0.0
3289,EMP-2199,2024-08-01,2,0,0.0,65.73
3290,EMP-2200,2024-08-01,3,0,0.0,128.2
3291,EMP-2201,2024-08-01,0,2,25.0,0.0
3292,EMP-2203,2024-08-01,0,19,237.5,0.0
3293,EMP-2204,2024-08-01,0,12,150.0,0.0
3294,EMP-2206,2024-08-01,0,11,137.5,0.0
3295,EMP-2208,2024-08-01,0,7,87.5,0.0
3296,EMP-2210,2024-08-01,3,0,0.0,94.1
3297,EMP-2211,2024-08-01,3,0,0.0,78.1
3298,EMP-2212,2024-08-01,1,0,0.0,36.07
3299,EMP-2213,2024-08-01,0,15,187.5,0.0
3300,EMP-2214,2024-08-01,5,0,0.0,277.33
3301,EMP-2215,2024-08-01,0,6,75.0,0.0
3302,EMP-2216,2024-08-01,3,0,0.0,94.3
3303,EMP-2217,2024-08-01,0,3,37.5,0.0
3304,EMP-2218,2024-08-01,3,0,0.0,61.1
3305,EMP-2219,2024-08-01,1,0,0.0,130.6
3306,EMP-2220,2024-08-01,0,3,37.5,0.0
3307,EMP-2221,2024-08-01,0,14,175.0,0.0
3308,EMP-2222,2024-08-01,1,0,0.0,110.37
3309,EMP-2223,2024-08-01,0,13,162.5,0.0
3310,EMP-2224,2024-08-01,0,6,75.0,0.0
3311,EMP-2225,2024-08-01,3,0,0.0,113.7
3312,EMP-2226,2024-08-01,0,17,212.5,0.0
3313,EMP-2227,2024-08-01,0,8,100.0,0.0
3314,EMP-2229,2024-08-01,0,17,212.5,0.0
3315,EMP-2230,2024-08-01,0,9,112.5,0.0
3316,EMP-2231,2024-08-01,0,18,225.0,0.0
3317,EMP-2232,2024-08-01,0,7,87.5,0.0
3318,EMP-2233,2024-08-01,1,0,0.0,147.63
3319,EMP-2234,2024-08-01,3,0,0.0,107.4
3320,EMP-2235,2024-08-01,1,0,0.0,132.7
3321,EMP-2236,2024-08-01,2,0,0.0,153.47
3322,EMP-2237,2024-08-01,0,14,175.0,0.0
3323,EMP-2238,2024-08-01,0,6,75.0,0.0
3324,EMP-2239,2024-08-01,0,8,100.0,0.0
3325,EMP-2240,2024-08-01,1,0,0.0,55.63
3326,EMP-2242,2024-08-01,5,0,0.0,154.83
3327,EMP-2243,2024-08-01,1,0,0.0,27.93
3328,EMP-2245,2024-08-01,0,3,37.5,0.0
3329,EMP-2246,2024-08-01,2,0,0.0,141.93
3330,EMP-2247,2024-08-01,5,0,0.0,223.83
3331,EMP-2248,2024-08-01,2,0,0.0,237.33
3332,EMP-2251,2024-08-01,3,0,0.0,333.8
3333,EMP-2252,2024-08-01,2,0,0.0,106.13
3334,EMP-2253,2024-08-01,0,13,162.5,0.0
3335,EMP-2255,2024-08-01,0,11,137.5,0.0
3336,EMP-2256,2024-08-01,1,0,0.0,34.8
3337,EMP-2257,2024-08-01,1,0,0.0,43.0
3338,EMP-2258,2024-08-01,0,1,12.5,0.0
3339,EMP-2259,2024-08-01,0,15,187.5,0.0
3340,EMP-2260,2024-08-01,2,0,0.0,265.53
3341,EMP-2261,2024-08-01,2,0,0.0,63.67
3342,EMP-2262,2024-08-01,0,7,87.5,0.0
3343,EMP-2263,2024-08-01,0,1,12.5,0.0
3344,EMP-2264,2024-08-01,0,3,37.5,0.0
3345,EMP-2265,2024-08-01,0,5,62.5,0.0
3346,EMP-2266,2024-08-01,0,18,225.0,0.0
3347,EMP-2267,2024-08-01,0,12,150.0,0.0
3348,EMP-2268,2024-08-01,0,6,75.0,0.0
3349,EMP-2270,2024-08-01,0,12,150.0,0.0
3350,EMP-2271,2024-08-01,0,9,112.5,0.0
3351,EMP-2272,2024-08-01,1,0,0.0,39.73
3352,EMP-2274,2024-08-01,2,0,0.0,90.47
3353,EMP-2275,2024-08-01,2,0,0.0,72.27
3354,EMP-2276,2024-08-01,0,1,12.5,0.0
3355,EMP-2277,2024-08-01,0,20,250.0,0.0
3356,EMP-2281,2024-08-01,1,0,0.0,38.63
3357,EMP-2283,2024-08-01,5,0,0.0,245.83
3358,EMP-2284,2024-08-01,0,19,237.5,0.0
3359,EMP-2285,2024-08-01,0,0,0.0,0.0
3360,EMP-2286,2024-08-01,0,20,250.0,0.0
3361,EMP-2288,2024-08-01,0,19,237.5,0.0
3362,EMP-2289,2024-08-01,0,6,75.0,0.0
3363,EMP-2290,2024-08-01,0,14,175.0,0.0
3364,EMP-2291,2024-08-01,0,17,212.5,0.0
3365,EMP-2294,2024-08-01,0,12,150.0,0.0
3366,EMP-2295,2024-08-01,0,10,125.0,0.0
3367,EMP-2297,2024-08-01,3,0,0.0,87.3
3368,EMP-2299,2024-08-01,0,0,0.0,0.0
3369,EMP-2300,2024-08-01,0,16,200.0,0.0
3370,EMP-2301,2024-08-01,1,0,0.0,29.6
3371,EMP-2302,2024-08-01,0,3,37.5,0.0
3372,EMP-2303,2024-08-01,0,11,137.5,0.0
3373,EMP-2304,2024-08-01,0,4,50.0,0.0
3374,EMP-2305,2024-08-01,1,0,0.0,92.17
3375,EMP-2306,2024-08-01,5,0,0.0,126.5
3376,EMP-2307,2024-08-01,0,5,62.5,0.0
3377,EMP-2308,2024-08-01,0,14,175.0,0.0
3378,EMP-2309,2024-08-01,0,0,0.0,0.0
3379,EMP-2310,2024-08-01,0,2,25.0,0.0
3380,EMP-2311,2024-08-01,0,2,25.0,0.0
3381,EMP-2313,2024-08-01,0,19,237.5,0.0
3382,EMP-2314,2024-08-01,0,20,250.0,0.0
3383,EMP-2315,2024-08-01,0,20,250.0,0.0
3384,EMP-2316,2024-08-01,0,2,25.0,0.0
3385,EMP-2317,2024-08-01,0,16,200.0,0.0
3386,EMP-2318,2024-08-01,2,0,0.0,54.4
3387,EMP-2319,2024-08-01,0,10,125.0,0.0
3388,EMP-2320,2024-08-01,0,11,137.5,0.0
3389,EMP-2321,2024-08-01,0,9,112.5,0.0
3390,EMP-2322,2024-08-01,0,20,250.0,0.0
3391,EMP-2323,2024-08-01,0,7,87.5,0.0
3392,EMP-2324,2024-08-01,2,0,0.0,79.67
3393,EMP-2325,2024-08-01,3,0,0.0,136.0
3394,EMP-2326,2024-08-01,0,11,137.5,0.0
3395,EMP-2327,2024-08-01,0,19,237.5,0.0
3396,EMP-2328,2024-08-01,2,0,0.0,103.73
3397,EMP-2329,2024-08-01,0,7,87.5,0.0
3398,EMP-2330,2024-08-01,0,2,25.0,0.0
3399,EMP-2333,2024-08-01,0,0,0.0,0.0
3400,EMP-2334,2024-08-01,0,10,125.0,0.0
3401,EMP-2335,2024-08-01,3,0,0.0,68.6
3402,EMP-2336,2024-08-01,0,19,237.5,0.0
3403,EMP-2337,2024-08-01,0,5,62.5,0.0
3404,EMP-2338,2024-08-01,1,0,0.0,31.9
3405,EMP-2339,2024-08-01,0,1,12.5,0.0
3406,EMP-2340,2024-08-01,0,15,187.5,0.0
3407,EMP-2341,2024-08-01,0,4,50.0,0.0
3408,EMP-2342,2024-08-01,0,11,137.5,0.0
3409,EMP-2343,2024-08-01,0,16,200.0,0.0
3410,EMP-2344,2024-08-01,0,0,0.0,0.0
3411,EMP-2345,2024-08-01,2,0,0.0,86.93
3412,EMP-2346,2024-08-01,0,1,12.5,0.0
3413,EMP-2347,2024-08-01,0,17,212.5,0.0
3414,EMP-2350,2024-08-01,0,8,100.0,0.0
3415,EMP-2351,2024-08-01,0,7,87.5,0.0
3416,EMP-2352,2024-08-01,0,11,137.5,0.0
3417,EMP-2356,2024-08-01,0,9,112.5,0.0
3418,EMP-2357,2024-08-01,1,0,0.0,59.73
3419,EMP-2358,2024-08-01,0,1,12.5,0.0
3420,EMP-2359,2024-08-01,0,2,25.0,0.0
3421,EMP-2361,2024-08-01,0,17,212.5,0.0
3422,EMP-2362,2024-08-01,2,0,0.0,41.87
3423,EMP-2364,2024-08-01,3,0,0.0,402.7
3424,EMP-2365,2024-08-01,1,0,0.0,149.83
3425,EMP-2366,2024-08-01,0,5,62.5,0.0
3426,EMP-2367,2024-08-01,0,2,25.0,0.0
3427,EMP-2368,2024-08-01,0,0,0.0,0.0
3428,EMP-2369,2024-08-01,2,0,0.0,103.27
3429,EMP-2370,2024-08-01,0,20,250.0,0.0
3430,EMP-2371,2024-08-01,0,5,62.5,0.0
3431,EMP-2373,2024-08-01,0,9,112.5,0.0
3432,EMP-2374,2024-08-01,1,0,0.0,25.33
3433,EMP-2375,2024-08-01,0,9,112.5,0.0
3434,EMP-2376,2024-08-01,0,12,150.0,0.0
3435,EMP-2377,2024-08-01,0,14,175.0,0.0
3436,EMP-2379,2024-08-01,0,6,75.0,0.0
3437,EMP-2382,2024-08-01,0,10,125.0,0.0
3438,EMP-2383,2024-08-01,0,15,187.5,0.0
3439,EMP-2384,2024-08-01,0,2,25.0,0.0
3440,EMP-2385,2024-08-01,0,11,137.5,0.0
3441,EMP-2387,2024-08-01,0,5,62.5,0.0
3442,EMP-2390,2024-08-01,1,0,0.0,128.8
3443,EMP-2391,2024-08-01,0,15,187.5,0.0
3444,EMP-2392,2024-08-01,2,0,0.0,45.53
3445,EMP-2394,2024-08-01,0,6,75.0,0.0
3446,EMP-2395,2024-08-01,0,6,75.0,0.0
3447,EMP-2396,2024-08-01,0,10,125.0,0.0
3448,EMP-2398,2024-08-01,0,20,250.0,0.0
3449,EMP-2399,2024-08-01,0,5,62.5,0.0
3450,EMP-2402,2024-08-01,0,2,25.0,0.0
3451,EMP-2405,2024-08-01,0,19,237.5,0.0
3452,EMP-2406,2024-08-01,0,19,237.5,0.0
3453,EMP-2407,2024-08-01,0,15,187.5,0.0
3454,EMP-2408,2024-08-01,0,19,237.5,0.0
3455,EMP-2409,2024-08-01,0,9,112.5,0.0
3456,EMP-2410,2024-08-01,0,6,75.0,0.0
3457,EMP-2411,2024-08-01,2,0,0.0,95.47
3458,EMP-2412,2024-08-01,0,18,225.0,0.0
3459,EMP-2413,2024-08-01,0,0,0.0,0.0
3460,EMP-2415,2024-08-01,0,7,87.5,0.0
3461,EMP-2417,2024-08-01,0,2,25.0,0.0
3462,EMP-2418,2024-08-01,0,19,237.5,0.0
3463,EMP-2420,2024-08-01,0,14,175.0,0.0
3464,EMP-2422,2024-08-01,0,10,125.0,0.0
3465,EMP-2423,2024-08-01,0,19,237.5,0.0
3466,EMP-2424,2024-08-01,0,7,87.5,0.0
3467,EMP-2425,2024-08-01,0,2,25.0,0.0
3468,EMP-2426,2024-08-01,0,10,125.0,0.0
3469,EMP-2428,2024-08-01,0,10,125.0,0.0
3470,EMP-2429,2024-08-01,1,0,0.0,40.37
3471,EMP-2431,2024-08-01,0,13,162.5,0.0
3472,EMP-2433,2024-08-01,0,7,87.5,0.0
3473,EMP-2434,2024-08-01,0,2,25.0,0.0
3474,EMP-2435,2024-08-01,3,0,0.0,433.0
3475,EMP-2436,2024-08-01,0,7,87.5,0.0
3476,EMP-2437,2024-08-01,0,19,237.5,0.0
3477,EMP-2438,2024-08-01,0,18,225.0,0.0
3478,EMP-2440,2024-08-01,0,1,12.5,0.0
3479,EMP-2441,2024-08-01,0,1,12.5,0.0
3480,EMP-2442,2024-08-01,0,11,137.5,0.0
3481,EMP-2443,2024-08-01,0,11,137.5,0.0
3482,EMP-2445,2024-08-01,0,16,200.0,0.0
3483,EMP-2446,2024-08-01,0,9,112.5,0.0
3484,EMP-2450,2024-08-01,0,1,12.5,0.0
3485,EMP-2452,2024-08-01,0,17,212.5,0.0
3486,EMP-2453,2024-08-01,0,10,125.0,0.0
3487,EMP-2455,2024-08-01,2,0,0.0,58.33
3488,EMP-2456,2024-08-01,0,15,187.5,0.0
3489,EMP-2457,2024-08-01,0,9,112.5,0.0
3490,EMP-2458,2024-08-01,2,0,0.0,85.6
3491,EMP-2459,2024-08-01,0,1,12.5,0.0
3492,EMP-2461,2024-08-01,3,0,0.0,88.7
3493,EMP-2462,2024-08-01,0,1,12.5,0.0
3494,EMP-2463,2024-08-01,0,20,250.0,0.0
3495,EMP-2464,2024-08-01,2,0,0.0,101.73
3496,EMP-2465,2024-08-01,1,0,0.0,55.93
3497,EMP-2466,2024-08-01,3,0,0.0,307.8
3498,EMP-2469,2024-08-01,3,0,0.0,432.1
3499,EMP-2470,2024-08-01,0,16,200.0,0.0
3500,EMP-2471,2024-08-01,0,9,112.5,0.0
3501,EMP-2474,2024-08-01,0,9,112.5,0.0
3502,EMP-2476,2024-08-01,1,0,0.0,144.4
3503,EMP-2477,2024-08-01,5,0,0.0,665.33
3504,EMP-2478,2024-08-01,0,3,37.5,0.0
3505,EMP-2479,2024-08-01,0,6,75.0,0.0
3506,EMP-2481,2024-08-01,0,8,100.0,0.0
3507,EMP-2482,2024-08-01,0,3,37.5,0.0
3508,EMP-2483,2024-08-01,2,0,0.0,258.53
3509,EMP-2484,2024-08-01,0,19,237.5,0.0
3510,EMP-2486,2024-08-01,0,14,175.0,0.0
3511,EMP-2488,2024-08-01,0,1,12.5,0.0
3512,EMP-2489,2024-08-01,2,0,0.0,256.13
3513,EMP-2491,2024-08-01,0,6,75.0,0.0
3514,EMP-2492,2024-08-01,2,0,0.0,85.13
3515,EMP-2493,2024-08-01,0,19,237.5,0.0
3516,EMP-2495,2024-08-01,0,3,37.5,0.0
3517,EMP-2496,2024-08-01,1,0,0.0,31.77
3518,EMP-2497,2024-08-01,2,0,0.0,83.53
3519,EMP-2498,2024-08-01,0,5,62.5,0.0
3520,EMP-2499,2024-08-01,3,0,0.0,166.5
3521,EMP-2500,2024-08-01,0,15,187.5,0.0
3522,EMP-2501,2024-08-01,1,0,0.0,58.87
3523,EMP-2502,2024-08-01,0,15,187.5,0.0
3524,EMP-2503,2024-08-01,0,19,237.5,0.0
3525,EMP-2504,2024-08-01,0,7,87.5,0.0
3526,EMP-2505,2024-08-01,0,0,0.0,0.0
3527,EMP-2506,2024-08-01,0,11,137.5,0.0
3528,EMP-2508,2024-08-01,0,4,50.0,0.0
3529,EMP-2509,2024-08-01,0,18,225.0,0.0
3530,EMP-2510,2024-08-01,0,10,125.0,0.0
3531,EMP-2511,2024-08-01,0,15,187.5,0.0
3532,EMP-2512,2024-08-01,2,0,0.0,96.87
3533,EMP-2513,2024-08-01,0,18,225.0,0.0
3534,EMP-2514,2024-08-01,1,0,0.0,47.23
3535,EMP-2517,2024-08-01,2,0,0.0,100.07
3536,EMP-2518,2024-08-01,0,15,187.5,0.0
3537,EMP-2520,2024-08-01,5,0,0.0,693.0
3538,EMP-2521,2024-08-01,0,11,137.5,0.0
3539,EMP-2522,2024-08-01,0,19,237.5,0.0
3540,EMP-2524,2024-08-01,0,19,237.5,0.0
3541,EMP-2525,2024-08-01,5,0,0.0,122.83
3542,EMP-2526,2024-08-01,2,0,0.0,115.2
3543,EMP-2527,2024-08-01,0,17,212.5,0.0
3544,EMP-2528,2024-08-01,0,17,212.5,0.0
3545,EMP-2529,2024-08-01,1,0,0.0,48.67
3546,EMP-2530,2024-08-01,3,0,0.0,368.2
3547,EMP-2531,2024-08-01,0,16,200.0,0.0
3548,EMP-2532,2024-08-01,1,0,0.0,21.67
3549,EMP-2533,2024-08-01,0,11,137.5,0.0
3550,EMP-2534,2024-08-01,1,0,0.0,49.27
3551,EMP-2535,2024-08-01,0,4,50.0,0.0
3552,EMP-2536,2024-08-01,2,0,0.0,100.73
3553,EMP-2538,2024-08-01,0,11,137.5,0.0
3554,EMP-2539,2024-08-01,0,4,50.0,0.0
3555,EMP-2541,2024-08-01,0,20,250.0,0.0
3556,EMP-2543,2024-08-01,0,19,237.5,0.0
3557,EMP-2544,2024-08-01,2,0,0.0,219.47
3558,EMP-2545,2024-08-01,0,8,100.0,0.0
3559,EMP-2548,2024-08-01,0,10,125.0,0.0
3560,EMP-2549,2024-08-01,3,0,0.0,79.0
3561,EMP-2551,2024-08-01,3,0,0.0,141.8
3562,EMP-2552,2024-08-01,0,9,112.5,0.0
3563,EMP-2553,2024-08-01,0,3,37.5,0.0
3564,EMP-2554,2024-08-01,0,3,37.5,0.0
3565,EMP-2556,2024-08-01,0,15,187.5,0.0
3566,EMP-2557,2024-08-01,0,17,212.5,0.0
3567,EMP-2558,2024-08-01,0,8,100.0,0.0
3568,EMP-2560,2024-08-01,0,5,62.5,0.0
3569,EMP-2561,2024-08-01,0,7,87.5,0.0
3570,EMP-2562,2024-08-01,0,13,162.5,0.0
3571,EMP-2563,2024-08-01,0,11,137.5,0.0
3572,EMP-2564,2024-08-01,1,0,0.0,56.37
3573,EMP-2565,2024-08-01,1,0,0.0,35.67
3574,EMP-2567,2024-08-01,1,0,0.0,87.93
3575,EMP-2568,2024-08-01,0,4,50.0,0.0
3576,EMP-2570,2024-08-01,5,0,0.0,100.83
3577,EMP-2571,2024-08-01,0,14,175.0,0.0
3578,EMP-2572,2024-08-01,0,19,237.5,0.0
3579,EMP-2574,2024-08-01,1,0,0.0,57.1
3580,EMP-2575,2024-08-01,0,0,0.0,0.0
3581,EMP-2576,2024-08-01,0,18,225.0,0.0
3582,EMP-2577,2024-08-01,0,15,187.5,0.0
3583,EMP-2578,2024-08-01,0,16,200.0,0.0
3584,EMP-2579,2024-08-01,0,14,175.0,0.0
3585,EMP-2580,2024-08-01,0,7,87.5,0.0
3586,EMP-2581,2024-08-01,0,17,212.5,0.0
3587,EMP-2582,2024-08-01,1,0,0.0,51.67
3588,EMP-2583,2024-08-01,0,20,250.0,0.0
3589,EMP-2584,2024-08-01,1,0,0.0,85.23
3590,EMP-2585,2024-08-01,3,0,0.0,130.0
3591,EMP-2586,2024-08-01,0,0,0.0,0.0
3592,EMP-2587,2024-08-01,0,15,187.5,0.0
3593,EMP-2588,2024-08-01,1,0,0.0,138.87
3594,EMP-2589,2024-08-01,0,1,12.5,0.0
3595,EMP-2590,2024-08-01,1,0,0.0,38.53
3596,EMP-2591,2024-08-01,0,17,212.5,0.0
3597,EMP-2592,2024-08-01,0,0,0.0,0.0
3598,EMP-2594,2024-08-01,1,0,0.0,84.3
3599,EMP-2595,2024-08-01,1,0,0.0,59.07
3600,EMP-2598,2024-08-01,0,19,237.5,0.0
3601,EMP-2599,2024-08-01,0,7,87.5,0.0
3602,EMP-2001,2024-09-01,0,18,225.0,0.0
3603,EMP-2003,2024-09-01,0,1,12.5,0.0
3604,EMP-2004,2024-09-01,0,3,37.5,0.0
3605,EMP-2005,2024-09-01,0,15,187.5,0.0
3606,EMP-2006,2024-09-01,2,0,0.0,55.07
3607,EMP-2008,2024-09-01,1,0,0.0,103.33
3608,EMP-2010,2024-09-01,0,3,37.5,0.0
3609,EMP-2011,2024-09-01,3,0,0.0,134.2
3610,EMP-2012,2024-09-01,0,3,37.5,0.0
3611,EMP-2014,2024-09-01,0,7,87.5,0.0
3612,EMP-2015,2024-09-01,1,0,0.0,57.33
3613,EMP-2016,2024-09-01,1,0,0.0,43.03
3614,EMP-2017,2024-09-01,0,8,100.0,0.0
3615,EMP-2018,2024-09-01,0,12,150.0,0.0
3616,EMP-2019,2024-09-01,0,16,200.0,0.0
3617,EMP-2020,2024-09-01,0,7,87.5,0.0
3618,EMP-2024,2024-09-01,0,20,250.0,0.0
3619,EMP-2025,2024-09-01,3,0,0.0,90.3
3620,EMP-2026,2024-09-01,0,15,187.5,0.0
3621,EMP-2027,2024-09-01,0,0,0.0,0.0
3622,EMP-2028,2024-09-01,1,0,0.0,40.53
3623,EMP-2029,2024-09-01,0,2,25.0,0.0
3624,EMP-2031,2024-09-01,1,0,0.0,145.57
3625,EMP-2032,2024-09-01,0,19,237.5,0.0
3626,EMP-2034,2024-09-01,0,12,150.0,0.0
3627,EMP-2036,2024-09-01,0,11,137.5,0.0
3628,EMP-2037,2024-09-01,0,14,175.0,0.0
3629,EMP-2038,2024-09-01,0,11,137.5,0.0
3630,EMP-2039,2024-09-01,1,0,0.0,54.87
3631,EMP-2040,2024-09-01,0,18,225.0,0.0
3632,EMP-2041,2024-09-01,1,0,0.0,27.53
3633,EMP-2042,2024-09-01,0,2,25.0,0.0
3634,EMP-2043,2024-09-01,0,6,75.0,0.0
3635,EMP-2044,2024-09-01,2,0,0.0,62.6
3636,EMP-2047,2024-09-01,2,0,0.0,62.4
3637,EMP-2049,2024-09-01,0,20,250.0,0.0
3638,EMP-2050,2024-09-01,0,10,125.0,0.0
3639,EMP-2051,2024-09-01,1,0,0.0,40.6
3640,EMP-2052,2024-09-01,1,0,0.0,105.83
3641,EMP-2053,2024-09-01,0,16,200.0,0.0
3642,EMP-2055,2024-09-01,0,5,62.5,0.0
3643,EMP-2056,2024-09-01,0,18,225.0,0.0
3644,EMP-2057,2024-09-01,1,0,0.0,71.53
3645,EMP-2058,2024-09-01,1,0,0.0,27.3
3646,EMP-2059,2024-09-01,0,10,125.0,0.0
3647,EMP-2060,2024-09-01,0,14,175.0,0.0
3648,EMP-2061,2024-09-01,0,18,225.0,0.0
3649,EMP-2062,2024-09-01,1,0,0.0,43.6
3650,EMP-2063,2024-09-01,0,12,150.0,0.0
3651,EMP-2064,2024-09-01,0,6,75.0,0.0
3652,EMP-2065,2024-09-01,0,12,150.0,0.0
3653,EMP-2066,2024-09-01,0,2,25.0,0.0
3654,EMP-2069,2024-09-01,0,17,212.5,0.0
3655,EMP-2070,2024-09-01,0,6,75.0,0.0
3656,EMP-2071,2024-09-01,0,0,0.0,0.0
3657,EMP-2072,2024-09-01,0,12,150.0,0.0
3658,EMP-2073,2024-09-01,0,9,112.5,0.0
3659,EMP-2074,2024-09-01,0,18,225.0,0.0
3660,EMP-2075,2024-09-01,0,17,212.5,0.0
3661,EMP-2076,2024-09-01,0,12,150.0,0.0
3662,EMP-2078,2024-09-01,0,4,50.0,0.0
3663,EMP-2081,2024-09-01,0,19,237.5,0.0
3664,EMP-2082,2024-09-01,0,17,212.5,0.0
3665,EMP-2083,2024-09-01,0,13,162.5,0.0
3666,EMP-2084,2024-09-01,1,0,0.0,36.1
3667,EMP-2085,2024-09-01,0,17,212.5,0.0
3668,EMP-2086,2024-09-01,5,0,0.0,113.33
3669,EMP-2087,2024-09-01,1,0,0.0,23.97
3670,EMP-2089,2024-09-01,0,12,150.0,0.0
3671,EMP-2090,2024-09-01,0,6,75.0,0.0
3672,EMP-2091,2024-09-01,1,0,0.0,121.3
3673,EMP-2093,2024-09-01,0,3,37.5,0.0
3674,EMP-2094,2024-09-01,1,0,0.0,31.63
3675,EMP-2095,2024-09-01,1,0,0.0,56.77
3676,EMP-2096,2024-09-01,0,10,125.0,0.0
3677,EMP-2098,2024-09-01,0,11,137.5,0.0
3678,EMP-2101,2024-09-01,3,0,0.0,82.5
3679,EMP-2102,2024-09-01,0,20,250.0,0.0
3680,EMP-2103,2024-09-01,0,2,25.0,0.0
3681,EMP-2104,2024-09-01,1,0,0.0,138.53
3682,EMP-2105,2024-09-01,2,0,0.0,88.8
3683,EMP-2106,2024-09-01,0,12,150.0,0.0
3684,EMP-2107,2024-09-01,0,9,112.5,0.0
3685,EMP-2109,2024-09-01,0,11,137.5,0.0
3686,EMP-2110,2024-09-01,2,0,0.0,234.07
3687,EMP-2112,2024-09-01,0,20,250.0,0.0
3688,EMP-2113,2024-09-01,3,0,0.0,108.6
3689,EMP-2115,2024-09-01,3,0,0.0,406.1
3690,EMP-2116,2024-09-01,0,4,50.0,0.0
3691,EMP-2117,2024-09-01,0,16,200.0,0.0
3692,EMP-2120,2024-09-01,1,0,0.0,49.8
3693,EMP-2121,2024-09-01,0,16,200.0,0.0
3694,EMP-2122,2024-09-01,0,1,12.5,0.0
3695,EMP-2123,2024-09-01,0,6,75.0,0.0
3696,EMP-2124,2024-09-01,1,0,0.0,22.57
3697,EMP-2125,2024-09-01,0,14,175.0,0.0
3698,EMP-2127,2024-09-01,1,0,0.0,43.1
3699,EMP-2129,2024-09-01,0,6,75.0,0.0
3700,EMP-2130,2024-09-01,0,6,75.0,0.0
3701,EMP-2131,2024-09-01,0,10,125.0,0.0
3702,EMP-2133,2024-09-01,0,10,125.0,0.0
3703,EMP-2134,2024-09-01,0,3,37.5,0.0
3704,EMP-2136,2024-09-01,1,0,0.0,70.8
3705,EMP-2137,2024-09-01,2,0,0.0,133.4
3706,EMP-2139,2024-09-01,1,0,0.0,27.73
3707,EMP-2142,2024-09-01,0,11,137.5,0.0
3708,EMP-2144,2024-09-01,0,19,237.5,0.0
3709,EMP-2145,2024-09-01,1,0,0.0,74.83
3710,EMP-2146,2024-09-01,0,14,175.0,0.0
3711,EMP-2147,2024-09-01,0,19,237.5,0.0
3712,EMP-2148,2024-09-01,0,13,162.5,0.0
3713,EMP-2149,2024-09-01,0,12,150.0,0.0
3714,EMP-2150,2024-09-01,0,20,250.0,0.0
3715,EMP-2151,2024-09-01,1,0,0.0,35.17
3716,EMP-2152,2024-09-01,1,0,0.0,120.4
3717,EMP-2156,2024-09-01,1,0,0.0,30.83
3718,EMP-2157,2024-09-01,0,18,225.0,0.0
3719,EMP-2158,2024-09-01,0,1,12.5,0.0
3720,EMP-2159,2024-09-01,0,10,125.0,0.0
3721,EMP-2160,2024-09-01,0,10,125.0,0.0
3722,EMP-2161,2024-09-01,0,4,50.0,0.0
3723,EMP-2164,2024-09-01,0,7,87.5,0.0
3724,EMP-2165,2024-09-01,0,3,37.5,0.0
3725,EMP-2167,2024-09-01,0,2,25.0,0.0
3726,EMP-2168,2024-09-01,0,0,0.0,0.0
3727,EMP-2170,2024-09-01,0,3,37.5,0.0
3728,EMP-2171,2024-09-01,0,4,50.0,0.0
3729,EMP-2172,2024-09-01,0,4,50.0,0.0
3730,EMP-2173,2024-09-01,5,0,0.0,255.33
3731,EMP-2174,2024-09-01,0,4,50.0,0.0
3732,EMP-2175,2024-09-01,1,0,0.0,65.5
3733,EMP-2177,2024-09-01,0,14,175.0,0.0
3734,EMP-2178,2024-09-01,0,18,225.0,0.0
3735,EMP-2180,2024-09-01,0,10,125.0,0.0
3736,EMP-2181,2024-09-01,0,3,37.5,0.0
3737,EMP-2182,2024-09-01,3,0,0.0,379.3
3738,EMP-2183,2024-09-01,0,3,37.5,0.0
3739,EMP-2184,2024-09-01,0,1,12.5,0.0
3740,EMP-2185,2024-09-01,0,16,200.0,0.0
3741,EMP-2186,2024-09-01,0,7,87.5,0.0
3742,EMP-2187,2024-09-01,1,0,0.0,43.83
3743,EMP-2188,2024-09-01,0,15,187.5,0.0
3744,EMP-2189,2024-09-01,0,18,225.0,0.0
3745,EMP-2190,2024-09-01,2,0,0.0,82.93
3746,EMP-2191,2024-09-01,0,15,187.5,0.0
3747,EMP-2192,2024-09-01,0,19,237.5,0.0
3748,EMP-2194,2024-09-01,0,13,162.5,0.0
3749,EMP-2195,2024-09-01,0,3,37.5,0.0
3750,EMP-2197,2024-09-01,0,11,137.5,0.0
3751,EMP-2198,2024-09-01,1,0,0.0,30.57
3752,EMP-2199,2024-09-01,1,0,0.0,32.87
3753,EMP-2200,2024-09-01,0,17,212.5,0.0
3754,EMP-2201,2024-09-01,0,6,75.0,0.0
3755,EMP-2203,2024-09-01,1,0,0.0,31.07
3756,EMP-2204,2024-09-01,0,13,162.5,0.0
3757,EMP-2206,2024-09-01,0,1,12.5,0.0
3758,EMP-2208,2024-09-01,2,0,0.0,210.87
3759,EMP-2210,2024-09-01,1,0,0.0,31.37
3760,EMP-2211,2024-09-01,3,0,0.0,78.1
3761,EMP-2212,2024-09-01,0,12,150.0,0.0
3762,EMP-2213,2024-09-01,0,4,50.0,0.0
3763,EMP-2214,2024-09-01,0,4,50.0,0.0
3764,EMP-2215,2024-09-01,0,4,50.0,0.0
3765,EMP-2216,2024-09-01,0,5,62.5,0.0
3766,EMP-2217,2024-09-01,0,4,50.0,0.0
3767,EMP-2218,2024-09-01,0,20,250.0,0.0
3768,EMP-2219,2024-09-01,0,3,37.5,0.0
3769,EMP-2220,2024-09-01,0,6,75.0,0.0
3770,EMP-2221,2024-09-01,0,11,137.5,0.0
3771,EMP-2222,2024-09-01,0,6,75.0,0.0
3772,EMP-2223,2024-09-01,0,8,100.0,0.0
3773,EMP-2224,2024-09-01,0,13,162.5,0.0
3774,EMP-2225,2024-09-01,3,0,0.0,113.7
3775,EMP-2226,2024-09-01,0,17,212.5,0.0
3776,EMP-2227,2024-09-01,1,0,0.0,79.5
3777,EMP-2229,2024-09-01,0,19,237.5,0.0
3778,EMP-2230,2024-09-01,0,18,225.0,0.0
3779,EMP-2231,2024-09-01,0,3,37.5,0.0
3780,EMP-2232,2024-09-01,0,5,62.5,0.0
3781,EMP-2233,2024-09-01,0,1,12.5,0.0
3782,EMP-2234,2024-09-01,0,13,162.5,0.0
3783,EMP-2235,2024-09-01,3,0,0.0,398.1
3784,EMP-2236,2024-09-01,0,10,125.0,0.0
3785,EMP-2237,2024-09-01,1,0,0.0,53.67
3786,EMP-2238,2024-09-01,1,0,0.0,36.77
3787,EMP-2239,2024-09-01,0,0,0.0,0.0
3788,EMP-2240,2024-09-01,1,0,0.0,55.63
3789,EMP-2242,2024-09-01,1,0,0.0,30.97
3790,EMP-2243,2024-09-01,0,0,0.0,0.0
3791,EMP-2245,2024-09-01,3,0,0.0,126.1
3792,EMP-2246,2024-09-01,0,12,150.0,0.0
3793,EMP-2247,2024-09-01,1,0,0.0,44.77
3794,EMP-2248,2024-09-01,0,15,187.5,0.0
3795,EMP-2251,2024-09-01,0,7,87.5,0.0
3796,EMP-2252,2024-09-01,0,2,25.0,0.0
3797,EMP-2253,2024-09-01,0,16,200.0,0.0
3798,EMP-2255,2024-09-01,0,7,87.5,0.0
3799,EMP-2256,2024-09-01,0,11,137.5,0.0
3800,EMP-2257,2024-09-01,2,0,0.0,86.0
3801,EMP-2258,2024-09-01,0,3,37.5,0.0
3802,EMP-2259,2024-09-01,0,5,62.5,0.0
3803,EMP-2260,2024-09-01,0,11,137.5,0.0
3804,EMP-2261,2024-09-01,0,17,212.5,0.0
3805,EMP-2262,2024-09-01,3,0,0.0,145.1
3806,EMP-2263,2024-09-01,0,16,200.0,0.0
3807,EMP-2264,2024-09-01,5,0,0.0,238.33
3808,EMP-2265,2024-09-01,0,15,187.5,0.0
3809,EMP-2266,2024-09-01,0,8,100.0,0.0
3810,EMP-2267,2024-09-01,0,11,137.5,0.0
3811,EMP-2268,2024-09-01,0,13,162.5,0.0
3812,EMP-2270,2024-09-01,0,17,212.5,0.0
3813,EMP-2271,2024-09-01,0,3,37.5,0.0
3814,EMP-2272,2024-09-01,1,0,0.0,39.73
3815,EMP-2274,2024-09-01,0,10,125.0,0.0
3816,EMP-2275,2024-09-01,1,0,0.0,36.13
3817,EMP-2276,2024-09-01,5,0,0.0,176.67
3818,EMP-2277,2024-09-01,0,2,25.0,0.0
3819,EMP-2281,2024-09-01,1,0,0.0,38.63
3820,EMP-2283,2024-09-01,0,7,87.5,0.0
3821,EMP-2284,2024-09-01,0,12,150.0,0.0
3822,EMP-2285,2024-09-01,1,0,0.0,49.37
3823,EMP-2286,2024-09-01,1,0,0.0,22.83
3824,EMP-2288,2024-09-01,0,8,100.0,0.0
3825,EMP-2289,2024-09-01,0,7,87.5,0.0
3826,EMP-2290,2024-09-01,0,13,162.5,0.0
3827,EMP-2291,2024-09-01,1,0,0.0,147.17
3828,EMP-2294,2024-09-01,0,15,187.5,0.0
3829,EMP-2295,2024-09-01,0,6,75.0,0.0
3830,EMP-2297,2024-09-01,0,2,25.0,0.0
3831,EMP-2299,2024-09-01,0,2,25.0,0.0
3832,EMP-2300,2024-09-01,0,0,0.0,0.0
3833,EMP-2301,2024-09-01,0,14,175.0,0.0
3834,EMP-2302,2024-09-01,0,10,125.0,0.0
3835,EMP-2303,2024-09-01,0,11,137.5,0.0
3836,EMP-2304,2024-09-01,2,0,0.0,268.93
3837,EMP-2305,2024-09-01,0,14,175.0,0.0
3838,EMP-2306,2024-09-01,0,7,87.5,0.0
3839,EMP-2307,2024-09-01,0,19,237.5,0.0
3840,EMP-2308,2024-09-01,2,0,0.0,74.07
3841,EMP-2309,2024-09-01,0,2,25.0,0.0
3842,EMP-2310,2024-09-01,0,7,87.5,0.0
3843,EMP-2311,2024-09-01,0,19,237.5,0.0
3844,EMP-2313,2024-09-01,0,14,175.0,0.0
3845,EMP-2314,2024-09-01,0,20,250.0,0.0
3846,EMP-2315,2024-09-01,0,4,50.0,0.0
3847,EMP-2316,2024-09-01,0,2,25.0,0.0
3848,EMP-2317,2024-09-01,2,0,0.0,289.2
3849,EMP-2318,2024-09-01,0,6,75.0,0.0
3850,EMP-2319,2024-09-01,0,6,75.0,0.0
3851,EMP-2320,2024-09-01,0,15,187.5,0.0
3852,EMP-2321,2024-09-01,0,14,175.0,0.0
3853,EMP-2322,2024-09-01,2,0,0.0,96.53
3854,EMP-2323,2024-09-01,2,0,0.0,170.27
3855,EMP-2324,2024-09-01,2,0,0.0,79.67
3856,EMP-2325,2024-09-01,1,0,0.0,45.33
3857,EMP-2326,2024-09-01,0,0,0.0,0.0
3858,EMP-2327,2024-09-01,0,19,237.5,0.0
3859,EMP-2328,2024-09-01,3,0,0.0,155.6
3860,EMP-2329,2024-09-01,0,8,100.0,0.0
3861,EMP-2330,2024-09-01,0,18,225.0,0.0
3862,EMP-2333,2024-09-01,0,3,37.5,0.0
3863,EMP-2334,2024-09-01,1,0,0.0,85.37
3864,EMP-2335,2024-09-01,0,5,62.5,0.0
3865,EMP-2336,2024-09-01,0,16,200.0,0.0
3866,EMP-2337,2024-09-01,0,11,137.5,0.0
3867,EMP-2338,2024-09-01,2,0,0.0,63.8
3868,EMP-2339,2024-09-01,0,14,175.0,0.0
3869,EMP-2340,2024-09-01,1,0,0.0,22.03
3870,EMP-2341,2024-09-01,0,14,175.0,0.0
3871,EMP-2342,2024-09-01,1,0,0.0,36.07
3872,EMP-2343,2024-09-01,3,0,0.0,393.4
3873,EMP-2344,2024-09-01,0,5,62.5,0.0
3874,EMP-2345,2024-09-01,0,3,37.5,0.0
3875,EMP-2346,2024-09-01,0,11,137.5,0.0
3876,EMP-2347,2024-09-01,1,0,0.0,56.4
3877,EMP-2350,2024-09-01,0,17,212.5,0.0
3878,EMP-2351,2024-09-01,0,13,162.5,0.0
3879,EMP-2352,2024-09-01,3,0,0.0,168.7
3880,EMP-2356,2024-09-01,0,1,12.5,0.0
3881,EMP-2357,2024-09-01,2,0,0.0,119.47
3882,EMP-2358,2024-09-01,0,4,50.0,0.0
3883,EMP-2359,2024-09-01,0,0,0.0,0.0
3884,EMP-2361,2024-09-01,2,0,0.0,44.47
3885,EMP-2362,2024-09-01,1,0,0.0,20.93
3886,EMP-2364,2024-09-01,0,8,100.0,0.0
3887,EMP-2365,2024-09-01,3,0,0.0,449.5
3888,EMP-2366,2024-09-01,2,0,0.0,267.13
3889,EMP-2367,2024-09-01,0,14,175.0,0.0
3890,EMP-2368,2024-09-01,0,1,12.5,0.0
3891,EMP-2369,2024-09-01,2,0,0.0,103.27
3892,EMP-2370,2024-09-01,0,3,37.5,0.0
3893,EMP-2371,2024-09-01,0,15,187.5,0.0
3894,EMP-2373,2024-09-01,0,10,125.0,0.0
3895,EMP-2374,2024-09-01,2,0,0.0,50.67
3896,EMP-2375,2024-09-01,0,1,12.5,0.0
3897,EMP-2376,2024-09-01,1,0,0.0,45.77
3898,EMP-2377,2024-09-01,0,1,12.5,0.0
3899,EMP-2379,2024-09-01,1,0,0.0,138.6
3900,EMP-2382,2024-09-01,0,9,112.5,0.0
3901,EMP-2383,2024-09-01,0,13,162.5,0.0
3902,EMP-2384,2024-09-01,0,6,75.0,0.0
3903,EMP-2385,2024-09-01,0,8,100.0,0.0
3904,EMP-2387,2024-09-01,0,1,12.5,0.0
3905,EMP-2390,2024-09-01,2,0,0.0,257.6
3906,EMP-2391,2024-09-01,0,8,100.0,0.0
3907,EMP-2392,2024-09-01,0,7,87.5,0.0
3908,EMP-2394,2024-09-01,2,0,0.0,53.87
3909,EMP-2395,2024-09-01,3,0,0.0,285.2
3910,EMP-2396,2024-09-01,1,0,0.0,44.07
3911,EMP-2398,2024-09-01,0,14,175.0,0.0
3912,EMP-2399,2024-09-01,0,20,250.0,0.0
3913,EMP-2400,2024-09-01,0,4,50.0,0.0
3914,EMP-2402,2024-09-01,0,17,212.5,0.0
3915,EMP-2405,2024-09-01,0,7,87.5,0.0
3916,EMP-2406,2024-09-01,3,0,0.0,67.6
3917,EMP-2407,2024-09-01,0,5,62.5,0.0
3918,EMP-2408,2024-09-01,0,8,100.0,0.0
3919,EMP-2409,2024-09-01,0,15,187.5,0.0
3920,EMP-2410,2024-09-01,0,8,100.0,0.0
3921,EMP-2411,2024-09-01,0,14,175.0,0.0
3922,EMP-2412,2024-09-01,0,2,25.0,0.0
3923,EMP-2413,2024-09-01,0,5,62.5,0.0
3924,EMP-2415,2024-09-01,0,4,50.0,0.0
3925,EMP-2417,2024-09-01,0,1,12.5,0.0
3926,EMP-2418,2024-09-01,1,0,0.0,56.5
3927,EMP-2420,2024-09-01,0,5,62.5,0.0
3928,EMP-2422,2024-09-01,2,0,0.0,102.53
3929,EMP-2423,2024-09-01,2,0,0.0,77.53
3930,EMP-2424,2024-09-01,1,0,0.0,20.97
3931,EMP-2425,2024-09-01,2,0,0.0,99.67
3932,EMP-2426,2024-09-01,1,0,0.0,36.5
3933,EMP-2428,2024-09-01,0,20,250.0,0.0
3934,EMP-2429,2024-09-01,0,9,112.5,0.0
3935,EMP-2431,2024-09-01,0,17,212.5,0.0
3936,EMP-2433,2024-09-01,0,0,0.0,0.0
3937,EMP-2434,2024-09-01,0,17,212.5,0.0
3938,EMP-2435,2024-09-01,0,9,112.5,0.0
3939,EMP-2436,2024-09-01,0,0,0.0,0.0
3940,EMP-2437,2024-09-01,0,11,137.5,0.0
3941,EMP-2438,2024-09-01,0,15,187.5,0.0
3942,EMP-2440,2024-09-01,0,7,87.5,0.0
3943,EMP-2441,2024-09-01,0,17,212.5,0.0
3944,EMP-2442,2024-09-01,0,9,112.5,0.0
3945,EMP-2443,2024-09-01,0,9,112.5,0.0
3946,EMP-2445,2024-09-01,0,6,75.0,0.0
3947,EMP-2446,2024-09-01,0,0,0.0,0.0
3948,EMP-2450,2024-09-01,0,9,112.5,0.0
3949,EMP-2452,2024-09-01,0,15,187.5,0.0
3950,EMP-2453,2024-09-01,1,0,0.0,79.37
3951,EMP-2455,2024-09-01,0,16,200.0,0.0
3952,EMP-2456,2024-09-01,0,17,212.5,0.0
3953,EMP-2457,2024-09-01,0,0,0.0,0.0
3954,EMP-2458,2024-09-01,1,0,0.0,42.8
3955,EMP-2459,2024-09-01,0,5,62.5,0.0
3956,EMP-2461,2024-09-01,1,0,0.0,29.57
3957,EMP-2462,2024-09-01,0,13,162.5,0.0
3958,EMP-2463,2024-09-01,2,0,0.0,95.8
3959,EMP-2464,2024-09-01,0,10,125.0,0.0
3960,EMP-2465,2024-09-01,2,0,0.0,111.87
3961,EMP-2466,2024-09-01,2,0,0.0,205.2
3962,EMP-2469,2024-09-01,1,0,0.0,144.03
3963,EMP-2470,2024-09-01,3,0,0.0,86.5
3964,EMP-2471,2024-09-01,1,0,0.0,118.07
3965,EMP-2474,2024-09-01,0,10,125.0,0.0
3966,EMP-2476,2024-09-01,0,2,25.0,0.0
3967,EMP-2477,2024-09-01,0,13,162.5,0.0
3968,EMP-2478,2024-09-01,0,12,150.0,0.0
3969,EMP-2479,2024-09-01,0,8,100.0,0.0
3970,EMP-2481,2024-09-01,0,14,175.0,0.0
3971,EMP-2482,2024-09-01,0,17,212.5,0.0
3972,EMP-2483,2024-09-01,0,9,112.5,0.0
3973,EMP-2484,2024-09-01,3,0,0.0,105.5
3974,EMP-2486,2024-09-01,0,20,250.0,0.0
3975,EMP-2488,2024-09-01,0,15,187.5,0.0
3976,EMP-2489,2024-09-01,0,0,0.0,0.0
3977,EMP-2491,2024-09-01,0,1,12.5,0.0
3978,EMP-2492,2024-09-01,0,9,112.5,0.0
3979,EMP-2493,2024-09-01,0,19,237.5,0.0
3980,EMP-2495,2024-09-01,0,18,225.0,0.0
3981,EMP-2496,2024-09-01,0,16,200.0,0.0
3982,EMP-2497,2024-09-01,0,5,62.5,0.0
3983,EMP-2498,2024-09-01,0,9,112.5,0.0
3984,EMP-2499,2024-09-01,3,0,0.0,166.5
3985,EMP-2500,2024-09-01,0,9,112.5,0.0
3986,EMP-2501,2024-09-01,3,0,0.0,176.6
3987,EMP-2502,2024-09-01,0,11,137.5,0.0
3988,EMP-2503,2024-09-01,3,0,0.0,63.8
3989,EMP-2504,2024-09-01,0,17,212.5,0.0
3990,EMP-2505,2024-09-01,3,0,0.0,420.6
3991,EMP-2506,2024-09-01,0,4,50.0,0.0
3992,EMP-2508,2024-09-01,1,0,0.0,39.8
3993,EMP-2509,2024-09-01,0,1,12.5,0.0
3994,EMP-2510,2024-09-01,2,0,0.0,46.07
3995,EMP-2511,2024-09-01,0,4,50.0,0.0
3996,EMP-2512,2024-09-01,0,15,187.5,0.0
3997,EMP-2513,2024-09-01,1,0,0.0,46.7
3998,EMP-2514,2024-09-01,0,7,87.5,0.0
3999,EMP-2517,2024-09-01,0,12,150.0,0.0
4000,EMP-2518,2024-09-01,0,20,250.0,0.0
4001,EMP-2520,2024-09-01,1,0,0.0,138.6
4002,EMP-2521,2024-09-01,5,0,0.0,352.0
4003,EMP-2522,2024-09-01,0,9,112.5,0.0
4004,EMP-2524,2024-09-01,0,7,87.5,0.0
4005,EMP-2525,2024-09-01,0,9,112.5,0.0
4006,EMP-2526,2024-09-01,0,6,75.0,0.0
4007,EMP-2527,2024-09-01,1,0,0.0,27.03
4008,EMP-2528,2024-09-01,0,1,12.5,0.0
4009,EMP-2529,2024-09-01,0,6,75.0,0.0
4010,EMP-2530,2024-09-01,0,2,25.0,0.0
4011,EMP-2531,2024-09-01,1,0,0.0,27.1
4012,EMP-2532,2024-09-01,0,0,0.0,0.0
4013,EMP-2533,2024-09-01,0,9,112.5,0.0
4014,EMP-2534,2024-09-01,0,17,212.5,0.0
4015,EMP-2535,2024-09-01,2,0,0.0,71.13
4016,EMP-2536,2024-09-01,0,4,50.0,0.0
4017,EMP-2538,2024-09-01,0,19,237.5,0.0
4018,EMP-2539,2024-09-01,0,3,37.5,0.0
4019,EMP-2541,2024-09-01,0,8,100.0,0.0
4020,EMP-2542,2024-09-01,0,3,37.5,0.0
4021,EMP-2543,2024-09-01,0,17,212.5,0.0
4022,EMP-2544,2024-09-01,1,0,0.0,109.73
4023,EMP-2545,2024-09-01,0,12,150.0,0.0
4024,EMP-2548,2024-09-01,0,7,87.5,0.0
4025,EMP-2549,2024-09-01,0,8,100.0,0.0
4026,EMP-2551,2024-09-01,0,17,212.5,0.0
4027,EMP-2552,2024-09-01,0,10,125.0,0.0
4028,EMP-2553,2024-09-01,1,0,0.0,53.87
4029,EMP-2554,2024-09-01,0,11,137.5,0.0
4030,EMP-2556,2024-09-01,0,8,100.0,0.0
4031,EMP-2557,2024-09-01,0,8,100.0,0.0
4032,EMP-2558,2024-09-01,0,12,150.0,0.0
4033,EMP-2560,2024-09-01,0,9,112.5,0.0
4034,EMP-2561,2024-09-01,2,0,0.0,60.6
4035,EMP-2562,2024-09-01,3,0,0.0,92.6
4036,EMP-2563,2024-09-01,0,2,25.0,0.0
4037,EMP-2564,2024-09-01,1,0,0.0,56.37
4038,EMP-2565,2024-09-01,2,0,0.0,71.33
4039,EMP-2567,2024-09-01,0,19,237.5,0.0
4040,EMP-2568,2024-09-01,0,8,100.0,0.0
4041,EMP-2570,2024-09-01,0,15,187.5,0.0
4042,EMP-2571,2024-09-01,1,0,0.0,32.27
4043,EMP-2572,2024-09-01,0,4,50.0,0.0
4044,EMP-2574,2024-09-01,0,1,12.5,0.0
4045,EMP-2575,2024-09-01,0,0,0.0,0.0
4046,EMP-2576,2024-09-01,2,0,0.0,42.87
4047,EMP-2577,2024-09-01,0,1,12.5,0.0
4048,EMP-2578,2024-09-01,0,0,0.0,0.0
4049,EMP-2579,2024-09-01,0,0,0.0,0.0
4050,EMP-2580,2024-09-01,1,0,0.0,59.8
4051,EMP-2581,2024-09-01,0,12,150.0,0.0
4052,EMP-2582,2024-09-01,1,0,0.0,51.67
4053,EMP-2583,2024-09-01,1,0,0.0,68.67
4054,EMP-2584,2024-09-01,0,8,100.0,0.0
4055,EMP-2585,2024-09-01,0,7,87.5,0.0
4056,EMP-2586,2024-09-01,0,0,0.0,0.0
4057,EMP-2587,2024-09-01,0,10,125.0,0.0
4058,EMP-2588,2024-09-01,0,6,75.0,0.0
4059,EMP-2589,2024-09-01,0,20,250.0,0.0
4060,EMP-2590,2024-09-01,0,0,0.0,0.0
4061,EMP-2591,2024-09-01,0,7,87.5,0.0
4062,EMP-2592,2024-09-01,0,14,175.0,0.0
4063,EMP-2594,2024-09-01,0,5,62.5,0.0
4064,EMP-2595,2024-09-01,0,14,175.0,0.0
4065,EMP-2598,2024-09-01,3,0,0.0,278.5
4066,EMP-2599,2024-09-01,0,0,0.0,0.0
4067,EMP-2001,2024-10-01,0,9,112.5,0.0
4068,EMP-2003,2024-10-01,0,7,87.5,0.0
4069,EMP-2004,2024-10-01,1,0,0.0,52.2
4070,EMP-2005,2024-10-01,0,6,75.0,0.0
4071,EMP-2006,2024-10-01,1,0,0.0,27.53
4072,EMP-2008,2024-10-01,1,0,0.0,103.33
4073,EMP-2010,2024-10-01,3,0,0.0,296.8
4074,EMP-2011,2024-10-01,0,4,50.0,0.0
4075,EMP-2012,2024-10-01,0,18,225.0,0.0
4076,EMP-2014,2024-10-01,0,12,150.0,0.0
4077,EMP-2015,2024-10-01,0,16,200.0,0.0
4078,EMP-2016,2024-10-01,0,5,62.5,0.0
4079,EMP-2017,2024-10-01,0,2,25.0,0.0
4080,EMP-2018,2024-10-01,0,8,100.0,0.0
4081,EMP-2019,2024-10-01,2,0,0.0,55.27
4082,EMP-2020,2024-10-01,0,4,50.0,0.0
4083,EMP-2024,2024-10-01,0,4,50.0,0.0
4084,EMP-2025,2024-10-01,0,8,100.0,0.0
4085,EMP-2026,2024-10-01,0,16,200.0,0.0
4086,EMP-2027,2024-10-01,0,2,25.0,0.0
4087,EMP-2028,2024-10-01,1,0,0.0,40.53
4088,EMP-2029,2024-10-01,0,0,0.0,0.0
4089,EMP-2031,2024-10-01,2,0,0.0,291.13
4090,EMP-2032,2024-10-01,0,15,187.5,0.0
4091,EMP-2034,2024-10-01,0,17,212.5,0.0
4092,EMP-2036,2024-10-01,0,0,0.0,0.0
4093,EMP-2037,2024-10-01,2,0,0.0,280.27
4094,EMP-2038,2024-10-01,1,0,0.0,33.1
4095,EMP-2039,2024-10-01,1,0,0.0,54.87
4096,EMP-2040,2024-10-01,0,2,25.0,0.0
4097,EMP-2041,2024-10-01,0,8,100.0,0.0
4098,EMP-2042,2024-10-01,3,0,0.0,285.0
4099,EMP-2043,2024-10-01,0,11,137.5,0.0
4100,EMP-2044,2024-10-01,0,13,162.5,0.0
4101,EMP-2047,2024-10-01,0,3,37.5,0.0
4102,EMP-2049,2024-10-01,1,0,0.0,55.87
4103,EMP-2050,2024-10-01,2,0,0.0,90.4
4104,EMP-2051,2024-10-01,2,0,0.0,81.2
4105,EMP-2052,2024-10-01,0,1,12.5,0.0
4106,EMP-2053,2024-10-01,0,6,75.0,0.0
4107,EMP-2055,2024-10-01,2,0,0.0,180.73
4108,EMP-2056,2024-10-01,0,18,225.0,0.0
4109,EMP-2057,2024-10-01,0,19,237.5,0.0
4110,EMP-2058,2024-10-01,1,0,0.0,27.3
4111,EMP-2059,2024-10-01,1,0,0.0,45.43
4112,EMP-2060,2024-10-01,0,7,87.5,0.0
4113,EMP-2061,2024-10-01,0,12,150.0,0.0
4114,EMP-2062,2024-10-01,0,20,250.0,0.0
4115,EMP-2063,2024-10-01,0,15,187.5,0.0
4116,EMP-2064,2024-10-01,0,14,175.0,0.0
4117,EMP-2065,2024-10-01,0,9,112.5,0.0
4118,EMP-2066,2024-10-01,0,6,75.0,0.0
4119,EMP-2068,2024-10-01,3,0,0.0,158.7
4120,EMP-2069,2024-10-01,0,15,187.5,0.0
4121,EMP-2070,2024-10-01,0,9,112.5,0.0
4122,EMP-2071,2024-10-01,0,16,200.0,0.0
4123,EMP-2072,2024-10-01,0,6,75.0,0.0
4124,EMP-2073,2024-10-01,3,0,0.0,180.1
4125,EMP-2074,2024-10-01,0,6,75.0,0.0
4126,EMP-2075,2024-10-01,0,18,225.0,0.0
4127,EMP-2076,2024-10-01,0,7,87.5,0.0
4128,EMP-2078,2024-10-01,1,0,0.0,48.3
4129,EMP-2081,2024-10-01,0,2,25.0,0.0
4130,EMP-2082,2024-10-01,0,5,62.5,0.0
4131,EMP-2083,2024-10-01,0,3,37.5,0.0
4132,EMP-2084,2024-10-01,0,16,200.0,0.0
4133,EMP-2085,2024-10-01,0,8,100.0,0.0
4134,EMP-2086,2024-10-01,1,0,0.0,22.67
4135,EMP-2087,2024-10-01,2,0,0.0,47.93
4136,EMP-2089,2024-10-01,0,10,125.0,0.0
4137,EMP-2090,2024-10-01,0,20,250.0,0.0
4138,EMP-2091,2024-10-01,1,0,0.0,121.3
4139,EMP-2093,2024-10-01,0,0,0.0,0.0
4140,EMP-2094,2024-10-01,0,0,0.0,0.0
4141,EMP-2095,2024-10-01,0,7,87.5,0.0
4142,EMP-2096,2024-10-01,0,8,100.0,0.0
4143,EMP-2098,2024-10-01,0,1,12.5,0.0
4144,EMP-2101,2024-10-01,0,10,125.0,0.0
4145,EMP-2102,2024-10-01,2,0,0.0,91.93
4146,EMP-2103,2024-10-01,0,5,62.5,0.0
4147,EMP-2104,2024-10-01,0,8,100.0,0.0
4148,EMP-2105,2024-10-01,0,17,212.5,0.0
4149,EMP-2106,2024-10-01,1,0,0.0,67.9
4150,EMP-2107,2024-10-01,0,16,200.0,0.0
4151,EMP-2109,2024-10-01,0,7,87.5,0.0
4152,EMP-2110,2024-10-01,0,14,175.0,0.0
4153,EMP-2112,2024-10-01,0,12,150.0,0.0
4154,EMP-2113,2024-10-01,2,0,0.0,72.4
4155,EMP-2115,2024-10-01,0,6,75.0,0.0
4156,EMP-2116,2024-10-01,0,1,12.5,0.0
4157,EMP-2117,2024-10-01,0,9,112.5,0.0
4158,EMP-2120,2024-10-01,0,20,250.0,0.0
4159,EMP-2121,2024-10-01,0,13,162.5,0.0
4160,EMP-2122,2024-10-01,1,0,0.0,117.53
4161,EMP-2123,2024-10-01,0,8,100.0,0.0
4162,EMP-2124,2024-10-01,0,9,112.5,0.0
4163,EMP-2125,2024-10-01,0,1,12.5,0.0
4164,EMP-2127,2024-10-01,0,11,137.5,0.0
4165,EMP-2129,2024-10-01,0,15,187.5,0.0
4166,EMP-2130,2024-10-01,1,0,0.0,45.0
4167,EMP-2131,2024-10-01,0,7,87.5,0.0
4168,EMP-2133,2024-10-01,0,14,175.0,0.0
4169,EMP-2134,2024-10-01,0,2,25.0,0.0
4170,EMP-2136,2024-10-01,0,12,150.0,0.0
4171,EMP-2137,2024-10-01,1,0,0.0,66.7
4172,EMP-2139,2024-10-01,0,6,75.0,0.0
4173,EMP-2141,2024-10-01,0,4,50.0,0.0
4174,EMP-2142,2024-10-01,1,0,0.0,28.33
4175,EMP-2144,2024-10-01,0,0,0.0,0.0
4176,EMP-2145,2024-10-01,0,19,237.5,0.0
4177,EMP-2146,2024-10-01,0,10,125.0,0.0
4178,EMP-2147,2024-10-01,0,9,112.5,0.0
4179,EMP-2148,2024-10-01,0,11,137.5,0.0
4180,EMP-2149,2024-10-01,2,0,0.0,272.0
4181,EMP-2150,2024-10-01,0,13,162.5,0.0
4182,EMP-2151,2024-10-01,0,11,137.5,0.0
4183,EMP-2152,2024-10-01,1,0,0.0,120.4
4184,EMP-2156,2024-10-01,3,0,0.0,92.5
4185,EMP-2157,2024-10-01,0,8,100.0,0.0
4186,EMP-2158,2024-10-01,0,5,62.5,0.0
4187,EMP-2159,2024-10-01,0,18,225.0,0.0
4188,EMP-2160,2024-10-01,0,16,200.0,0.0
4189,EMP-2161,2024-10-01,3,0,0.0,159.0
4190,EMP-2164,2024-10-01,0,1,12.5,0.0
4191,EMP-2165,2024-10-01,1,0,0.0,53.6
4192,EMP-2167,2024-10-01,0,17,212.5,0.0
4193,EMP-2168,2024-10-01,1,0,0.0,44.7
4194,EMP-2170,2024-10-01,0,7,87.5,0.0
4195,EMP-2171,2024-10-01,0,6,75.0,0.0
4196,EMP-2172,2024-10-01,0,16,200.0,0.0
4197,EMP-2173,2024-10-01,2,0,0.0,102.13
4198,EMP-2174,2024-10-01,0,13,162.5,0.0
4199,EMP-2175,2024-10-01,0,5,62.5,0.0
4200,EMP-2177,2024-10-01,0,9,112.5,0.0
4201,EMP-2178,2024-10-01,1,0,0.0,28.03
4202,EMP-2180,2024-10-01,0,0,0.0,0.0
4203,EMP-2181,2024-10-01,0,20,250.0,0.0
4204,EMP-2182,2024-10-01,0,11,137.5,0.0
4205,EMP-2183,2024-10-01,0,17,212.5,0.0
4206,EMP-2184,2024-10-01,0,10,125.0,0.0
4207,EMP-2185,2024-10-01,5,0,0.0,286.67
4208,EMP-2186,2024-10-01,0,0,0.0,0.0
4209,EMP-2187,2024-10-01,0,12,150.0,0.0
4210,EMP-2188,2024-10-01,3,0,0.0,239.4
4211,EMP-2189,2024-10-01,0,18,225.0,0.0
4212,EMP-2190,2024-10-01,0,8,100.0,0.0
4213,EMP-2191,2024-10-01,0,8,100.0,0.0
4214,EMP-2192,2024-10-01,0,18,225.0,0.0
4215,EMP-2194,2024-10-01,0,4,50.0,0.0
4216,EMP-2195,2024-10-01,0,19,237.5,0.0
4217,EMP-2197,2024-10-01,2,0,0.0,179.27
4218,EMP-2198,2024-10-01,0,1,12.5,0.0
4219,EMP-2199,2024-10-01,2,0,0.0,65.73
4220,EMP-2200,2024-10-01,2,0,0.0,85.47
4221,EMP-2201,2024-10-01,2,0,0.0,81.53
4222,EMP-2203,2024-10-01,0,4,50.0,0.0
4223,EMP-2204,2024-10-01,1,0,0.0,121.1
4224,EMP-2206,2024-10-01,0,15,187.5,0.0
4225,EMP-2208,2024-10-01,0,2,25.0,0.0
4226,EMP-2210,2024-10-01,0,9,112.5,0.0
4227,EMP-2211,2024-10-01,5,0,0.0,130.17
4228,EMP-2212,2024-10-01,0,3,37.5,0.0
4229,EMP-2213,2024-10-01,1,0,0.0,48.97
4230,EMP-2214,2024-10-01,0,18,225.0,0.0
4231,EMP-2215,2024-10-01,0,16,200.0,0.0
4232,EMP-2216,2024-10-01,0,13,162.5,0.0
4233,EMP-2217,2024-10-01,0,2,25.0,0.0
4234,EMP-2218,2024-10-01,0,0,0.0,0.0
4235,EMP-2219,2024-10-01,0,9,112.5,0.0
4236,EMP-2220,2024-10-01,2,0,0.0,84.07
4237,EMP-2221,2024-10-01,1,0,0.0,47.8
4238,EMP-2222,2024-10-01,0,4,50.0,0.0
4239,EMP-2223,2024-10-01,1,0,0.0,52.47
4240,EMP-2224,2024-10-01,0,10,125.0,0.0
4241,EMP-2225,2024-10-01,3,0,0.0,113.7
4242,EMP-2226,2024-10-01,3,0,0.0,135.3
4243,EMP-2227,2024-10-01,0,12,150.0,0.0
4244,EMP-2229,2024-10-01,0,2,25.0,0.0
4245,EMP-2230,2024-10-01,0,1,12.5,0.0
4246,EMP-2231,2024-10-01,0,10,125.0,0.0
4247,EMP-2232,2024-10-01,0,5,62.5,0.0
4248,EMP-2233,2024-10-01,0,1,12.5,0.0
4249,EMP-2234,2024-10-01,2,0,0.0,71.6
4250,EMP-2235,2024-10-01,0,6,75.0,0.0
4251,EMP-2236,2024-10-01,0,19,237.5,0.0
4252,EMP-2237,2024-10-01,0,10,125.0,0.0
4253,EMP-2238,2024-10-01,0,3,37.5,0.0
4254,EMP-2239,2024-10-01,0,16,200.0,0.0
4255,EMP-2240,2024-10-01,3,0,0.0,166.9
4256,EMP-2242,2024-10-01,0,19,237.5,0.0
4257,EMP-2243,2024-10-01,1,0,0.0,27.93
4258,EMP-2245,2024-10-01,0,0,0.0,0.0
4259,EMP-2246,2024-10-01,1,0,0.0,70.97
4260,EMP-2247,2024-10-01,2,0,0.0,89.53
4261,EMP-2248,2024-10-01,0,16,200.0,0.0
4262,EMP-2251,2024-10-01,0,11,137.5,0.0
4263,EMP-2252,2024-10-01,0,12,150.0,0.0
4264,EMP-2253,2024-10-01,0,1,12.5,0.0
4265,EMP-2255,2024-10-01,3,0,0.0,257.7
4266,EMP-2256,2024-10-01,1,0,0.0,34.8
4267,EMP-2257,2024-10-01,3,0,0.0,129.0
4268,EMP-2258,2024-10-01,0,9,112.5,0.0
4269,EMP-2259,2024-10-01,0,1,12.5,0.0
4270,EMP-2260,2024-10-01,0,12,150.0,0.0
4271,EMP-2261,2024-10-01,2,0,0.0,63.67
4272,EMP-2262,2024-10-01,0,7,87.5,0.0
4273,EMP-2263,2024-10-01,3,0,0.0,98.1
4274,EMP-2264,2024-10-01,0,6,75.0,0.0
4275,EMP-2265,2024-10-01,0,17,212.5,0.0
4276,EMP-2266,2024-10-01,0,15,187.5,0.0
4277,EMP-2267,2024-10-01,3,0,0.0,146.9
4278,EMP-2268,2024-10-01,0,19,237.5,0.0
4279,EMP-2270,2024-10-01,0,10,125.0,0.0
4280,EMP-2271,2024-10-01,2,0,0.0,80.47
4281,EMP-2272,2024-10-01,3,0,0.0,119.2
4282,EMP-2274,2024-10-01,0,12,150.0,0.0
4283,EMP-2275,2024-10-01,0,19,237.5,0.0
4284,EMP-2276,2024-10-01,0,15,187.5,0.0
4285,EMP-2277,2024-10-01,3,0,0.0,98.8
4286,EMP-2281,2024-10-01,1,0,0.0,38.63
4287,EMP-2283,2024-10-01,0,12,150.0,0.0
4288,EMP-2284,2024-10-01,0,18,225.0,0.0
4289,EMP-2285,2024-10-01,0,12,150.0,0.0
4290,EMP-2286,2024-10-01,1,0,0.0,22.83
4291,EMP-2288,2024-10-01,2,0,0.0,103.0
4292,EMP-2289,2024-10-01,0,14,175.0,0.0
4293,EMP-2290,2024-10-01,1,0,0.0,56.33
4294,EMP-2291,2024-10-01,0,8,100.0,0.0
4295,EMP-2294,2024-10-01,3,0,0.0,347.5
4296,EMP-2295,2024-10-01,0,14,175.0,0.0
4297,EMP-2297,2024-10-01,0,10,125.0,0.0
4298,EMP-2299,2024-10-01,0,20,250.0,0.0
4299,EMP-2300,2024-10-01,1,0,0.0,132.07
4300,EMP-2301,2024-10-01,0,8,100.0,0.0
4301,EMP-2302,2024-10-01,0,13,162.5,0.0
4302,EMP-2303,2024-10-01,0,5,62.5,0.0
4303,EMP-2304,2024-10-01,0,17,212.5,0.0
4304,EMP-2305,2024-10-01,0,3,37.5,0.0
4305,EMP-2306,2024-10-01,1,0,0.0,25.3
4306,EMP-2307,2024-10-01,1,0,0.0,120.2
4307,EMP-2308,2024-10-01,0,4,50.0,0.0
4308,EMP-2309,2024-10-01,1,0,0.0,104.03
4309,EMP-2310,2024-10-01,0,7,87.5,0.0
4310,EMP-2311,2024-10-01,0,11,137.5,0.0
4311,EMP-2313,2024-10-01,0,17,212.5,0.0
4312,EMP-2314,2024-10-01,0,1,12.5,0.0
4313,EMP-2315,2024-10-01,0,4,50.0,0.0
4314,EMP-2316,2024-10-01,0,9,112.5,0.0
4315,EMP-2317,2024-10-01,0,9,112.5,0.0
4316,EMP-2318,2024-10-01,0,4,50.0,0.0
4317,EMP-2319,2024-10-01,0,15,187.5,0.0
4318,EMP-2320,2024-10-01,0,18,225.0,0.0
4319,EMP-2321,2024-10-01,5,0,0.0,127.83
4320,EMP-2322,2024-10-01,0,20,250.0,0.0
4321,EMP-2323,2024-10-01,0,13,162.5,0.0
4322,EMP-2324,2024-10-01,0,2,25.0,0.0
4323,EMP-2325,2024-10-01,0,6,75.0,0.0
4324,EMP-2326,2024-10-01,2,0,0.0,118.0
4325,EMP-2327,2024-10-01,0,9,112.5,0.0
4326,EMP-2328,2024-10-01,0,2,25.0,0.0
4327,EMP-2329,2024-10-01,1,0,0.0,57.93
4328,EMP-2330,2024-10-01,0,3,37.5,0.0
4329,EMP-2331,2024-10-01,0,2,25.0,0.0
4330,EMP-2332,2024-10-01,1,0,0.0,40.9
4331,EMP-2333,2024-10-01,0,1,12.5,0.0
4332,EMP-2334,2024-10-01,1,0,0.0,85.37
4333,EMP-2335,2024-10-01,0,18,225.0,0.0
4334,EMP-2336,2024-10-01,3,0,0.0,219.7
4335,EMP-2337,2024-10-01,0,7,87.5,0.0
4336,EMP-2338,2024-10-01,0,3,37.5,0.0
4337,EMP-2339,2024-10-01,0,8,100.0,0.0
4338,EMP-2340,2024-10-01,0,11,137.5,0.0
4339,EMP-2341,2024-10-01,0,8,100.0,0.0
4340,EMP-2342,2024-10-01,0,17,212.5,0.0
4341,EMP-2343,2024-10-01,0,7,87.5,0.0
4342,EMP-2344,2024-10-01,0,19,237.5,0.0
4343,EMP-2345,2024-10-01,0,10,125.0,0.0
4344,EMP-2346,2024-10-01,0,16,200.0,0.0
4345,EMP-2347,2024-10-01,0,4,50.0,0.0
4346,EMP-2350,2024-10-01,0,7,87.5,0.0
4347,EMP-2351,2024-10-01,1,0,0.0,96.93
4348,EMP-2352,2024-10-01,0,14,175.0,0.0
4349,EMP-2355,2024-10-01,0,19,237.5,0.0
4350,EMP-2356,2024-10-01,0,0,0.0,0.0
4351,EMP-2357,2024-10-01,3,0,0.0,179.2
4352,EMP-2358,2024-10-01,0,15,187.5,0.0
4353,EMP-2359,2024-10-01,1,0,0.0,22.33
4354,EMP-2361,2024-10-01,0,5,62.5,0.0
4355,EMP-2362,2024-10-01,1,0,0.0,20.93
4356,EMP-2364,2024-10-01,0,8,100.0,0.0
4357,EMP-2365,2024-10-01,2,0,0.0,299.67
4358,EMP-2366,2024-10-01,1,0,0.0,133.57
4359,EMP-2367,2024-10-01,2,0,0.0,112.87
4360,EMP-2368,2024-10-01,5,0,0.0,639.0
4361,EMP-2369,2024-10-01,0,18,225.0,0.0
4362,EMP-2370,2024-10-01,0,13,162.5,0.0
4363,EMP-2371,2024-10-01,5,0,0.0,211.67
4364,EMP-2373,2024-10-01,0,12,150.0,0.0
4365,EMP-2374,2024-10-01,0,6,75.0,0.0
4366,EMP-2375,2024-10-01,0,9,112.5,0.0
4367,EMP-2376,2024-10-01,0,7,87.5,0.0
4368,EMP-2377,2024-10-01,0,1,12.5,0.0
4369,EMP-2379,2024-10-01,0,2,25.0,0.0
4370,EMP-2382,2024-10-01,0,9,112.5,0.0
4371,EMP-2383,2024-10-01,0,17,212.5,0.0
4372,EMP-2384,2024-10-01,0,9,112.5,0.0
4373,EMP-2385,2024-10-01,1,0,0.0,39.93
4374,EMP-2387,2024-10-01,0,7,87.5,0.0
4375,EMP-2389,2024-10-01,3,0,0.0,77.6
4376,EMP-2390,2024-10-01,0,4,50.0,0.0
4377,EMP-2391,2024-10-01,0,15,187.5,0.0
4378,EMP-2392,2024-10-01,0,13,162.5,0.0
4379,EMP-2394,2024-10-01,3,0,0.0,80.8
4380,EMP-2395,2024-10-01,3,0,0.0,285.2
4381,EMP-2396,2024-10-01,0,0,0.0,0.0
4382,EMP-2398,2024-10-01,0,5,62.5,0.0
4383,EMP-2399,2024-10-01,0,15,187.5,0.0
4384,EMP-2400,2024-10-01,1,0,0.0,22.23
4385,EMP-2402,2024-10-01,0,12,150.0,0.0
4386,EMP-2405,2024-10-01,0,11,137.5,0.0
4387,EMP-2406,2024-10-01,0,10,125.0,0.0
4388,EMP-2407,2024-10-01,0,15,187.5,0.0
4389,EMP-2408,2024-10-01,1,0,0.0,112.23
4390,EMP-2409,2024-10-01,2,0,0.0,66.8
4391,EMP-2410,2024-10-01,0,16,200.0,0.0
4392,EMP-2411,2024-10-01,3,0,0.0,143.2
4393,EMP-2412,2024-10-01,0,5,62.5,0.0
4394,EMP-2413,2024-10-01,0,16,200.0,0.0
4395,EMP-2415,2024-10-01,1,0,0.0,112.07
4396,EMP-2417,2024-10-01,1,0,0.0,25.9
4397,EMP-2418,2024-10-01,3,0,0.0,169.5
4398,EMP-2420,2024-10-01,0,13,162.5,0.0
4399,EMP-2422,2024-10-01,0,13,162.5,0.0
4400,EMP-2423,2024-10-01,0,17,212.5,0.0
4401,EMP-2424,2024-10-01,3,0,0.0,62.9
4402,EMP-2425,2024-10-01,0,18,225.0,0.0
4403,EMP-2426,2024-10-01,0,5,62.5,0.0
4404,EMP-2428,2024-10-01,1,0,0.0,42.07
4405,EMP-2429,2024-10-01,2,0,0.0,80.73
4406,EMP-2431,2024-10-01,0,19,237.5,0.0
4407,EMP-2433,2024-10-01,0,10,125.0,0.0
4408,EMP-2434,2024-10-01,0,6,75.0,0.0
4409,EMP-2435,2024-10-01,2,0,0.0,288.67
4410,EMP-2436,2024-10-01,0,12,150.0,0.0
4411,EMP-2437,2024-10-01,0,18,225.0,0.0
4412,EMP-2438,2024-10-01,0,20,250.0,0.0
4413,EMP-2440,2024-10-01,0,20,250.0,0.0
4414,EMP-2441,2024-10-01,0,1,12.5,0.0
4415,EMP-2442,2024-10-01,0,9,112.5,0.0
4416,EMP-2443,2024-10-01,0,9,112.5,0.0
4417,EMP-2445,2024-10-01,0,4,50.0,0.0
4418,EMP-2446,2024-10-01,0,1,12.5,0.0
4419,EMP-2450,2024-10-01,0,14,175.0,0.0
4420,EMP-2452,2024-10-01,3,0,0.0,280.6
4421,EMP-2453,2024-10-01,0,14,175.0,0.0
4422,EMP-2455,2024-10-01,1,0,0.0,29.17
4423,EMP-2456,2024-10-01,0,6,75.0,0.0
4424,EMP-2457,2024-10-01,0,15,187.5,0.0
4425,EMP-2458,2024-10-01,3,0,0.0,128.4
4426,EMP-2459,2024-10-01,1,0,0.0,34.93
4427,EMP-2460,2024-10-01,3,0,0.0,152.6
4428,EMP-2461,2024-10-01,0,6,75.0,0.0
4429,EMP-2462,2024-10-01,0,12,150.0,0.0
4430,EMP-2463,2024-10-01,0,8,100.0,0.0
4431,EMP-2464,2024-10-01,0,19,237.5,0.0
4432,EMP-2465,2024-10-01,0,2,25.0,0.0
4433,EMP-2466,2024-10-01,1,0,0.0,102.6
4434,EMP-2469,2024-10-01,0,13,162.5,0.0
4435,EMP-2470,2024-10-01,0,2,25.0,0.0
4436,EMP-2471,2024-10-01,2,0,0.0,236.13
4437,EMP-2474,2024-10-01,0,0,0.0,0.0
4438,EMP-2476,2024-10-01,0,10,125.0,0.0
4439,EMP-2477,2024-10-01,1,0,0.0,133.07
4440,EMP-2478,2024-10-01,2,0,0.0,76.67
4441,EMP-2479,2024-10-01,1,0,0.0,49.3
4442,EMP-2481,2024-10-01,0,15,187.5,0.0
4443,EMP-2482,2024-10-01,0,16,200.0,0.0
4444,EMP-2483,2024-10-01,0,3,37.5,0.0
4445,EMP-2484,2024-10-01,0,4,50.0,0.0
4446,EMP-2486,2024-10-01,0,7,87.5,0.0
4447,EMP-2487,2024-10-01,0,8,100.0,0.0
4448,EMP-2488,2024-10-01,3,0,0.0,91.9
4449,EMP-2489,2024-10-01,0,9,112.5,0.0
4450,EMP-2491,2024-10-01,3,0,0.0,445.6
4451,EMP-2492,2024-10-01,0,9,112.5,0.0
4452,EMP-2493,2024-10-01,0,4,50.0,0.0
4453,EMP-2495,2024-10-01,2,0,0.0,88.4
4454,EMP-2496,2024-10-01,0,4,50.0,0.0
4455,EMP-2497,2024-10-01,0,17,212.5,0.0
4456,EMP-2498,2024-10-01,0,0,0.0,0.0
4457,EMP-2499,2024-10-01,0,3,37.5,0.0
4458,EMP-2500,2024-10-01,0,13,162.5,0.0
4459,EMP-2501,2024-10-01,0,3,37.5,0.0
4460,EMP-2502,2024-10-01,2,0,0.0,159.93
4461,EMP-2503,2024-10-01,0,3,37.5,0.0
4462,EMP-2504,2024-10-01,0,12,150.0,0.0
4463,EMP-2505,2024-10-01,0,9,112.5,0.0
4464,EMP-2506,2024-10-01,0,14,175.0,0.0
4465,EMP-2508,2024-10-01,0,10,125.0,0.0
4466,EMP-2509,2024-10-01,0,12,150.0,0.0
4467,EMP-2510,2024-10-01,5,0,0.0,115.17
4468,EMP-2511,2024-10-01,0,6,75.0,0.0
4469,EMP-2512,2024-10-01,1,0,0.0,48.43
4470,EMP-2513,2024-10-01,1,0,0.0,46.7
4471,EMP-2514,2024-10-01,0,20,250.0,0.0
4472,EMP-2517,2024-10-01,0,15,187.5,0.0
4473,EMP-2518,2024-10-01,3,0,0.0,164.0
4474,EMP-2520,2024-10-01,0,10,125.0,0.0
4475,EMP-2521,2024-10-01,1,0,0.0,70.4
4476,EMP-2522,2024-10-01,0,14,175.0,0.0
4477,EMP-2524,2024-10-01,1,0,0.0,45.7
4478,EMP-2525,2024-10-01,1,0,0.0,24.57
4479,EMP-2526,2024-10-01,5,0,0.0,288.0
4480,EMP-2527,2024-10-01,0,12,150.0,0.0
4481,EMP-2528,2024-10-01,0,2,25.0,0.0
4482,EMP-2529,2024-10-01,0,18,225.0,0.0
4483,EMP-2530,2024-10-01,0,7,87.5,0.0
4484,EMP-2531,2024-10-01,1,0,0.0,27.1
4485,EMP-2532,2024-10-01,0,13,162.5,0.0
4486,EMP-2533,2024-10-01,0,0,0.0,0.0
4487,EMP-2534,2024-10-01,0,15,187.5,0.0
4488,EMP-2535,2024-10-01,1,0,0.0,35.57
4489,EMP-2536,2024-10-01,0,7,87.5,0.0
4490,EMP-2538,2024-10-01,0,12,150.0,0.0
4491,EMP-2539,2024-10-01,0,19,237.5,0.0
4492,EMP-2541,2024-10-01,0,17,212.5,0.0
4493,EMP-2542,2024-10-01,0,0,0.0,0.0
4494,EMP-2543,2024-10-01,0,5,62.5,0.0
4495,EMP-2544,2024-10-01,0,5,62.5,0.0
4496,EMP-2545,2024-10-01,0,17,212.5,0.0
4497,EMP-2547,2024-10-01,0,9,112.5,0.0
4498,EMP-2548,2024-10-01,5,0,0.0,275.67
4499,EMP-2549,2024-10-01,0,7,87.5,0.0
4500,EMP-2551,2024-10-01,0,8,100.0,0.0
4501,EMP-2552,2024-10-01,0,13,162.5,0.0
4502,EMP-2553,2024-10-01,0,12,150.0,0.0
4503,EMP-2554,2024-10-01,0,15,187.5,0.0
4504,EMP-2556,2024-10-01,0,16,200.0,0.0
4505,EMP-2557,2024-10-01,0,0,0.0,0.0
4506,EMP-2558,2024-10-01,0,1,12.5,0.0
4507,EMP-2560,2024-10-01,1,0,0.0,87.5
4508,EMP-2561,2024-10-01,1,0,0.0,30.3
4509,EMP-2562,2024-10-01,0,17,212.5,0.0
4510,EMP-2563,2024-10-01,1,0,0.0,70.93
4511,EMP-2564,2024-10-01,0,17,212.5,0.0
4512,EMP-2565,2024-10-01,0,5,62.5,0.0
4513,EMP-2567,2024-10-01,0,6,75.0,0.0
4514,EMP-2568,2024-10-01,1,0,0.0,61.0
4515,EMP-2570,2024-10-01,0,2,25.0,0.0
4516,EMP-2571,2024-10-01,0,16,200.0,0.0
4517,EMP-2572,2024-10-01,0,0,0.0,0.0
4518,EMP-2573,2024-10-01,1,0,0.0,46.5
4519,EMP-2574,2024-10-01,0,15,187.5,0.0
4520,EMP-2575,2024-10-01,0,19,237.5,0.0
4521,EMP-2576,2024-10-01,0,12,150.0,0.0
4522,EMP-2577,2024-10-01,0,5,62.5,0.0
4523,EMP-2578,2024-10-01,0,0,0.0,0.0
4524,EMP-2579,2024-10-01,2,0,0.0,85.47
4525,EMP-2580,2024-10-01,0,15,187.5,0.0
4526,EMP-2581,2024-10-01,3,0,0.0,274.0
4527,EMP-2582,2024-10-01,1,0,0.0,51.67
4528,EMP-2583,2024-10-01,1,0,0.0,68.67
4529,EMP-2584,2024-10-01,0,7,87.5,0.0
4530,EMP-2585,2024-10-01,0,10,125.0,0.0
4531,EMP-2586,2024-10-01,0,2,25.0,0.0
4532,EMP-2587,2024-10-01,0,14,175.0,0.0
4533,EMP-2588,2024-10-01,0,10,125.0,0.0
4534,EMP-2589,2024-10-01,0,17,212.5,0.0
4535,EMP-2590,2024-10-01,0,0,0.0,0.0
4536,EMP-2591,2024-10-01,0,5,62.5,0.0
4537,EMP-2592,2024-10-01,2,0,0.0,85.13
4538,EMP-2594,2024-10-01,1,0,0.0,84.3
4539,EMP-2595,2024-10-01,0,17,212.5,0.0
4540,EMP-2598,2024-10-01,0,1,12.5,0.0
4541,EMP-2599,2024-10-01,0,19,237.5,0.0
4542,EMP-2001,2024-11-01,0,8,100.0,0.0
4543,EMP-2003,2024-11-01,3,0,0.0,99.5
4544,EMP-2004,2024-11-01,0,4,50.0,0.0
4545,EMP-2005,2024-11-01,3,0,0.0,205.3
4546,EMP-2006,2024-11-01,5,0,0.0,137.67
4547,EMP-2008,2024-11-01,0,6,75.0,0.0
4548,EMP-2010,2024-11-01,1,0,0.0,98.93
4549,EMP-2011,2024-11-01,0,1,12.5,0.0
4550,EMP-2012,2024-11-01,5,0,0.0,161.83
4551,EMP-2014,2024-11-01,0,8,100.0,0.0
4552,EMP-2015,2024-11-01,0,2,25.0,0.0
4553,EMP-2016,2024-11-01,1,0,0.0,43.03
4554,EMP-2017,2024-11-01,2,0,0.0,95.67
4555,EMP-2018,2024-11-01,1,0,0.0,78.23
4556,EMP-2019,2024-11-01,0,0,0.0,0.0
4557,EMP-2020,2024-11-01,1,0,0.0,32.0
4558,EMP-2024,2024-11-01,0,0,0.0,0.0
4559,EMP-2025,2024-11-01,0,17,212.5,0.0
4560,EMP-2026,2024-11-01,0,16,200.0,0.0
4561,EMP-2027,2024-11-01,0,9,112.5,0.0
4562,EMP-2028,2024-11-01,0,8,100.0,0.0
4563,EMP-2029,2024-11-01,0,16,200.0,0.0
4564,EMP-2031,2024-11-01,0,17,212.5,0.0
4565,EMP-2032,2024-11-01,2,0,0.0,101.67
4566,EMP-2034,2024-11-01,0,20,250.0,0.0
4567,EMP-2036,2024-11-01,0,10,125.0,0.0
4568,EMP-2037,2024-11-01,0,7,87.5,0.0
4569,EMP-2038,2024-11-01,0,19,237.5,0.0
4570,EMP-2039,2024-11-01,0,19,237.5,0.0
4571,EMP-2040,2024-11-01,1,0,0.0,57.47
4572,EMP-2041,2024-11-01,0,2,25.0,0.0
4573,EMP-2042,2024-11-01,0,8,100.0,0.0
4574,EMP-2043,2024-11-01,0,15,187.5,0.0
4575,EMP-2044,2024-11-01,0,4,50.0,0.0
4576,EMP-2047,2024-11-01,0,16,200.0,0.0
4577,EMP-2049,2024-11-01,0,15,187.5,0.0
4578,EMP-2050,2024-11-01,3,0,0.0,135.6
4579,EMP-2051,2024-11-01,0,13,162.5,0.0
4580,EMP-2052,2024-11-01,0,16,200.0,0.0
4581,EMP-2053,2024-11-01,0,20,250.0,0.0
4582,EMP-2055,2024-11-01,0,16,200.0,0.0
4583,EMP-2056,2024-11-01,0,11,137.5,0.0
4584,EMP-2057,2024-11-01,0,8,100.0,0.0
4585,EMP-2058,2024-11-01,1,0,0.0,27.3
4586,EMP-2059,2024-11-01,0,8,100.0,0.0
4587,EMP-2060,2024-11-01,0,19,237.5,0.0
4588,EMP-2061,2024-11-01,1,0,0.0,52.87
4589,EMP-2062,2024-11-01,2,0,0.0,87.2
4590,EMP-2063,2024-11-01,1,0,0.0,54.8
4591,EMP-2064,2024-11-01,0,16,200.0,0.0
4592,EMP-2065,2024-11-01,0,14,175.0,0.0
4593,EMP-2066,2024-11-01,0,14,175.0,0.0
4594,EMP-2068,2024-11-01,0,1,12.5,0.0
4595,EMP-2069,2024-11-01,3,0,0.0,92.4
4596,EMP-2070,2024-11-01,0,11,137.5,0.0
4597,EMP-2071,2024-11-01,0,8,100.0,0.0
4598,EMP-2072,2024-11-01,1,0,0.0,30.87
4599,EMP-2073,2024-11-01,0,3,37.5,0.0
4600,EMP-2074,2024-11-01,0,7,87.5,0.0
4601,EMP-2075,2024-11-01,3,0,0.0,146.4
4602,EMP-2076,2024-11-01,0,7,87.5,0.0
4603,EMP-2078,2024-11-01,0,2,25.0,0.0
4604,EMP-2081,2024-11-01,0,13,162.5,0.0
4605,EMP-2082,2024-11-01,0,0,0.0,0.0
4606,EMP-2083,2024-11-01,0,18,225.0,0.0
4607,EMP-2084,2024-11-01,0,9,112.5,0.0
4608,EMP-2085,2024-11-01,0,3,37.5,0.0
4609,EMP-2086,2024-11-01,0,10,125.0,0.0
4610,EMP-2087,2024-11-01,1,0,0.0,23.97
4611,EMP-2089,2024-11-01,0,10,125.0,0.0
4612,EMP-2090,2024-11-01,0,4,50.0,0.0
4613,EMP-2091,2024-11-01,0,15,187.5,0.0
4614,EMP-2093,2024-11-01,2,0,0.0,43.2
4615,EMP-2094,2024-11-01,1,0,0.0,31.63
4616,EMP-2095,2024-11-01,1,0,0.0,56.77
4617,EMP-2096,2024-11-01,1,0,0.0,36.43
4618,EMP-2098,2024-11-01,0,16,200.0,0.0
4619,EMP-2101,2024-11-01,0,15,187.5,0.0
4620,EMP-2102,2024-11-01,0,7,87.5,0.0
4621,EMP-2103,2024-11-01,0,12,150.0,0.0
4622,EMP-2104,2024-11-01,0,5,62.5,0.0
4623,EMP-2105,2024-11-01,0,11,137.5,0.0
4624,EMP-2106,2024-11-01,0,5,62.5,0.0
4625,EMP-2107,2024-11-01,0,15,187.5,0.0
4626,EMP-2109,2024-11-01,2,0,0.0,102.73
4627,EMP-2110,2024-11-01,0,13,162.5,0.0
4628,EMP-2112,2024-11-01,0,4,50.0,0.0
4629,EMP-2113,2024-11-01,0,16,200.0,0.0
4630,EMP-2115,2024-11-01,0,7,87.5,0.0
4631,EMP-2116,2024-11-01,1,0,0.0,32.13
4632,EMP-2117,2024-11-01,0,4,50.0,0.0
4633,EMP-2120,2024-11-01,0,2,25.0,0.0
4634,EMP-2121,2024-11-01,0,11,137.5,0.0
4635,EMP-2122,2024-11-01,0,16,200.0,0.0
4636,EMP-2123,2024-11-01,0,12,150.0,0.0
4637,EMP-2124,2024-11-01,0,4,50.0,0.0
4638,EMP-2125,2024-11-01,0,0,0.0,0.0
4639,EMP-2127,2024-11-01,0,15,187.5,0.0
4640,EMP-2129,2024-11-01,0,19,237.5,0.0
4641,EMP-2130,2024-11-01,1,0,0.0,45.0
4642,EMP-2131,2024-11-01,0,12,150.0,0.0
4643,EMP-2133,2024-11-01,2,0,0.0,98.07
4644,EMP-2134,2024-11-01,2,0,0.0,115.33
4645,EMP-2136,2024-11-01,0,20,250.0,0.0
4646,EMP-2137,2024-11-01,0,16,200.0,0.0
4647,EMP-2139,2024-11-01,0,7,87.5,0.0
4648,EMP-2141,2024-11-01,0,17,212.5,0.0
4649,EMP-2142,2024-11-01,0,19,237.5,0.0
4650,EMP-2144,2024-11-01,0,9,112.5,0.0
4651,EMP-2145,2024-11-01,0,13,162.5,0.0
4652,EMP-2146,2024-11-01,0,20,250.0,0.0
4653,EMP-2147,2024-11-01,0,4,50.0,0.0
4654,EMP-2148,2024-11-01,0,17,212.5,0.0
4655,EMP-2149,2024-11-01,0,4,50.0,0.0
4656,EMP-2150,2024-11-01,0,9,112.5,0.0
4657,EMP-2151,2024-11-01,3,0,0.0,105.5
4658,EMP-2156,2024-11-01,0,20,250.0,0.0
4659,EMP-2157,2024-11-01,0,2,25.0,0.0
4660,EMP-2158,2024-11-01,2,0,0.0,107.8
4661,EMP-2159,2024-11-01,0,6,75.0,0.0
4662,EMP-2160,2024-11-01,0,18,225.0,0.0
4663,EMP-2161,2024-11-01,0,13,162.5,0.0
4664,EMP-2164,2024-11-01,0,17,212.5,0.0
4665,EMP-2165,2024-11-01,0,15,187.5,0.0
4666,EMP-2167,2024-11-01,1,0,0.0,28.8
4667,EMP-2168,2024-11-01,0,3,37.5,0.0
4668,EMP-2170,2024-11-01,0,18,225.0,0.0
4669,EMP-2171,2024-11-01,0,11,137.5,0.0
4670,EMP-2172,2024-11-01,0,3,37.5,0.0
4671,EMP-2173,2024-11-01,0,20,250.0,0.0
4672,EMP-2174,2024-11-01,0,18,225.0,0.0
4673,EMP-2175,2024-11-01,0,7,87.5,0.0
4674,EMP-2177,2024-11-01,2,0,0.0,261.27
4675,EMP-2178,2024-11-01,0,19,237.5,0.0
4676,EMP-2180,2024-11-01,2,0,0.0,72.87
4677,EMP-2181,2024-11-01,1,0,0.0,138.1
4678,EMP-2182,2024-11-01,0,7,87.5,0.0
4679,EMP-2183,2024-11-01,0,19,237.5,0.0
4680,EMP-2184,2024-11-01,0,5,62.5,0.0
4681,EMP-2185,2024-11-01,1,0,0.0,57.33
4682,EMP-2186,2024-11-01,1,0,0.0,35.3
4683,EMP-2187,2024-11-01,1,0,0.0,43.83
4684,EMP-2188,2024-11-01,0,0,0.0,0.0
4685,EMP-2189,2024-11-01,0,12,150.0,0.0
4686,EMP-2190,2024-11-01,2,0,0.0,82.93
4687,EMP-2191,2024-11-01,0,20,250.0,0.0
4688,EMP-2192,2024-11-01,1,0,0.0,56.2
4689,EMP-2194,2024-11-01,1,0,0.0,51.73
4690,EMP-2195,2024-11-01,1,0,0.0,40.13
4691,EMP-2197,2024-11-01,0,11,137.5,0.0
4692,EMP-2198,2024-11-01,0,2,25.0,0.0
4693,EMP-2199,2024-11-01,3,0,0.0,98.6
4694,EMP-2200,2024-11-01,3,0,0.0,128.2
4695,EMP-2201,2024-11-01,0,5,62.5,0.0
4696,EMP-2203,2024-11-01,1,0,0.0,31.07
4697,EMP-2204,2024-11-01,1,0,0.0,121.1
4698,EMP-2206,2024-11-01,0,8,100.0,0.0
4699,EMP-2208,2024-11-01,1,0,0.0,105.43
4700,EMP-2210,2024-11-01,0,15,187.5,0.0
4701,EMP-2211,2024-11-01,0,6,75.0,0.0
4702,EMP-2212,2024-11-01,0,10,125.0,0.0
4703,EMP-2213,2024-11-01,0,12,150.0,0.0
4704,EMP-2214,2024-11-01,0,9,112.5,0.0
4705,EMP-2215,2024-11-01,5,0,0.0,497.83
4706,EMP-2216,2024-11-01,0,6,75.0,0.0
4707,EMP-2217,2024-11-01,0,5,62.5,0.0
4708,EMP-2218,2024-11-01,0,2,25.0,0.0
4709,EMP-2219,2024-11-01,2,0,0.0,261.2
4710,EMP-2220,2024-11-01,0,10,125.0,0.0
4711,EMP-2221,2024-11-01,1,0,0.0,47.8
4712,EMP-2222,2024-11-01,5,0,0.0,551.83
4713,EMP-2223,2024-11-01,1,0,0.0,52.47
4714,EMP-2224,2024-11-01,3,0,0.0,70.6
4715,EMP-2225,2024-11-01,0,3,37.5,0.0
4716,EMP-2226,2024-11-01,0,4,50.0,0.0
4717,EMP-2227,2024-11-01,0,0,0.0,0.0
4718,EMP-2229,2024-11-01,0,6,75.0,0.0
4719,EMP-2230,2024-11-01,0,11,137.5,0.0
4720,EMP-2231,2024-11-01,0,19,237.5,0.0
4721,EMP-2232,2024-11-01,1,0,0.0,48.17
4722,EMP-2233,2024-11-01,2,0,0.0,295.27
4723,EMP-2234,2024-11-01,5,0,0.0,179.0
4724,EMP-2235,2024-11-01,0,6,75.0,0.0
4725,EMP-2236,2024-11-01,3,0,0.0,230.2
4726,EMP-2237,2024-11-01,1,0,0.0,53.67
4727,EMP-2238,2024-11-01,0,13,162.5,0.0
4728,EMP-2239,2024-11-01,0,12,150.0,0.0
4729,EMP-2240,2024-11-01,0,3,37.5,0.0
4730,EMP-2242,2024-11-01,1,0,0.0,30.97
4731,EMP-2243,2024-11-01,1,0,0.0,27.93
4732,EMP-2245,2024-11-01,2,0,0.0,84.07
4733,EMP-2246,2024-11-01,0,16,200.0,0.0
4734,EMP-2247,2024-11-01,0,8,100.0,0.0
4735,EMP-2248,2024-11-01,0,2,25.0,0.0
4736,EMP-2251,2024-11-01,0,15,187.5,0.0
4737,EMP-2252,2024-11-01,1,0,0.0,53.07
4738,EMP-2253,2024-11-01,0,20,250.0,0.0
4739,EMP-2255,2024-11-01,0,5,62.5,0.0
4740,EMP-2256,2024-11-01,0,16,200.0,0.0
4741,EMP-2257,2024-11-01,1,0,0.0,43.0
4742,EMP-2258,2024-11-01,0,1,12.5,0.0
4743,EMP-2259,2024-11-01,2,0,0.0,132.2
4744,EMP-2260,2024-11-01,0,6,75.0,0.0
4745,EMP-2261,2024-11-01,0,8,100.0,0.0
4746,EMP-2262,2024-11-01,3,0,0.0,145.1
4747,EMP-2263,2024-11-01,1,0,0.0,32.7
4748,EMP-2264,2024-11-01,2,0,0.0,95.33
4749,EMP-2265,2024-11-01,0,8,100.0,0.0
4750,EMP-2266,2024-11-01,0,3,37.5,0.0
4751,EMP-2267,2024-11-01,3,0,0.0,146.9
4752,EMP-2268,2024-11-01,0,10,125.0,0.0
4753,EMP-2270,2024-11-01,1,0,0.0,42.1
4754,EMP-2271,2024-11-01,0,5,62.5,0.0
4755,EMP-2272,2024-11-01,1,0,0.0,39.73
4756,EMP-2274,2024-11-01,0,9,112.5,0.0
4757,EMP-2275,2024-11-01,0,8,100.0,0.0
4758,EMP-2276,2024-11-01,0,10,125.0,0.0
4759,EMP-2277,2024-11-01,0,19,237.5,0.0
4760,EMP-2281,2024-11-01,0,3,37.5,0.0
4761,EMP-2283,2024-11-01,2,0,0.0,98.33
4762,EMP-2284,2024-11-01,0,3,37.5,0.0
4763,EMP-2285,2024-11-01,1,0,0.0,49.37
4764,EMP-2286,2024-11-01,0,3,37.5,0.0
4765,EMP-2288,2024-11-01,3,0,0.0,154.5
4766,EMP-2289,2024-11-01,0,4,50.0,0.0
4767,EMP-2290,2024-11-01,3,0,0.0,169.0
4768,EMP-2291,2024-11-01,0,13,162.5,0.0
4769,EMP-2294,2024-11-01,0,0,0.0,0.0
4770,EMP-2295,2024-11-01,0,9,112.5,0.0
4771,EMP-2297,2024-11-01,0,17,212.5,0.0
4772,EMP-2299,2024-11-01,0,7,87.5,0.0
4773,EMP-2300,2024-11-01,0,10,125.0,0.0
4774,EMP-2301,2024-11-01,0,1,12.5,0.0
4775,EMP-2302,2024-11-01,0,5,62.5,0.0
4776,EMP-2303,2024-11-01,0,3,37.5,0.0
4777,EMP-2304,2024-11-01,0,8,100.0,0.0
4778,EMP-2305,2024-11-01,0,3,37.5,0.0
4779,EMP-2306,2024-11-01,3,0,0.0,75.9
4780,EMP-2307,2024-11-01,0,19,237.5,0.0
4781,EMP-2308,2024-11-01,0,17,212.5,0.0
4782,EMP-2309,2024-11-01,0,8,100.0,0.0
4783,EMP-2310,2024-11-01,0,17,212.5,0.0
4784,EMP-2311,2024-11-01,0,3,37.5,0.0
4785,EMP-2313,2024-11-01,2,0,0.0,102.47
4786,EMP-2314,2024-11-01,0,12,150.0,0.0
4787,EMP-2315,2024-11-01,0,20,250.0,0.0
4788,EMP-2316,2024-11-01,0,19,237.5,0.0
4789,EMP-2317,2024-11-01,0,19,237.5,0.0
4790,EMP-2318,2024-11-01,0,17,212.5,0.0
4791,EMP-2319,2024-11-01,1,0,0.0,107.4
4792,EMP-2320,2024-11-01,0,9,112.5,0.0
4793,EMP-2321,2024-11-01,1,0,0.0,25.57
4794,EMP-2322,2024-11-01,0,13,162.5,0.0
4795,EMP-2323,2024-11-01,0,5,62.5,0.0
4796,EMP-2324,2024-11-01,1,0,0.0,39.83
4797,EMP-2325,2024-11-01,0,7,87.5,0.0
4798,EMP-2326,2024-11-01,0,12,150.0,0.0
4799,EMP-2327,2024-11-01,0,5,62.5,0.0
4800,EMP-2328,2024-11-01,0,19,237.5,0.0
4801,EMP-2329,2024-11-01,0,0,0.0,0.0
4802,EMP-2330,2024-11-01,0,12,150.0,0.0
4803,EMP-2331,2024-11-01,0,1,12.5,0.0
4804,EMP-2332,2024-11-01,3,0,0.0,122.7
4805,EMP-2333,2024-11-01,0,9,112.5,0.0
4806,EMP-2334,2024-11-01,0,2,25.0,0.0
4807,EMP-2335,2024-11-01,1,0,0.0,22.87
4808,EMP-2336,2024-11-01,1,0,0.0,73.23
4809,EMP-2337,2024-11-01,0,15,187.5,0.0
4810,EMP-2338,2024-11-01,0,5,62.5,0.0
4811,EMP-2339,2024-11-01,0,10,125.0,0.0
4812,EMP-2340,2024-11-01,2,0,0.0,44.07
4813,EMP-2341,2024-11-01,0,7,87.5,0.0
4814,EMP-2342,2024-11-01,1,0,0.0,36.07
4815,EMP-2343,2024-11-01,2,0,0.0,262.27
4816,EMP-2344,2024-11-01,0,7,87.5,0.0
4817,EMP-2345,2024-11-01,0,0,0.0,0.0
4818,EMP-2346,2024-11-01,0,11,137.5,0.0
4819,EMP-2347,2024-11-01,2,0,0.0,112.8
4820,EMP-2350,2024-11-01,0,2,25.0,0.0
4821,EMP-2351,2024-11-01,0,3,37.5,0.0
4822,EMP-2352,2024-11-01,0,2,25.0,0.0
4823,EMP-2355,2024-11-01,2,0,0.0,98.67
4824,EMP-2356,2024-11-01,0,11,137.5,0.0
4825,EMP-2357,2024-11-01,0,0,0.0,0.0
4826,EMP-2358,2024-11-01,0,9,112.5,0.0
4827,EMP-2359,2024-11-01,0,6,75.0,0.0
4828,EMP-2361,2024-11-01,0,19,237.5,0.0
4829,EMP-2362,2024-11-01,0,13,162.5,0.0
4830,EMP-2364,2024-11-01,0,15,187.5,0.0
4831,EMP-2365,2024-11-01,0,17,212.5,0.0
4832,EMP-2366,2024-11-01,0,10,125.0,0.0
4833,EMP-2367,2024-11-01,1,0,0.0,56.43
4834,EMP-2368,2024-11-01,0,18,225.0,0.0
4835,EMP-2369,2024-11-01,0,6,75.0,0.0
4836,EMP-2370,2024-11-01,0,11,137.5,0.0
4837,EMP-2371,2024-11-01,2,0,0.0,84.67
4838,EMP-2373,2024-11-01,0,10,125.0,0.0
4839,EMP-2374,2024-11-01,0,4,50.0,0.0
4840,EMP-2375,2024-11-01,1,0,0.0,57.83
4841,EMP-2376,2024-11-01,5,0,0.0,228.83
4842,EMP-2377,2024-11-01,3,0,0.0,211.8
4843,EMP-2379,2024-11-01,0,11,137.5,0.0
4844,EMP-2382,2024-11-01,0,8,100.0,0.0
4845,EMP-2383,2024-11-01,0,4,50.0,0.0
4846,EMP-2384,2024-11-01,0,15,187.5,0.0
4847,EMP-2385,2024-11-01,0,9,112.5,0.0
4848,EMP-2387,2024-11-01,1,0,0.0,36.5
4849,EMP-2389,2024-11-01,0,0,0.0,0.0
4850,EMP-2390,2024-11-01,0,7,87.5,0.0
4851,EMP-2391,2024-11-01,0,15,187.5,0.0
4852,EMP-2392,2024-11-01,2,0,0.0,45.53
4853,EMP-2394,2024-11-01,0,15,187.5,0.0
4854,EMP-2395,2024-11-01,0,12,150.0,0.0
4855,EMP-2396,2024-11-01,1,0,0.0,44.07
4856,EMP-2398,2024-11-01,0,15,187.5,0.0
4857,EMP-2399,2024-11-01,0,3,37.5,0.0
4858,EMP-2400,2024-11-01,1,0,0.0,22.23
4859,EMP-2402,2024-11-01,0,13,162.5,0.0
4860,EMP-2405,2024-11-01,1,0,0.0,38.67
4861,EMP-2406,2024-11-01,1,0,0.0,22.53
4862,EMP-2407,2024-11-01,0,19,237.5,0.0
4863,EMP-2408,2024-11-01,0,3,37.5,0.0
4864,EMP-2409,2024-11-01,0,17,212.5,0.0
4865,EMP-2410,2024-11-01,0,15,187.5,0.0
4866,EMP-2411,2024-11-01,0,9,112.5,0.0
4867,EMP-2412,2024-11-01,0,7,87.5,0.0
4868,EMP-2413,2024-11-01,0,5,62.5,0.0
4869,EMP-2415,2024-11-01,2,0,0.0,224.13
4870,EMP-2417,2024-11-01,0,1,12.5,0.0
4871,EMP-2418,2024-11-01,0,18,225.0,0.0
4872,EMP-2420,2024-11-01,0,15,187.5,0.0
4873,EMP-2422,2024-11-01,3,0,0.0,153.8
4874,EMP-2423,2024-11-01,3,0,0.0,116.3
4875,EMP-2424,2024-11-01,0,6,75.0,0.0
4876,EMP-2425,2024-11-01,0,0,0.0,0.0
4877,EMP-2426,2024-11-01,2,0,0.0,73.0
4878,EMP-2427,2024-11-01,0,3,37.5,0.0
4879,EMP-2428,2024-11-01,0,19,237.5,0.0
4880,EMP-2429,2024-11-01,0,14,175.0,0.0
4881,EMP-2431,2024-11-01,1,0,0.0,34.27
4882,EMP-2433,2024-11-01,0,16,200.0,0.0
4883,EMP-2434,2024-11-01,0,16,200.0,0.0
4884,EMP-2435,2024-11-01,0,15,187.5,0.0
4885,EMP-2436,2024-11-01,0,13,162.5,0.0
4886,EMP-2438,2024-11-01,1,0,0.0,37.83
4887,EMP-2440,2024-11-01,0,10,125.0,0.0
4888,EMP-2441,2024-11-01,0,8,100.0,0.0
4889,EMP-2442,2024-11-01,3,0,0.0,93.1
4890,EMP-2443,2024-11-01,0,2,25.0,0.0
4891,EMP-2445,2024-11-01,1,0,0.0,36.37
4892,EMP-2446,2024-11-01,0,4,50.0,0.0
4893,EMP-2450,2024-11-01,1,0,0.0,48.43
4894,EMP-2452,2024-11-01,0,14,175.0,0.0
4895,EMP-2453,2024-11-01,0,11,137.5,0.0
4896,EMP-2455,2024-11-01,0,8,100.0,0.0
4897,EMP-2456,2024-11-01,0,18,225.0,0.0
4898,EMP-2457,2024-11-01,0,7,87.5,0.0
4899,EMP-2458,2024-11-01,0,7,87.5,0.0
4900,EMP-2459,2024-11-01,0,15,187.5,0.0
4901,EMP-2460,2024-11-01,2,0,0.0,101.73
4902,EMP-2462,2024-11-01,0,10,125.0,0.0
4903,EMP-2463,2024-11-01,0,18,225.0,0.0
4904,EMP-2464,2024-11-01,0,13,162.5,0.0
4905,EMP-2465,2024-11-01,0,0,0.0,0.0
4906,EMP-2466,2024-11-01,0,18,225.0,0.0
4907,EMP-2469,2024-11-01,0,1,12.5,0.0
4908,EMP-2470,2024-11-01,1,0,0.0,28.83
4909,EMP-2471,2024-11-01,0,0,0.0,0.0
4910,EMP-2474,2024-11-01,0,8,100.0,0.0
4911,EMP-2476,2024-11-01,0,10,125.0,0.0
4912,EMP-2477,2024-11-01,0,7,87.5,0.0
4913,EMP-2478,2024-11-01,3,0,0.0,115.0
4914,EMP-2479,2024-11-01,0,18,225.0,0.0
4915,EMP-2481,2024-11-01,0,2,25.0,0.0
4916,EMP-2482,2024-11-01,0,17,212.5,0.0
4917,EMP-2483,2024-11-01,1,0,0.0,129.27
4918,EMP-2484,2024-11-01,2,0,0.0,70.33
4919,EMP-2486,2024-11-01,1,0,0.0,136.87
4920,EMP-2487,2024-11-01,0,8,100.0,0.0
4921,EMP-2488,2024-11-01,1,0,0.0,30.63
4922,EMP-2489,2024-11-01,0,2,25.0,0.0
4923,EMP-2491,2024-11-01,0,6,75.0,0.0
4924,EMP-2492,2024-11-01,0,13,162.5,0.0
4925,EMP-2493,2024-11-01,1,0,0.0,81.53
4926,EMP-2495,2024-11-01,0,3,37.5,0.0
4927,EMP-2496,2024-11-01,0,20,250.0,0.0
4928,EMP-2497,2024-11-01,0,17,212.5,0.0
4929,EMP-2498,2024-11-01,1,0,0.0,56.1
4930,EMP-2499,2024-11-01,0,5,62.5,0.0
4931,EMP-2500,2024-11-01,0,2,25.0,0.0
4932,EMP-2501,2024-11-01,2,0,0.0,117.73
4933,EMP-2502,2024-11-01,0,3,37.5,0.0
4934,EMP-2503,2024-11-01,0,10,125.0,0.0
4935,EMP-2504,2024-11-01,0,14,175.0,0.0
4936,EMP-2505,2024-11-01,0,8,100.0,0.0
4937,EMP-2506,2024-11-01,0,3,37.5,0.0
4938,EMP-2508,2024-11-01,0,12,150.0,0.0
4939,EMP-2509,2024-11-01,2,0,0.0,107.87
4940,EMP-2510,2024-11-01,0,6,75.0,0.0
4941,EMP-2511,2024-11-01,0,3,37.5,0.0
4942,EMP-2512,2024-11-01,0,13,162.5,0.0
4943,EMP-2513,2024-11-01,0,7,87.5,0.0
4944,EMP-2514,2024-11-01,1,0,0.0,47.23
4945,EMP-2517,2024-11-01,2,0,0.0,100.07
4946,EMP-2518,2024-11-01,0,20,250.0,0.0
4947,EMP-2520,2024-11-01,1,0,0.0,138.6
4948,EMP-2521,2024-11-01,1,0,0.0,70.4
4949,EMP-2522,2024-11-01,0,3,37.5,0.0
4950,EMP-2524,2024-11-01,1,0,0.0,45.7
4951,EMP-2525,2024-11-01,0,20,250.0,0.0
4952,EMP-2526,2024-11-01,0,17,212.5,0.0
4953,EMP-2527,2024-11-01,2,0,0.0,54.07
4954,EMP-2528,2024-11-01,0,0,0.0,0.0
4955,EMP-2529,2024-11-01,5,0,0.0,243.33
4956,EMP-2530,2024-11-01,0,2,25.0,0.0
4957,EMP-2531,2024-11-01,0,10,125.0,0.0
4958,EMP-2532,2024-11-01,1,0,0.0,21.67
4959,EMP-2533,2024-11-01,5,0,0.0,119.67
4960,EMP-2534,2024-11-01,0,14,175.0,0.0
4961,EMP-2535,2024-11-01,2,0,0.0,71.13
4962,EMP-2536,2024-11-01,0,14,175.0,0.0
4963,EMP-2538,2024-11-01,0,17,212.5,0.0
4964,EMP-2539,2024-11-01,0,4,50.0,0.0
4965,EMP-2540,2024-11-01,0,1,12.5,0.0
4966,EMP-2541,2024-11-01,0,2,25.0,0.0
4967,EMP-2542,2024-11-01,0,16,200.0,0.0
4968,EMP-2543,2024-11-01,0,0,0.0,0.0
4969,EMP-2544,2024-11-01,0,9,112.5,0.0
4970,EMP-2545,2024-11-01,0,15,187.5,0.0
4971,EMP-2547,2024-11-01,2,0,0.0,150.87
4972,EMP-2548,2024-11-01,0,18,225.0,0.0
4973,EMP-2549,2024-11-01,0,17,212.5,0.0
4974,EMP-2551,2024-11-01,0,12,150.0,0.0
4975,EMP-2552,2024-11-01,0,2,25.0,0.0
4976,EMP-2553,2024-11-01,0,10,125.0,0.0
4977,EMP-2554,2024-11-01,0,6,75.0,0.0
4978,EMP-2556,2024-11-01,0,16,200.0,0.0
4979,EMP-2557,2024-11-01,0,14,175.0,0.0
4980,EMP-2558,2024-11-01,3,0,0.0,175.1
4981,EMP-2560,2024-11-01,0,16,200.0,0.0
4982,EMP-2561,2024-11-01,1,0,0.0,30.3
4983,EMP-2562,2024-11-01,0,4,50.0,0.0
4984,EMP-2563,2024-11-01,0,3,37.5,0.0
4985,EMP-2564,2024-11-01,0,7,87.5,0.0
4986,EMP-2565,2024-11-01,0,11,137.5,0.0
4987,EMP-2567,2024-11-01,0,0,0.0,0.0
4988,EMP-2568,2024-11-01,0,17,212.5,0.0
4989,EMP-2570,2024-11-01,5,0,0.0,100.83
4990,EMP-2571,2024-11-01,2,0,0.0,64.53
4991,EMP-2572,2024-11-01,0,0,0.0,0.0
4992,EMP-2573,2024-11-01,0,11,137.5,0.0
4993,EMP-2574,2024-11-01,0,2,25.0,0.0
4994,EMP-2575,2024-11-01,2,0,0.0,99.53
4995,EMP-2576,2024-11-01,1,0,0.0,21.43
4996,EMP-2577,2024-11-01,0,18,225.0,0.0
4997,EMP-2578,2024-11-01,0,12,150.0,0.0
4998,EMP-2579,2024-11-01,0,2,25.0,0.0
4999,EMP-2580,2024-11-01,5,0,0.0,299.0
5000,EMP-2581,2024-11-01,1,0,0.0,91.33
5001,EMP-2582,2024-11-01,0,6,75.0,0.0
5002,EMP-2583,2024-11-01,0,12,150.0,0.0
5003,EMP-2584,2024-11-01,0,4,50.0,0.0
5004,EMP-2585,2024-11-01,1,0,0.0,43.33
5005,EMP-2586,2024-11-01,1,0,0.0,51.37
5006,EMP-2587,2024-11-01,0,14,175.0,0.0
5007,EMP-2588,2024-11-01,1,0,0.0,138.87
5008,EMP-2589,2024-11-01,5,0,0.0,417.33
5009,EMP-2590,2024-11-01,2,0,0.0,77.07
5010,EMP-2591,2024-11-01,3,0,0.0,60.5
5011,EMP-2592,2024-11-01,1,0,0.0,42.57
5012,EMP-2593,2024-11-01,3,0,0.0,114.9
5013,EMP-2594,2024-11-01,0,0,0.0,0.0
5014,EMP-2595,2024-11-01,0,18,225.0,0.0
5015,EMP-2598,2024-11-01,0,5,62.5,0.0
5016,EMP-2599,2024-11-01,0,14,175.0,0.0
5017,EMP-2001,2024-12-01,1,0,0.0,23.3
5018,EMP-2003,2024-12-01,0,16,200.0,0.0
5019,EMP-2004,2024-12-01,0,3,37.5,0.0
5020,EMP-2005,2024-12-01,0,11,137.5,0.0
5021,EMP-2006,2024-12-01,2,0,0.0,55.07
5022,EMP-2008,2024-12-01,0,15,187.5,0.0
5023,EMP-2010,2024-12-01,0,7,87.5,0.0
5024,EMP-2011,2024-12-01,3,0,0.0,134.2
5025,EMP-2012,2024-12-01,0,1,12.5,0.0
5026,EMP-2014,2024-12-01,0,1,12.5,0.0
5027,EMP-2015,2024-12-01,0,12,150.0,0.0
5028,EMP-2016,2024-12-01,0,3,37.5,0.0
5029,EMP-2017,2024-12-01,0,17,212.5,0.0
5030,EMP-2018,2024-12-01,2,0,0.0,156.47
5031,EMP-2019,2024-12-01,0,10,125.0,0.0
5032,EMP-2020,2024-12-01,0,7,87.5,0.0
5033,EMP-2024,2024-12-01,0,19,237.5,0.0
5034,EMP-2025,2024-12-01,0,11,137.5,0.0
5035,EMP-2026,2024-12-01,0,3,37.5,0.0
5036,EMP-2027,2024-12-01,0,9,112.5,0.0
5037,EMP-2028,2024-12-01,0,0,0.0,0.0
5038,EMP-2029,2024-12-01,0,13,162.5,0.0
5039,EMP-2031,2024-12-01,2,0,0.0,291.13
5040,EMP-2032,2024-12-01,0,14,175.0,0.0
5041,EMP-2034,2024-12-01,1,0,0.0,50.7
5042,EMP-2036,2024-12-01,2,0,0.0,88.73
5043,EMP-2037,2024-12-01,0,15,187.5,0.0
5044,EMP-2038,2024-12-01,0,2,25.0,0.0
5045,EMP-2039,2024-12-01,1,0,0.0,54.87
5046,EMP-2040,2024-12-01,0,17,212.5,0.0
5047,EMP-2041,2024-12-01,0,12,150.0,0.0
5048,EMP-2042,2024-12-01,0,7,87.5,0.0
5049,EMP-2043,2024-12-01,0,8,100.0,0.0
5050,EMP-2044,2024-12-01,5,0,0.0,156.5
5051,EMP-2047,2024-12-01,0,18,225.0,0.0
5052,EMP-2049,2024-12-01,0,20,250.0,0.0
5053,EMP-2050,2024-12-01,1,0,0.0,45.2
5054,EMP-2051,2024-12-01,0,14,175.0,0.0
5055,EMP-2052,2024-12-01,0,19,237.5,0.0
5056,EMP-2053,2024-12-01,0,6,75.0,0.0
5057,EMP-2055,2024-12-01,1,0,0.0,90.37
5058,EMP-2056,2024-12-01,0,10,125.0,0.0
5059,EMP-2057,2024-12-01,0,20,250.0,0.0
5060,EMP-2058,2024-12-01,0,13,162.5,0.0
5061,EMP-2059,2024-12-01,0,0,0.0,0.0
5062,EMP-2060,2024-12-01,0,15,187.5,0.0
5063,EMP-2061,2024-12-01,1,0,0.0,52.87
5064,EMP-2062,2024-12-01,0,5,62.5,0.0
5065,EMP-2063,2024-12-01,0,6,75.0,0.0
5066,EMP-2064,2024-12-01,0,3,37.5,0.0
5067,EMP-2065,2024-12-01,0,9,112.5,0.0
5068,EMP-2066,2024-12-01,1,0,0.0,117.4
5069,EMP-2068,2024-12-01,0,3,37.5,0.0
5070,EMP-2069,2024-12-01,0,9,112.5,0.0
5071,EMP-2070,2024-12-01,0,19,237.5,0.0
5072,EMP-2071,2024-12-01,0,13,162.5,0.0
5073,EMP-2072,2024-12-01,0,16,200.0,0.0
5074,EMP-2073,2024-12-01,0,9,112.5,0.0
5075,EMP-2074,2024-12-01,0,9,112.5,0.0
5076,EMP-2075,2024-12-01,1,0,0.0,48.8
5077,EMP-2076,2024-12-01,0,6,75.0,0.0
5078,EMP-2078,2024-12-01,0,16,200.0,0.0
5079,EMP-2079,2024-12-01,0,14,175.0,0.0
5080,EMP-2081,2024-12-01,0,7,87.5,0.0
5081,EMP-2082,2024-12-01,0,6,75.0,0.0
5082,EMP-2083,2024-12-01,0,10,125.0,0.0
5083,EMP-2084,2024-12-01,1,0,0.0,36.1
5084,EMP-2085,2024-12-01,0,15,187.5,0.0
5085,EMP-2086,2024-12-01,5,0,0.0,113.33
5086,EMP-2087,2024-12-01,3,0,0.0,71.9
5087,EMP-2089,2024-12-01,0,11,137.5,0.0
5088,EMP-2090,2024-12-01,0,2,25.0,0.0
5089,EMP-2091,2024-12-01,0,16,200.0,0.0
5090,EMP-2093,2024-12-01,0,3,37.5,0.0
5091,EMP-2094,2024-12-01,2,0,0.0,63.27
5092,EMP-2095,2024-12-01,1,0,0.0,56.77
5093,EMP-2096,2024-12-01,1,0,0.0,36.43
5094,EMP-2098,2024-12-01,0,13,162.5,0.0
5095,EMP-2101,2024-12-01,0,14,175.0,0.0
5096,EMP-2102,2024-12-01,0,20,250.0,0.0
5097,EMP-2103,2024-12-01,0,17,212.5,0.0
5098,EMP-2104,2024-12-01,0,13,162.5,0.0
5099,EMP-2105,2024-12-01,1,0,0.0,44.4
5100,EMP-2106,2024-12-01,0,0,0.0,0.0
5101,EMP-2107,2024-12-01,0,8,100.0,0.0
5102,EMP-2109,2024-12-01,0,0,0.0,0.0
5103,EMP-2110,2024-12-01,0,3,37.5,0.0
5104,EMP-2112,2024-12-01,0,9,112.5,0.0
5105,EMP-2113,2024-12-01,0,13,162.5,0.0
5106,EMP-2115,2024-12-01,0,0,0.0,0.0
5107,EMP-2116,2024-12-01,0,5,62.5,0.0
5108,EMP-2117,2024-12-01,3,0,0.0,75.2
5109,EMP-2120,2024-12-01,0,16,200.0,0.0
5110,EMP-2121,2024-12-01,0,0,0.0,0.0
5111,EMP-2122,2024-12-01,0,0,0.0,0.0
5112,EMP-2123,2024-12-01,0,20,250.0,0.0
5113,EMP-2124,2024-12-01,0,19,237.5,0.0
5114,EMP-2125,2024-12-01,1,0,0.0,57.1
5115,EMP-2127,2024-12-01,2,0,0.0,86.2
5116,EMP-2129,2024-12-01,0,2,25.0,0.0
5117,EMP-2130,2024-12-01,0,20,250.0,0.0
5118,EMP-2131,2024-12-01,1,0,0.0,64.37
5119,EMP-2133,2024-12-01,1,0,0.0,49.03
5120,EMP-2134,2024-12-01,1,0,0.0,57.67
5121,EMP-2136,2024-12-01,0,17,212.5,0.0
5122,EMP-2137,2024-12-01,1,0,0.0,66.7
5123,EMP-2139,2024-12-01,5,0,0.0,138.67
5124,EMP-2141,2024-12-01,0,13,162.5,0.0
5125,EMP-2142,2024-12-01,0,11,137.5,0.0
5126,EMP-2144,2024-12-01,0,13,162.5,0.0
5127,EMP-2145,2024-12-01,0,6,75.0,0.0
5128,EMP-2146,2024-12-01,0,14,175.0,0.0
5129,EMP-2147,2024-12-01,1,0,0.0,48.87
5130,EMP-2148,2024-12-01,0,2,25.0,0.0
5131,EMP-2149,2024-12-01,0,8,100.0,0.0
5132,EMP-2150,2024-12-01,0,16,200.0,0.0
5133,EMP-2151,2024-12-01,0,19,237.5,0.0
5134,EMP-2155,2024-12-01,0,4,50.0,0.0
5135,EMP-2156,2024-12-01,0,4,50.0,0.0
5136,EMP-2157,2024-12-01,0,8,100.0,0.0
5137,EMP-2158,2024-12-01,0,2,25.0,0.0
5138,EMP-2159,2024-12-01,0,1,12.5,0.0
5139,EMP-2160,2024-12-01,0,9,112.5,0.0
5140,EMP-2161,2024-12-01,0,14,175.0,0.0
5141,EMP-2164,2024-12-01,2,0,0.0,79.07
5142,EMP-2165,2024-12-01,1,0,0.0,53.6
5143,EMP-2167,2024-12-01,2,0,0.0,57.6
5144,EMP-2168,2024-12-01,0,3,37.5,0.0
5145,EMP-2170,2024-12-01,1,0,0.0,98.97
5146,EMP-2171,2024-12-01,0,3,37.5,0.0
5147,EMP-2172,2024-12-01,0,20,250.0,0.0
5148,EMP-2173,2024-12-01,0,2,25.0,0.0
5149,EMP-2174,2024-12-01,0,16,200.0,0.0
5150,EMP-2175,2024-12-01,0,20,250.0,0.0
5151,EMP-2177,2024-12-01,0,0,0.0,0.0
5152,EMP-2178,2024-12-01,0,6,75.0,0.0
5153,EMP-2180,2024-12-01,0,18,225.0,0.0
5154,EMP-2181,2024-12-01,0,3,37.5,0.0
5155,EMP-2182,2024-12-01,0,5,62.5,0.0
5156,EMP-2183,2024-12-01,2,0,0.0,71.4
5157,EMP-2184,2024-12-01,0,0,0.0,0.0
5158,EMP-2185,2024-12-01,2,0,0.0,114.67
5159,EMP-2186,2024-12-01,2,0,0.0,70.6
5160,EMP-2187,2024-12-01,2,0,0.0,87.67
5161,EMP-2188,2024-12-01,0,11,137.5,0.0
5162,EMP-2189,2024-12-01,2,0,0.0,199.6
5163,EMP-2190,2024-12-01,0,19,237.5,0.0
5164,EMP-2191,2024-12-01,0,10,125.0,0.0
5165,EMP-2192,2024-12-01,0,12,150.0,0.0
5166,EMP-2194,2024-12-01,0,11,137.5,0.0
5167,EMP-2195,2024-12-01,0,10,125.0,0.0
5168,EMP-2197,2024-12-01,1,0,0.0,89.63
5169,EMP-2198,2024-12-01,1,0,0.0,30.57
5170,EMP-2199,2024-12-01,1,0,0.0,32.87
5171,EMP-2200,2024-12-01,1,0,0.0,42.73
5172,EMP-2201,2024-12-01,2,0,0.0,81.53
5173,EMP-2203,2024-12-01,0,15,187.5,0.0
5174,EMP-2204,2024-12-01,0,16,200.0,0.0
5175,EMP-2206,2024-12-01,0,14,175.0,0.0
5176,EMP-2208,2024-12-01,1,0,0.0,105.43
5177,EMP-2210,2024-12-01,0,10,125.0,0.0
5178,EMP-2211,2024-12-01,0,6,75.0,0.0
5179,EMP-2212,2024-12-01,1,0,0.0,36.07
5180,EMP-2213,2024-12-01,2,0,0.0,97.93
5181,EMP-2214,2024-12-01,0,18,225.0,0.0
5182,EMP-2215,2024-12-01,0,1,12.5,0.0
5183,EMP-2216,2024-12-01,0,19,237.5,0.0
5184,EMP-2217,2024-12-01,0,12,150.0,0.0
5185,EMP-2218,2024-12-01,0,12,150.0,0.0
5186,EMP-2219,2024-12-01,3,0,0.0,391.8
5187,EMP-2220,2024-12-01,0,8,100.0,0.0
5188,EMP-2221,2024-12-01,0,16,200.0,0.0
5189,EMP-2222,2024-12-01,0,18,225.0,0.0
5190,EMP-2223,2024-12-01,0,14,175.0,0.0
5191,EMP-2224,2024-12-01,0,18,225.0,0.0
5192,EMP-2225,2024-12-01,0,8,100.0,0.0
5193,EMP-2226,2024-12-01,0,18,225.0,0.0
5194,EMP-2227,2024-12-01,0,8,100.0,0.0
5195,EMP-2229,2024-12-01,0,10,125.0,0.0
5196,EMP-2230,2024-12-01,0,18,225.0,0.0
5197,EMP-2231,2024-12-01,0,6,75.0,0.0
5198,EMP-2232,2024-12-01,1,0,0.0,48.17
5199,EMP-2233,2024-12-01,1,0,0.0,147.63
5200,EMP-2234,2024-12-01,0,11,137.5,0.0
5201,EMP-2235,2024-12-01,2,0,0.0,265.4
5202,EMP-2236,2024-12-01,0,2,25.0,0.0
5203,EMP-2237,2024-12-01,0,1,12.5,0.0
5204,EMP-2238,2024-12-01,0,17,212.5,0.0
5205,EMP-2239,2024-12-01,0,11,137.5,0.0
5206,EMP-2240,2024-12-01,0,10,125.0,0.0
5207,EMP-2241,2024-12-01,0,12,150.0,0.0
5208,EMP-2242,2024-12-01,0,7,87.5,0.0
5209,EMP-2243,2024-12-01,0,0,0.0,0.0
5210,EMP-2245,2024-12-01,2,0,0.0,84.07
5211,EMP-2246,2024-12-01,1,0,0.0,70.97
5212,EMP-2247,2024-12-01,0,8,100.0,0.0
5213,EMP-2248,2024-12-01,0,13,162.5,0.0
5214,EMP-2251,2024-12-01,1,0,0.0,111.27
5215,EMP-2252,2024-12-01,0,9,112.5,0.0
5216,EMP-2253,2024-12-01,0,7,87.5,0.0
5217,EMP-2255,2024-12-01,2,0,0.0,171.8
5218,EMP-2256,2024-12-01,3,0,0.0,104.4
5219,EMP-2257,2024-12-01,2,0,0.0,86.0
5220,EMP-2258,2024-12-01,0,4,50.0,0.0
5221,EMP-2259,2024-12-01,0,11,137.5,0.0
5222,EMP-2260,2024-12-01,0,2,25.0,0.0
5223,EMP-2261,2024-12-01,3,0,0.0,95.5
5224,EMP-2262,2024-12-01,0,9,112.5,0.0
5225,EMP-2263,2024-12-01,2,0,0.0,65.4
5226,EMP-2264,2024-12-01,0,3,37.5,0.0
5227,EMP-2265,2024-12-01,0,9,112.5,0.0
5228,EMP-2266,2024-12-01,0,8,100.0,0.0
5229,EMP-2267,2024-12-01,0,8,100.0,0.0
5230,EMP-2268,2024-12-01,0,6,75.0,0.0
5231,EMP-2270,2024-12-01,1,0,0.0,42.1
5232,EMP-2271,2024-12-01,0,3,37.5,0.0
5233,EMP-2272,2024-12-01,2,0,0.0,79.47
5234,EMP-2274,2024-12-01,0,4,50.0,0.0
5235,EMP-2275,2024-12-01,0,6,75.0,0.0
5236,EMP-2276,2024-12-01,0,6,75.0,0.0
5237,EMP-2277,2024-12-01,0,2,25.0,0.0
5238,EMP-2281,2024-12-01,0,6,75.0,0.0
5239,EMP-2283,2024-12-01,1,0,0.0,49.17
5240,EMP-2284,2024-12-01,0,5,62.5,0.0
5241,EMP-2285,2024-12-01,0,4,50.0,0.0
5242,EMP-2286,2024-12-01,0,15,187.5,0.0
5243,EMP-2288,2024-12-01,1,0,0.0,51.5
5244,EMP-2289,2024-12-01,0,14,175.0,0.0
5245,EMP-2290,2024-12-01,0,11,137.5,0.0
5246,EMP-2291,2024-12-01,0,2,25.0,0.0
5247,EMP-2294,2024-12-01,0,9,112.5,0.0
5248,EMP-2295,2024-12-01,2,0,0.0,116.47
5249,EMP-2297,2024-12-01,0,6,75.0,0.0
5250,EMP-2299,2024-12-01,2,0,0.0,97.73
5251,EMP-2300,2024-12-01,1,0,0.0,132.07
5252,EMP-2301,2024-12-01,0,16,200.0,0.0
5253,EMP-2302,2024-12-01,0,10,125.0,0.0
5254,EMP-2303,2024-12-01,3,0,0.0,135.0
5255,EMP-2304,2024-12-01,0,0,0.0,0.0
5256,EMP-2305,2024-12-01,0,5,62.5,0.0
5257,EMP-2306,2024-12-01,1,0,0.0,25.3
5258,EMP-2307,2024-12-01,0,16,200.0,0.0
5259,EMP-2308,2024-12-01,0,8,100.0,0.0
5260,EMP-2309,2024-12-01,5,0,0.0,520.17
5261,EMP-2310,2024-12-01,1,0,0.0,57.6
5262,EMP-2311,2024-12-01,0,19,237.5,0.0
5263,EMP-2313,2024-12-01,0,16,200.0,0.0
5264,EMP-2314,2024-12-01,3,0,0.0,111.7
5265,EMP-2315,2024-12-01,0,17,212.5,0.0
5266,EMP-2316,2024-12-01,0,3,37.5,0.0
5267,EMP-2317,2024-12-01,0,13,162.5,0.0
5268,EMP-2318,2024-12-01,0,8,100.0,0.0
5269,EMP-2319,2024-12-01,0,20,250.0,0.0
5270,EMP-2320,2024-12-01,0,6,75.0,0.0
5271,EMP-2321,2024-12-01,0,10,125.0,0.0
5272,EMP-2322,2024-12-01,0,12,150.0,0.0
5273,EMP-2323,2024-12-01,0,4,50.0,0.0
5274,EMP-2324,2024-12-01,0,13,162.5,0.0
5275,EMP-2325,2024-12-01,0,2,25.0,0.0
5276,EMP-2326,2024-12-01,0,3,37.5,0.0
5277,EMP-2327,2024-12-01,0,20,250.0,0.0
5278,EMP-2328,2024-12-01,0,2,25.0,0.0
5279,EMP-2329,2024-12-01,0,0,0.0,0.0
5280,EMP-2330,2024-12-01,0,12,150.0,0.0
5281,EMP-2331,2024-12-01,0,17,212.5,0.0
5282,EMP-2332,2024-12-01,0,9,112.5,0.0
5283,EMP-2333,2024-12-01,0,20,250.0,0.0
5284,EMP-2334,2024-12-01,0,8,100.0,0.0
5285,EMP-2335,2024-12-01,0,3,37.5,0.0
5286,EMP-2336,2024-12-01,0,13,162.5,0.0
5287,EMP-2337,2024-12-01,0,11,137.5,0.0
5288,EMP-2338,2024-12-01,0,16,200.0,0.0
5289,EMP-2339,2024-12-01,0,20,250.0,0.0
5290,EMP-2340,2024-12-01,0,18,225.0,0.0
5291,EMP-2341,2024-12-01,0,1,12.5,0.0
5292,EMP-2342,2024-12-01,2,0,0.0,72.13
5293,EMP-2343,2024-12-01,0,11,137.5,0.0
5294,EMP-2344,2024-12-01,0,2,25.0,0.0
5295,EMP-2345,2024-12-01,0,9,112.5,0.0
5296,EMP-2346,2024-12-01,0,9,112.5,0.0
5297,EMP-2347,2024-12-01,0,0,0.0,0.0
5298,EMP-2350,2024-12-01,1,0,0.0,23.13
5299,EMP-2351,2024-12-01,0,4,50.0,0.0
5300,EMP-2352,2024-12-01,0,7,87.5,0.0
5301,EMP-2355,2024-12-01,0,14,175.0,0.0
5302,EMP-2356,2024-12-01,0,2,25.0,0.0
5303,EMP-2357,2024-12-01,0,19,237.5,0.0
5304,EMP-2358,2024-12-01,0,15,187.5,0.0
5305,EMP-2359,2024-12-01,2,0,0.0,44.67
5306,EMP-2361,2024-12-01,0,11,137.5,0.0
5307,EMP-2362,2024-12-01,2,0,0.0,41.87
5308,EMP-2364,2024-12-01,0,8,100.0,0.0
5309,EMP-2365,2024-12-01,0,1,12.5,0.0
5310,EMP-2366,2024-12-01,0,19,237.5,0.0
5311,EMP-2367,2024-12-01,0,12,150.0,0.0
5312,EMP-2368,2024-12-01,2,0,0.0,255.6
5313,EMP-2369,2024-12-01,2,0,0.0,103.27
5314,EMP-2370,2024-12-01,0,2,25.0,0.0
5315,EMP-2371,2024-12-01,0,18,225.0,0.0
5316,EMP-2373,2024-12-01,1,0,0.0,101.33
5317,EMP-2374,2024-12-01,0,13,162.5,0.0
5318,EMP-2375,2024-12-01,0,9,112.5,0.0
5319,EMP-2376,2024-12-01,0,16,200.0,0.0
5320,EMP-2377,2024-12-01,0,17,212.5,0.0
5321,EMP-2379,2024-12-01,1,0,0.0,138.6
5322,EMP-2382,2024-12-01,3,0,0.0,178.2
5323,EMP-2383,2024-12-01,0,15,187.5,0.0
5324,EMP-2384,2024-12-01,0,6,75.0,0.0
5325,EMP-2385,2024-12-01,0,14,175.0,0.0
5326,EMP-2387,2024-12-01,1,0,0.0,36.5
5327,EMP-2389,2024-12-01,1,0,0.0,25.87
5328,EMP-2390,2024-12-01,0,19,237.5,0.0
5329,EMP-2391,2024-12-01,0,15,187.5,0.0
5330,EMP-2392,2024-12-01,1,0,0.0,22.77
5331,EMP-2393,2024-12-01,0,10,125.0,0.0
5332,EMP-2394,2024-12-01,2,0,0.0,53.87
5333,EMP-2395,2024-12-01,3,0,0.0,285.2
5334,EMP-2396,2024-12-01,0,16,200.0,0.0
5335,EMP-2398,2024-12-01,3,0,0.0,114.2
5336,EMP-2399,2024-12-01,0,12,150.0,0.0
5337,EMP-2400,2024-12-01,0,1,12.5,0.0
5338,EMP-2402,2024-12-01,0,19,237.5,0.0
5339,EMP-2405,2024-12-01,1,0,0.0,38.67
5340,EMP-2406,2024-12-01,0,2,25.0,0.0
5341,EMP-2407,2024-12-01,1,0,0.0,30.1
5342,EMP-2408,2024-12-01,0,4,50.0,0.0
5343,EMP-2409,2024-12-01,0,10,125.0,0.0
5344,EMP-2410,2024-12-01,0,15,187.5,0.0
5345,EMP-2411,2024-12-01,0,0,0.0,0.0
5346,EMP-2412,2024-12-01,0,13,162.5,0.0
5347,EMP-2413,2024-12-01,0,13,162.5,0.0
5348,EMP-2415,2024-12-01,0,13,162.5,0.0
5349,EMP-2417,2024-12-01,0,14,175.0,0.0
5350,EMP-2418,2024-12-01,0,7,87.5,0.0
5351,EMP-2420,2024-12-01,0,12,150.0,0.0
5352,EMP-2421,2024-12-01,0,3,37.5,0.0
5353,EMP-2422,2024-12-01,2,0,0.0,102.53
5354,EMP-2423,2024-12-01,0,5,62.5,0.0
5355,EMP-2424,2024-12-01,1,0,0.0,20.97
5356,EMP-2425,2024-12-01,0,18,225.0,0.0
5357,EMP-2426,2024-12-01,2,0,0.0,73.0
5358,EMP-2427,2024-12-01,0,4,50.0,0.0
5359,EMP-2428,2024-12-01,0,8,100.0,0.0
5360,EMP-2429,2024-12-01,0,7,87.5,0.0
5361,EMP-2431,2024-12-01,0,14,175.0,0.0
5362,EMP-2433,2024-12-01,2,0,0.0,51.2
5363,EMP-2434,2024-12-01,0,2,25.0,0.0
5364,EMP-2435,2024-12-01,0,6,75.0,0.0
5365,EMP-2436,2024-12-01,0,15,187.5,0.0
5366,EMP-2438,2024-12-01,0,19,237.5,0.0
5367,EMP-2440,2024-12-01,0,14,175.0,0.0
5368,EMP-2441,2024-12-01,2,0,0.0,212.87
5369,EMP-2442,2024-12-01,0,13,162.5,0.0
5370,EMP-2443,2024-12-01,5,0,0.0,136.5
5371,EMP-2445,2024-12-01,0,12,150.0,0.0
5372,EMP-2446,2024-12-01,0,18,225.0,0.0
5373,EMP-2452,2024-12-01,3,0,0.0,280.6
5374,EMP-2453,2024-12-01,1,0,0.0,79.37
5375,EMP-2455,2024-12-01,0,1,12.5,0.0
5376,EMP-2456,2024-12-01,5,0,0.0,221.17
5377,EMP-2457,2024-12-01,0,15,187.5,0.0
5378,EMP-2458,2024-12-01,0,16,200.0,0.0
5379,EMP-2459,2024-12-01,1,0,0.0,34.93
5380,EMP-2460,2024-12-01,0,17,212.5,0.0
5381,EMP-2462,2024-12-01,0,7,87.5,0.0
5382,EMP-2463,2024-12-01,1,0,0.0,47.9
5383,EMP-2464,2024-12-01,0,15,187.5,0.0
5384,EMP-2465,2024-12-01,1,0,0.0,55.93
5385,EMP-2466,2024-12-01,2,0,0.0,205.2
5386,EMP-2469,2024-12-01,0,3,37.5,0.0
5387,EMP-2470,2024-12-01,1,0,0.0,28.83
5388,EMP-2471,2024-12-01,0,6,75.0,0.0
5389,EMP-2474,2024-12-01,0,1,12.5,0.0
5390,EMP-2476,2024-12-01,0,13,162.5,0.0
5391,EMP-2477,2024-12-01,3,0,0.0,399.2
5392,EMP-2478,2024-12-01,0,11,137.5,0.0
5393,EMP-2479,2024-12-01,0,8,100.0,0.0
5394,EMP-2481,2024-12-01,0,7,87.5,0.0
5395,EMP-2482,2024-12-01,1,0,0.0,60.67
5396,EMP-2483,2024-12-01,0,14,175.0,0.0
5397,EMP-2484,2024-12-01,0,12,150.0,0.0
5398,EMP-2486,2024-12-01,0,8,100.0,0.0
5399,EMP-2487,2024-12-01,5,0,0.0,158.0
5400,EMP-2488,2024-12-01,0,12,150.0,0.0
5401,EMP-2489,2024-12-01,0,3,37.5,0.0
5402,EMP-2491,2024-12-01,0,10,125.0,0.0
5403,EMP-2492,2024-12-01,0,19,237.5,0.0
5404,EMP-2493,2024-12-01,0,20,250.0,0.0
5405,EMP-2495,2024-12-01,3,0,0.0,132.6
5406,EMP-2496,2024-12-01,2,0,0.0,63.53
5407,EMP-2497,2024-12-01,0,18,225.0,0.0
5408,EMP-2498,2024-12-01,0,20,250.0,0.0
5409,EMP-2499,2024-12-01,0,15,187.5,0.0
5410,EMP-2500,2024-12-01,0,0,0.0,0.0
5411,EMP-2501,2024-12-01,0,16,200.0,0.0
5412,EMP-2502,2024-12-01,0,7,87.5,0.0
5413,EMP-2503,2024-12-01,3,0,0.0,63.8
5414,EMP-2504,2024-12-01,0,4,50.0,0.0
5415,EMP-2505,2024-12-01,0,13,162.5,0.0
5416,EMP-2506,2024-12-01,1,0,0.0,54.4
5417,EMP-2508,2024-12-01,1,0,0.0,39.8
5418,EMP-2509,2024-12-01,3,0,0.0,161.8
5419,EMP-2510,2024-12-01,0,4,50.0,0.0
5420,EMP-2511,2024-12-01,1,0,0.0,27.9
5421,EMP-2512,2024-12-01,0,6,75.0,0.0
5422,EMP-2513,2024-12-01,0,17,212.5,0.0
5423,EMP-2514,2024-12-01,0,13,162.5,0.0
5424,EMP-2517,2024-12-01,0,18,225.0,0.0
5425,EMP-2518,2024-12-01,0,1,12.5,0.0
5426,EMP-2520,2024-12-01,0,13,162.5,0.0
5427,EMP-2521,2024-12-01,0,17,212.5,0.0
5428,EMP-2522,2024-12-01,2,0,0.0,88.53
5429,EMP-2524,2024-12-01,0,20,250.0,0.0
5430,EMP-2525,2024-12-01,1,0,0.0,24.57
5431,EMP-2526,2024-12-01,1,0,0.0,57.6
5432,EMP-2527,2024-12-01,0,12,150.0,0.0
5433,EMP-2528,2024-12-01,2,0,0.0,84.4
5434,EMP-2529,2024-12-01,0,7,87.5,0.0
5435,EMP-2530,2024-12-01,3,0,0.0,368.2
5436,EMP-2531,2024-12-01,0,12,150.0,0.0
5437,EMP-2532,2024-12-01,0,17,212.5,0.0
5438,EMP-2533,2024-12-01,0,15,187.5,0.0
5439,EMP-2534,2024-12-01,1,0,0.0,49.27
5440,EMP-2535,2024-12-01,1,0,0.0,35.57
5441,EMP-2536,2024-12-01,3,0,0.0,151.1
5442,EMP-2538,2024-12-01,0,5,62.5,0.0
5443,EMP-2539,2024-12-01,0,6,75.0,0.0
5444,EMP-2540,2024-12-01,0,20,250.0,0.0
5445,EMP-2541,2024-12-01,0,12,150.0,0.0
5446,EMP-2542,2024-12-01,0,4,50.0,0.0
5447,EMP-2543,2024-12-01,1,0,0.0,55.13
5448,EMP-2544,2024-12-01,0,5,62.5,0.0
5449,EMP-2545,2024-12-01,0,14,175.0,0.0
5450,EMP-2547,2024-12-01,0,2,25.0,0.0
5451,EMP-2548,2024-12-01,0,12,150.0,0.0
5452,EMP-2549,2024-12-01,0,0,0.0,0.0
5453,EMP-2551,2024-12-01,0,5,62.5,0.0
5454,EMP-2552,2024-12-01,0,2,25.0,0.0
5455,EMP-2553,2024-12-01,1,0,0.0,53.87
5456,EMP-2554,2024-12-01,0,1,12.5,0.0
5457,EMP-2556,2024-12-01,0,13,162.5,0.0
5458,EMP-2557,2024-12-01,0,5,62.5,0.0
5459,EMP-2558,2024-12-01,1,0,0.0,58.37
5460,EMP-2560,2024-12-01,0,20,250.0,0.0
5461,EMP-2561,2024-12-01,0,3,37.5,0.0
5462,EMP-2562,2024-12-01,2,0,0.0,61.73
5463,EMP-2563,2024-12-01,0,16,200.0,0.0
5464,EMP-2564,2024-12-01,0,12,150.0,0.0
5465,EMP-2565,2024-12-01,0,9,112.5,0.0
5466,EMP-2567,2024-12-01,0,8,100.0,0.0
5467,EMP-2568,2024-12-01,0,5,62.5,0.0
5468,EMP-2570,2024-12-01,0,5,62.5,0.0
5469,EMP-2571,2024-12-01,0,12,150.0,0.0
5470,EMP-2572,2024-12-01,1,0,0.0,51.83
5471,EMP-2573,2024-12-01,0,16,200.0,0.0
5472,EMP-2574,2024-12-01,0,20,250.0,0.0
5473,EMP-2575,2024-12-01,0,16,200.0,0.0
5474,EMP-2576,2024-12-01,0,6,75.0,0.0
5475,EMP-2577,2024-12-01,0,12,150.0,0.0
5476,EMP-2578,2024-12-01,0,17,212.5,0.0
5477,EMP-2579,2024-12-01,2,0,0.0,85.47
5478,EMP-2580,2024-12-01,0,14,175.0,0.0
5479,EMP-2581,2024-12-01,1,0,0.0,91.33
5480,EMP-2582,2024-12-01,0,16,200.0,0.0
5481,EMP-2583,2024-12-01,0,20,250.0,0.0
5482,EMP-2584,2024-12-01,1,0,0.0,85.23
5483,EMP-2585,2024-12-01,0,1,12.5,0.0
5484,EMP-2586,2024-12-01,1,0,0.0,51.37
5485,EMP-2587,2024-12-01,0,19,237.5,0.0
5486,EMP-2588,2024-12-01,3,0,0.0,416.6
5487,EMP-2589,2024-12-01,0,4,50.0,0.0
5488,EMP-2590,2024-12-01,1,0,0.0,38.53
5489,EMP-2591,2024-12-01,2,0,0.0,40.33
5490,EMP-2592,2024-12-01,0,19,237.5,0.0
5491,EMP-2593,2024-12-01,1,0,0.0,38.3
5492,EMP-2594,2024-12-01,0,14,175.0,0.0
5493,EMP-2595,2024-12-01,1,0,0.0,59.07
5494,EMP-2597,2024-12-01,0,14,175.0,0.0
5495,EMP-2598,2024-12-01,0,0,0.0,0.0
5496,EMP-2599,2024-12-01,2,0,0.0,98.47
5497,EMP-2001,2025-01-01,0,0,0.0,0.0
5498,EMP-2003,2025-01-01,0,10,125.0,0.0
5499,EMP-2004,2025-01-01,0,3,37.5,0.0
5500,EMP-2005,2025-01-01,2,0,0.0,136.87
5501,EMP-2006,2025-01-01,1,0,0.0,27.53
5502,EMP-2008,2025-01-01,0,19,237.5,0.0
5503,EMP-2010,2025-01-01,0,13,162.5,0.0
5504,EMP-2011,2025-01-01,3,0,0.0,134.2
5505,EMP-2012,2025-01-01,2,0,0.0,64.73
5506,EMP-2014,2025-01-01,2,0,0.0,264.53
5507,EMP-2015,2025-01-01,0,0,0.0,0.0
5508,EMP-2016,2025-01-01,5,0,0.0,215.17
5509,EMP-2017,2025-01-01,0,3,37.5,0.0
5510,EMP-2018,2025-01-01,0,17,212.5,0.0
5511,EMP-2019,2025-01-01,0,10,125.0,0.0
5512,EMP-2020,2025-01-01,0,7,87.5,0.0
5513,EMP-2024,2025-01-01,3,0,0.0,284.1
5514,EMP-2025,2025-01-01,0,6,75.0,0.0
5515,EMP-2026,2025-01-01,1,0,0.0,21.6
5516,EMP-2027,2025-01-01,0,2,25.0,0.0
5517,EMP-2028,2025-01-01,1,0,0.0,40.53
5518,EMP-2029,2025-01-01,0,5,62.5,0.0
5519,EMP-2031,2025-01-01,3,0,0.0,436.7
5520,EMP-2032,2025-01-01,0,8,100.0,0.0
5521,EMP-2034,2025-01-01,1,0,0.0,50.7
5522,EMP-2036,2025-01-01,0,14,175.0,0.0
5523,EMP-2037,2025-01-01,0,17,212.5,0.0
5524,EMP-2038,2025-01-01,0,6,75.0,0.0
5525,EMP-2039,2025-01-01,0,10,125.0,0.0
5526,EMP-2040,2025-01-01,0,5,62.5,0.0
5527,EMP-2041,2025-01-01,1,0,0.0,27.53
5528,EMP-2042,2025-01-01,0,10,125.0,0.0
5529,EMP-2043,2025-01-01,5,0,0.0,281.0
5530,EMP-2044,2025-01-01,0,5,62.5,0.0
5531,EMP-2047,2025-01-01,1,0,0.0,31.2
5532,EMP-2049,2025-01-01,2,0,0.0,111.73
5533,EMP-2050,2025-01-01,0,15,187.5,0.0
5534,EMP-2051,2025-01-01,2,0,0.0,81.2
5535,EMP-2052,2025-01-01,0,15,187.5,0.0
5536,EMP-2053,2025-01-01,0,12,150.0,0.0
5537,EMP-2055,2025-01-01,0,3,37.5,0.0
5538,EMP-2056,2025-01-01,0,18,225.0,0.0
5539,EMP-2057,2025-01-01,0,13,162.5,0.0
5540,EMP-2058,2025-01-01,1,0,0.0,27.3
5541,EMP-2059,2025-01-01,0,0,0.0,0.0
5542,EMP-2060,2025-01-01,0,17,212.5,0.0
5543,EMP-2061,2025-01-01,1,0,0.0,52.87
5544,EMP-2062,2025-01-01,0,11,137.5,0.0
5545,EMP-2063,2025-01-01,0,20,250.0,0.0
5546,EMP-2064,2025-01-01,3,0,0.0,136.7
5547,EMP-2065,2025-01-01,0,10,125.0,0.0
5548,EMP-2066,2025-01-01,0,3,37.5,0.0
5549,EMP-2068,2025-01-01,0,3,37.5,0.0
5550,EMP-2069,2025-01-01,0,4,50.0,0.0
5551,EMP-2070,2025-01-01,3,0,0.0,133.4
5552,EMP-2071,2025-01-01,0,6,75.0,0.0
5553,EMP-2072,2025-01-01,0,17,212.5,0.0
5554,EMP-2073,2025-01-01,0,6,75.0,0.0
5555,EMP-2074,2025-01-01,0,7,87.5,0.0
5556,EMP-2075,2025-01-01,0,0,0.0,0.0
5557,EMP-2076,2025-01-01,0,15,187.5,0.0
5558,EMP-2078,2025-01-01,2,0,0.0,96.6
5559,EMP-2079,2025-01-01,0,7,87.5,0.0
5560,EMP-2081,2025-01-01,2,0,0.0,115.87
5561,EMP-2082,2025-01-01,0,15,187.5,0.0
5562,EMP-2083,2025-01-01,1,0,0.0,71.57
5563,EMP-2084,2025-01-01,0,13,162.5,0.0
5564,EMP-2085,2025-01-01,1,0,0.0,49.9
5565,EMP-2086,2025-01-01,0,11,137.5,0.0
5566,EMP-2087,2025-01-01,2,0,0.0,47.93
5567,EMP-2089,2025-01-01,2,0,0.0,110.27
5568,EMP-2090,2025-01-01,1,0,0.0,88.67
5569,EMP-2091,2025-01-01,2,0,0.0,242.6
5570,EMP-2093,2025-01-01,0,8,100.0,0.0
5571,EMP-2094,2025-01-01,1,0,0.0,31.63
5572,EMP-2095,2025-01-01,0,15,187.5,0.0
5573,EMP-2096,2025-01-01,5,0,0.0,182.17
5574,EMP-2098,2025-01-01,1,0,0.0,47.33
5575,EMP-2101,2025-01-01,2,0,0.0,55.0
5576,EMP-2102,2025-01-01,0,18,225.0,0.0
5577,EMP-2103,2025-01-01,2,0,0.0,61.47
5578,EMP-2104,2025-01-01,2,0,0.0,277.07
5579,EMP-2105,2025-01-01,0,2,25.0,0.0
5580,EMP-2106,2025-01-01,0,0,0.0,0.0
5581,EMP-2107,2025-01-01,0,18,225.0,0.0
5582,EMP-2109,2025-01-01,0,13,162.5,0.0
5583,EMP-2110,2025-01-01,0,0,0.0,0.0
5584,EMP-2112,2025-01-01,2,0,0.0,111.07
5585,EMP-2113,2025-01-01,0,5,62.5,0.0
5586,EMP-2114,2025-01-01,0,17,212.5,0.0
5587,EMP-2115,2025-01-01,0,20,250.0,0.0
5588,EMP-2116,2025-01-01,2,0,0.0,64.27
5589,EMP-2117,2025-01-01,1,0,0.0,25.07
5590,EMP-2119,2025-01-01,0,7,87.5,0.0
5591,EMP-2120,2025-01-01,0,18,225.0,0.0
5592,EMP-2121,2025-01-01,2,0,0.0,86.73
5593,EMP-2122,2025-01-01,0,9,112.5,0.0
5594,EMP-2123,2025-01-01,0,13,162.5,0.0
5595,EMP-2124,2025-01-01,0,6,75.0,0.0
5596,EMP-2125,2025-01-01,5,0,0.0,285.5
5597,EMP-2127,2025-01-01,0,20,250.0,0.0
5598,EMP-2129,2025-01-01,1,0,0.0,128.47
5599,EMP-2130,2025-01-01,3,0,0.0,135.0
5600,EMP-2131,2025-01-01,3,0,0.0,193.1
5601,EMP-2133,2025-01-01,0,10,125.0,0.0
5602,EMP-2134,2025-01-01,2,0,0.0,115.33
5603,EMP-2136,2025-01-01,0,7,87.5,0.0
5604,EMP-2137,2025-01-01,0,7,87.5,0.0
5605,EMP-2139,2025-01-01,0,8,100.0,0.0
5606,EMP-2141,2025-01-01,0,12,150.0,0.0
5607,EMP-2142,2025-01-01,1,0,0.0,28.33
5608,EMP-2144,2025-01-01,0,7,87.5,0.0
5609,EMP-2145,2025-01-01,0,20,250.0,0.0
5610,EMP-2146,2025-01-01,1,0,0.0,51.7
5611,EMP-2147,2025-01-01,0,14,175.0,0.0
5612,EMP-2148,2025-01-01,0,15,187.5,0.0
5613,EMP-2149,2025-01-01,2,0,0.0,272.0
5614,EMP-2150,2025-01-01,0,6,75.0,0.0
5615,EMP-2151,2025-01-01,2,0,0.0,70.33
5616,EMP-2155,2025-01-01,0,20,250.0,0.0
5617,EMP-2156,2025-01-01,0,9,112.5,0.0
5618,EMP-2157,2025-01-01,0,6,75.0,0.0
5619,EMP-2158,2025-01-01,5,0,0.0,269.5
5620,EMP-2159,2025-01-01,0,19,237.5,0.0
5621,EMP-2160,2025-01-01,0,3,37.5,0.0
5622,EMP-2161,2025-01-01,0,7,87.5,0.0
5623,EMP-2162,2025-01-01,0,18,225.0,0.0
5624,EMP-2163,2025-01-01,0,15,187.5,0.0
5625,EMP-2164,2025-01-01,0,17,212.5,0.0
5626,EMP-2165,2025-01-01,2,0,0.0,107.2
5627,EMP-2167,2025-01-01,0,6,75.0,0.0
5628,EMP-2168,2025-01-01,0,12,150.0,0.0
5629,EMP-2170,2025-01-01,0,5,62.5,0.0
5630,EMP-2171,2025-01-01,1,0,0.0,42.33
5631,EMP-2172,2025-01-01,0,6,75.0,0.0
5632,EMP-2173,2025-01-01,0,13,162.5,0.0
5633,EMP-2174,2025-01-01,0,15,187.5,0.0
5634,EMP-2175,2025-01-01,5,0,0.0,327.5
5635,EMP-2177,2025-01-01,0,0,0.0,0.0
5636,EMP-2178,2025-01-01,0,17,212.5,0.0
5637,EMP-2180,2025-01-01,0,7,87.5,0.0
5638,EMP-2181,2025-01-01,0,4,50.0,0.0
5639,EMP-2182,2025-01-01,1,0,0.0,126.43
5640,EMP-2183,2025-01-01,0,14,175.0,0.0
5641,EMP-2184,2025-01-01,0,1,12.5,0.0
5642,EMP-2185,2025-01-01,0,10,125.0,0.0
5643,EMP-2186,2025-01-01,0,3,37.5,0.0
5644,EMP-2187,2025-01-01,0,2,25.0,0.0
5645,EMP-2188,2025-01-01,1,0,0.0,79.8
5646,EMP-2189,2025-01-01,0,13,162.5,0.0
5647,EMP-2190,2025-01-01,0,20,250.0,0.0
5648,EMP-2191,2025-01-01,0,16,200.0,0.0
5649,EMP-2192,2025-01-01,0,9,112.5,0.0
5650,EMP-2194,2025-01-01,2,0,0.0,103.47
5651,EMP-2195,2025-01-01,3,0,0.0,120.4
5652,EMP-2197,2025-01-01,0,16,200.0,0.0
5653,EMP-2198,2025-01-01,0,4,50.0,0.0
5654,EMP-2199,2025-01-01,0,1,12.5,0.0
5655,EMP-2200,2025-01-01,0,7,87.5,0.0
5656,EMP-2201,2025-01-01,0,18,225.0,0.0
5657,EMP-2203,2025-01-01,0,14,175.0,0.0
5658,EMP-2204,2025-01-01,0,20,250.0,0.0
5659,EMP-2206,2025-01-01,0,12,150.0,0.0
5660,EMP-2208,2025-01-01,0,12,150.0,0.0
5661,EMP-2210,2025-01-01,1,0,0.0,31.37
5662,EMP-2211,2025-01-01,2,0,0.0,52.07
5663,EMP-2212,2025-01-01,1,0,0.0,36.07
5664,EMP-2213,2025-01-01,0,7,87.5,0.0
5665,EMP-2214,2025-01-01,0,0,0.0,0.0
5666,EMP-2215,2025-01-01,2,0,0.0,199.13
5667,EMP-2216,2025-01-01,0,4,50.0,0.0
5668,EMP-2217,2025-01-01,0,5,62.5,0.0
5669,EMP-2218,2025-01-01,0,9,112.5,0.0
5670,EMP-2219,2025-01-01,0,8,100.0,0.0
5671,EMP-2220,2025-01-01,1,0,0.0,42.03
5672,EMP-2221,2025-01-01,0,9,112.5,0.0
5673,EMP-2222,2025-01-01,0,10,125.0,0.0
5674,EMP-2223,2025-01-01,0,0,0.0,0.0
5675,EMP-2224,2025-01-01,0,3,37.5,0.0
5676,EMP-2225,2025-01-01,3,0,0.0,113.7
5677,EMP-2226,2025-01-01,0,20,250.0,0.0
5678,EMP-2227,2025-01-01,0,5,62.5,0.0
5679,EMP-2229,2025-01-01,3,0,0.0,433.2
5680,EMP-2230,2025-01-01,0,0,0.0,0.0
5681,EMP-2231,2025-01-01,1,0,0.0,59.7
5682,EMP-2232,2025-01-01,0,2,25.0,0.0
5683,EMP-2233,2025-01-01,1,0,0.0,147.63
5684,EMP-2234,2025-01-01,0,0,0.0,0.0
5685,EMP-2235,2025-01-01,1,0,0.0,132.7
5686,EMP-2236,2025-01-01,0,0,0.0,0.0
5687,EMP-2237,2025-01-01,0,18,225.0,0.0
5688,EMP-2238,2025-01-01,1,0,0.0,36.77
5689,EMP-2240,2025-01-01,0,0,0.0,0.0
5690,EMP-2241,2025-01-01,1,0,0.0,42.23
5691,EMP-2242,2025-01-01,0,18,225.0,0.0
5692,EMP-2243,2025-01-01,0,16,200.0,0.0
5693,EMP-2245,2025-01-01,0,3,37.5,0.0
5694,EMP-2246,2025-01-01,0,19,237.5,0.0
5695,EMP-2247,2025-01-01,0,10,125.0,0.0
5696,EMP-2248,2025-01-01,0,20,250.0,0.0
5697,EMP-2251,2025-01-01,1,0,0.0,111.27
5698,EMP-2252,2025-01-01,0,3,37.5,0.0
5699,EMP-2253,2025-01-01,0,1,12.5,0.0
5700,EMP-2255,2025-01-01,0,16,200.0,0.0
5701,EMP-2256,2025-01-01,0,0,0.0,0.0
5702,EMP-2257,2025-01-01,0,2,25.0,0.0
5703,EMP-2258,2025-01-01,0,13,162.5,0.0
5704,EMP-2259,2025-01-01,0,4,50.0,0.0
5705,EMP-2260,2025-01-01,0,18,225.0,0.0
5706,EMP-2261,2025-01-01,0,15,187.5,0.0
5707,EMP-2262,2025-01-01,0,6,75.0,0.0
5708,EMP-2263,2025-01-01,0,19,237.5,0.0
5709,EMP-2264,2025-01-01,0,20,250.0,0.0
5710,EMP-2265,2025-01-01,0,2,25.0,0.0
5711,EMP-2266,2025-01-01,0,13,162.5,0.0
5712,EMP-2267,2025-01-01,0,11,137.5,0.0
5713,EMP-2268,2025-01-01,0,20,250.0,0.0
5714,EMP-2270,2025-01-01,3,0,0.0,126.3
5715,EMP-2271,2025-01-01,1,0,0.0,40.23
5716,EMP-2272,2025-01-01,2,0,0.0,79.47
5717,EMP-2274,2025-01-01,1,0,0.0,45.23
5718,EMP-2275,2025-01-01,0,2,25.0,0.0
5719,EMP-2276,2025-01-01,0,18,225.0,0.0
5720,EMP-2277,2025-01-01,0,9,112.5,0.0
5721,EMP-2281,2025-01-01,3,0,0.0,115.9
5722,EMP-2283,2025-01-01,2,0,0.0,98.33
5723,EMP-2284,2025-01-01,0,18,225.0,0.0
5724,EMP-2285,2025-01-01,0,18,225.0,0.0
5725,EMP-2286,2025-01-01,0,1,12.5,0.0
5726,EMP-2288,2025-01-01,0,15,187.5,0.0
5727,EMP-2289,2025-01-01,0,8,100.0,0.0
5728,EMP-2290,2025-01-01,2,0,0.0,112.67
5729,EMP-2291,2025-01-01,3,0,0.0,441.5
5730,EMP-2294,2025-01-01,0,18,225.0,0.0
5731,EMP-2295,2025-01-01,0,8,100.0,0.0
5732,EMP-2297,2025-01-01,3,0,0.0,87.3
5733,EMP-2299,2025-01-01,0,2,25.0,0.0
5734,EMP-2300,2025-01-01,0,18,225.0,0.0
5735,EMP-2301,2025-01-01,0,19,237.5,0.0
5736,EMP-2302,2025-01-01,0,17,212.5,0.0
5737,EMP-2303,2025-01-01,0,4,50.0,0.0
5738,EMP-2304,2025-01-01,0,14,175.0,0.0
5739,EMP-2305,2025-01-01,0,14,175.0,0.0
5740,EMP-2306,2025-01-01,3,0,0.0,75.9
5741,EMP-2307,2025-01-01,0,18,225.0,0.0
5742,EMP-2308,2025-01-01,1,0,0.0,37.03
5743,EMP-2309,2025-01-01,1,0,0.0,104.03
5744,EMP-2310,2025-01-01,3,0,0.0,172.8
5745,EMP-2311,2025-01-01,1,0,0.0,44.0
5746,EMP-2313,2025-01-01,0,3,37.5,0.0
5747,EMP-2314,2025-01-01,3,0,0.0,111.7
5748,EMP-2315,2025-01-01,0,20,250.0,0.0
5749,EMP-2316,2025-01-01,3,0,0.0,142.0
5750,EMP-2317,2025-01-01,0,4,50.0,0.0
5751,EMP-2318,2025-01-01,0,10,125.0,0.0
5752,EMP-2319,2025-01-01,0,6,75.0,0.0
5753,EMP-2320,2025-01-01,1,0,0.0,47.67
5754,EMP-2321,2025-01-01,0,14,175.0,0.0
5755,EMP-2322,2025-01-01,0,16,200.0,0.0
5756,EMP-2323,2025-01-01,3,0,0.0,255.4
5757,EMP-2324,2025-01-01,0,2,25.0,0.0
5758,EMP-2325,2025-01-01,0,13,162.5,0.0
5759,EMP-2326,2025-01-01,2,0,0.0,118.0
5760,EMP-2327,2025-01-01,1,0,0.0,50.03
5761,EMP-2328,2025-01-01,2,0,0.0,103.73
5762,EMP-2329,2025-01-01,0,18,225.0,0.0
5763,EMP-2330,2025-01-01,0,18,225.0,0.0
5764,EMP-2331,2025-01-01,0,14,175.0,0.0
5765,EMP-2332,2025-01-01,3,0,0.0,122.7
5766,EMP-2333,2025-01-01,0,11,137.5,0.0
5767,EMP-2334,2025-01-01,1,0,0.0,85.37
5768,EMP-2335,2025-01-01,0,19,237.5,0.0
5769,EMP-2336,2025-01-01,0,17,212.5,0.0
5770,EMP-2337,2025-01-01,0,20,250.0,0.0
5771,EMP-2338,2025-01-01,0,5,62.5,0.0
5772,EMP-2339,2025-01-01,0,2,25.0,0.0
5773,EMP-2340,2025-01-01,0,18,225.0,0.0
5774,EMP-2341,2025-01-01,0,20,250.0,0.0
5775,EMP-2342,2025-01-01,0,18,225.0,0.0
5776,EMP-2343,2025-01-01,1,0,0.0,131.13
5777,EMP-2344,2025-01-01,1,0,0.0,71.13
5778,EMP-2345,2025-01-01,0,9,112.5,0.0
5779,EMP-2346,2025-01-01,1,0,0.0,70.33
5780,EMP-2347,2025-01-01,0,1,12.5,0.0
5781,EMP-2350,2025-01-01,1,0,0.0,23.13
5782,EMP-2351,2025-01-01,2,0,0.0,193.87
5783,EMP-2352,2025-01-01,0,7,87.5,0.0
5784,EMP-2355,2025-01-01,1,0,0.0,49.33
5785,EMP-2356,2025-01-01,0,9,112.5,0.0
5786,EMP-2357,2025-01-01,0,13,162.5,0.0
5787,EMP-2358,2025-01-01,0,16,200.0,0.0
5788,EMP-2359,2025-01-01,0,6,75.0,0.0
5789,EMP-2361,2025-01-01,0,9,112.5,0.0
5790,EMP-2362,2025-01-01,2,0,0.0,41.87
5791,EMP-2364,2025-01-01,0,17,212.5,0.0
5792,EMP-2365,2025-01-01,0,0,0.0,0.0
5793,EMP-2366,2025-01-01,0,8,100.0,0.0
5794,EMP-2367,2025-01-01,0,18,225.0,0.0
5795,EMP-2368,2025-01-01,0,7,87.5,0.0
5796,EMP-2369,2025-01-01,2,0,0.0,103.27
5797,EMP-2370,2025-01-01,0,14,175.0,0.0
5798,EMP-2371,2025-01-01,0,1,12.5,0.0
5799,EMP-2373,2025-01-01,0,8,100.0,0.0
5800,EMP-2374,2025-01-01,0,9,112.5,0.0
5801,EMP-2375,2025-01-01,0,11,137.5,0.0
5802,EMP-2376,2025-01-01,0,1,12.5,0.0
5803,EMP-2377,2025-01-01,2,0,0.0,141.2
5804,EMP-2379,2025-01-01,0,14,175.0,0.0
5805,EMP-2382,2025-01-01,1,0,0.0,59.4
5806,EMP-2383,2025-01-01,0,16,200.0,0.0
5807,EMP-2384,2025-01-01,2,0,0.0,99.53
5808,EMP-2385,2025-01-01,0,14,175.0,0.0
5809,EMP-2387,2025-01-01,0,20,250.0,0.0
5810,EMP-2389,2025-01-01,2,0,0.0,51.73
5811,EMP-2390,2025-01-01,0,5,62.5,0.0
5812,EMP-2391,2025-01-01,1,0,0.0,135.0
5813,EMP-2392,2025-01-01,1,0,0.0,22.77
5814,EMP-2393,2025-01-01,0,20,250.0,0.0
5815,EMP-2394,2025-01-01,1,0,0.0,26.93
5816,EMP-2395,2025-01-01,0,10,125.0,0.0
5817,EMP-2396,2025-01-01,2,0,0.0,88.13
5818,EMP-2398,2025-01-01,0,19,237.5,0.0
5819,EMP-2399,2025-01-01,0,16,200.0,0.0
5820,EMP-2400,2025-01-01,1,0,0.0,22.23
5821,EMP-2402,2025-01-01,0,13,162.5,0.0
5822,EMP-2405,2025-01-01,0,3,37.5,0.0
5823,EMP-2406,2025-01-01,0,1,12.5,0.0
5824,EMP-2407,2025-01-01,0,4,50.0,0.0
5825,EMP-2408,2025-01-01,5,0,0.0,561.17
5826,EMP-2409,2025-01-01,1,0,0.0,33.4
5827,EMP-2410,2025-01-01,5,0,0.0,294.67
5828,EMP-2411,2025-01-01,0,0,0.0,0.0
5829,EMP-2412,2025-01-01,0,7,87.5,0.0
5830,EMP-2413,2025-01-01,0,1,12.5,0.0
5831,EMP-2415,2025-01-01,0,9,112.5,0.0
5832,EMP-2417,2025-01-01,1,0,0.0,25.9
5833,EMP-2418,2025-01-01,0,5,62.5,0.0
5834,EMP-2420,2025-01-01,0,17,212.5,0.0
5835,EMP-2421,2025-01-01,0,0,0.0,0.0
5836,EMP-2422,2025-01-01,0,20,250.0,0.0
5837,EMP-2423,2025-01-01,0,3,37.5,0.0
5838,EMP-2424,2025-01-01,1,0,0.0,20.97
5839,EMP-2425,2025-01-01,0,8,100.0,0.0
5840,EMP-2426,2025-01-01,0,4,50.0,0.0
5841,EMP-2427,2025-01-01,1,0,0.0,64.77
5842,EMP-2428,2025-01-01,0,14,175.0,0.0
5843,EMP-2429,2025-01-01,0,0,0.0,0.0
5844,EMP-2431,2025-01-01,0,19,237.5,0.0
5845,EMP-2433,2025-01-01,2,0,0.0,51.2
5846,EMP-2434,2025-01-01,0,20,250.0,0.0
5847,EMP-2435,2025-01-01,0,20,250.0,0.0
5848,EMP-2436,2025-01-01,0,16,200.0,0.0
5849,EMP-2438,2025-01-01,1,0,0.0,37.83
5850,EMP-2440,2025-01-01,0,13,162.5,0.0
5851,EMP-2441,2025-01-01,0,13,162.5,0.0
5852,EMP-2442,2025-01-01,0,7,87.5,0.0
5853,EMP-2443,2025-01-01,0,18,225.0,0.0
5854,EMP-2445,2025-01-01,0,8,100.0,0.0
5855,EMP-2446,2025-01-01,1,0,0.0,25.7
5856,EMP-2452,2025-01-01,0,2,25.0,0.0
5857,EMP-2453,2025-01-01,1,0,0.0,79.37
5858,EMP-2455,2025-01-01,0,8,100.0,0.0
5859,EMP-2456,2025-01-01,0,13,162.5,0.0
5860,EMP-2457,2025-01-01,0,5,62.5,0.0
5861,EMP-2458,2025-01-01,5,0,0.0,214.0
5862,EMP-2459,2025-01-01,0,1,12.5,0.0
5863,EMP-2460,2025-01-01,2,0,0.0,101.73
5864,EMP-2462,2025-01-01,0,3,37.5,0.0
5865,EMP-2463,2025-01-01,5,0,0.0,239.5
5866,EMP-2464,2025-01-01,0,3,37.5,0.0
5867,EMP-2465,2025-01-01,0,7,87.5,0.0
5868,EMP-2466,2025-01-01,0,9,112.5,0.0
5869,EMP-2469,2025-01-01,0,11,137.5,0.0
5870,EMP-2470,2025-01-01,0,11,137.5,0.0
5871,EMP-2471,2025-01-01,0,0,0.0,0.0
5872,EMP-2474,2025-01-01,0,16,200.0,0.0
5873,EMP-2476,2025-01-01,0,7,87.5,0.0
5874,EMP-2477,2025-01-01,0,13,162.5,0.0
5875,EMP-2478,2025-01-01,0,20,250.0,0.0
5876,EMP-2479,2025-01-01,0,5,62.5,0.0
5877,EMP-2481,2025-01-01,0,1,12.5,0.0
5878,EMP-2482,2025-01-01,0,20,250.0,0.0
5879,EMP-2483,2025-01-01,0,14,175.0,0.0
5880,EMP-2484,2025-01-01,0,17,212.5,0.0
5881,EMP-2486,2025-01-01,0,16,200.0,0.0
5882,EMP-2487,2025-01-01,0,6,75.0,0.0
5883,EMP-2488,2025-01-01,0,8,100.0,0.0
5884,EMP-2489,2025-01-01,0,7,87.5,0.0
5885,EMP-2491,2025-01-01,0,1,12.5,0.0
5886,EMP-2492,2025-01-01,0,14,175.0,0.0
5887,EMP-2493,2025-01-01,1,0,0.0,81.53
5888,EMP-2495,2025-01-01,0,5,62.5,0.0
5889,EMP-2496,2025-01-01,1,0,0.0,31.77
5890,EMP-2497,2025-01-01,0,14,175.0,0.0
5891,EMP-2498,2025-01-01,3,0,0.0,168.3
5892,EMP-2499,2025-01-01,0,13,162.5,0.0
5893,EMP-2500,2025-01-01,3,0,0.0,378.3
5894,EMP-2501,2025-01-01,0,19,237.5,0.0
5895,EMP-2502,2025-01-01,0,2,25.0,0.0
5896,EMP-2503,2025-01-01,2,0,0.0,42.53
5897,EMP-2504,2025-01-01,0,20,250.0,0.0
5898,EMP-2505,2025-01-01,0,11,137.5,0.0
5899,EMP-2506,2025-01-01,0,16,200.0,0.0
5900,EMP-2508,2025-01-01,0,16,200.0,0.0
5901,EMP-2509,2025-01-01,0,3,37.5,0.0
5902,EMP-2510,2025-01-01,0,6,75.0,0.0
5903,EMP-2511,2025-01-01,0,9,112.5,0.0
5904,EMP-2512,2025-01-01,0,16,200.0,0.0
5905,EMP-2513,2025-01-01,1,0,0.0,46.7
5906,EMP-2514,2025-01-01,1,0,0.0,47.23
5907,EMP-2515,2025-01-01,0,12,150.0,0.0
5908,EMP-2517,2025-01-01,0,3,37.5,0.0
5909,EMP-2518,2025-01-01,0,1,12.5,0.0
5910,EMP-2519,2025-01-01,0,19,237.5,0.0
5911,EMP-2520,2025-01-01,0,16,200.0,0.0
5912,EMP-2521,2025-01-01,2,0,0.0,140.8
5913,EMP-2522,2025-01-01,0,3,37.5,0.0
5914,EMP-2524,2025-01-01,0,20,250.0,0.0
5915,EMP-2525,2025-01-01,0,0,0.0,0.0
5916,EMP-2526,2025-01-01,0,12,150.0,0.0
5917,EMP-2527,2025-01-01,3,0,0.0,81.1
5918,EMP-2528,2025-01-01,0,12,150.0,0.0
5919,EMP-2529,2025-01-01,0,5,62.5,0.0
5920,EMP-2530,2025-01-01,0,4,50.0,0.0
5921,EMP-2531,2025-01-01,3,0,0.0,81.3
5922,EMP-2532,2025-01-01,0,16,200.0,0.0
5923,EMP-2533,2025-01-01,0,14,175.0,0.0
5924,EMP-2534,2025-01-01,0,6,75.0,0.0
5925,EMP-2535,2025-01-01,0,13,162.5,0.0
5926,EMP-2536,2025-01-01,0,16,200.0,0.0
5927,EMP-2538,2025-01-01,0,3,37.5,0.0
5928,EMP-2539,2025-01-01,0,17,212.5,0.0
5929,EMP-2540,2025-01-01,0,10,125.0,0.0
5930,EMP-2541,2025-01-01,0,11,137.5,0.0
5931,EMP-2542,2025-01-01,0,20,250.0,0.0
5932,EMP-2543,2025-01-01,0,2,25.0,0.0
5933,EMP-2544,2025-01-01,0,17,212.5,0.0
5934,EMP-2545,2025-01-01,0,18,225.0,0.0
5935,EMP-2547,2025-01-01,0,15,187.5,0.0
5936,EMP-2548,2025-01-01,0,0,0.0,0.0
5937,EMP-2549,2025-01-01,0,10,125.0,0.0
5938,EMP-2551,2025-01-01,1,0,0.0,47.27
5939,EMP-2552,2025-01-01,2,0,0.0,58.53
5940,EMP-2553,2025-01-01,3,0,0.0,161.6
5941,EMP-2554,2025-01-01,0,4,50.0,0.0
5942,EMP-2556,2025-01-01,2,0,0.0,181.13
5943,EMP-2557,2025-01-01,0,10,125.0,0.0
5944,EMP-2558,2025-01-01,3,0,0.0,175.1
5945,EMP-2560,2025-01-01,0,18,225.0,0.0
5946,EMP-2561,2025-01-01,0,19,237.5,0.0
5947,EMP-2562,2025-01-01,0,6,75.0,0.0
5948,EMP-2563,2025-01-01,0,16,200.0,0.0
5949,EMP-2564,2025-01-01,1,0,0.0,56.37
5950,EMP-2565,2025-01-01,0,5,62.5,0.0
5951,EMP-2567,2025-01-01,1,0,0.0,87.93
5952,EMP-2568,2025-01-01,1,0,0.0,61.0
5953,EMP-2570,2025-01-01,3,0,0.0,60.5
5954,EMP-2571,2025-01-01,2,0,0.0,64.53
5955,EMP-2572,2025-01-01,0,3,37.5,0.0
5956,EMP-2573,2025-01-01,0,15,187.5,0.0
5957,EMP-2574,2025-01-01,0,6,75.0,0.0
5958,EMP-2575,2025-01-01,1,0,0.0,49.77
5959,EMP-2576,2025-01-01,0,12,150.0,0.0
5960,EMP-2577,2025-01-01,0,17,212.5,0.0
5961,EMP-2578,2025-01-01,0,17,212.5,0.0
5962,EMP-2579,2025-01-01,0,13,162.5,0.0
5963,EMP-2580,2025-01-01,0,6,75.0,0.0
5964,EMP-2581,2025-01-01,2,0,0.0,182.67
5965,EMP-2582,2025-01-01,0,12,150.0,0.0
5966,EMP-2583,2025-01-01,0,2,25.0,0.0
5967,EMP-2584,2025-01-01,0,17,212.5,0.0
5968,EMP-2585,2025-01-01,0,10,125.0,0.0
5969,EMP-2586,2025-01-01,0,14,175.0,0.0
5970,EMP-2587,2025-01-01,0,15,187.5,0.0
5971,EMP-2588,2025-01-01,0,0,0.0,0.0
5972,EMP-2589,2025-01-01,0,17,212.5,0.0
5973,EMP-2590,2025-01-01,1,0,0.0,38.53
5974,EMP-2591,2025-01-01,0,9,112.5,0.0
5975,EMP-2592,2025-01-01,1,0,0.0,42.57
5976,EMP-2593,2025-01-01,0,17,212.5,0.0
5977,EMP-2594,2025-01-01,1,0,0.0,84.3
5978,EMP-2595,2025-01-01,0,1,12.5,0.0
5979,EMP-2597,2025-01-01,0,18,225.0,0.0
5980,EMP-2598,2025-01-01,0,0,0.0,0.0
5981,EMP-2599,2025-01-01,2,0,0.0,98.47
5982,EMP-2001,2025-02-01,0,8,100.0,0.0
5983,EMP-2003,2025-02-01,0,0,0.0,0.0
5984,EMP-2004,2025-02-01,0,6,75.0,0.0
5985,EMP-2005,2025-02-01,1,0,0.0,68.43
5986,EMP-2006,2025-02-01,0,14,175.0,0.0
5987,EMP-2008,2025-02-01,0,12,150.0,0.0
5988,EMP-2010,2025-02-01,0,13,162.5,0.0
5989,EMP-2011,2025-02-01,1,0,0.0,44.73
5990,EMP-2012,2025-02-01,0,9,112.5,0.0
5991,EMP-2014,2025-02-01,0,19,237.5,0.0
5992,EMP-2015,2025-02-01,0,6,75.0,0.0
5993,EMP-2016,2025-02-01,2,0,0.0,86.07
5994,EMP-2017,2025-02-01,1,0,0.0,47.83
5995,EMP-2018,2025-02-01,0,9,112.5,0.0
5996,EMP-2019,2025-02-01,3,0,0.0,82.9
5997,EMP-2020,2025-02-01,0,3,37.5,0.0
5998,EMP-2024,2025-02-01,2,0,0.0,189.4
5999,EMP-2025,2025-02-01,0,15,187.5,0.0
6000,EMP-2026,2025-02-01,0,2,25.0,0.0
6001,EMP-2027,2025-02-01,0,0,0.0,0.0
6002,EMP-2028,2025-02-01,0,14,175.0,0.0
6003,EMP-2029,2025-02-01,1,0,0.0,40.27
6004,EMP-2031,2025-02-01,0,3,37.5,0.0
6005,EMP-2032,2025-02-01,0,14,175.0,0.0
6006,EMP-2033,2025-02-01,0,8,100.0,0.0
6007,EMP-2034,2025-02-01,1,0,0.0,50.7
6008,EMP-2036,2025-02-01,1,0,0.0,44.37
6009,EMP-2037,2025-02-01,0,17,212.5,0.0
6010,EMP-2038,2025-02-01,5,0,0.0,165.5
6011,EMP-2039,2025-02-01,1,0,0.0,54.87
6012,EMP-2040,2025-02-01,2,0,0.0,114.93
6013,EMP-2041,2025-02-01,1,0,0.0,27.53
6014,EMP-2042,2025-02-01,1,0,0.0,95.0
6015,EMP-2043,2025-02-01,1,0,0.0,56.2
6016,EMP-2044,2025-02-01,0,18,225.0,0.0
6017,EMP-2047,2025-02-01,0,1,12.5,0.0
6018,EMP-2049,2025-02-01,0,15,187.5,0.0
6019,EMP-2050,2025-02-01,0,5,62.5,0.0
6020,EMP-2051,2025-02-01,0,18,225.0,0.0
6021,EMP-2052,2025-02-01,1,0,0.0,105.83
6022,EMP-2053,2025-02-01,0,13,162.5,0.0
6023,EMP-2055,2025-02-01,0,0,0.0,0.0
6024,EMP-2056,2025-02-01,0,17,212.5,0.0
6025,EMP-2057,2025-02-01,0,0,0.0,0.0
6026,EMP-2058,2025-02-01,1,0,0.0,27.3
6027,EMP-2059,2025-02-01,0,15,187.5,0.0
6028,EMP-2060,2025-02-01,0,7,87.5,0.0
6029,EMP-2061,2025-02-01,0,9,112.5,0.0
6030,EMP-2062,2025-02-01,1,0,0.0,43.6
6031,EMP-2063,2025-02-01,0,0,0.0,0.0
6032,EMP-2064,2025-02-01,0,12,150.0,0.0
6033,EMP-2065,2025-02-01,0,17,212.5,0.0
6034,EMP-2066,2025-02-01,0,14,175.0,0.0
6035,EMP-2068,2025-02-01,0,9,112.5,0.0
6036,EMP-2069,2025-02-01,0,18,225.0,0.0
6037,EMP-2070,2025-02-01,0,3,37.5,0.0
6038,EMP-2071,2025-02-01,0,17,212.5,0.0
6039,EMP-2072,2025-02-01,0,13,162.5,0.0
6040,EMP-2073,2025-02-01,0,19,237.5,0.0
6041,EMP-2074,2025-02-01,1,0,0.0,70.83
6042,EMP-2075,2025-02-01,0,18,225.0,0.0
6043,EMP-2076,2025-02-01,0,15,187.5,0.0
6044,EMP-2078,2025-02-01,0,7,87.5,0.0
6045,EMP-2079,2025-02-01,2,0,0.0,57.47
6046,EMP-2081,2025-02-01,0,14,175.0,0.0
6047,EMP-2082,2025-02-01,1,0,0.0,44.9
6048,EMP-2083,2025-02-01,0,12,150.0,0.0
6049,EMP-2084,2025-02-01,3,0,0.0,108.3
6050,EMP-2085,2025-02-01,0,1,12.5,0.0
6051,EMP-2086,2025-02-01,2,0,0.0,45.33
6052,EMP-2087,2025-02-01,0,8,100.0,0.0
6053,EMP-2089,2025-02-01,0,10,125.0,0.0
6054,EMP-2090,2025-02-01,0,19,237.5,0.0
6055,EMP-2091,2025-02-01,1,0,0.0,121.3
6056,EMP-2093,2025-02-01,0,12,150.0,0.0
6057,EMP-2094,2025-02-01,0,8,100.0,0.0
6058,EMP-2095,2025-02-01,0,13,162.5,0.0
6059,EMP-2096,2025-02-01,0,11,137.5,0.0
6060,EMP-2097,2025-02-01,0,7,87.5,0.0
6061,EMP-2098,2025-02-01,0,17,212.5,0.0
6062,EMP-2101,2025-02-01,1,0,0.0,27.5
6063,EMP-2102,2025-02-01,0,1,12.5,0.0
6064,EMP-2103,2025-02-01,0,5,62.5,0.0
6065,EMP-2104,2025-02-01,0,12,150.0,0.0
6066,EMP-2105,2025-02-01,0,11,137.5,0.0
6067,EMP-2106,2025-02-01,0,6,75.0,0.0
6068,EMP-2107,2025-02-01,0,9,112.5,0.0
6069,EMP-2109,2025-02-01,0,6,75.0,0.0
6070,EMP-2110,2025-02-01,0,1,12.5,0.0
6071,EMP-2112,2025-02-01,0,8,100.0,0.0
6072,EMP-2113,2025-02-01,0,12,150.0,0.0
6073,EMP-2114,2025-02-01,3,0,0.0,370.5
6074,EMP-2115,2025-02-01,2,0,0.0,270.73
6075,EMP-2116,2025-02-01,0,6,75.0,0.0
6076,EMP-2117,2025-02-01,0,8,100.0,0.0
6077,EMP-2119,2025-02-01,0,18,225.0,0.0
6078,EMP-2120,2025-02-01,1,0,0.0,49.8
6079,EMP-2121,2025-02-01,0,2,25.0,0.0
6080,EMP-2122,2025-02-01,0,19,237.5,0.0
6081,EMP-2123,2025-02-01,0,2,25.0,0.0
6082,EMP-2124,2025-02-01,2,0,0.0,45.13
6083,EMP-2125,2025-02-01,0,8,100.0,0.0
6084,EMP-2127,2025-02-01,1,0,0.0,43.1
6085,EMP-2129,2025-02-01,0,6,75.0,0.0
6086,EMP-2130,2025-02-01,0,5,62.5,0.0
6087,EMP-2131,2025-02-01,0,11,137.5,0.0
6088,EMP-2133,2025-02-01,0,4,50.0,0.0
6089,EMP-2134,2025-02-01,0,5,62.5,0.0
6090,EMP-2136,2025-02-01,0,4,50.0,0.0
6091,EMP-2137,2025-02-01,1,0,0.0,66.7
6092,EMP-2139,2025-02-01,0,6,75.0,0.0
6093,EMP-2141,2025-02-01,3,0,0.0,178.7
6094,EMP-2142,2025-02-01,0,20,250.0,0.0
6095,EMP-2144,2025-02-01,0,5,62.5,0.0
6096,EMP-2145,2025-02-01,2,0,0.0,149.67
6097,EMP-2146,2025-02-01,0,9,112.5,0.0
6098,EMP-2147,2025-02-01,0,13,162.5,0.0
6099,EMP-2148,2025-02-01,0,12,150.0,0.0
6100,EMP-2149,2025-02-01,0,6,75.0,0.0
6101,EMP-2150,2025-02-01,2,0,0.0,211.2
6102,EMP-2151,2025-02-01,1,0,0.0,35.17
6103,EMP-2154,2025-02-01,0,12,150.0,0.0
6104,EMP-2155,2025-02-01,3,0,0.0,168.7
6105,EMP-2156,2025-02-01,0,17,212.5,0.0
6106,EMP-2157,2025-02-01,0,15,187.5,0.0
6107,EMP-2158,2025-02-01,0,9,112.5,0.0
6108,EMP-2159,2025-02-01,0,5,62.5,0.0
6109,EMP-2160,2025-02-01,0,12,150.0,0.0
6110,EMP-2161,2025-02-01,0,20,250.0,0.0
6111,EMP-2162,2025-02-01,0,8,100.0,0.0
6112,EMP-2163,2025-02-01,3,0,0.0,302.5
6113,EMP-2164,2025-02-01,1,0,0.0,39.53
6114,EMP-2165,2025-02-01,3,0,0.0,160.8
6115,EMP-2167,2025-02-01,0,1,12.5,0.0
6116,EMP-2168,2025-02-01,0,16,200.0,0.0
6117,EMP-2169,2025-02-01,0,1,12.5,0.0
6118,EMP-2170,2025-02-01,0,4,50.0,0.0
6119,EMP-2171,2025-02-01,0,7,87.5,0.0
6120,EMP-2172,2025-02-01,1,0,0.0,112.4
6121,EMP-2173,2025-02-01,0,12,150.0,0.0
6122,EMP-2174,2025-02-01,0,18,225.0,0.0
6123,EMP-2175,2025-02-01,0,9,112.5,0.0
6124,EMP-2177,2025-02-01,1,0,0.0,130.63
6125,EMP-2178,2025-02-01,0,7,87.5,0.0
6126,EMP-2180,2025-02-01,0,8,100.0,0.0
6127,EMP-2181,2025-02-01,0,10,125.0,0.0
6128,EMP-2182,2025-02-01,0,20,250.0,0.0
6129,EMP-2183,2025-02-01,0,10,125.0,0.0
6130,EMP-2184,2025-02-01,2,0,0.0,88.2
6131,EMP-2185,2025-02-01,0,14,175.0,0.0
6132,EMP-2186,2025-02-01,2,0,0.0,70.6
6133,EMP-2187,2025-02-01,0,6,75.0,0.0
6134,EMP-2188,2025-02-01,0,5,62.5,0.0
6135,EMP-2189,2025-02-01,0,13,162.5,0.0
6136,EMP-2190,2025-02-01,0,10,125.0,0.0
6137,EMP-2191,2025-02-01,0,1,12.5,0.0
6138,EMP-2192,2025-02-01,0,1,12.5,0.0
6139,EMP-2194,2025-02-01,1,0,0.0,51.73
6140,EMP-2195,2025-02-01,0,9,112.5,0.0
6141,EMP-2197,2025-02-01,0,11,137.5,0.0
6142,EMP-2198,2025-02-01,1,0,0.0,30.57
6143,EMP-2199,2025-02-01,0,4,50.0,0.0
6144,EMP-2200,2025-02-01,1,0,0.0,42.73
6145,EMP-2201,2025-02-01,0,4,50.0,0.0
6146,EMP-2203,2025-02-01,0,6,75.0,0.0
6147,EMP-2204,2025-02-01,3,0,0.0,363.3
6148,EMP-2206,2025-02-01,0,4,50.0,0.0
6149,EMP-2208,2025-02-01,0,6,75.0,0.0
6150,EMP-2210,2025-02-01,0,5,62.5,0.0
6151,EMP-2211,2025-02-01,0,7,87.5,0.0
6152,EMP-2212,2025-02-01,0,19,237.5,0.0
6153,EMP-2213,2025-02-01,0,9,112.5,0.0
6154,EMP-2214,2025-02-01,0,17,212.5,0.0
6155,EMP-2215,2025-02-01,2,0,0.0,199.13
6156,EMP-2216,2025-02-01,1,0,0.0,31.43
6157,EMP-2217,2025-02-01,3,0,0.0,70.3
6158,EMP-2218,2025-02-01,0,12,150.0,0.0
6159,EMP-2219,2025-02-01,0,7,87.5,0.0
6160,EMP-2220,2025-02-01,0,7,87.5,0.0
6161,EMP-2221,2025-02-01,0,18,225.0,0.0
6162,EMP-2222,2025-02-01,1,0,0.0,110.37
6163,EMP-2223,2025-02-01,0,9,112.5,0.0
6164,EMP-2224,2025-02-01,0,11,137.5,0.0
6165,EMP-2225,2025-02-01,2,0,0.0,75.8
6166,EMP-2226,2025-02-01,0,3,37.5,0.0
6167,EMP-2227,2025-02-01,0,2,25.0,0.0
6168,EMP-2229,2025-02-01,0,15,187.5,0.0
6169,EMP-2230,2025-02-01,3,0,0.0,109.4
6170,EMP-2231,2025-02-01,2,0,0.0,119.4
6171,EMP-2232,2025-02-01,0,9,112.5,0.0
6172,EMP-2233,2025-02-01,0,8,100.0,0.0
6173,EMP-2234,2025-02-01,1,0,0.0,35.8
6174,EMP-2235,2025-02-01,0,5,62.5,0.0
6175,EMP-2236,2025-02-01,3,0,0.0,230.2
6176,EMP-2237,2025-02-01,2,0,0.0,107.33
6177,EMP-2238,2025-02-01,3,0,0.0,110.3
6178,EMP-2240,2025-02-01,1,0,0.0,55.63
6179,EMP-2241,2025-02-01,0,5,62.5,0.0
6180,EMP-2242,2025-02-01,0,16,200.0,0.0
6181,EMP-2243,2025-02-01,0,20,250.0,0.0
6182,EMP-2245,2025-02-01,0,12,150.0,0.0
6183,EMP-2246,2025-02-01,1,0,0.0,70.97
6184,EMP-2247,2025-02-01,0,10,125.0,0.0
6185,EMP-2248,2025-02-01,0,10,125.0,0.0
6186,EMP-2250,2025-02-01,0,1,12.5,0.0
6187,EMP-2251,2025-02-01,1,0,0.0,111.27
6188,EMP-2252,2025-02-01,0,5,62.5,0.0
6189,EMP-2253,2025-02-01,0,7,87.5,0.0
6190,EMP-2255,2025-02-01,2,0,0.0,171.8
6191,EMP-2256,2025-02-01,0,19,237.5,0.0
6192,EMP-2257,2025-02-01,0,19,237.5,0.0
6193,EMP-2258,2025-02-01,2,0,0.0,94.6
6194,EMP-2259,2025-02-01,0,7,87.5,0.0
6195,EMP-2260,2025-02-01,0,3,37.5,0.0
6196,EMP-2261,2025-02-01,0,5,62.5,0.0
6197,EMP-2262,2025-02-01,1,0,0.0,48.37
6198,EMP-2263,2025-02-01,3,0,0.0,98.1
6199,EMP-2264,2025-02-01,0,3,37.5,0.0
6200,EMP-2265,2025-02-01,0,17,212.5,0.0
6201,EMP-2266,2025-02-01,0,13,162.5,0.0
6202,EMP-2267,2025-02-01,1,0,0.0,48.97
6203,EMP-2268,2025-02-01,2,0,0.0,95.2
6204,EMP-2270,2025-02-01,0,12,150.0,0.0
6205,EMP-2271,2025-02-01,1,0,0.0,40.23
6206,EMP-2272,2025-02-01,0,4,50.0,0.0
6207,EMP-2274,2025-02-01,0,5,62.5,0.0
6208,EMP-2275,2025-02-01,0,9,112.5,0.0
6209,EMP-2276,2025-02-01,2,0,0.0,70.67
6210,EMP-2277,2025-02-01,0,8,100.0,0.0
6211,EMP-2281,2025-02-01,0,3,37.5,0.0
6212,EMP-2283,2025-02-01,0,19,237.5,0.0
6213,EMP-2284,2025-02-01,0,10,125.0,0.0
6214,EMP-2285,2025-02-01,0,6,75.0,0.0
6215,EMP-2286,2025-02-01,0,9,112.5,0.0
6216,EMP-2288,2025-02-01,0,5,62.5,0.0
6217,EMP-2289,2025-02-01,1,0,0.0,46.8
6218,EMP-2290,2025-02-01,3,0,0.0,169.0
6219,EMP-2291,2025-02-01,0,7,87.5,0.0
6220,EMP-2294,2025-02-01,0,1,12.5,0.0
6221,EMP-2295,2025-02-01,1,0,0.0,58.23
6222,EMP-2296,2025-02-01,0,16,200.0,0.0
6223,EMP-2297,2025-02-01,1,0,0.0,29.1
6224,EMP-2298,2025-02-01,0,17,212.5,0.0
6225,EMP-2299,2025-02-01,0,13,162.5,0.0
6226,EMP-2300,2025-02-01,1,0,0.0,132.07
6227,EMP-2301,2025-02-01,0,12,150.0,0.0
6228,EMP-2302,2025-02-01,1,0,0.0,118.27
6229,EMP-2303,2025-02-01,0,19,237.5,0.0
6230,EMP-2304,2025-02-01,0,11,137.5,0.0
6231,EMP-2305,2025-02-01,0,0,0.0,0.0
6232,EMP-2306,2025-02-01,2,0,0.0,50.6
6233,EMP-2307,2025-02-01,2,0,0.0,240.4
6234,EMP-2308,2025-02-01,3,0,0.0,111.1
6235,EMP-2309,2025-02-01,0,4,50.0,0.0
6236,EMP-2310,2025-02-01,0,11,137.5,0.0
6237,EMP-2311,2025-02-01,3,0,0.0,132.0
6238,EMP-2313,2025-02-01,0,16,200.0,0.0
6239,EMP-2314,2025-02-01,0,11,137.5,0.0
6240,EMP-2315,2025-02-01,0,14,175.0,0.0
6241,EMP-2316,2025-02-01,0,4,50.0,0.0
6242,EMP-2317,2025-02-01,0,12,150.0,0.0
6243,EMP-2318,2025-02-01,2,0,0.0,54.4
6244,EMP-2319,2025-02-01,0,12,150.0,0.0
6245,EMP-2320,2025-02-01,3,0,0.0,143.0
6246,EMP-2321,2025-02-01,1,0,0.0,25.57
6247,EMP-2322,2025-02-01,0,8,100.0,0.0
6248,EMP-2323,2025-02-01,0,4,50.0,0.0
6249,EMP-2324,2025-02-01,5,0,0.0,199.17
6250,EMP-2325,2025-02-01,0,19,237.5,0.0
6251,EMP-2326,2025-02-01,0,12,150.0,0.0
6252,EMP-2327,2025-02-01,1,0,0.0,50.03
6253,EMP-2328,2025-02-01,3,0,0.0,155.6
6254,EMP-2329,2025-02-01,0,0,0.0,0.0
6255,EMP-2330,2025-02-01,0,2,25.0,0.0
6256,EMP-2331,2025-02-01,3,0,0.0,95.7
6257,EMP-2332,2025-02-01,0,13,162.5,0.0
6258,EMP-2333,2025-02-01,0,8,100.0,0.0
6259,EMP-2334,2025-02-01,0,4,50.0,0.0
6260,EMP-2335,2025-02-01,2,0,0.0,45.73
6261,EMP-2336,2025-02-01,0,4,50.0,0.0
6262,EMP-2337,2025-02-01,0,9,112.5,0.0
6263,EMP-2338,2025-02-01,0,3,37.5,0.0
6264,EMP-2339,2025-02-01,0,16,200.0,0.0
6265,EMP-2340,2025-02-01,0,14,175.0,0.0
6266,EMP-2341,2025-02-01,0,11,137.5,0.0
6267,EMP-2342,2025-02-01,0,11,137.5,0.0
6268,EMP-2343,2025-02-01,5,0,0.0,655.67
6269,EMP-2344,2025-02-01,1,0,0.0,71.13
6270,EMP-2345,2025-02-01,0,3,37.5,0.0
6271,EMP-2346,2025-02-01,0,6,75.0,0.0
6272,EMP-2347,2025-02-01,0,2,25.0,0.0
6273,EMP-2350,2025-02-01,1,0,0.0,23.13
6274,EMP-2351,2025-02-01,0,7,87.5,0.0
6275,EMP-2352,2025-02-01,0,4,50.0,0.0
6276,EMP-2354,2025-02-01,0,19,237.5,0.0
6277,EMP-2355,2025-02-01,2,0,0.0,98.67
6278,EMP-2356,2025-02-01,1,0,0.0,31.17
6279,EMP-2357,2025-02-01,0,6,75.0,0.0
6280,EMP-2358,2025-02-01,2,0,0.0,72.87
6281,EMP-2359,2025-02-01,0,3,37.5,0.0
6282,EMP-2361,2025-02-01,3,0,0.0,66.7
6283,EMP-2362,2025-02-01,2,0,0.0,41.87
6284,EMP-2364,2025-02-01,1,0,0.0,134.23
6285,EMP-2365,2025-02-01,0,12,150.0,0.0
6286,EMP-2366,2025-02-01,0,18,225.0,0.0
6287,EMP-2367,2025-02-01,0,13,162.5,0.0
6288,EMP-2368,2025-02-01,0,7,87.5,0.0
6289,EMP-2369,2025-02-01,0,3,37.5,0.0
6290,EMP-2370,2025-02-01,5,0,0.0,672.33
6291,EMP-2371,2025-02-01,1,0,0.0,42.33
6292,EMP-2372,2025-02-01,0,4,50.0,0.0
6293,EMP-2373,2025-02-01,0,11,137.5,0.0
6294,EMP-2374,2025-02-01,0,4,50.0,0.0
6295,EMP-2375,2025-02-01,3,0,0.0,173.5
6296,EMP-2376,2025-02-01,0,0,0.0,0.0
6297,EMP-2377,2025-02-01,0,18,225.0,0.0
6298,EMP-2379,2025-02-01,0,11,137.5,0.0
6299,EMP-2382,2025-02-01,0,5,62.5,0.0
6300,EMP-2383,2025-02-01,0,18,225.0,0.0
6301,EMP-2384,2025-02-01,1,0,0.0,49.77
6302,EMP-2385,2025-02-01,0,11,137.5,0.0
6303,EMP-2386,2025-02-01,0,9,112.5,0.0
6304,EMP-2387,2025-02-01,0,10,125.0,0.0
6305,EMP-2389,2025-02-01,2,0,0.0,51.73
6306,EMP-2390,2025-02-01,0,14,175.0,0.0
6307,EMP-2392,2025-02-01,1,0,0.0,22.77
6308,EMP-2393,2025-02-01,3,0,0.0,60.5
6309,EMP-2394,2025-02-01,3,0,0.0,80.8
6310,EMP-2395,2025-02-01,1,0,0.0,95.07
6311,EMP-2396,2025-02-01,2,0,0.0,88.13
6312,EMP-2398,2025-02-01,0,3,37.5,0.0
6313,EMP-2399,2025-02-01,0,4,50.0,0.0
6314,EMP-2400,2025-02-01,0,6,75.0,0.0
6315,EMP-2402,2025-02-01,0,12,150.0,0.0
6316,EMP-2405,2025-02-01,0,0,0.0,0.0
6317,EMP-2406,2025-02-01,0,12,150.0,0.0
6318,EMP-2407,2025-02-01,0,10,125.0,0.0
6319,EMP-2408,2025-02-01,0,14,175.0,0.0
6320,EMP-2409,2025-02-01,2,0,0.0,66.8
6321,EMP-2410,2025-02-01,0,12,150.0,0.0
6322,EMP-2411,2025-02-01,0,4,50.0,0.0
6323,EMP-2412,2025-02-01,0,18,225.0,0.0
6324,EMP-2413,2025-02-01,0,5,62.5,0.0
6325,EMP-2415,2025-02-01,0,1,12.5,0.0
6326,EMP-2417,2025-02-01,2,0,0.0,51.8
6327,EMP-2418,2025-02-01,0,20,250.0,0.0
6328,EMP-2420,2025-02-01,0,3,37.5,0.0
6329,EMP-2421,2025-02-01,0,4,50.0,0.0
6330,EMP-2422,2025-02-01,0,5,62.5,0.0
6331,EMP-2423,2025-02-01,0,16,200.0,0.0
6332,EMP-2424,2025-02-01,1,0,0.0,20.97
6333,EMP-2425,2025-02-01,1,0,0.0,49.83
6334,EMP-2426,2025-02-01,1,0,0.0,36.5
6335,EMP-2427,2025-02-01,0,5,62.5,0.0
6336,EMP-2428,2025-02-01,0,4,50.0,0.0
6337,EMP-2429,2025-02-01,0,3,37.5,0.0
6338,EMP-2431,2025-02-01,0,2,25.0,0.0
6339,EMP-2433,2025-02-01,1,0,0.0,25.6
6340,EMP-2434,2025-02-01,0,2,25.0,0.0
6341,EMP-2435,2025-02-01,0,11,137.5,0.0
6342,EMP-2436,2025-02-01,0,19,237.5,0.0
6343,EMP-2438,2025-02-01,0,18,225.0,0.0
6344,EMP-2440,2025-02-01,1,0,0.0,86.37
6345,EMP-2441,2025-02-01,2,0,0.0,212.87
6346,EMP-2442,2025-02-01,0,17,212.5,0.0
6347,EMP-2443,2025-02-01,0,3,37.5,0.0
6348,EMP-2445,2025-02-01,0,3,37.5,0.0
6349,EMP-2446,2025-02-01,0,0,0.0,0.0
6350,EMP-2448,2025-02-01,0,20,250.0,0.0
6351,EMP-2452,2025-02-01,0,5,62.5,0.0
6352,EMP-2453,2025-02-01,0,12,150.0,0.0
6353,EMP-2455,2025-02-01,0,9,112.5,0.0
6354,EMP-2456,2025-02-01,0,11,137.5,0.0
6355,EMP-2457,2025-02-01,1,0,0.0,41.27
6356,EMP-2458,2025-02-01,0,2,25.0,0.0
6357,EMP-2459,2025-02-01,5,0,0.0,174.67
6358,EMP-2460,2025-02-01,1,0,0.0,50.87
6359,EMP-2462,2025-02-01,3,0,0.0,151.4
6360,EMP-2463,2025-02-01,0,4,50.0,0.0
6361,EMP-2464,2025-02-01,1,0,0.0,50.87
6362,EMP-2465,2025-02-01,0,9,112.5,0.0
6363,EMP-2466,2025-02-01,0,11,137.5,0.0
6364,EMP-2469,2025-02-01,1,0,0.0,144.03
6365,EMP-2470,2025-02-01,2,0,0.0,57.67
6366,EMP-2471,2025-02-01,1,0,0.0,118.07
6367,EMP-2474,2025-02-01,1,0,0.0,40.87
6368,EMP-2476,2025-02-01,0,17,212.5,0.0
6369,EMP-2477,2025-02-01,2,0,0.0,266.13
6370,EMP-2478,2025-02-01,5,0,0.0,191.67
6371,EMP-2479,2025-02-01,0,19,237.5,0.0
6372,EMP-2480,2025-02-01,2,0,0.0,59.33
6373,EMP-2481,2025-02-01,0,3,37.5,0.0
6374,EMP-2482,2025-02-01,0,14,175.0,0.0
6375,EMP-2483,2025-02-01,0,20,250.0,0.0
6376,EMP-2484,2025-02-01,0,4,50.0,0.0
6377,EMP-2486,2025-02-01,0,1,12.5,0.0
6378,EMP-2487,2025-02-01,0,4,50.0,0.0
6379,EMP-2488,2025-02-01,0,0,0.0,0.0
6380,EMP-2489,2025-02-01,1,0,0.0,128.07
6381,EMP-2491,2025-02-01,0,0,0.0,0.0
6382,EMP-2492,2025-02-01,0,8,100.0,0.0
6383,EMP-2493,2025-02-01,0,18,225.0,0.0
6384,EMP-2495,2025-02-01,0,0,0.0,0.0
6385,EMP-2496,2025-02-01,0,7,87.5,0.0
6386,EMP-2497,2025-02-01,0,15,187.5,0.0
6387,EMP-2498,2025-02-01,0,14,175.0,0.0
6388,EMP-2499,2025-02-01,0,2,25.0,0.0
6389,EMP-2500,2025-02-01,0,11,137.5,0.0
6390,EMP-2501,2025-02-01,0,4,50.0,0.0
6391,EMP-2502,2025-02-01,1,0,0.0,79.97
6392,EMP-2503,2025-02-01,0,4,50.0,0.0
6393,EMP-2504,2025-02-01,0,13,162.5,0.0
6394,EMP-2505,2025-02-01,2,0,0.0,280.4
6395,EMP-2506,2025-02-01,0,10,125.0,0.0
6396,EMP-2508,2025-02-01,0,17,212.5,0.0
6397,EMP-2509,2025-02-01,3,0,0.0,161.8
6398,EMP-2510,2025-02-01,0,15,187.5,0.0
6399,EMP-2511,2025-02-01,0,11,137.5,0.0
6400,EMP-2512,2025-02-01,0,7,87.5,0.0
6401,EMP-2513,2025-02-01,0,12,150.0,0.0
6402,EMP-2514,2025-02-01,0,18,225.0,0.0
6403,EMP-2515,2025-02-01,0,0,0.0,0.0
6404,EMP-2517,2025-02-01,0,14,175.0,0.0
6405,EMP-2518,2025-02-01,0,4,50.0,0.0
6406,EMP-2519,2025-02-01,3,0,0.0,63.3
6407,EMP-2520,2025-02-01,0,5,62.5,0.0
6408,EMP-2521,2025-02-01,1,0,0.0,70.4
6409,EMP-2522,2025-02-01,0,9,112.5,0.0
6410,EMP-2524,2025-02-01,0,7,87.5,0.0
6411,EMP-2525,2025-02-01,5,0,0.0,122.83
6412,EMP-2526,2025-02-01,5,0,0.0,288.0
6413,EMP-2527,2025-02-01,0,19,237.5,0.0
6414,EMP-2528,2025-02-01,3,0,0.0,126.6
6415,EMP-2529,2025-02-01,0,6,75.0,0.0
6416,EMP-2530,2025-02-01,0,17,212.5,0.0
6417,EMP-2531,2025-02-01,0,3,37.5,0.0
6418,EMP-2532,2025-02-01,0,14,175.0,0.0
6419,EMP-2533,2025-02-01,0,9,112.5,0.0
6420,EMP-2534,2025-02-01,0,16,200.0,0.0
6421,EMP-2535,2025-02-01,0,19,237.5,0.0
6422,EMP-2536,2025-02-01,5,0,0.0,251.83
6423,EMP-2538,2025-02-01,0,17,212.5,0.0
6424,EMP-2539,2025-02-01,3,0,0.0,164.4
6425,EMP-2540,2025-02-01,0,5,62.5,0.0
6426,EMP-2541,2025-02-01,1,0,0.0,120.03
6427,EMP-2542,2025-02-01,0,3,37.5,0.0
6428,EMP-2543,2025-02-01,5,0,0.0,275.67
6429,EMP-2544,2025-02-01,0,7,87.5,0.0
6430,EMP-2545,2025-02-01,0,3,37.5,0.0
6431,EMP-2547,2025-02-01,0,9,112.5,0.0
6432,EMP-2548,2025-02-01,0,2,25.0,0.0
6433,EMP-2549,2025-02-01,0,6,75.0,0.0
6434,EMP-2551,2025-02-01,3,0,0.0,141.8
6435,EMP-2552,2025-02-01,0,12,150.0,0.0
6436,EMP-2553,2025-02-01,1,0,0.0,53.87
6437,EMP-2554,2025-02-01,0,19,237.5,0.0
6438,EMP-2556,2025-02-01,1,0,0.0,90.57
6439,EMP-2557,2025-02-01,0,7,87.5,0.0
6440,EMP-2558,2025-02-01,2,0,0.0,116.73
6441,EMP-2560,2025-02-01,2,0,0.0,175.0
6442,EMP-2561,2025-02-01,0,8,100.0,0.0
6443,EMP-2562,2025-02-01,0,18,225.0,0.0
6444,EMP-2563,2025-02-01,0,14,175.0,0.0
6445,EMP-2564,2025-02-01,0,15,187.5,0.0
6446,EMP-2565,2025-02-01,0,5,62.5,0.0
6447,EMP-2567,2025-02-01,0,10,125.0,0.0
6448,EMP-2568,2025-02-01,0,18,225.0,0.0
6449,EMP-2570,2025-02-01,0,19,237.5,0.0
6450,EMP-2571,2025-02-01,0,12,150.0,0.0
6451,EMP-2572,2025-02-01,0,17,212.5,0.0
6452,EMP-2573,2025-02-01,0,7,87.5,0.0
6453,EMP-2574,2025-02-01,0,11,137.5,0.0
6454,EMP-2575,2025-02-01,2,0,0.0,99.53
6455,EMP-2576,2025-02-01,0,2,25.0,0.0
6456,EMP-2577,2025-02-01,0,7,87.5,0.0
6457,EMP-2578,2025-02-01,0,4,50.0,0.0
6458,EMP-2579,2025-02-01,0,8,100.0,0.0
6459,EMP-2580,2025-02-01,0,4,50.0,0.0
6460,EMP-2581,2025-02-01,5,0,0.0,456.67
6461,EMP-2582,2025-02-01,1,0,0.0,51.67
6462,EMP-2583,2025-02-01,0,20,250.0,0.0
6463,EMP-2584,2025-02-01,0,3,37.5,0.0
6464,EMP-2585,2025-02-01,0,18,225.0,0.0
6465,EMP-2586,2025-02-01,0,10,125.0,0.0
6466,EMP-2587,2025-02-01,3,0,0.0,138.8
6467,EMP-2588,2025-02-01,0,11,137.5,0.0
6468,EMP-2589,2025-02-01,0,6,75.0,0.0
6469,EMP-2590,2025-02-01,0,14,175.0,0.0
6470,EMP-2591,2025-02-01,0,20,250.0,0.0
6471,EMP-2592,2025-02-01,1,0,0.0,42.57
6472,EMP-2593,2025-02-01,5,0,0.0,191.5
6473,EMP-2594,2025-02-01,2,0,0.0,168.6
6474,EMP-2595,2025-02-01,5,0,0.0,295.33
6475,EMP-2597,2025-02-01,0,0,0.0,0.0
6476,EMP-2598,2025-02-01,0,9,112.5,0.0
6477,EMP-2599,2025-02-01,0,10,125.0,0.0
6478,EMP-2001,2025-03-01,0,7,87.5,0.0
6479,EMP-2003,2025-03-01,0,14,175.0,0.0
6480,EMP-2004,2025-03-01,0,20,250.0,0.0
6481,EMP-2005,2025-03-01,0,17,212.5,0.0
6482,EMP-2006,2025-03-01,3,0,0.0,82.6
6483,EMP-2008,2025-03-01,0,20,250.0,0.0
6484,EMP-2010,2025-03-01,0,17,212.5,0.0
6485,EMP-2011,2025-03-01,1,0,0.0,44.73
6486,EMP-2014,2025-03-01,2,0,0.0,264.53
6487,EMP-2015,2025-03-01,0,2,25.0,0.0
6488,EMP-2016,2025-03-01,0,8,100.0,0.0
6489,EMP-2017,2025-03-01,3,0,0.0,143.5
6490,EMP-2018,2025-03-01,0,3,37.5,0.0
6491,EMP-2019,2025-03-01,0,5,62.5,0.0
6492,EMP-2020,2025-03-01,0,8,100.0,0.0
6493,EMP-2024,2025-03-01,0,6,75.0,0.0
6494,EMP-2025,2025-03-01,0,10,125.0,0.0
6495,EMP-2026,2025-03-01,3,0,0.0,64.8
6496,EMP-2027,2025-03-01,0,10,125.0,0.0
6497,EMP-2028,2025-03-01,0,6,75.0,0.0
6498,EMP-2029,2025-03-01,0,14,175.0,0.0
6499,EMP-2031,2025-03-01,2,0,0.0,291.13
6500,EMP-2032,2025-03-01,3,0,0.0,152.5
6501,EMP-2033,2025-03-01,0,3,37.5,0.0
6502,EMP-2034,2025-03-01,0,19,237.5,0.0
6503,EMP-2036,2025-03-01,0,18,225.0,0.0
6504,EMP-2037,2025-03-01,0,9,112.5,0.0
6505,EMP-2038,2025-03-01,0,7,87.5,0.0
6506,EMP-2039,2025-03-01,1,0,0.0,54.87
6507,EMP-2040,2025-03-01,0,15,187.5,0.0
6508,EMP-2041,2025-03-01,0,18,225.0,0.0
6509,EMP-2042,2025-03-01,0,17,212.5,0.0
6510,EMP-2043,2025-03-01,0,13,162.5,0.0
6511,EMP-2044,2025-03-01,1,0,0.0,31.3
6512,EMP-2047,2025-03-01,0,8,100.0,0.0
6513,EMP-2049,2025-03-01,0,5,62.5,0.0
6514,EMP-2050,2025-03-01,0,11,137.5,0.0
6515,EMP-2051,2025-03-01,1,0,0.0,40.6
6516,EMP-2052,2025-03-01,0,18,225.0,0.0
6517,EMP-2053,2025-03-01,0,18,225.0,0.0
6518,EMP-2055,2025-03-01,0,12,150.0,0.0
6519,EMP-2056,2025-03-01,1,0,0.0,58.83
6520,EMP-2057,2025-03-01,1,0,0.0,71.53
6521,EMP-2058,2025-03-01,1,0,0.0,27.3
6522,EMP-2059,2025-03-01,0,11,137.5,0.0
6523,EMP-2060,2025-03-01,0,6,75.0,0.0
6524,EMP-2061,2025-03-01,1,0,0.0,52.87
6525,EMP-2062,2025-03-01,0,19,237.5,0.0
6526,EMP-2063,2025-03-01,0,5,62.5,0.0
6527,EMP-2064,2025-03-01,0,1,12.5,0.0
6528,EMP-2065,2025-03-01,5,0,0.0,280.5
6529,EMP-2066,2025-03-01,2,0,0.0,234.8
6530,EMP-2068,2025-03-01,0,11,137.5,0.0
6531,EMP-2069,2025-03-01,1,0,0.0,30.8
6532,EMP-2070,2025-03-01,3,0,0.0,133.4
6533,EMP-2071,2025-03-01,1,0,0.0,20.47
6534,EMP-2072,2025-03-01,0,5,62.5,0.0
6535,EMP-2073,2025-03-01,0,6,75.0,0.0
6536,EMP-2074,2025-03-01,1,0,0.0,70.83
6537,EMP-2075,2025-03-01,1,0,0.0,48.8
6538,EMP-2076,2025-03-01,0,19,237.5,0.0
6539,EMP-2078,2025-03-01,0,10,125.0,0.0
6540,EMP-2079,2025-03-01,0,17,212.5,0.0
6541,EMP-2081,2025-03-01,3,0,0.0,173.8
6542,EMP-2082,2025-03-01,0,3,37.5,0.0
6543,EMP-2083,2025-03-01,0,4,50.0,0.0
6544,EMP-2084,2025-03-01,0,5,62.5,0.0
6545,EMP-2085,2025-03-01,0,12,150.0,0.0
6546,EMP-2086,2025-03-01,0,7,87.5,0.0
6547,EMP-2087,2025-03-01,0,11,137.5,0.0
6548,EMP-2089,2025-03-01,0,17,212.5,0.0
6549,EMP-2090,2025-03-01,1,0,0.0,88.67
6550,EMP-2091,2025-03-01,1,0,0.0,121.3
6551,EMP-2093,2025-03-01,0,14,175.0,0.0
6552,EMP-2094,2025-03-01,0,3,37.5,0.0
6553,EMP-2095,2025-03-01,5,0,0.0,283.83
6554,EMP-2096,2025-03-01,3,0,0.0,109.3
6555,EMP-2097,2025-03-01,0,12,150.0,0.0
6556,EMP-2098,2025-03-01,0,11,137.5,0.0
6557,EMP-2101,2025-03-01,0,14,175.0,0.0
6558,EMP-2102,2025-03-01,0,16,200.0,0.0
6559,EMP-2103,2025-03-01,0,6,75.0,0.0
6560,EMP-2104,2025-03-01,0,17,212.5,0.0
6561,EMP-2105,2025-03-01,0,12,150.0,0.0
6562,EMP-2106,2025-03-01,0,5,62.5,0.0
6563,EMP-2107,2025-03-01,1,0,0.0,30.27
6564,EMP-2109,2025-03-01,2,0,0.0,102.73
6565,EMP-2110,2025-03-01,0,13,162.5,0.0
6566,EMP-2112,2025-03-01,2,0,0.0,111.07
6567,EMP-2113,2025-03-01,0,0,0.0,0.0
6568,EMP-2114,2025-03-01,3,0,0.0,370.5
6569,EMP-2115,2025-03-01,0,18,225.0,0.0
6570,EMP-2116,2025-03-01,0,15,187.5,0.0
6571,EMP-2117,2025-03-01,0,12,150.0,0.0
6572,EMP-2119,2025-03-01,0,17,212.5,0.0
6573,EMP-2120,2025-03-01,0,12,150.0,0.0
6574,EMP-2121,2025-03-01,0,0,0.0,0.0
6575,EMP-2122,2025-03-01,0,15,187.5,0.0
6576,EMP-2123,2025-03-01,1,0,0.0,141.17
6577,EMP-2124,2025-03-01,0,5,62.5,0.0
6578,EMP-2125,2025-03-01,0,9,112.5,0.0
6579,EMP-2127,2025-03-01,0,17,212.5,0.0
6580,EMP-2129,2025-03-01,0,6,75.0,0.0
6581,EMP-2130,2025-03-01,0,20,250.0,0.0
6582,EMP-2131,2025-03-01,0,16,200.0,0.0
6583,EMP-2133,2025-03-01,3,0,0.0,147.1
6584,EMP-2134,2025-03-01,1,0,0.0,57.67
6585,EMP-2136,2025-03-01,0,0,0.0,0.0
6586,EMP-2137,2025-03-01,0,3,37.5,0.0
6587,EMP-2138,2025-03-01,0,11,137.5,0.0
6588,EMP-2139,2025-03-01,0,20,250.0,0.0
6589,EMP-2141,2025-03-01,0,8,100.0,0.0
6590,EMP-2142,2025-03-01,2,0,0.0,56.67
6591,EMP-2144,2025-03-01,0,1,12.5,0.0
6592,EMP-2145,2025-03-01,0,6,75.0,0.0
6593,EMP-2146,2025-03-01,0,7,87.5,0.0
6594,EMP-2147,2025-03-01,1,0,0.0,48.87
6595,EMP-2148,2025-03-01,0,16,200.0,0.0
6596,EMP-2149,2025-03-01,1,0,0.0,136.0
6597,EMP-2150,2025-03-01,0,20,250.0,0.0
6598,EMP-2151,2025-03-01,1,0,0.0,35.17
6599,EMP-2154,2025-03-01,1,0,0.0,24.6
6600,EMP-2155,2025-03-01,3,0,0.0,168.7
6601,EMP-2156,2025-03-01,0,12,150.0,0.0
6602,EMP-2157,2025-03-01,0,14,175.0,0.0
6603,EMP-2158,2025-03-01,0,2,25.0,0.0
6604,EMP-2159,2025-03-01,0,11,137.5,0.0
6605,EMP-2160,2025-03-01,3,0,0.0,231.3
6606,EMP-2161,2025-03-01,0,11,137.5,0.0
6607,EMP-2162,2025-03-01,0,2,25.0,0.0
6608,EMP-2163,2025-03-01,2,0,0.0,201.67
6609,EMP-2164,2025-03-01,0,7,87.5,0.0
6610,EMP-2165,2025-03-01,0,19,237.5,0.0
6611,EMP-2167,2025-03-01,0,0,0.0,0.0
6612,EMP-2168,2025-03-01,5,0,0.0,223.5
6613,EMP-2169,2025-03-01,2,0,0.0,119.6
6614,EMP-2170,2025-03-01,0,6,75.0,0.0
6615,EMP-2171,2025-03-01,0,16,200.0,0.0
6616,EMP-2172,2025-03-01,0,19,237.5,0.0
6617,EMP-2173,2025-03-01,0,19,237.5,0.0
6618,EMP-2174,2025-03-01,0,17,212.5,0.0
6619,EMP-2175,2025-03-01,2,0,0.0,131.0
6620,EMP-2177,2025-03-01,2,0,0.0,261.27
6621,EMP-2178,2025-03-01,2,0,0.0,56.07
6622,EMP-2180,2025-03-01,0,11,137.5,0.0
6623,EMP-2181,2025-03-01,0,2,25.0,0.0
6624,EMP-2182,2025-03-01,0,11,137.5,0.0
6625,EMP-2183,2025-03-01,0,6,75.0,0.0
6626,EMP-2184,2025-03-01,1,0,0.0,44.1
6627,EMP-2185,2025-03-01,0,19,237.5,0.0
6628,EMP-2186,2025-03-01,0,10,125.0,0.0
6629,EMP-2187,2025-03-01,2,0,0.0,87.67
6630,EMP-2188,2025-03-01,0,14,175.0,0.0
6631,EMP-2189,2025-03-01,1,0,0.0,99.8
6632,EMP-2190,2025-03-01,0,4,50.0,0.0
6633,EMP-2191,2025-03-01,1,0,0.0,66.13
6634,EMP-2192,2025-03-01,5,0,0.0,281.0
6635,EMP-2194,2025-03-01,3,0,0.0,155.2
6636,EMP-2195,2025-03-01,0,0,0.0,0.0
6637,EMP-2197,2025-03-01,0,15,187.5,0.0
6638,EMP-2198,2025-03-01,0,15,187.5,0.0
6639,EMP-2199,2025-03-01,0,8,100.0,0.0
6640,EMP-2200,2025-03-01,0,7,87.5,0.0
6641,EMP-2201,2025-03-01,0,6,75.0,0.0
6642,EMP-2203,2025-03-01,0,2,25.0,0.0
6643,EMP-2204,2025-03-01,2,0,0.0,242.2
6644,EMP-2206,2025-03-01,0,16,200.0,0.0
6645,EMP-2208,2025-03-01,0,10,125.0,0.0
6646,EMP-2210,2025-03-01,0,19,237.5,0.0
6647,EMP-2211,2025-03-01,1,0,0.0,26.03
6648,EMP-2212,2025-03-01,0,6,75.0,0.0
6649,EMP-2213,2025-03-01,0,6,75.0,0.0
6650,EMP-2214,2025-03-01,2,0,0.0,110.93
6651,EMP-2215,2025-03-01,0,1,12.5,0.0
6652,EMP-2216,2025-03-01,0,7,87.5,0.0
6653,EMP-2217,2025-03-01,0,11,137.5,0.0
6654,EMP-2218,2025-03-01,1,0,0.0,20.37
6655,EMP-2219,2025-03-01,0,8,100.0,0.0
6656,EMP-2220,2025-03-01,0,19,237.5,0.0
6657,EMP-2221,2025-03-01,1,0,0.0,47.8
6658,EMP-2222,2025-03-01,2,0,0.0,220.73
6659,EMP-2223,2025-03-01,0,13,162.5,0.0
6660,EMP-2224,2025-03-01,0,5,62.5,0.0
6661,EMP-2225,2025-03-01,0,13,162.5,0.0
6662,EMP-2226,2025-03-01,0,11,137.5,0.0
6663,EMP-2227,2025-03-01,0,7,87.5,0.0
6664,EMP-2229,2025-03-01,0,8,100.0,0.0
6665,EMP-2230,2025-03-01,0,17,212.5,0.0
6666,EMP-2231,2025-03-01,0,4,50.0,0.0
6667,EMP-2232,2025-03-01,1,0,0.0,48.17
6668,EMP-2233,2025-03-01,0,10,125.0,0.0
6669,EMP-2234,2025-03-01,0,1,12.5,0.0
6670,EMP-2235,2025-03-01,1,0,0.0,132.7
6671,EMP-2236,2025-03-01,0,2,25.0,0.0
6672,EMP-2237,2025-03-01,1,0,0.0,53.67
6673,EMP-2238,2025-03-01,5,0,0.0,183.83
6674,EMP-2240,2025-03-01,0,17,212.5,0.0
6675,EMP-2241,2025-03-01,0,11,137.5,0.0
6676,EMP-2242,2025-03-01,1,0,0.0,30.97
6677,EMP-2243,2025-03-01,0,2,25.0,0.0
6678,EMP-2245,2025-03-01,0,2,25.0,0.0
6679,EMP-2246,2025-03-01,0,1,12.5,0.0
6680,EMP-2247,2025-03-01,2,0,0.0,89.53
6681,EMP-2248,2025-03-01,0,8,100.0,0.0
6682,EMP-2250,2025-03-01,0,16,200.0,0.0
6683,EMP-2251,2025-03-01,0,18,225.0,0.0
6684,EMP-2252,2025-03-01,1,0,0.0,53.07
6685,EMP-2253,2025-03-01,1,0,0.0,36.2
6686,EMP-2255,2025-03-01,0,12,150.0,0.0
6687,EMP-2256,2025-03-01,0,20,250.0,0.0
6688,EMP-2257,2025-03-01,0,18,225.0,0.0
6689,EMP-2258,2025-03-01,0,14,175.0,0.0
6690,EMP-2259,2025-03-01,0,3,37.5,0.0
6691,EMP-2260,2025-03-01,2,0,0.0,265.53
6692,EMP-2261,2025-03-01,0,13,162.5,0.0
6693,EMP-2262,2025-03-01,0,17,212.5,0.0
6694,EMP-2263,2025-03-01,2,0,0.0,65.4
6695,EMP-2264,2025-03-01,2,0,0.0,95.33
6696,EMP-2265,2025-03-01,0,3,37.5,0.0
6697,EMP-2266,2025-03-01,2,0,0.0,69.13
6698,EMP-2267,2025-03-01,0,10,125.0,0.0
6699,EMP-2268,2025-03-01,3,0,0.0,142.8
6700,EMP-2270,2025-03-01,0,17,212.5,0.0
6701,EMP-2271,2025-03-01,0,19,237.5,0.0
6702,EMP-2272,2025-03-01,0,2,25.0,0.0
6703,EMP-2273,2025-03-01,0,18,225.0,0.0
6704,EMP-2274,2025-03-01,0,2,25.0,0.0
6705,EMP-2275,2025-03-01,0,10,125.0,0.0
6706,EMP-2276,2025-03-01,2,0,0.0,70.67
6707,EMP-2277,2025-03-01,2,0,0.0,65.87
6708,EMP-2281,2025-03-01,0,14,175.0,0.0
6709,EMP-2283,2025-03-01,0,10,125.0,0.0
6710,EMP-2284,2025-03-01,0,3,37.5,0.0
6711,EMP-2285,2025-03-01,1,0,0.0,49.37
6712,EMP-2286,2025-03-01,1,0,0.0,22.83
6713,EMP-2288,2025-03-01,0,5,62.5,0.0
6714,EMP-2289,2025-03-01,0,7,87.5,0.0
6715,EMP-2290,2025-03-01,0,4,50.0,0.0
6716,EMP-2291,2025-03-01,0,13,162.5,0.0
6717,EMP-2294,2025-03-01,0,6,75.0,0.0
6718,EMP-2295,2025-03-01,0,11,137.5,0.0
6719,EMP-2296,2025-03-01,0,12,150.0,0.0
6720,EMP-2297,2025-03-01,0,20,250.0,0.0
6721,EMP-2298,2025-03-01,0,2,25.0,0.0
6722,EMP-2299,2025-03-01,0,0,0.0,0.0
6723,EMP-2300,2025-03-01,1,0,0.0,132.07
6724,EMP-2301,2025-03-01,0,3,37.5,0.0
6725,EMP-2302,2025-03-01,0,7,87.5,0.0
6726,EMP-2303,2025-03-01,0,6,75.0,0.0
6727,EMP-2304,2025-03-01,0,3,37.5,0.0
6728,EMP-2305,2025-03-01,0,2,25.0,0.0
6729,EMP-2306,2025-03-01,1,0,0.0,25.3
6730,EMP-2307,2025-03-01,0,3,37.5,0.0
6731,EMP-2308,2025-03-01,0,7,87.5,0.0
6732,EMP-2309,2025-03-01,0,15,187.5,0.0
6733,EMP-2310,2025-03-01,0,15,187.5,0.0
6734,EMP-2311,2025-03-01,2,0,0.0,88.0
6735,EMP-2313,2025-03-01,0,17,212.5,0.0
6736,EMP-2314,2025-03-01,0,12,150.0,0.0
6737,EMP-2315,2025-03-01,1,0,0.0,34.9
6738,EMP-2316,2025-03-01,0,6,75.0,0.0
6739,EMP-2317,2025-03-01,0,7,87.5,0.0
6740,EMP-2318,2025-03-01,0,1,12.5,0.0
6741,EMP-2319,2025-03-01,0,6,75.0,0.0
6742,EMP-2320,2025-03-01,1,0,0.0,47.67
6743,EMP-2321,2025-03-01,0,9,112.5,0.0
6744,EMP-2322,2025-03-01,1,0,0.0,48.27
6745,EMP-2323,2025-03-01,0,16,200.0,0.0
6746,EMP-2324,2025-03-01,1,0,0.0,39.83
6747,EMP-2325,2025-03-01,0,15,187.5,0.0
6748,EMP-2326,2025-03-01,0,12,150.0,0.0
6749,EMP-2327,2025-03-01,0,5,62.5,0.0
6750,EMP-2328,2025-03-01,0,16,200.0,0.0
6751,EMP-2329,2025-03-01,0,15,187.5,0.0
6752,EMP-2330,2025-03-01,0,4,50.0,0.0
6753,EMP-2331,2025-03-01,2,0,0.0,63.8
6754,EMP-2332,2025-03-01,1,0,0.0,40.9
6755,EMP-2333,2025-03-01,1,0,0.0,38.73
6756,EMP-2334,2025-03-01,0,0,0.0,0.0
6757,EMP-2335,2025-03-01,1,0,0.0,22.87
6758,EMP-2336,2025-03-01,3,0,0.0,219.7
6759,EMP-2337,2025-03-01,0,15,187.5,0.0
6760,EMP-2338,2025-03-01,1,0,0.0,31.9
6761,EMP-2339,2025-03-01,0,0,0.0,0.0
6762,EMP-2340,2025-03-01,5,0,0.0,110.17
6763,EMP-2341,2025-03-01,0,15,187.5,0.0
6764,EMP-2342,2025-03-01,0,1,12.5,0.0
6765,EMP-2343,2025-03-01,0,2,25.0,0.0
6766,EMP-2344,2025-03-01,3,0,0.0,213.4
6767,EMP-2345,2025-03-01,0,19,237.5,0.0
6768,EMP-2346,2025-03-01,0,0,0.0,0.0
6769,EMP-2347,2025-03-01,1,0,0.0,56.4
6770,EMP-2350,2025-03-01,0,7,87.5,0.0
6771,EMP-2351,2025-03-01,1,0,0.0,96.93
6772,EMP-2352,2025-03-01,3,0,0.0,168.7
6773,EMP-2354,2025-03-01,1,0,0.0,48.5
6774,EMP-2355,2025-03-01,0,4,50.0,0.0
6775,EMP-2356,2025-03-01,0,15,187.5,0.0
6776,EMP-2357,2025-03-01,3,0,0.0,179.2
6777,EMP-2358,2025-03-01,0,12,150.0,0.0
6778,EMP-2359,2025-03-01,0,7,87.5,0.0
6779,EMP-2361,2025-03-01,2,0,0.0,44.47
6780,EMP-2362,2025-03-01,1,0,0.0,20.93
6781,EMP-2364,2025-03-01,0,4,50.0,0.0
6782,EMP-2365,2025-03-01,0,16,200.0,0.0
6783,EMP-2366,2025-03-01,0,17,212.5,0.0
6784,EMP-2367,2025-03-01,0,4,50.0,0.0
6785,EMP-2368,2025-03-01,1,0,0.0,127.8
6786,EMP-2369,2025-03-01,0,5,62.5,0.0
6787,EMP-2370,2025-03-01,0,2,25.0,0.0
6788,EMP-2371,2025-03-01,1,0,0.0,42.33
6789,EMP-2372,2025-03-01,2,0,0.0,43.53
6790,EMP-2373,2025-03-01,0,10,125.0,0.0
6791,EMP-2374,2025-03-01,0,10,125.0,0.0
6792,EMP-2375,2025-03-01,2,0,0.0,115.67
6793,EMP-2376,2025-03-01,0,2,25.0,0.0
6794,EMP-2377,2025-03-01,0,0,0.0,0.0
6795,EMP-2379,2025-03-01,0,6,75.0,0.0
6796,EMP-2380,2025-03-01,0,1,12.5,0.0
6797,EMP-2382,2025-03-01,3,0,0.0,178.2
6798,EMP-2383,2025-03-01,1,0,0.0,58.57
6799,EMP-2384,2025-03-01,0,3,37.5,0.0
6800,EMP-2385,2025-03-01,2,0,0.0,79.87
6801,EMP-2386,2025-03-01,0,1,12.5,0.0
6802,EMP-2387,2025-03-01,0,3,37.5,0.0
6803,EMP-2389,2025-03-01,5,0,0.0,129.33
6804,EMP-2390,2025-03-01,0,10,125.0,0.0
6805,EMP-2392,2025-03-01,1,0,0.0,22.77
6806,EMP-2393,2025-03-01,0,3,37.5,0.0
6807,EMP-2394,2025-03-01,0,9,112.5,0.0
6808,EMP-2395,2025-03-01,0,14,175.0,0.0
6809,EMP-2396,2025-03-01,0,20,250.0,0.0
6810,EMP-2398,2025-03-01,0,18,225.0,0.0
6811,EMP-2399,2025-03-01,0,16,200.0,0.0
6812,EMP-2400,2025-03-01,0,1,12.5,0.0
6813,EMP-2402,2025-03-01,2,0,0.0,57.13
6814,EMP-2404,2025-03-01,1,0,0.0,96.4
6815,EMP-2405,2025-03-01,0,14,175.0,0.0
6816,EMP-2406,2025-03-01,0,17,212.5,0.0
6817,EMP-2407,2025-03-01,0,10,125.0,0.0
6818,EMP-2408,2025-03-01,0,6,75.0,0.0
6819,EMP-2409,2025-03-01,0,20,250.0,0.0
6820,EMP-2410,2025-03-01,0,17,212.5,0.0
6821,EMP-2411,2025-03-01,0,2,25.0,0.0
6822,EMP-2412,2025-03-01,0,0,0.0,0.0
6823,EMP-2413,2025-03-01,0,14,175.0,0.0
6824,EMP-2415,2025-03-01,2,0,0.0,224.13
6825,EMP-2417,2025-03-01,0,7,87.5,0.0
6826,EMP-2418,2025-03-01,0,9,112.5,0.0
6827,EMP-2420,2025-03-01,0,12,150.0,0.0
6828,EMP-2421,2025-03-01,1,0,0.0,32.53
6829,EMP-2422,2025-03-01,1,0,0.0,51.27
6830,EMP-2423,2025-03-01,0,11,137.5,0.0
6831,EMP-2424,2025-03-01,0,10,125.0,0.0
6832,EMP-2425,2025-03-01,0,13,162.5,0.0
6833,EMP-2426,2025-03-01,1,0,0.0,36.5
6834,EMP-2427,2025-03-01,0,10,125.0,0.0
6835,EMP-2428,2025-03-01,2,0,0.0,84.13
6836,EMP-2429,2025-03-01,2,0,0.0,80.73
6837,EMP-2431,2025-03-01,0,5,62.5,0.0
6838,EMP-2433,2025-03-01,0,10,125.0,0.0
6839,EMP-2434,2025-03-01,2,0,0.0,137.73
6840,EMP-2435,2025-03-01,0,16,200.0,0.0
6841,EMP-2436,2025-03-01,0,10,125.0,0.0
6842,EMP-2438,2025-03-01,0,10,125.0,0.0
6843,EMP-2440,2025-03-01,5,0,0.0,431.83
6844,EMP-2441,2025-03-01,0,19,237.5,0.0
6845,EMP-2442,2025-03-01,0,13,162.5,0.0
6846,EMP-2443,2025-03-01,0,16,200.0,0.0
6847,EMP-2445,2025-03-01,0,7,87.5,0.0
6848,EMP-2446,2025-03-01,0,11,137.5,0.0
6849,EMP-2448,2025-03-01,0,0,0.0,0.0
6850,EMP-2452,2025-03-01,0,19,237.5,0.0
6851,EMP-2453,2025-03-01,0,14,175.0,0.0
6852,EMP-2454,2025-03-01,0,11,137.5,0.0
6853,EMP-2455,2025-03-01,0,5,62.5,0.0
6854,EMP-2456,2025-03-01,5,0,0.0,221.17
6855,EMP-2457,2025-03-01,0,5,62.5,0.0
6856,EMP-2458,2025-03-01,0,18,225.0,0.0
6857,EMP-2459,2025-03-01,0,19,237.5,0.0
6858,EMP-2460,2025-03-01,2,0,0.0,101.73
6859,EMP-2462,2025-03-01,0,0,0.0,0.0
6860,EMP-2463,2025-03-01,0,18,225.0,0.0
6861,EMP-2464,2025-03-01,1,0,0.0,50.87
6862,EMP-2465,2025-03-01,2,0,0.0,111.87
6863,EMP-2466,2025-03-01,5,0,0.0,513.0
6864,EMP-2469,2025-03-01,3,0,0.0,432.1
6865,EMP-2470,2025-03-01,0,10,125.0,0.0
6866,EMP-2471,2025-03-01,0,13,162.5,0.0
6867,EMP-2474,2025-03-01,0,20,250.0,0.0
6868,EMP-2476,2025-03-01,0,5,62.5,0.0
6869,EMP-2477,2025-03-01,0,3,37.5,0.0
6870,EMP-2478,2025-03-01,2,0,0.0,76.67
6871,EMP-2479,2025-03-01,0,19,237.5,0.0
6872,EMP-2480,2025-03-01,0,13,162.5,0.0
6873,EMP-2481,2025-03-01,3,0,0.0,93.7
6874,EMP-2482,2025-03-01,1,0,0.0,60.67
6875,EMP-2483,2025-03-01,0,17,212.5,0.0
6876,EMP-2484,2025-03-01,0,13,162.5,0.0
6877,EMP-2486,2025-03-01,0,4,50.0,0.0
6878,EMP-2487,2025-03-01,2,0,0.0,63.2
6879,EMP-2488,2025-03-01,0,10,125.0,0.0
6880,EMP-2489,2025-03-01,0,19,237.5,0.0
6881,EMP-2491,2025-03-01,1,0,0.0,148.53
6882,EMP-2492,2025-03-01,0,15,187.5,0.0
6883,EMP-2493,2025-03-01,0,14,175.0,0.0
6884,EMP-2495,2025-03-01,0,13,162.5,0.0
6885,EMP-2496,2025-03-01,2,0,0.0,63.53
6886,EMP-2497,2025-03-01,0,16,200.0,0.0
6887,EMP-2498,2025-03-01,0,11,137.5,0.0
6888,EMP-2499,2025-03-01,0,15,187.5,0.0
6889,EMP-2500,2025-03-01,1,0,0.0,126.1
6890,EMP-2501,2025-03-01,0,12,150.0,0.0
6891,EMP-2502,2025-03-01,0,2,25.0,0.0
6892,EMP-2503,2025-03-01,0,5,62.5,0.0
6893,EMP-2504,2025-03-01,0,12,150.0,0.0
6894,EMP-2505,2025-03-01,0,0,0.0,0.0
6895,EMP-2506,2025-03-01,1,0,0.0,54.4
6896,EMP-2507,2025-03-01,0,18,225.0,0.0
6897,EMP-2508,2025-03-01,0,7,87.5,0.0
6898,EMP-2509,2025-03-01,0,17,212.5,0.0
6899,EMP-2510,2025-03-01,2,0,0.0,46.07
6900,EMP-2511,2025-03-01,0,15,187.5,0.0
6901,EMP-2512,2025-03-01,1,0,0.0,48.43
6902,EMP-2513,2025-03-01,0,1,12.5,0.0
6903,EMP-2514,2025-03-01,0,9,112.5,0.0
6904,EMP-2515,2025-03-01,5,0,0.0,694.0
6905,EMP-2517,2025-03-01,1,0,0.0,50.03
6906,EMP-2518,2025-03-01,0,11,137.5,0.0
6907,EMP-2519,2025-03-01,0,10,125.0,0.0
6908,EMP-2520,2025-03-01,1,0,0.0,138.6
6909,EMP-2521,2025-03-01,0,17,212.5,0.0
6910,EMP-2522,2025-03-01,3,0,0.0,132.8
6911,EMP-2524,2025-03-01,0,0,0.0,0.0
6912,EMP-2525,2025-03-01,0,7,87.5,0.0
6913,EMP-2526,2025-03-01,0,18,225.0,0.0
6914,EMP-2527,2025-03-01,3,0,0.0,81.1
6915,EMP-2528,2025-03-01,0,10,125.0,0.0
6916,EMP-2529,2025-03-01,1,0,0.0,48.67
6917,EMP-2530,2025-03-01,1,0,0.0,122.73
6918,EMP-2531,2025-03-01,0,3,37.5,0.0
6919,EMP-2532,2025-03-01,0,13,162.5,0.0
6920,EMP-2533,2025-03-01,0,7,87.5,0.0
6921,EMP-2534,2025-03-01,0,3,37.5,0.0
6922,EMP-2535,2025-03-01,0,16,200.0,0.0
6923,EMP-2536,2025-03-01,0,18,225.0,0.0
6924,EMP-2538,2025-03-01,1,0,0.0,87.27
6925,EMP-2539,2025-03-01,0,16,200.0,0.0
6926,EMP-2540,2025-03-01,0,14,175.0,0.0
6927,EMP-2541,2025-03-01,0,0,0.0,0.0
6928,EMP-2542,2025-03-01,0,2,25.0,0.0
6929,EMP-2543,2025-03-01,0,1,12.5,0.0
6930,EMP-2544,2025-03-01,0,15,187.5,0.0
6931,EMP-2545,2025-03-01,1,0,0.0,25.33
6932,EMP-2547,2025-03-01,0,3,37.5,0.0
6933,EMP-2548,2025-03-01,0,5,62.5,0.0
6934,EMP-2549,2025-03-01,0,5,62.5,0.0
6935,EMP-2551,2025-03-01,1,0,0.0,47.27
6936,EMP-2552,2025-03-01,1,0,0.0,29.27
6937,EMP-2553,2025-03-01,0,17,212.5,0.0
6938,EMP-2554,2025-03-01,1,0,0.0,81.3
6939,EMP-2556,2025-03-01,0,5,62.5,0.0
6940,EMP-2557,2025-03-01,0,10,125.0,0.0
6941,EMP-2558,2025-03-01,0,17,212.5,0.0
6942,EMP-2560,2025-03-01,0,15,187.5,0.0
6943,EMP-2561,2025-03-01,0,19,237.5,0.0
6944,EMP-2562,2025-03-01,0,9,112.5,0.0
6945,EMP-2563,2025-03-01,0,14,175.0,0.0
6946,EMP-2564,2025-03-01,2,0,0.0,112.73
6947,EMP-2565,2025-03-01,1,0,0.0,35.67
6948,EMP-2567,2025-03-01,0,13,162.5,0.0
6949,EMP-2568,2025-03-01,0,20,250.0,0.0
6950,EMP-2570,2025-03-01,0,16,200.0,0.0
6951,EMP-2571,2025-03-01,0,11,137.5,0.0
6952,EMP-2572,2025-03-01,2,0,0.0,103.67
6953,EMP-2573,2025-03-01,0,20,250.0,0.0
6954,EMP-2574,2025-03-01,0,13,162.5,0.0
6955,EMP-2575,2025-03-01,3,0,0.0,149.3
6956,EMP-2576,2025-03-01,0,7,87.5,0.0
6957,EMP-2577,2025-03-01,0,11,137.5,0.0
6958,EMP-2578,2025-03-01,0,6,75.0,0.0
6959,EMP-2579,2025-03-01,0,12,150.0,0.0
6960,EMP-2580,2025-03-01,0,2,25.0,0.0
6961,EMP-2581,2025-03-01,0,5,62.5,0.0
6962,EMP-2582,2025-03-01,0,1,12.5,0.0
6963,EMP-2583,2025-03-01,0,7,87.5,0.0
6964,EMP-2584,2025-03-01,0,8,100.0,0.0
6965,EMP-2585,2025-03-01,0,6,75.0,0.0
6966,EMP-2586,2025-03-01,1,0,0.0,51.37
6967,EMP-2587,2025-03-01,0,11,137.5,0.0
6968,EMP-2588,2025-03-01,0,10,125.0,0.0
6969,EMP-2589,2025-03-01,0,3,37.5,0.0
6970,EMP-2590,2025-03-01,0,16,200.0,0.0
6971,EMP-2591,2025-03-01,0,16,200.0,0.0
6972,EMP-2592,2025-03-01,1,0,0.0,42.57
6973,EMP-2593,2025-03-01,0,10,125.0,0.0
6974,EMP-2594,2025-03-01,1,0,0.0,84.3
6975,EMP-2595,2025-03-01,0,16,200.0,0.0
6976,EMP-2597,2025-03-01,0,6,75.0,0.0
6977,EMP-2598,2025-03-01,0,6,75.0,0.0
6978,EMP-2599,2025-03-01,0,3,37.5,0.0
6979,EMP-2001,2025-04-01,0,15,187.5,0.0
6980,EMP-2003,2025-04-01,1,0,0.0,33.17
6981,EMP-2004,2025-04-01,3,0,0.0,156.6
6982,EMP-2005,2025-04-01,0,5,62.5,0.0
6983,EMP-2006,2025-04-01,0,11,137.5,0.0
6984,EMP-2008,2025-04-01,0,3,37.5,0.0
6985,EMP-2010,2025-04-01,0,17,212.5,0.0
6986,EMP-2011,2025-04-01,0,19,237.5,0.0
6987,EMP-2014,2025-04-01,0,12,150.0,0.0
6988,EMP-2015,2025-04-01,0,14,175.0,0.0
6989,EMP-2016,2025-04-01,3,0,0.0,129.1
6990,EMP-2017,2025-04-01,0,12,150.0,0.0
6991,EMP-2018,2025-04-01,1,0,0.0,78.23
6992,EMP-2019,2025-04-01,1,0,0.0,27.63
6993,EMP-2020,2025-04-01,0,13,162.5,0.0
6994,EMP-2024,2025-04-01,1,0,0.0,94.7
6995,EMP-2025,2025-04-01,0,1,12.5,0.0
6996,EMP-2026,2025-04-01,1,0,0.0,21.6
6997,EMP-2027,2025-04-01,1,0,0.0,57.53
6998,EMP-2028,2025-04-01,0,0,0.0,0.0
6999,EMP-2029,2025-04-01,0,20,250.0,0.0
7000,EMP-2031,2025-04-01,1,0,0.0,145.57
7001,EMP-2032,2025-04-01,0,13,162.5,0.0
7002,EMP-2033,2025-04-01,0,19,237.5,0.0
7003,EMP-2034,2025-04-01,0,12,150.0,0.0
7004,EMP-2036,2025-04-01,1,0,0.0,44.37
7005,EMP-2037,2025-04-01,0,8,100.0,0.0
7006,EMP-2038,2025-04-01,0,19,237.5,0.0
7007,EMP-2039,2025-04-01,3,0,0.0,164.6
7008,EMP-2040,2025-04-01,0,17,212.5,0.0
7009,EMP-2041,2025-04-01,0,2,25.0,0.0
7010,EMP-2042,2025-04-01,2,0,0.0,190.0
7011,EMP-2043,2025-04-01,0,12,150.0,0.0
7012,EMP-2044,2025-04-01,2,0,0.0,62.6
7013,EMP-2047,2025-04-01,0,3,37.5,0.0
7014,EMP-2049,2025-04-01,0,1,12.5,0.0
7015,EMP-2050,2025-04-01,5,0,0.0,226.0
7016,EMP-2051,2025-04-01,0,16,200.0,0.0
7017,EMP-2052,2025-04-01,0,13,162.5,0.0
7018,EMP-2053,2025-04-01,0,14,175.0,0.0
7019,EMP-2055,2025-04-01,0,10,125.0,0.0
7020,EMP-2056,2025-04-01,2,0,0.0,117.67
7021,EMP-2057,2025-04-01,3,0,0.0,214.6
7022,EMP-2058,2025-04-01,2,0,0.0,54.6
7023,EMP-2059,2025-04-01,2,0,0.0,90.87
7024,EMP-2060,2025-04-01,0,6,75.0,0.0
7025,EMP-2061,2025-04-01,2,0,0.0,105.73
7026,EMP-2062,2025-04-01,0,9,112.5,0.0
7027,EMP-2063,2025-04-01,0,9,112.5,0.0
7028,EMP-2064,2025-04-01,0,8,100.0,0.0
7029,EMP-2065,2025-04-01,0,15,187.5,0.0
7030,EMP-2066,2025-04-01,0,6,75.0,0.0
7031,EMP-2068,2025-04-01,3,0,0.0,158.7
7032,EMP-2069,2025-04-01,1,0,0.0,30.8
7033,EMP-2070,2025-04-01,0,15,187.5,0.0
7034,EMP-2071,2025-04-01,0,20,250.0,0.0
7035,EMP-2072,2025-04-01,1,0,0.0,30.87
7036,EMP-2073,2025-04-01,0,17,212.5,0.0
7037,EMP-2074,2025-04-01,0,19,237.5,0.0
7038,EMP-2075,2025-04-01,1,0,0.0,48.8
7039,EMP-2076,2025-04-01,0,0,0.0,0.0
7040,EMP-2078,2025-04-01,0,1,12.5,0.0
7041,EMP-2079,2025-04-01,0,19,237.5,0.0
7042,EMP-2081,2025-04-01,1,0,0.0,57.93
7043,EMP-2082,2025-04-01,0,13,162.5,0.0
7044,EMP-2083,2025-04-01,0,1,12.5,0.0
7045,EMP-2084,2025-04-01,1,0,0.0,36.1
7046,EMP-2085,2025-04-01,2,0,0.0,99.8
7047,EMP-2086,2025-04-01,3,0,0.0,68.0
7048,EMP-2087,2025-04-01,0,4,50.0,0.0
7049,EMP-2089,2025-04-01,0,0,0.0,0.0
7050,EMP-2090,2025-04-01,0,18,225.0,0.0
7051,EMP-2091,2025-04-01,0,7,87.5,0.0
7052,EMP-2093,2025-04-01,0,6,75.0,0.0
7053,EMP-2094,2025-04-01,0,14,175.0,0.0
7054,EMP-2095,2025-04-01,2,0,0.0,113.53
7055,EMP-2096,2025-04-01,0,4,50.0,0.0
7056,EMP-2097,2025-04-01,1,0,0.0,59.57
7057,EMP-2098,2025-04-01,0,1,12.5,0.0
7058,EMP-2101,2025-04-01,0,12,150.0,0.0
7059,EMP-2102,2025-04-01,0,14,175.0,0.0
7060,EMP-2103,2025-04-01,0,7,87.5,0.0
7061,EMP-2104,2025-04-01,0,20,250.0,0.0
7062,EMP-2105,2025-04-01,0,12,150.0,0.0
7063,EMP-2106,2025-04-01,2,0,0.0,135.8
7064,EMP-2107,2025-04-01,0,8,100.0,0.0
7065,EMP-2109,2025-04-01,5,0,0.0,256.83
7066,EMP-2110,2025-04-01,0,7,87.5,0.0
7067,EMP-2112,2025-04-01,1,0,0.0,55.53
7068,EMP-2113,2025-04-01,0,12,150.0,0.0
7069,EMP-2114,2025-04-01,0,8,100.0,0.0
7070,EMP-2115,2025-04-01,0,6,75.0,0.0
7071,EMP-2116,2025-04-01,0,17,212.5,0.0
7072,EMP-2117,2025-04-01,3,0,0.0,75.2
7073,EMP-2119,2025-04-01,0,15,187.5,0.0
7074,EMP-2120,2025-04-01,1,0,0.0,49.8
7075,EMP-2121,2025-04-01,0,16,200.0,0.0
7076,EMP-2122,2025-04-01,0,9,112.5,0.0
7077,EMP-2123,2025-04-01,1,0,0.0,141.17
7078,EMP-2124,2025-04-01,0,7,87.5,0.0
7079,EMP-2125,2025-04-01,0,8,100.0,0.0
7080,EMP-2127,2025-04-01,1,0,0.0,43.1
7081,EMP-2129,2025-04-01,0,20,250.0,0.0
7082,EMP-2130,2025-04-01,1,0,0.0,45.0
7083,EMP-2131,2025-04-01,0,8,100.0,0.0
7084,EMP-2133,2025-04-01,2,0,0.0,98.07
7085,EMP-2134,2025-04-01,0,20,250.0,0.0
7086,EMP-2136,2025-04-01,2,0,0.0,141.6
7087,EMP-2137,2025-04-01,0,7,87.5,0.0
7088,EMP-2138,2025-04-01,1,0,0.0,116.73
7089,EMP-2139,2025-04-01,3,0,0.0,83.2
7090,EMP-2141,2025-04-01,2,0,0.0,119.13
7091,EMP-2142,2025-04-01,0,12,150.0,0.0
7092,EMP-2144,2025-04-01,0,6,75.0,0.0
7093,EMP-2145,2025-04-01,0,7,87.5,0.0
7094,EMP-2146,2025-04-01,0,1,12.5,0.0
7095,EMP-2147,2025-04-01,0,12,150.0,0.0
7096,EMP-2148,2025-04-01,0,12,150.0,0.0
7097,EMP-2149,2025-04-01,0,9,112.5,0.0
7098,EMP-2150,2025-04-01,0,7,87.5,0.0
7099,EMP-2151,2025-04-01,0,17,212.5,0.0
7100,EMP-2154,2025-04-01,0,14,175.0,0.0
7101,EMP-2155,2025-04-01,2,0,0.0,112.47
7102,EMP-2156,2025-04-01,0,2,25.0,0.0
7103,EMP-2157,2025-04-01,0,18,225.0,0.0
7104,EMP-2158,2025-04-01,5,0,0.0,269.5
7105,EMP-2159,2025-04-01,0,18,225.0,0.0
7106,EMP-2160,2025-04-01,1,0,0.0,77.1
7107,EMP-2161,2025-04-01,0,11,137.5,0.0
7108,EMP-2162,2025-04-01,0,2,25.0,0.0
7109,EMP-2163,2025-04-01,0,1,12.5,0.0
7110,EMP-2164,2025-04-01,3,0,0.0,118.6
7111,EMP-2165,2025-04-01,0,4,50.0,0.0
7112,EMP-2167,2025-04-01,0,17,212.5,0.0
7113,EMP-2168,2025-04-01,0,11,137.5,0.0
7114,EMP-2169,2025-04-01,1,0,0.0,59.8
7115,EMP-2170,2025-04-01,3,0,0.0,296.9
7116,EMP-2171,2025-04-01,0,16,200.0,0.0
7117,EMP-2172,2025-04-01,1,0,0.0,112.4
7118,EMP-2173,2025-04-01,0,9,112.5,0.0
7119,EMP-2174,2025-04-01,1,0,0.0,118.1
7120,EMP-2175,2025-04-01,1,0,0.0,65.5
7121,EMP-2177,2025-04-01,0,7,87.5,0.0
7122,EMP-2178,2025-04-01,0,4,50.0,0.0
7123,EMP-2180,2025-04-01,0,14,175.0,0.0
7124,EMP-2181,2025-04-01,0,12,150.0,0.0
7125,EMP-2182,2025-04-01,3,0,0.0,379.3
7126,EMP-2183,2025-04-01,0,15,187.5,0.0
7127,EMP-2184,2025-04-01,0,7,87.5,0.0
7128,EMP-2185,2025-04-01,0,19,237.5,0.0
7129,EMP-2186,2025-04-01,0,12,150.0,0.0
7130,EMP-2187,2025-04-01,0,0,0.0,0.0
7131,EMP-2188,2025-04-01,0,9,112.5,0.0
7132,EMP-2189,2025-04-01,0,9,112.5,0.0
7133,EMP-2190,2025-04-01,0,6,75.0,0.0
7134,EMP-2191,2025-04-01,0,9,112.5,0.0
7135,EMP-2192,2025-04-01,0,12,150.0,0.0
7136,EMP-2194,2025-04-01,2,0,0.0,103.47
7137,EMP-2195,2025-04-01,0,19,237.5,0.0
7138,EMP-2197,2025-04-01,1,0,0.0,89.63
7139,EMP-2198,2025-04-01,0,20,250.0,0.0
7140,EMP-2199,2025-04-01,0,12,150.0,0.0
7141,EMP-2200,2025-04-01,0,9,112.5,0.0
7142,EMP-2201,2025-04-01,0,3,37.5,0.0
7143,EMP-2203,2025-04-01,0,14,175.0,0.0
7144,EMP-2204,2025-04-01,1,0,0.0,121.1
7145,EMP-2206,2025-04-01,3,0,0.0,168.6
7146,EMP-2208,2025-04-01,0,15,187.5,0.0
7147,EMP-2210,2025-04-01,0,5,62.5,0.0
7148,EMP-2211,2025-04-01,0,13,162.5,0.0
7149,EMP-2212,2025-04-01,0,18,225.0,0.0
7150,EMP-2213,2025-04-01,0,2,25.0,0.0
7151,EMP-2214,2025-04-01,2,0,0.0,110.93
7152,EMP-2215,2025-04-01,0,9,112.5,0.0
7153,EMP-2216,2025-04-01,0,13,162.5,0.0
7154,EMP-2217,2025-04-01,1,0,0.0,23.43
7155,EMP-2218,2025-04-01,1,0,0.0,20.37
7156,EMP-2219,2025-04-01,0,20,250.0,0.0
7157,EMP-2220,2025-04-01,0,0,0.0,0.0
7158,EMP-2221,2025-04-01,0,18,225.0,0.0
7159,EMP-2222,2025-04-01,0,14,175.0,0.0
7160,EMP-2223,2025-04-01,1,0,0.0,52.47
7161,EMP-2224,2025-04-01,1,0,0.0,23.53
7162,EMP-2225,2025-04-01,3,0,0.0,113.7
7163,EMP-2226,2025-04-01,0,14,175.0,0.0
7164,EMP-2227,2025-04-01,0,6,75.0,0.0
7165,EMP-2229,2025-04-01,0,18,225.0,0.0
7166,EMP-2230,2025-04-01,1,0,0.0,36.47
7167,EMP-2231,2025-04-01,0,8,100.0,0.0
7168,EMP-2232,2025-04-01,0,3,37.5,0.0
7169,EMP-2233,2025-04-01,0,10,125.0,0.0
7170,EMP-2234,2025-04-01,0,15,187.5,0.0
7171,EMP-2235,2025-04-01,0,3,37.5,0.0
7172,EMP-2236,2025-04-01,3,0,0.0,230.2
7173,EMP-2237,2025-04-01,0,16,200.0,0.0
7174,EMP-2238,2025-04-01,0,4,50.0,0.0
7175,EMP-2241,2025-04-01,0,15,187.5,0.0
7176,EMP-2242,2025-04-01,0,8,100.0,0.0
7177,EMP-2243,2025-04-01,5,0,0.0,139.67
7178,EMP-2245,2025-04-01,0,14,175.0,0.0
7179,EMP-2246,2025-04-01,0,17,212.5,0.0
7180,EMP-2247,2025-04-01,0,13,162.5,0.0
7181,EMP-2248,2025-04-01,0,17,212.5,0.0
7182,EMP-2250,2025-04-01,0,8,100.0,0.0
7183,EMP-2251,2025-04-01,1,0,0.0,111.27
7184,EMP-2252,2025-04-01,2,0,0.0,106.13
7185,EMP-2253,2025-04-01,0,6,75.0,0.0
7186,EMP-2255,2025-04-01,0,6,75.0,0.0
7187,EMP-2256,2025-04-01,0,18,225.0,0.0
7188,EMP-2257,2025-04-01,0,17,212.5,0.0
7189,EMP-2258,2025-04-01,1,0,0.0,47.3
7190,EMP-2259,2025-04-01,0,15,187.5,0.0
7191,EMP-2260,2025-04-01,3,0,0.0,398.3
7192,EMP-2261,2025-04-01,3,0,0.0,95.5
7193,EMP-2262,2025-04-01,1,0,0.0,48.37
7194,EMP-2263,2025-04-01,2,0,0.0,65.4
7195,EMP-2264,2025-04-01,0,14,175.0,0.0
7196,EMP-2265,2025-04-01,3,0,0.0,129.3
7197,EMP-2266,2025-04-01,0,18,225.0,0.0
7198,EMP-2267,2025-04-01,0,16,200.0,0.0
7199,EMP-2268,2025-04-01,0,1,12.5,0.0
7200,EMP-2270,2025-04-01,0,6,75.0,0.0
7201,EMP-2271,2025-04-01,5,0,0.0,201.17
7202,EMP-2272,2025-04-01,0,6,75.0,0.0
7203,EMP-2273,2025-04-01,2,0,0.0,112.73
7204,EMP-2274,2025-04-01,0,15,187.5,0.0
7205,EMP-2275,2025-04-01,0,11,137.5,0.0
7206,EMP-2276,2025-04-01,0,2,25.0,0.0
7207,EMP-2277,2025-04-01,1,0,0.0,32.93
7208,EMP-2281,2025-04-01,0,1,12.5,0.0
7209,EMP-2283,2025-04-01,3,0,0.0,147.5
7210,EMP-2284,2025-04-01,0,17,212.5,0.0
7211,EMP-2285,2025-04-01,2,0,0.0,98.73
7212,EMP-2286,2025-04-01,0,19,237.5,0.0
7213,EMP-2287,2025-04-01,2,0,0.0,263.33
7214,EMP-2288,2025-04-01,1,0,0.0,51.5
7215,EMP-2289,2025-04-01,1,0,0.0,46.8
7216,EMP-2290,2025-04-01,0,1,12.5,0.0
7217,EMP-2291,2025-04-01,2,0,0.0,294.33
7218,EMP-2294,2025-04-01,1,0,0.0,115.83
7219,EMP-2295,2025-04-01,2,0,0.0,116.47
7220,EMP-2296,2025-04-01,0,4,50.0,0.0
7221,EMP-2297,2025-04-01,3,0,0.0,87.3
7222,EMP-2298,2025-04-01,0,3,37.5,0.0
7223,EMP-2299,2025-04-01,0,10,125.0,0.0
7224,EMP-2300,2025-04-01,0,19,237.5,0.0
7225,EMP-2301,2025-04-01,0,0,0.0,0.0
7226,EMP-2302,2025-04-01,0,2,25.0,0.0
7227,EMP-2303,2025-04-01,0,16,200.0,0.0
7228,EMP-2304,2025-04-01,0,3,37.5,0.0
7229,EMP-2305,2025-04-01,0,2,25.0,0.0
7230,EMP-2306,2025-04-01,0,13,162.5,0.0
7231,EMP-2307,2025-04-01,0,16,200.0,0.0
7232,EMP-2308,2025-04-01,0,3,37.5,0.0
7233,EMP-2309,2025-04-01,0,4,50.0,0.0
7234,EMP-2310,2025-04-01,0,20,250.0,0.0
7235,EMP-2311,2025-04-01,0,1,12.5,0.0
7236,EMP-2313,2025-04-01,0,4,50.0,0.0
7237,EMP-2314,2025-04-01,1,0,0.0,37.23
7238,EMP-2315,2025-04-01,0,19,237.5,0.0
7239,EMP-2316,2025-04-01,0,4,50.0,0.0
7240,EMP-2317,2025-04-01,0,6,75.0,0.0
7241,EMP-2318,2025-04-01,0,17,212.5,0.0
7242,EMP-2319,2025-04-01,0,5,62.5,0.0
7243,EMP-2320,2025-04-01,0,14,175.0,0.0
7244,EMP-2321,2025-04-01,1,0,0.0,25.57
7245,EMP-2322,2025-04-01,0,8,100.0,0.0
7246,EMP-2323,2025-04-01,1,0,0.0,85.13
7247,EMP-2324,2025-04-01,0,20,250.0,0.0
7248,EMP-2325,2025-04-01,0,19,237.5,0.0
7249,EMP-2326,2025-04-01,2,0,0.0,118.0
7250,EMP-2327,2025-04-01,0,0,0.0,0.0
7251,EMP-2328,2025-04-01,0,7,87.5,0.0
7252,EMP-2329,2025-04-01,0,16,200.0,0.0
7253,EMP-2330,2025-04-01,0,6,75.0,0.0
7254,EMP-2331,2025-04-01,0,17,212.5,0.0
7255,EMP-2332,2025-04-01,2,0,0.0,81.8
7256,EMP-2333,2025-04-01,0,9,112.5,0.0
7257,EMP-2334,2025-04-01,1,0,0.0,85.37
7258,EMP-2335,2025-04-01,0,18,225.0,0.0
7259,EMP-2336,2025-04-01,0,1,12.5,0.0
7260,EMP-2337,2025-04-01,1,0,0.0,24.17
7261,EMP-2338,2025-04-01,2,0,0.0,63.8
7262,EMP-2339,2025-04-01,0,13,162.5,0.0
7263,EMP-2340,2025-04-01,0,11,137.5,0.0
7264,EMP-2341,2025-04-01,0,6,75.0,0.0
7265,EMP-2342,2025-04-01,2,0,0.0,72.13
7266,EMP-2343,2025-04-01,1,0,0.0,131.13
7267,EMP-2344,2025-04-01,0,9,112.5,0.0
7268,EMP-2345,2025-04-01,0,0,0.0,0.0
7269,EMP-2346,2025-04-01,5,0,0.0,351.67
7270,EMP-2347,2025-04-01,0,16,200.0,0.0
7271,EMP-2350,2025-04-01,1,0,0.0,23.13
7272,EMP-2351,2025-04-01,0,8,100.0,0.0
7273,EMP-2352,2025-04-01,0,5,62.5,0.0
7274,EMP-2354,2025-04-01,0,16,200.0,0.0
7275,EMP-2355,2025-04-01,1,0,0.0,49.33
7276,EMP-2356,2025-04-01,0,4,50.0,0.0
7277,EMP-2357,2025-04-01,0,15,187.5,0.0
7278,EMP-2358,2025-04-01,1,0,0.0,36.43
7279,EMP-2359,2025-04-01,0,8,100.0,0.0
7280,EMP-2361,2025-04-01,2,0,0.0,44.47
7281,EMP-2362,2025-04-01,0,18,225.0,0.0
7282,EMP-2364,2025-04-01,0,2,25.0,0.0
7283,EMP-2365,2025-04-01,0,14,175.0,0.0
7284,EMP-2366,2025-04-01,3,0,0.0,400.7
7285,EMP-2367,2025-04-01,0,5,62.5,0.0
7286,EMP-2368,2025-04-01,0,8,100.0,0.0
7287,EMP-2369,2025-04-01,2,0,0.0,103.27
7288,EMP-2370,2025-04-01,0,1,12.5,0.0
7289,EMP-2371,2025-04-01,0,1,12.5,0.0
7290,EMP-2372,2025-04-01,0,14,175.0,0.0
7291,EMP-2373,2025-04-01,0,14,175.0,0.0
7292,EMP-2374,2025-04-01,0,1,12.5,0.0
7293,EMP-2375,2025-04-01,0,11,137.5,0.0
7294,EMP-2376,2025-04-01,0,18,225.0,0.0
7295,EMP-2377,2025-04-01,0,6,75.0,0.0
7296,EMP-2379,2025-04-01,2,0,0.0,277.2
7297,EMP-2380,2025-04-01,5,0,0.0,105.33
7298,EMP-2382,2025-04-01,0,3,37.5,0.0
7299,EMP-2383,2025-04-01,0,1,12.5,0.0
7300,EMP-2384,2025-04-01,0,0,0.0,0.0
7301,EMP-2385,2025-04-01,0,2,25.0,0.0
7302,EMP-2386,2025-04-01,0,20,250.0,0.0
7303,EMP-2387,2025-04-01,0,7,87.5,0.0
7304,EMP-2389,2025-04-01,3,0,0.0,77.6
7305,EMP-2390,2025-04-01,0,20,250.0,0.0
7306,EMP-2392,2025-04-01,0,9,112.5,0.0
7307,EMP-2393,2025-04-01,0,12,150.0,0.0
7308,EMP-2394,2025-04-01,1,0,0.0,26.93
7309,EMP-2395,2025-04-01,3,0,0.0,285.2
7310,EMP-2396,2025-04-01,0,8,100.0,0.0
7311,EMP-2398,2025-04-01,0,2,25.0,0.0
7312,EMP-2399,2025-04-01,0,12,150.0,0.0
7313,EMP-2400,2025-04-01,2,0,0.0,44.47
7314,EMP-2402,2025-04-01,0,3,37.5,0.0
7315,EMP-2404,2025-04-01,1,0,0.0,96.4
7316,EMP-2405,2025-04-01,0,3,37.5,0.0
7317,EMP-2406,2025-04-01,2,0,0.0,45.07
7318,EMP-2407,2025-04-01,0,2,25.0,0.0
7319,EMP-2408,2025-04-01,0,7,87.5,0.0
7320,EMP-2409,2025-04-01,0,7,87.5,0.0
7321,EMP-2410,2025-04-01,0,5,62.5,0.0
7322,EMP-2411,2025-04-01,1,0,0.0,47.73
7323,EMP-2412,2025-04-01,1,0,0.0,39.5
7324,EMP-2413,2025-04-01,0,5,62.5,0.0
7325,EMP-2415,2025-04-01,1,0,0.0,112.07
7326,EMP-2417,2025-04-01,1,0,0.0,25.9
7327,EMP-2418,2025-04-01,0,10,125.0,0.0
7328,EMP-2420,2025-04-01,1,0,0.0,50.1
7329,EMP-2421,2025-04-01,0,3,37.5,0.0
7330,EMP-2422,2025-04-01,0,6,75.0,0.0
7331,EMP-2423,2025-04-01,0,0,0.0,0.0
7332,EMP-2424,2025-04-01,0,1,12.5,0.0
7333,EMP-2425,2025-04-01,0,11,137.5,0.0
7334,EMP-2426,2025-04-01,0,1,12.5,0.0
7335,EMP-2427,2025-04-01,0,3,37.5,0.0
7336,EMP-2428,2025-04-01,0,14,175.0,0.0
7337,EMP-2429,2025-04-01,2,0,0.0,80.73
7338,EMP-2431,2025-04-01,0,11,137.5,0.0
7339,EMP-2433,2025-04-01,2,0,0.0,51.2
7340,EMP-2434,2025-04-01,1,0,0.0,68.87
7341,EMP-2435,2025-04-01,0,2,25.0,0.0
7342,EMP-2436,2025-04-01,0,14,175.0,0.0
7343,EMP-2438,2025-04-01,0,12,150.0,0.0
7344,EMP-2440,2025-04-01,0,3,37.5,0.0
7345,EMP-2441,2025-04-01,0,3,37.5,0.0
7346,EMP-2442,2025-04-01,0,7,87.5,0.0
7347,EMP-2443,2025-04-01,0,18,225.0,0.0
7348,EMP-2445,2025-04-01,0,9,112.5,0.0
7349,EMP-2446,2025-04-01,0,2,25.0,0.0
7350,EMP-2448,2025-04-01,0,18,225.0,0.0
7351,EMP-2449,2025-04-01,0,8,100.0,0.0
7352,EMP-2452,2025-04-01,0,7,87.5,0.0
7353,EMP-2453,2025-04-01,5,0,0.0,396.83
7354,EMP-2454,2025-04-01,3,0,0.0,171.9
7355,EMP-2455,2025-04-01,0,1,12.5,0.0
7356,EMP-2456,2025-04-01,0,12,150.0,0.0
7357,EMP-2457,2025-04-01,0,15,187.5,0.0
7358,EMP-2458,2025-04-01,0,10,125.0,0.0
7359,EMP-2459,2025-04-01,0,12,150.0,0.0
7360,EMP-2460,2025-04-01,0,14,175.0,0.0
7361,EMP-2462,2025-04-01,0,18,225.0,0.0
7362,EMP-2463,2025-04-01,2,0,0.0,95.8
7363,EMP-2464,2025-04-01,0,12,150.0,0.0
7364,EMP-2465,2025-04-01,2,0,0.0,111.87
7365,EMP-2466,2025-04-01,0,17,212.5,0.0
7366,EMP-2467,2025-04-01,2,0,0.0,90.87
7367,EMP-2469,2025-04-01,1,0,0.0,144.03
7368,EMP-2470,2025-04-01,2,0,0.0,57.67
7369,EMP-2471,2025-04-01,0,5,62.5,0.0
7370,EMP-2474,2025-04-01,0,18,225.0,0.0
7371,EMP-2476,2025-04-01,0,5,62.5,0.0
7372,EMP-2477,2025-04-01,0,4,50.0,0.0
7373,EMP-2478,2025-04-01,0,2,25.0,0.0
7374,EMP-2479,2025-04-01,0,4,50.0,0.0
7375,EMP-2480,2025-04-01,0,17,212.5,0.0
7376,EMP-2481,2025-04-01,0,1,12.5,0.0
7377,EMP-2482,2025-04-01,0,7,87.5,0.0
7378,EMP-2483,2025-04-01,0,4,50.0,0.0
7379,EMP-2484,2025-04-01,0,13,162.5,0.0
7380,EMP-2486,2025-04-01,0,2,25.0,0.0
7381,EMP-2487,2025-04-01,0,7,87.5,0.0
7382,EMP-2488,2025-04-01,1,0,0.0,30.63
7383,EMP-2489,2025-04-01,1,0,0.0,128.07
7384,EMP-2491,2025-04-01,0,2,25.0,0.0
7385,EMP-2492,2025-04-01,0,11,137.5,0.0
7386,EMP-2493,2025-04-01,0,12,150.0,0.0
7387,EMP-2495,2025-04-01,0,3,37.5,0.0
7388,EMP-2496,2025-04-01,0,1,12.5,0.0
7389,EMP-2497,2025-04-01,0,3,37.5,0.0
7390,EMP-2498,2025-04-01,0,9,112.5,0.0
7391,EMP-2499,2025-04-01,0,10,125.0,0.0
7392,EMP-2500,2025-04-01,0,20,250.0,0.0
7393,EMP-2501,2025-04-01,1,0,0.0,58.87
7394,EMP-2502,2025-04-01,2,0,0.0,159.93
7395,EMP-2503,2025-04-01,1,0,0.0,21.27
7396,EMP-2504,2025-04-01,0,15,187.5,0.0
7397,EMP-2505,2025-04-01,1,0,0.0,140.2
7398,EMP-2506,2025-04-01,0,19,237.5,0.0
7399,EMP-2507,2025-04-01,0,2,25.0,0.0
7400,EMP-2508,2025-04-01,2,0,0.0,79.6
7401,EMP-2509,2025-04-01,0,18,225.0,0.0
7402,EMP-2510,2025-04-01,0,18,225.0,0.0
7403,EMP-2511,2025-04-01,1,0,0.0,27.9
7404,EMP-2512,2025-04-01,2,0,0.0,96.87
7405,EMP-2513,2025-04-01,0,7,87.5,0.0
7406,EMP-2514,2025-04-01,1,0,0.0,47.23
7407,EMP-2515,2025-04-01,1,0,0.0,138.8
7408,EMP-2517,2025-04-01,0,7,87.5,0.0
7409,EMP-2518,2025-04-01,0,0,0.0,0.0
7410,EMP-2519,2025-04-01,0,1,12.5,0.0
7411,EMP-2520,2025-04-01,0,10,125.0,0.0
7412,EMP-2521,2025-04-01,1,0,0.0,70.4
7413,EMP-2522,2025-04-01,0,2,25.0,0.0
7414,EMP-2524,2025-04-01,0,0,0.0,0.0
7415,EMP-2525,2025-04-01,0,2,25.0,0.0
7416,EMP-2526,2025-04-01,0,14,175.0,0.0
7417,EMP-2527,2025-04-01,0,16,200.0,0.0
7418,EMP-2528,2025-04-01,0,13,162.5,0.0
7419,EMP-2529,2025-04-01,1,0,0.0,48.67
7420,EMP-2530,2025-04-01,0,15,187.5,0.0
7421,EMP-2531,2025-04-01,2,0,0.0,54.2
7422,EMP-2532,2025-04-01,1,0,0.0,21.67
7423,EMP-2533,2025-04-01,2,0,0.0,47.87
7424,EMP-2534,2025-04-01,2,0,0.0,98.53
7425,EMP-2535,2025-04-01,0,17,212.5,0.0
7426,EMP-2536,2025-04-01,0,9,112.5,0.0
7427,EMP-2538,2025-04-01,0,7,87.5,0.0
7428,EMP-2539,2025-04-01,2,0,0.0,109.6
7429,EMP-2540,2025-04-01,0,11,137.5,0.0
7430,EMP-2541,2025-04-01,3,0,0.0,360.1
7431,EMP-2542,2025-04-01,0,0,0.0,0.0
7432,EMP-2543,2025-04-01,0,18,225.0,0.0
7433,EMP-2544,2025-04-01,0,5,62.5,0.0
7434,EMP-2545,2025-04-01,2,0,0.0,50.67
7435,EMP-2547,2025-04-01,0,1,12.5,0.0
7436,EMP-2548,2025-04-01,0,18,225.0,0.0
7437,EMP-2549,2025-04-01,2,0,0.0,52.67
7438,EMP-2551,2025-04-01,0,19,237.5,0.0
7439,EMP-2552,2025-04-01,1,0,0.0,29.27
7440,EMP-2553,2025-04-01,0,9,112.5,0.0
7441,EMP-2554,2025-04-01,0,18,225.0,0.0
7442,EMP-2556,2025-04-01,0,2,25.0,0.0
7443,EMP-2557,2025-04-01,0,14,175.0,0.0
7444,EMP-2558,2025-04-01,2,0,0.0,116.73
7445,EMP-2560,2025-04-01,0,9,112.5,0.0
7446,EMP-2561,2025-04-01,0,17,212.5,0.0
7447,EMP-2562,2025-04-01,0,8,100.0,0.0
7448,EMP-2563,2025-04-01,0,17,212.5,0.0
7449,EMP-2564,2025-04-01,3,0,0.0,169.1
7450,EMP-2565,2025-04-01,0,8,100.0,0.0
7451,EMP-2567,2025-04-01,0,14,175.0,0.0
7452,EMP-2568,2025-04-01,0,0,0.0,0.0
7453,EMP-2570,2025-04-01,0,10,125.0,0.0
7454,EMP-2571,2025-04-01,3,0,0.0,96.8
7455,EMP-2572,2025-04-01,0,20,250.0,0.0
7456,EMP-2573,2025-04-01,1,0,0.0,46.5
7457,EMP-2574,2025-04-01,0,19,237.5,0.0
7458,EMP-2575,2025-04-01,0,2,25.0,0.0
7459,EMP-2576,2025-04-01,2,0,0.0,42.87
7460,EMP-2577,2025-04-01,1,0,0.0,37.1
7461,EMP-2578,2025-04-01,0,0,0.0,0.0
7462,EMP-2579,2025-04-01,1,0,0.0,42.73
7463,EMP-2580,2025-04-01,0,18,225.0,0.0
7464,EMP-2581,2025-04-01,0,1,12.5,0.0
7465,EMP-2582,2025-04-01,1,0,0.0,51.67
7466,EMP-2583,2025-04-01,0,5,62.5,0.0
7467,EMP-2584,2025-04-01,0,7,87.5,0.0
7468,EMP-2585,2025-04-01,0,13,162.5,0.0
7469,EMP-2586,2025-04-01,1,0,0.0,51.37
7470,EMP-2587,2025-04-01,0,16,200.0,0.0
7471,EMP-2588,2025-04-01,1,0,0.0,138.87
7472,EMP-2589,2025-04-01,0,16,200.0,0.0
7473,EMP-2590,2025-04-01,0,5,62.5,0.0
7474,EMP-2591,2025-04-01,0,7,87.5,0.0
7475,EMP-2592,2025-04-01,0,19,237.5,0.0
7476,EMP-2593,2025-04-01,0,4,50.0,0.0
7477,EMP-2594,2025-04-01,0,19,237.5,0.0
7478,EMP-2595,2025-04-01,0,13,162.5,0.0
7479,EMP-2597,2025-04-01,0,3,37.5,0.0
7480,EMP-2598,2025-04-01,0,4,50.0,0.0
7481,EMP-2599,2025-04-01,0,18,225.0,0.0
7482,EMP-2001,2025-05-01,5,0,0.0,116.5
7483,EMP-2003,2025-05-01,0,18,225.0,0.0
7484,EMP-2004,2025-05-01,3,0,0.0,156.6
7485,EMP-2005,2025-05-01,2,0,0.0,136.87
7486,EMP-2006,2025-05-01,0,17,212.5,0.0
7487,EMP-2008,2025-05-01,5,0,0.0,516.67
7488,EMP-2010,2025-05-01,1,0,0.0,98.93
7489,EMP-2011,2025-05-01,0,0,0.0,0.0
7490,EMP-2014,2025-05-01,3,0,0.0,396.8
7491,EMP-2015,2025-05-01,1,0,0.0,57.33
7492,EMP-2016,2025-05-01,0,8,100.0,0.0
7493,EMP-2017,2025-05-01,1,0,0.0,47.83
7494,EMP-2018,2025-05-01,0,9,112.5,0.0
7495,EMP-2019,2025-05-01,0,0,0.0,0.0
7496,EMP-2020,2025-05-01,0,17,212.5,0.0
7497,EMP-2021,2025-05-01,0,2,25.0,0.0
7498,EMP-2024,2025-05-01,2,0,0.0,189.4
7499,EMP-2025,2025-05-01,0,5,62.5,0.0
7500,EMP-2026,2025-05-01,1,0,0.0,21.6
7501,EMP-2027,2025-05-01,0,8,100.0,0.0
7502,EMP-2028,2025-05-01,0,6,75.0,0.0
7503,EMP-2029,2025-05-01,0,20,250.0,0.0
7504,EMP-2031,2025-05-01,0,4,50.0,0.0
7505,EMP-2032,2025-05-01,0,2,25.0,0.0
7506,EMP-2033,2025-05-01,1,0,0.0,24.2
7507,EMP-2034,2025-05-01,0,12,150.0,0.0
7508,EMP-2036,2025-05-01,2,0,0.0,88.73
7509,EMP-2037,2025-05-01,3,0,0.0,420.4
7510,EMP-2038,2025-05-01,0,1,12.5,0.0
7511,EMP-2039,2025-05-01,0,15,187.5,0.0
7512,EMP-2040,2025-05-01,2,0,0.0,114.93
7513,EMP-2041,2025-05-01,1,0,0.0,27.53
7514,EMP-2042,2025-05-01,0,18,225.0,0.0
7515,EMP-2043,2025-05-01,0,12,150.0,0.0
7516,EMP-2044,2025-05-01,0,14,175.0,0.0
7517,EMP-2047,2025-05-01,0,6,75.0,0.0
7518,EMP-2049,2025-05-01,0,14,175.0,0.0
7519,EMP-2050,2025-05-01,0,18,225.0,0.0
7520,EMP-2051,2025-05-01,0,4,50.0,0.0
7521,EMP-2052,2025-05-01,0,18,225.0,0.0
7522,EMP-2053,2025-05-01,0,1,12.5,0.0
7523,EMP-2055,2025-05-01,0,3,37.5,0.0
7524,EMP-2056,2025-05-01,0,12,150.0,0.0
7525,EMP-2057,2025-05-01,0,2,25.0,0.0
7526,EMP-2058,2025-05-01,0,13,162.5,0.0
7527,EMP-2059,2025-05-01,0,16,200.0,0.0
7528,EMP-2060,2025-05-01,0,9,112.5,0.0
7529,EMP-2061,2025-05-01,0,3,37.5,0.0
7530,EMP-2062,2025-05-01,0,3,37.5,0.0
7531,EMP-2063,2025-05-01,0,5,62.5,0.0
7532,EMP-2064,2025-05-01,0,16,200.0,0.0
7533,EMP-2065,2025-05-01,1,0,0.0,56.1
7534,EMP-2066,2025-05-01,0,13,162.5,0.0
7535,EMP-2068,2025-05-01,0,20,250.0,0.0
7536,EMP-2069,2025-05-01,1,0,0.0,30.8
7537,EMP-2070,2025-05-01,0,11,137.5,0.0
7538,EMP-2071,2025-05-01,0,2,25.0,0.0
7539,EMP-2072,2025-05-01,0,13,162.5,0.0
7540,EMP-2073,2025-05-01,2,0,0.0,120.07
7541,EMP-2074,2025-05-01,0,8,100.0,0.0
7542,EMP-2075,2025-05-01,0,16,200.0,0.0
7543,EMP-2076,2025-05-01,2,0,0.0,54.73
7544,EMP-2078,2025-05-01,1,0,0.0,48.3
7545,EMP-2079,2025-05-01,0,1,12.5,0.0
7546,EMP-2081,2025-05-01,1,0,0.0,57.93
7547,EMP-2082,2025-05-01,2,0,0.0,89.8
7548,EMP-2083,2025-05-01,0,4,50.0,0.0
7549,EMP-2084,2025-05-01,0,13,162.5,0.0
7550,EMP-2085,2025-05-01,2,0,0.0,99.8
7551,EMP-2086,2025-05-01,0,10,125.0,0.0
7552,EMP-2087,2025-05-01,0,1,12.5,0.0
7553,EMP-2089,2025-05-01,2,0,0.0,110.27
7554,EMP-2090,2025-05-01,0,15,187.5,0.0
7555,EMP-2091,2025-05-01,3,0,0.0,363.9
7556,EMP-2093,2025-05-01,0,15,187.5,0.0
7557,EMP-2094,2025-05-01,0,19,237.5,0.0
7558,EMP-2095,2025-05-01,0,20,250.0,0.0
7559,EMP-2096,2025-05-01,0,20,250.0,0.0
7560,EMP-2097,2025-05-01,0,13,162.5,0.0
7561,EMP-2098,2025-05-01,2,0,0.0,94.67
7562,EMP-2101,2025-05-01,1,0,0.0,27.5
7563,EMP-2102,2025-05-01,5,0,0.0,229.83
7564,EMP-2103,2025-05-01,0,13,162.5,0.0
7565,EMP-2104,2025-05-01,0,4,50.0,0.0
7566,EMP-2105,2025-05-01,0,14,175.0,0.0
7567,EMP-2106,2025-05-01,0,6,75.0,0.0
7568,EMP-2107,2025-05-01,0,17,212.5,0.0
7569,EMP-2109,2025-05-01,0,15,187.5,0.0
7570,EMP-2110,2025-05-01,1,0,0.0,117.03
7571,EMP-2112,2025-05-01,1,0,0.0,55.53
7572,EMP-2113,2025-05-01,0,19,237.5,0.0
7573,EMP-2114,2025-05-01,0,1,12.5,0.0
7574,EMP-2115,2025-05-01,0,5,62.5,0.0
7575,EMP-2116,2025-05-01,0,14,175.0,0.0
7576,EMP-2117,2025-05-01,0,20,250.0,0.0
7577,EMP-2119,2025-05-01,2,0,0.0,299.4
7578,EMP-2120,2025-05-01,0,20,250.0,0.0
7579,EMP-2121,2025-05-01,0,1,12.5,0.0
7580,EMP-2122,2025-05-01,1,0,0.0,117.53
7581,EMP-2123,2025-05-01,0,12,150.0,0.0
7582,EMP-2124,2025-05-01,0,3,37.5,0.0
7583,EMP-2125,2025-05-01,0,6,75.0,0.0
7584,EMP-2127,2025-05-01,3,0,0.0,129.3
7585,EMP-2129,2025-05-01,0,1,12.5,0.0
7586,EMP-2130,2025-05-01,0,19,237.5,0.0
7587,EMP-2131,2025-05-01,0,1,12.5,0.0
7588,EMP-2133,2025-05-01,0,4,50.0,0.0
7589,EMP-2134,2025-05-01,0,17,212.5,0.0
7590,EMP-2136,2025-05-01,0,15,187.5,0.0
7591,EMP-2137,2025-05-01,0,7,87.5,0.0
7592,EMP-2138,2025-05-01,0,20,250.0,0.0
7593,EMP-2139,2025-05-01,2,0,0.0,55.47
7594,EMP-2141,2025-05-01,0,0,0.0,0.0
7595,EMP-2142,2025-05-01,0,11,137.5,0.0
7596,EMP-2144,2025-05-01,0,11,137.5,0.0
7597,EMP-2145,2025-05-01,0,16,200.0,0.0
7598,EMP-2146,2025-05-01,1,0,0.0,51.7
7599,EMP-2147,2025-05-01,0,15,187.5,0.0
7600,EMP-2148,2025-05-01,0,18,225.0,0.0
7601,EMP-2149,2025-05-01,1,0,0.0,136.0
7602,EMP-2150,2025-05-01,0,14,175.0,0.0
7603,EMP-2151,2025-05-01,0,5,62.5,0.0
7604,EMP-2154,2025-05-01,0,11,137.5,0.0
7605,EMP-2155,2025-05-01,2,0,0.0,112.47
7606,EMP-2156,2025-05-01,5,0,0.0,154.17
7607,EMP-2157,2025-05-01,0,12,150.0,0.0
7608,EMP-2158,2025-05-01,0,8,100.0,0.0
7609,EMP-2159,2025-05-01,1,0,0.0,40.37
7610,EMP-2160,2025-05-01,1,0,0.0,77.1
7611,EMP-2161,2025-05-01,0,1,12.5,0.0
7612,EMP-2162,2025-05-01,0,18,225.0,0.0
7613,EMP-2163,2025-05-01,0,12,150.0,0.0
7614,EMP-2164,2025-05-01,2,0,0.0,79.07
7615,EMP-2165,2025-05-01,0,7,87.5,0.0
7616,EMP-2167,2025-05-01,0,15,187.5,0.0
7617,EMP-2168,2025-05-01,0,9,112.5,0.0
7618,EMP-2169,2025-05-01,0,18,225.0,0.0
7619,EMP-2170,2025-05-01,2,0,0.0,197.93
7620,EMP-2171,2025-05-01,0,11,137.5,0.0
7621,EMP-2172,2025-05-01,0,8,100.0,0.0
7622,EMP-2173,2025-05-01,0,12,150.0,0.0
7623,EMP-2174,2025-05-01,0,16,200.0,0.0
7624,EMP-2175,2025-05-01,3,0,0.0,196.5
7625,EMP-2177,2025-05-01,0,6,75.0,0.0
7626,EMP-2178,2025-05-01,1,0,0.0,28.03
7627,EMP-2180,2025-05-01,0,10,125.0,0.0
7628,EMP-2181,2025-05-01,0,6,75.0,0.0
7629,EMP-2182,2025-05-01,1,0,0.0,126.43
7630,EMP-2183,2025-05-01,2,0,0.0,71.4
7631,EMP-2184,2025-05-01,0,11,137.5,0.0
7632,EMP-2185,2025-05-01,0,9,112.5,0.0
7633,EMP-2186,2025-05-01,0,7,87.5,0.0
7634,EMP-2187,2025-05-01,0,17,212.5,0.0
7635,EMP-2188,2025-05-01,0,3,37.5,0.0
7636,EMP-2189,2025-05-01,0,11,137.5,0.0
7637,EMP-2190,2025-05-01,0,13,162.5,0.0
7638,EMP-2191,2025-05-01,0,16,200.0,0.0
7639,EMP-2192,2025-05-01,0,18,225.0,0.0
7640,EMP-2194,2025-05-01,0,2,25.0,0.0
7641,EMP-2195,2025-05-01,0,9,112.5,0.0
7642,EMP-2197,2025-05-01,0,7,87.5,0.0
7643,EMP-2198,2025-05-01,1,0,0.0,30.57
7644,EMP-2199,2025-05-01,1,0,0.0,32.87
7645,EMP-2200,2025-05-01,3,0,0.0,128.2
7646,EMP-2201,2025-05-01,0,11,137.5,0.0
7647,EMP-2203,2025-05-01,0,9,112.5,0.0
7648,EMP-2204,2025-05-01,0,4,50.0,0.0
7649,EMP-2206,2025-05-01,0,3,37.5,0.0
7650,EMP-2208,2025-05-01,0,12,150.0,0.0
7651,EMP-2210,2025-05-01,1,0,0.0,31.37
7652,EMP-2211,2025-05-01,1,0,0.0,26.03
7653,EMP-2212,2025-05-01,0,0,0.0,0.0
7654,EMP-2213,2025-05-01,1,0,0.0,48.97
7655,EMP-2214,2025-05-01,0,9,112.5,0.0
7656,EMP-2215,2025-05-01,1,0,0.0,99.57
7657,EMP-2216,2025-05-01,0,13,162.5,0.0
7658,EMP-2217,2025-05-01,0,0,0.0,0.0
7659,EMP-2218,2025-05-01,2,0,0.0,40.73
7660,EMP-2219,2025-05-01,2,0,0.0,261.2
7661,EMP-2220,2025-05-01,1,0,0.0,42.03
7662,EMP-2221,2025-05-01,0,12,150.0,0.0
7663,EMP-2222,2025-05-01,2,0,0.0,220.73
7664,EMP-2223,2025-05-01,3,0,0.0,157.4
7665,EMP-2224,2025-05-01,0,4,50.0,0.0
7666,EMP-2225,2025-05-01,0,13,162.5,0.0
7667,EMP-2226,2025-05-01,1,0,0.0,45.1
7668,EMP-2227,2025-05-01,2,0,0.0,159.0
7669,EMP-2229,2025-05-01,0,4,50.0,0.0
7670,EMP-2230,2025-05-01,2,0,0.0,72.93
7671,EMP-2231,2025-05-01,0,10,125.0,0.0
7672,EMP-2232,2025-05-01,0,9,112.5,0.0
7673,EMP-2233,2025-05-01,0,17,212.5,0.0
7674,EMP-2234,2025-05-01,2,0,0.0,71.6
7675,EMP-2235,2025-05-01,0,13,162.5,0.0
7676,EMP-2236,2025-05-01,0,6,75.0,0.0
7677,EMP-2237,2025-05-01,0,7,87.5,0.0
7678,EMP-2238,2025-05-01,1,0,0.0,36.77
7679,EMP-2241,2025-05-01,0,7,87.5,0.0
7680,EMP-2242,2025-05-01,0,19,237.5,0.0
7681,EMP-2243,2025-05-01,0,18,225.0,0.0
7682,EMP-2245,2025-05-01,0,1,12.5,0.0
7683,EMP-2246,2025-05-01,0,14,175.0,0.0
7684,EMP-2247,2025-05-01,0,5,62.5,0.0
7685,EMP-2248,2025-05-01,5,0,0.0,593.33
7686,EMP-2250,2025-05-01,0,9,112.5,0.0
7687,EMP-2251,2025-05-01,0,10,125.0,0.0
7688,EMP-2252,2025-05-01,2,0,0.0,106.13
7689,EMP-2253,2025-05-01,2,0,0.0,72.4
7690,EMP-2255,2025-05-01,0,8,100.0,0.0
7691,EMP-2256,2025-05-01,1,0,0.0,34.8
7692,EMP-2257,2025-05-01,0,17,212.5,0.0
7693,EMP-2258,2025-05-01,0,6,75.0,0.0
7694,EMP-2259,2025-05-01,0,17,212.5,0.0
7695,EMP-2260,2025-05-01,0,1,12.5,0.0
7696,EMP-2261,2025-05-01,0,3,37.5,0.0
7697,EMP-2262,2025-05-01,0,8,100.0,0.0
7698,EMP-2263,2025-05-01,0,9,112.5,0.0
7699,EMP-2264,2025-05-01,1,0,0.0,47.67
7700,EMP-2265,2025-05-01,0,5,62.5,0.0
7701,EMP-2266,2025-05-01,3,0,0.0,103.7
7702,EMP-2267,2025-05-01,2,0,0.0,97.93
7703,EMP-2268,2025-05-01,0,3,37.5,0.0
7704,EMP-2270,2025-05-01,0,13,162.5,0.0
7705,EMP-2271,2025-05-01,0,13,162.5,0.0
7706,EMP-2272,2025-05-01,0,11,137.5,0.0
7707,EMP-2273,2025-05-01,1,0,0.0,56.37
7708,EMP-2274,2025-05-01,0,3,37.5,0.0
7709,EMP-2275,2025-05-01,0,6,75.0,0.0
7710,EMP-2276,2025-05-01,1,0,0.0,35.33
7711,EMP-2277,2025-05-01,0,7,87.5,0.0
7712,EMP-2281,2025-05-01,0,13,162.5,0.0
7713,EMP-2283,2025-05-01,0,4,50.0,0.0
7714,EMP-2284,2025-05-01,0,15,187.5,0.0
7715,EMP-2285,2025-05-01,1,0,0.0,49.37
7716,EMP-2286,2025-05-01,1,0,0.0,22.83
7717,EMP-2287,2025-05-01,1,0,0.0,131.67
7718,EMP-2288,2025-05-01,3,0,0.0,154.5
7719,EMP-2289,2025-05-01,2,0,0.0,93.6
7720,EMP-2290,2025-05-01,2,0,0.0,112.67
7721,EMP-2291,2025-05-01,2,0,0.0,294.33
7722,EMP-2294,2025-05-01,0,12,150.0,0.0
7723,EMP-2295,2025-05-01,5,0,0.0,291.17
7724,EMP-2296,2025-05-01,1,0,0.0,94.67
7725,EMP-2297,2025-05-01,0,3,37.5,0.0
7726,EMP-2298,2025-05-01,0,14,175.0,0.0
7727,EMP-2299,2025-05-01,0,11,137.5,0.0
7728,EMP-2300,2025-05-01,0,7,87.5,0.0
7729,EMP-2301,2025-05-01,0,3,37.5,0.0
7730,EMP-2302,2025-05-01,0,11,137.5,0.0
7731,EMP-2303,2025-05-01,1,0,0.0,45.0
7732,EMP-2304,2025-05-01,1,0,0.0,134.47
7733,EMP-2305,2025-05-01,0,2,25.0,0.0
7734,EMP-2306,2025-05-01,0,15,187.5,0.0
7735,EMP-2307,2025-05-01,3,0,0.0,360.6
7736,EMP-2308,2025-05-01,1,0,0.0,37.03
7737,EMP-2309,2025-05-01,1,0,0.0,104.03
7738,EMP-2310,2025-05-01,0,14,175.0,0.0
7739,EMP-2311,2025-05-01,0,8,100.0,0.0
7740,EMP-2313,2025-05-01,0,3,37.5,0.0
7741,EMP-2314,2025-05-01,2,0,0.0,74.47
7742,EMP-2315,2025-05-01,1,0,0.0,34.9
7743,EMP-2316,2025-05-01,0,11,137.5,0.0
7744,EMP-2317,2025-05-01,1,0,0.0,144.6
7745,EMP-2318,2025-05-01,1,0,0.0,27.2
7746,EMP-2320,2025-05-01,0,17,212.5,0.0
7747,EMP-2321,2025-05-01,0,11,137.5,0.0
7748,EMP-2322,2025-05-01,0,14,175.0,0.0
7749,EMP-2323,2025-05-01,0,7,87.5,0.0
7750,EMP-2324,2025-05-01,3,0,0.0,119.5
7751,EMP-2325,2025-05-01,0,15,187.5,0.0
7752,EMP-2326,2025-05-01,2,0,0.0,118.0
7753,EMP-2327,2025-05-01,0,20,250.0,0.0
7754,EMP-2328,2025-05-01,0,12,150.0,0.0
7755,EMP-2329,2025-05-01,1,0,0.0,57.93
7756,EMP-2330,2025-05-01,0,8,100.0,0.0
7757,EMP-2331,2025-05-01,0,13,162.5,0.0
7758,EMP-2332,2025-05-01,5,0,0.0,204.5
7759,EMP-2333,2025-05-01,1,0,0.0,38.73
7760,EMP-2334,2025-05-01,0,12,150.0,0.0
7761,EMP-2335,2025-05-01,0,10,125.0,0.0
7762,EMP-2336,2025-05-01,1,0,0.0,73.23
7763,EMP-2337,2025-05-01,0,11,137.5,0.0
7764,EMP-2338,2025-05-01,0,19,237.5,0.0
7765,EMP-2339,2025-05-01,0,17,212.5,0.0
7766,EMP-2340,2025-05-01,1,0,0.0,22.03
7767,EMP-2341,2025-05-01,0,16,200.0,0.0
7768,EMP-2342,2025-05-01,1,0,0.0,36.07
7769,EMP-2343,2025-05-01,0,10,125.0,0.0
7770,EMP-2344,2025-05-01,2,0,0.0,142.27
7771,EMP-2345,2025-05-01,0,3,37.5,0.0
7772,EMP-2346,2025-05-01,0,9,112.5,0.0
7773,EMP-2347,2025-05-01,0,4,50.0,0.0
7774,EMP-2350,2025-05-01,0,19,237.5,0.0
7775,EMP-2351,2025-05-01,3,0,0.0,290.8
7776,EMP-2352,2025-05-01,1,0,0.0,56.23
7777,EMP-2354,2025-05-01,0,14,175.0,0.0
7778,EMP-2355,2025-05-01,0,4,50.0,0.0
7779,EMP-2356,2025-05-01,0,6,75.0,0.0
7780,EMP-2357,2025-05-01,0,3,37.5,0.0
7781,EMP-2358,2025-05-01,3,0,0.0,109.3
7782,EMP-2359,2025-05-01,0,9,112.5,0.0
7783,EMP-2361,2025-05-01,0,17,212.5,0.0
7784,EMP-2362,2025-05-01,1,0,0.0,20.93
7785,EMP-2363,2025-05-01,0,5,62.5,0.0
7786,EMP-2364,2025-05-01,1,0,0.0,134.23
7787,EMP-2365,2025-05-01,0,13,162.5,0.0
7788,EMP-2366,2025-05-01,0,18,225.0,0.0
7789,EMP-2367,2025-05-01,0,20,250.0,0.0
7790,EMP-2368,2025-05-01,0,15,187.5,0.0
7791,EMP-2369,2025-05-01,0,14,175.0,0.0
7792,EMP-2370,2025-05-01,0,5,62.5,0.0
7793,EMP-2371,2025-05-01,0,18,225.0,0.0
7794,EMP-2372,2025-05-01,0,16,200.0,0.0
7795,EMP-2373,2025-05-01,0,6,75.0,0.0
7796,EMP-2374,2025-05-01,0,18,225.0,0.0
7797,EMP-2375,2025-05-01,0,2,25.0,0.0
7798,EMP-2376,2025-05-01,2,0,0.0,91.53
7799,EMP-2377,2025-05-01,0,9,112.5,0.0
7800,EMP-2379,2025-05-01,0,15,187.5,0.0
7801,EMP-2380,2025-05-01,0,15,187.5,0.0
7802,EMP-2382,2025-05-01,0,19,237.5,0.0
7803,EMP-2383,2025-05-01,0,4,50.0,0.0
7804,EMP-2384,2025-05-01,2,0,0.0,99.53
7805,EMP-2385,2025-05-01,2,0,0.0,79.87
7806,EMP-2386,2025-05-01,0,17,212.5,0.0
7807,EMP-2387,2025-05-01,0,12,150.0,0.0
7808,EMP-2388,2025-05-01,1,0,0.0,136.1
7809,EMP-2389,2025-05-01,0,20,250.0,0.0
7810,EMP-2390,2025-05-01,0,14,175.0,0.0
7811,EMP-2392,2025-05-01,1,0,0.0,22.77
7812,EMP-2393,2025-05-01,0,7,87.5,0.0
7813,EMP-2394,2025-05-01,0,9,112.5,0.0
7814,EMP-2395,2025-05-01,0,19,237.5,0.0
7815,EMP-2396,2025-05-01,0,5,62.5,0.0
7816,EMP-2398,2025-05-01,0,14,175.0,0.0
7817,EMP-2399,2025-05-01,0,0,0.0,0.0
7818,EMP-2400,2025-05-01,0,14,175.0,0.0
7819,EMP-2402,2025-05-01,2,0,0.0,57.13
7820,EMP-2404,2025-05-01,0,4,50.0,0.0
7821,EMP-2405,2025-05-01,0,7,87.5,0.0
7822,EMP-2406,2025-05-01,1,0,0.0,22.53
7823,EMP-2407,2025-05-01,0,13,162.5,0.0
7824,EMP-2408,2025-05-01,0,4,50.0,0.0
7825,EMP-2409,2025-05-01,0,7,87.5,0.0
7826,EMP-2410,2025-05-01,1,0,0.0,58.93
7827,EMP-2411,2025-05-01,0,7,87.5,0.0
7828,EMP-2412,2025-05-01,0,6,75.0,0.0
7829,EMP-2413,2025-05-01,2,0,0.0,43.93
7830,EMP-2415,2025-05-01,1,0,0.0,112.07
7831,EMP-2417,2025-05-01,3,0,0.0,77.7
7832,EMP-2418,2025-05-01,0,12,150.0,0.0
7833,EMP-2419,2025-05-01,0,5,62.5,0.0
7834,EMP-2420,2025-05-01,0,13,162.5,0.0
7835,EMP-2421,2025-05-01,0,11,137.5,0.0
7836,EMP-2422,2025-05-01,0,1,12.5,0.0
7837,EMP-2423,2025-05-01,0,13,162.5,0.0
7838,EMP-2424,2025-05-01,3,0,0.0,62.9
7839,EMP-2425,2025-05-01,0,5,62.5,0.0
7840,EMP-2426,2025-05-01,0,7,87.5,0.0
7841,EMP-2427,2025-05-01,0,5,62.5,0.0
7842,EMP-2428,2025-05-01,0,17,212.5,0.0
7843,EMP-2429,2025-05-01,0,9,112.5,0.0
7844,EMP-2430,2025-05-01,0,11,137.5,0.0
7845,EMP-2431,2025-05-01,2,0,0.0,68.53
7846,EMP-2433,2025-05-01,3,0,0.0,76.8
7847,EMP-2434,2025-05-01,2,0,0.0,137.73
7848,EMP-2435,2025-05-01,0,8,100.0,0.0
7849,EMP-2436,2025-05-01,0,0,0.0,0.0
7850,EMP-2438,2025-05-01,0,4,50.0,0.0
7851,EMP-2440,2025-05-01,5,0,0.0,431.83
7852,EMP-2441,2025-05-01,0,8,100.0,0.0
7853,EMP-2442,2025-05-01,2,0,0.0,62.07
7854,EMP-2443,2025-05-01,1,0,0.0,27.3
7855,EMP-2445,2025-05-01,2,0,0.0,72.73
7856,EMP-2446,2025-05-01,0,13,162.5,0.0
7857,EMP-2448,2025-05-01,0,16,200.0,0.0
7858,EMP-2449,2025-05-01,0,12,150.0,0.0
7859,EMP-2452,2025-05-01,2,0,0.0,187.07
7860,EMP-2453,2025-05-01,0,0,0.0,0.0
7861,EMP-2454,2025-05-01,0,6,75.0,0.0
7862,EMP-2455,2025-05-01,0,3,37.5,0.0
7863,EMP-2456,2025-05-01,2,0,0.0,88.47
7864,EMP-2457,2025-05-01,0,8,100.0,0.0
7865,EMP-2458,2025-05-01,0,18,225.0,0.0
7866,EMP-2459,2025-05-01,0,19,237.5,0.0
7867,EMP-2460,2025-05-01,1,0,0.0,50.87
7868,EMP-2462,2025-05-01,0,15,187.5,0.0
7869,EMP-2463,2025-05-01,0,10,125.0,0.0
7870,EMP-2464,2025-05-01,0,7,87.5,0.0
7871,EMP-2465,2025-05-01,1,0,0.0,55.93
7872,EMP-2466,2025-05-01,2,0,0.0,205.2
7873,EMP-2467,2025-05-01,0,19,237.5,0.0
7874,EMP-2469,2025-05-01,0,14,175.0,0.0
7875,EMP-2470,2025-05-01,1,0,0.0,28.83
7876,EMP-2471,2025-05-01,0,10,125.0,0.0
7877,EMP-2474,2025-05-01,0,15,187.5,0.0
7878,EMP-2476,2025-05-01,0,10,125.0,0.0
7879,EMP-2477,2025-05-01,3,0,0.0,399.2
7880,EMP-2478,2025-05-01,0,11,137.5,0.0
7881,EMP-2479,2025-05-01,0,16,200.0,0.0
7882,EMP-2480,2025-05-01,1,0,0.0,29.67
7883,EMP-2481,2025-05-01,0,10,125.0,0.0
7884,EMP-2482,2025-05-01,5,0,0.0,303.33
7885,EMP-2483,2025-05-01,0,20,250.0,0.0
7886,EMP-2484,2025-05-01,0,16,200.0,0.0
7887,EMP-2486,2025-05-01,0,1,12.5,0.0
7888,EMP-2487,2025-05-01,0,12,150.0,0.0
7889,EMP-2488,2025-05-01,0,12,150.0,0.0
7890,EMP-2489,2025-05-01,0,1,12.5,0.0
7891,EMP-2491,2025-05-01,3,0,0.0,445.6
7892,EMP-2492,2025-05-01,0,6,75.0,0.0
7893,EMP-2493,2025-05-01,0,5,62.5,0.0
7894,EMP-2495,2025-05-01,5,0,0.0,221.0
7895,EMP-2496,2025-05-01,5,0,0.0,158.83
7896,EMP-2497,2025-05-01,0,12,150.0,0.0
7897,EMP-2498,2025-05-01,0,3,37.5,0.0
7898,EMP-2499,2025-05-01,0,12,150.0,0.0
7899,EMP-2500,2025-05-01,0,8,100.0,0.0
7900,EMP-2501,2025-05-01,3,0,0.0,176.6
7901,EMP-2502,2025-05-01,1,0,0.0,79.97
7902,EMP-2503,2025-05-01,0,1,12.5,0.0
7903,EMP-2504,2025-05-01,0,16,200.0,0.0
7904,EMP-2505,2025-05-01,0,8,100.0,0.0
7905,EMP-2506,2025-05-01,0,0,0.0,0.0
7906,EMP-2507,2025-05-01,0,16,200.0,0.0
7907,EMP-2508,2025-05-01,0,6,75.0,0.0
7908,EMP-2509,2025-05-01,0,18,225.0,0.0
7909,EMP-2510,2025-05-01,0,19,237.5,0.0
7910,EMP-2511,2025-05-01,5,0,0.0,139.5
7911,EMP-2512,2025-05-01,1,0,0.0,48.43
7912,EMP-2513,2025-05-01,1,0,0.0,46.7
7913,EMP-2514,2025-05-01,0,9,112.5,0.0
7914,EMP-2515,2025-05-01,0,16,200.0,0.0
7915,EMP-2517,2025-05-01,0,12,150.0,0.0
7916,EMP-2518,2025-05-01,0,13,162.5,0.0
7917,EMP-2519,2025-05-01,0,9,112.5,0.0
7918,EMP-2520,2025-05-01,0,15,187.5,0.0
7919,EMP-2521,2025-05-01,0,0,0.0,0.0
7920,EMP-2522,2025-05-01,2,0,0.0,88.53
7921,EMP-2524,2025-05-01,1,0,0.0,45.7
7922,EMP-2525,2025-05-01,0,14,175.0,0.0
7923,EMP-2526,2025-05-01,0,19,237.5,0.0
7924,EMP-2527,2025-05-01,0,8,100.0,0.0
7925,EMP-2528,2025-05-01,0,1,12.5,0.0
7926,EMP-2529,2025-05-01,0,8,100.0,0.0
7927,EMP-2530,2025-05-01,0,6,75.0,0.0
7928,EMP-2531,2025-05-01,0,17,212.5,0.0
7929,EMP-2532,2025-05-01,0,16,200.0,0.0
7930,EMP-2533,2025-05-01,0,6,75.0,0.0
7931,EMP-2534,2025-05-01,0,5,62.5,0.0
7932,EMP-2535,2025-05-01,0,19,237.5,0.0
7933,EMP-2536,2025-05-01,3,0,0.0,151.1
7934,EMP-2538,2025-05-01,0,19,237.5,0.0
7935,EMP-2539,2025-05-01,0,11,137.5,0.0
7936,EMP-2540,2025-05-01,0,13,162.5,0.0
7937,EMP-2541,2025-05-01,0,0,0.0,0.0
7938,EMP-2542,2025-05-01,2,0,0.0,274.33
7939,EMP-2543,2025-05-01,0,20,250.0,0.0
7940,EMP-2544,2025-05-01,0,0,0.0,0.0
7941,EMP-2545,2025-05-01,0,0,0.0,0.0
7942,EMP-2547,2025-05-01,1,0,0.0,75.43
7943,EMP-2548,2025-05-01,0,6,75.0,0.0
7944,EMP-2549,2025-05-01,0,4,50.0,0.0
7945,EMP-2551,2025-05-01,0,18,225.0,0.0
7946,EMP-2552,2025-05-01,0,2,25.0,0.0
7947,EMP-2553,2025-05-01,0,18,225.0,0.0
7948,EMP-2554,2025-05-01,0,4,50.0,0.0
7949,EMP-2556,2025-05-01,0,13,162.5,0.0
7950,EMP-2557,2025-05-01,0,14,175.0,0.0
7951,EMP-2558,2025-05-01,0,19,237.5,0.0
7952,EMP-2560,2025-05-01,0,12,150.0,0.0
7953,EMP-2561,2025-05-01,0,2,25.0,0.0
7954,EMP-2562,2025-05-01,1,0,0.0,30.87
7955,EMP-2563,2025-05-01,1,0,0.0,70.93
7956,EMP-2564,2025-05-01,1,0,0.0,56.37
7957,EMP-2565,2025-05-01,0,18,225.0,0.0
7958,EMP-2567,2025-05-01,0,11,137.5,0.0
7959,EMP-2568,2025-05-01,0,6,75.0,0.0
7960,EMP-2570,2025-05-01,0,2,25.0,0.0
7961,EMP-2571,2025-05-01,0,6,75.0,0.0
7962,EMP-2572,2025-05-01,0,7,87.5,0.0
7963,EMP-2573,2025-05-01,1,0,0.0,46.5
7964,EMP-2574,2025-05-01,2,0,0.0,114.2
7965,EMP-2575,2025-05-01,0,5,62.5,0.0
7966,EMP-2576,2025-05-01,0,12,150.0,0.0
7967,EMP-2577,2025-05-01,0,20,250.0,0.0
7968,EMP-2578,2025-05-01,2,0,0.0,199.93
7969,EMP-2579,2025-05-01,0,6,75.0,0.0
7970,EMP-2580,2025-05-01,0,4,50.0,0.0
7971,EMP-2581,2025-05-01,1,0,0.0,91.33
7972,EMP-2582,2025-05-01,3,0,0.0,155.0
7973,EMP-2583,2025-05-01,0,2,25.0,0.0
7974,EMP-2584,2025-05-01,1,0,0.0,85.23
7975,EMP-2585,2025-05-01,0,20,250.0,0.0
7976,EMP-2586,2025-05-01,0,8,100.0,0.0
7977,EMP-2587,2025-05-01,0,1,12.5,0.0
7978,EMP-2588,2025-05-01,0,6,75.0,0.0
7979,EMP-2589,2025-05-01,0,14,175.0,0.0
7980,EMP-2590,2025-05-01,1,0,0.0,38.53
7981,EMP-2591,2025-05-01,0,8,100.0,0.0
7982,EMP-2592,2025-05-01,0,11,137.5,0.0
7983,EMP-2593,2025-05-01,0,15,187.5,0.0
7984,EMP-2594,2025-05-01,3,0,0.0,252.9
7985,EMP-2595,2025-05-01,1,0,0.0,59.07
7986,EMP-2597,2025-05-01,0,20,250.0,0.0
7987,EMP-2598,2025-05-01,0,16,200.0,0.0
7988,EMP-2599,2025-05-01,5,0,0.0,246.17
7989,EMP-2001,2025-06-01,1,0,0.0,23.3
7990,EMP-2003,2025-06-01,0,14,175.0,0.0
7991,EMP-2004,2025-06-01,0,16,200.0,0.0
7992,EMP-2005,2025-06-01,0,3,37.5,0.0
7993,EMP-2006,2025-06-01,1,0,0.0,27.53
7994,EMP-2008,2025-06-01,0,0,0.0,0.0
7995,EMP-2010,2025-06-01,0,20,250.0,0.0
7996,EMP-2011,2025-06-01,0,1,12.5,0.0
7997,EMP-2014,2025-06-01,0,9,112.5,0.0
7998,EMP-2015,2025-06-01,2,0,0.0,114.67
7999,EMP-2016,2025-06-01,0,2,25.0,0.0
8000,EMP-2017,2025-06-01,1,0,0.0,47.83
8001,EMP-2018,2025-06-01,1,0,0.0,78.23
8002,EMP-2019,2025-06-01,0,16,200.0,0.0
8003,EMP-2020,2025-06-01,0,16,200.0,0.0
8004,EMP-2021,2025-06-01,0,14,175.0,0.0
8005,EMP-2022,2025-06-01,0,3,37.5,0.0
8006,EMP-2024,2025-06-01,0,14,175.0,0.0
8007,EMP-2025,2025-06-01,0,3,37.5,0.0
8008,EMP-2026,2025-06-01,0,12,150.0,0.0
8009,EMP-2027,2025-06-01,1,0,0.0,57.53
8010,EMP-2028,2025-06-01,0,1,12.5,0.0
8011,EMP-2029,2025-06-01,0,4,50.0,0.0
8012,EMP-2031,2025-06-01,3,0,0.0,436.7
8013,EMP-2032,2025-06-01,0,8,100.0,0.0
8014,EMP-2033,2025-06-01,0,17,212.5,0.0
8015,EMP-2034,2025-06-01,0,20,250.0,0.0
8016,EMP-2036,2025-06-01,0,13,162.5,0.0
8017,EMP-2037,2025-06-01,1,0,0.0,140.13
8018,EMP-2038,2025-06-01,0,12,150.0,0.0
8019,EMP-2039,2025-06-01,0,10,125.0,0.0
8020,EMP-2040,2025-06-01,1,0,0.0,57.47
8021,EMP-2041,2025-06-01,5,0,0.0,137.67
8022,EMP-2042,2025-06-01,0,19,237.5,0.0
8023,EMP-2043,2025-06-01,1,0,0.0,56.2
8024,EMP-2044,2025-06-01,0,20,250.0,0.0
8025,EMP-2047,2025-06-01,0,4,50.0,0.0
8026,EMP-2049,2025-06-01,1,0,0.0,55.87
8027,EMP-2050,2025-06-01,1,0,0.0,45.2
8028,EMP-2051,2025-06-01,3,0,0.0,121.8
8029,EMP-2052,2025-06-01,0,20,250.0,0.0
8030,EMP-2053,2025-06-01,0,3,37.5,0.0
8031,EMP-2055,2025-06-01,0,12,150.0,0.0
8032,EMP-2056,2025-06-01,0,2,25.0,0.0
8033,EMP-2057,2025-06-01,0,6,75.0,0.0
8034,EMP-2058,2025-06-01,0,9,112.5,0.0
8035,EMP-2059,2025-06-01,0,14,175.0,0.0
8036,EMP-2060,2025-06-01,3,0,0.0,87.9
8037,EMP-2061,2025-06-01,3,0,0.0,158.6
8038,EMP-2062,2025-06-01,0,15,187.5,0.0
8039,EMP-2063,2025-06-01,0,0,0.0,0.0
8040,EMP-2064,2025-06-01,1,0,0.0,45.57
8041,EMP-2065,2025-06-01,0,18,225.0,0.0
8042,EMP-2066,2025-06-01,0,0,0.0,0.0
8043,EMP-2068,2025-06-01,1,0,0.0,52.9
8044,EMP-2069,2025-06-01,2,0,0.0,61.6
8045,EMP-2070,2025-06-01,0,18,225.0,0.0
8046,EMP-2071,2025-06-01,0,4,50.0,0.0
8047,EMP-2072,2025-06-01,1,0,0.0,30.87
8048,EMP-2073,2025-06-01,3,0,0.0,180.1
8049,EMP-2074,2025-06-01,0,15,187.5,0.0
8050,EMP-2075,2025-06-01,3,0,0.0,146.4
8051,EMP-2076,2025-06-01,0,16,200.0,0.0
8052,EMP-2078,2025-06-01,5,0,0.0,241.5
8053,EMP-2079,2025-06-01,0,7,87.5,0.0
8054,EMP-2081,2025-06-01,0,19,237.5,0.0
8055,EMP-2082,2025-06-01,1,0,0.0,44.9
8056,EMP-2083,2025-06-01,0,13,162.5,0.0
8057,EMP-2084,2025-06-01,0,15,187.5,0.0
8058,EMP-2085,2025-06-01,0,20,250.0,0.0
8059,EMP-2086,2025-06-01,0,17,212.5,0.0
8060,EMP-2087,2025-06-01,0,18,225.0,0.0
8061,EMP-2089,2025-06-01,0,20,250.0,0.0
8062,EMP-2090,2025-06-01,0,13,162.5,0.0
8063,EMP-2091,2025-06-01,0,11,137.5,0.0
8064,EMP-2093,2025-06-01,0,10,125.0,0.0
8065,EMP-2094,2025-06-01,0,20,250.0,0.0
8066,EMP-2095,2025-06-01,0,11,137.5,0.0
8067,EMP-2096,2025-06-01,0,4,50.0,0.0
8068,EMP-2097,2025-06-01,1,0,0.0,59.57
8069,EMP-2098,2025-06-01,0,18,225.0,0.0
8070,EMP-2101,2025-06-01,0,10,125.0,0.0
8071,EMP-2102,2025-06-01,0,19,237.5,0.0
8072,EMP-2103,2025-06-01,0,7,87.5,0.0
8073,EMP-2104,2025-06-01,0,17,212.5,0.0
8074,EMP-2105,2025-06-01,0,12,150.0,0.0
8075,EMP-2106,2025-06-01,0,16,200.0,0.0
8076,EMP-2107,2025-06-01,2,0,0.0,60.53
8077,EMP-2109,2025-06-01,0,20,250.0,0.0
8078,EMP-2110,2025-06-01,0,11,137.5,0.0
8079,EMP-2112,2025-06-01,1,0,0.0,55.53
8080,EMP-2113,2025-06-01,3,0,0.0,108.6
8081,EMP-2114,2025-06-01,0,11,137.5,0.0
8082,EMP-2115,2025-06-01,0,1,12.5,0.0
8083,EMP-2116,2025-06-01,0,4,50.0,0.0
8084,EMP-2117,2025-06-01,0,2,25.0,0.0
8085,EMP-2119,2025-06-01,0,10,125.0,0.0
8086,EMP-2120,2025-06-01,0,19,237.5,0.0
8087,EMP-2121,2025-06-01,2,0,0.0,86.73
8088,EMP-2122,2025-06-01,0,12,150.0,0.0
8089,EMP-2123,2025-06-01,0,1,12.5,0.0
8090,EMP-2124,2025-06-01,3,0,0.0,67.7
8091,EMP-2125,2025-06-01,1,0,0.0,57.1
8092,EMP-2127,2025-06-01,0,11,137.5,0.0
8093,EMP-2129,2025-06-01,0,20,250.0,0.0
8094,EMP-2130,2025-06-01,1,0,0.0,45.0
8095,EMP-2131,2025-06-01,0,9,112.5,0.0
8096,EMP-2132,2025-06-01,1,0,0.0,56.67
8097,EMP-2133,2025-06-01,0,6,75.0,0.0
8098,EMP-2134,2025-06-01,0,18,225.0,0.0
8099,EMP-2136,2025-06-01,0,5,62.5,0.0
8100,EMP-2137,2025-06-01,2,0,0.0,133.4
8101,EMP-2138,2025-06-01,0,14,175.0,0.0
8102,EMP-2139,2025-06-01,1,0,0.0,27.73
8103,EMP-2141,2025-06-01,0,5,62.5,0.0
8104,EMP-2142,2025-06-01,0,4,50.0,0.0
8105,EMP-2144,2025-06-01,0,0,0.0,0.0
8106,EMP-2145,2025-06-01,0,8,100.0,0.0
8107,EMP-2146,2025-06-01,0,3,37.5,0.0
8108,EMP-2147,2025-06-01,5,0,0.0,244.33
8109,EMP-2148,2025-06-01,0,19,237.5,0.0
8110,EMP-2149,2025-06-01,3,0,0.0,408.0
8111,EMP-2150,2025-06-01,1,0,0.0,105.6
8112,EMP-2151,2025-06-01,1,0,0.0,35.17
8113,EMP-2154,2025-06-01,1,0,0.0,24.6
8114,EMP-2155,2025-06-01,0,13,162.5,0.0
8115,EMP-2156,2025-06-01,0,17,212.5,0.0
8116,EMP-2157,2025-06-01,2,0,0.0,194.53
8117,EMP-2158,2025-06-01,0,12,150.0,0.0
8118,EMP-2159,2025-06-01,1,0,0.0,40.37
8119,EMP-2160,2025-06-01,0,2,25.0,0.0
8120,EMP-2161,2025-06-01,0,10,125.0,0.0
8121,EMP-2162,2025-06-01,0,6,75.0,0.0
8122,EMP-2163,2025-06-01,0,10,125.0,0.0
8123,EMP-2164,2025-06-01,0,12,150.0,0.0
8124,EMP-2165,2025-06-01,0,0,0.0,0.0
8125,EMP-2167,2025-06-01,0,12,150.0,0.0
8126,EMP-2168,2025-06-01,0,0,0.0,0.0
8127,EMP-2169,2025-06-01,0,2,25.0,0.0
8128,EMP-2170,2025-06-01,1,0,0.0,98.97
8129,EMP-2171,2025-06-01,0,7,87.5,0.0
8130,EMP-2172,2025-06-01,0,4,50.0,0.0
8131,EMP-2173,2025-06-01,0,9,112.5,0.0
8132,EMP-2174,2025-06-01,0,1,12.5,0.0
8133,EMP-2175,2025-06-01,1,0,0.0,65.5
8134,EMP-2177,2025-06-01,0,14,175.0,0.0
8135,EMP-2178,2025-06-01,0,3,37.5,0.0
8136,EMP-2180,2025-06-01,0,17,212.5,0.0
8137,EMP-2181,2025-06-01,0,2,25.0,0.0
8138,EMP-2182,2025-06-01,0,0,0.0,0.0
8139,EMP-2183,2025-06-01,0,17,212.5,0.0
8140,EMP-2184,2025-06-01,0,16,200.0,0.0
8141,EMP-2185,2025-06-01,0,7,87.5,0.0
8142,EMP-2186,2025-06-01,0,17,212.5,0.0
8143,EMP-2187,2025-06-01,0,15,187.5,0.0
8144,EMP-2188,2025-06-01,1,0,0.0,79.8
8145,EMP-2189,2025-06-01,0,9,112.5,0.0
8146,EMP-2190,2025-06-01,0,2,25.0,0.0
8147,EMP-2191,2025-06-01,0,14,175.0,0.0
8148,EMP-2192,2025-06-01,0,3,37.5,0.0
8149,EMP-2193,2025-06-01,0,13,162.5,0.0
8150,EMP-2194,2025-06-01,0,19,237.5,0.0
8151,EMP-2195,2025-06-01,2,0,0.0,80.27
8152,EMP-2197,2025-06-01,0,20,250.0,0.0
8153,EMP-2198,2025-06-01,5,0,0.0,152.83
8154,EMP-2199,2025-06-01,3,0,0.0,98.6
8155,EMP-2200,2025-06-01,0,12,150.0,0.0
8156,EMP-2201,2025-06-01,2,0,0.0,81.53
8157,EMP-2203,2025-06-01,0,15,187.5,0.0
8158,EMP-2204,2025-06-01,2,0,0.0,242.2
8159,EMP-2206,2025-06-01,0,2,25.0,0.0
8160,EMP-2208,2025-06-01,0,9,112.5,0.0
8161,EMP-2210,2025-06-01,0,13,162.5,0.0
8162,EMP-2211,2025-06-01,0,3,37.5,0.0
8163,EMP-2212,2025-06-01,2,0,0.0,72.13
8164,EMP-2213,2025-06-01,0,2,25.0,0.0
8165,EMP-2214,2025-06-01,1,0,0.0,55.47
8166,EMP-2215,2025-06-01,1,0,0.0,99.57
8167,EMP-2216,2025-06-01,0,17,212.5,0.0
8168,EMP-2217,2025-06-01,0,1,12.5,0.0
8169,EMP-2218,2025-06-01,0,16,200.0,0.0
8170,EMP-2219,2025-06-01,0,2,25.0,0.0
8171,EMP-2220,2025-06-01,2,0,0.0,84.07
8172,EMP-2221,2025-06-01,0,15,187.5,0.0
8173,EMP-2222,2025-06-01,2,0,0.0,220.73
8174,EMP-2223,2025-06-01,0,15,187.5,0.0
8175,EMP-2224,2025-06-01,0,9,112.5,0.0
8176,EMP-2225,2025-06-01,0,12,150.0,0.0
8177,EMP-2226,2025-06-01,0,5,62.5,0.0
8178,EMP-2227,2025-06-01,0,17,212.5,0.0
8179,EMP-2229,2025-06-01,0,12,150.0,0.0
8180,EMP-2230,2025-06-01,0,4,50.0,0.0
8181,EMP-2231,2025-06-01,0,11,137.5,0.0
8182,EMP-2232,2025-06-01,2,0,0.0,96.33
8183,EMP-2233,2025-06-01,3,0,0.0,442.9
8184,EMP-2234,2025-06-01,0,7,87.5,0.0
8185,EMP-2235,2025-06-01,0,16,200.0,0.0
8186,EMP-2236,2025-06-01,0,12,150.0,0.0
8187,EMP-2237,2025-06-01,0,2,25.0,0.0
8188,EMP-2238,2025-06-01,0,10,125.0,0.0
8189,EMP-2241,2025-06-01,0,14,175.0,0.0
8190,EMP-2242,2025-06-01,0,19,237.5,0.0
8191,EMP-2243,2025-06-01,0,4,50.0,0.0
8192,EMP-2245,2025-06-01,0,2,25.0,0.0
8193,EMP-2246,2025-06-01,0,12,150.0,0.0
8194,EMP-2247,2025-06-01,0,9,112.5,0.0
8195,EMP-2248,2025-06-01,0,6,75.0,0.0
8196,EMP-2249,2025-06-01,1,0,0.0,127.47
8197,EMP-2250,2025-06-01,0,7,87.5,0.0
8198,EMP-2251,2025-06-01,0,8,100.0,0.0
8199,EMP-2252,2025-06-01,3,0,0.0,159.2
8200,EMP-2253,2025-06-01,0,12,150.0,0.0
8201,EMP-2255,2025-06-01,0,18,225.0,0.0
8202,EMP-2256,2025-06-01,0,9,112.5,0.0
8203,EMP-2257,2025-06-01,0,12,150.0,0.0
8204,EMP-2258,2025-06-01,0,1,12.5,0.0
8205,EMP-2259,2025-06-01,0,19,237.5,0.0
8206,EMP-2260,2025-06-01,2,0,0.0,265.53
8207,EMP-2261,2025-06-01,0,15,187.5,0.0
8208,EMP-2262,2025-06-01,0,6,75.0,0.0
8209,EMP-2263,2025-06-01,0,14,175.0,0.0
8210,EMP-2264,2025-06-01,0,17,212.5,0.0
8211,EMP-2265,2025-06-01,0,14,175.0,0.0
8212,EMP-2266,2025-06-01,0,0,0.0,0.0
8213,EMP-2267,2025-06-01,0,14,175.0,0.0
8214,EMP-2268,2025-06-01,0,4,50.0,0.0
8215,EMP-2270,2025-06-01,0,19,237.5,0.0
8216,EMP-2271,2025-06-01,0,2,25.0,0.0
8217,EMP-2272,2025-06-01,0,5,62.5,0.0
8218,EMP-2273,2025-06-01,0,14,175.0,0.0
8219,EMP-2274,2025-06-01,0,7,87.5,0.0
8220,EMP-2275,2025-06-01,1,0,0.0,36.13
8221,EMP-2276,2025-06-01,1,0,0.0,35.33
8222,EMP-2277,2025-06-01,0,14,175.0,0.0
8223,EMP-2281,2025-06-01,0,5,62.5,0.0
8224,EMP-2283,2025-06-01,0,3,37.5,0.0
8225,EMP-2284,2025-06-01,0,4,50.0,0.0
8226,EMP-2285,2025-06-01,0,9,112.5,0.0
8227,EMP-2286,2025-06-01,0,9,112.5,0.0
8228,EMP-2287,2025-06-01,2,0,0.0,263.33
8229,EMP-2288,2025-06-01,0,14,175.0,0.0
8230,EMP-2289,2025-06-01,0,8,100.0,0.0
8231,EMP-2290,2025-06-01,0,9,112.5,0.0
8232,EMP-2291,2025-06-01,0,7,87.5,0.0
8233,EMP-2294,2025-06-01,0,7,87.5,0.0
8234,EMP-2295,2025-06-01,0,11,137.5,0.0
8235,EMP-2296,2025-06-01,2,0,0.0,189.33
8236,EMP-2297,2025-06-01,0,8,100.0,0.0
8237,EMP-2298,2025-06-01,0,0,0.0,0.0
8238,EMP-2299,2025-06-01,0,7,87.5,0.0
8239,EMP-2300,2025-06-01,0,17,212.5,0.0
8240,EMP-2301,2025-06-01,1,0,0.0,29.6
8241,EMP-2302,2025-06-01,0,4,50.0,0.0
8242,EMP-2303,2025-06-01,0,13,162.5,0.0
8243,EMP-2304,2025-06-01,0,5,62.5,0.0
8244,EMP-2305,2025-06-01,1,0,0.0,92.17
8245,EMP-2306,2025-06-01,0,6,75.0,0.0
8246,EMP-2307,2025-06-01,0,8,100.0,0.0
8247,EMP-2308,2025-06-01,0,15,187.5,0.0
8248,EMP-2309,2025-06-01,0,12,150.0,0.0
8249,EMP-2310,2025-06-01,2,0,0.0,115.2
8250,EMP-2311,2025-06-01,0,0,0.0,0.0
8251,EMP-2313,2025-06-01,0,2,25.0,0.0
8252,EMP-2314,2025-06-01,0,2,25.0,0.0
8253,EMP-2315,2025-06-01,1,0,0.0,34.9
8254,EMP-2316,2025-06-01,1,0,0.0,47.33
8255,EMP-2317,2025-06-01,0,18,225.0,0.0
8256,EMP-2318,2025-06-01,1,0,0.0,27.2
8257,EMP-2320,2025-06-01,0,20,250.0,0.0
8258,EMP-2321,2025-06-01,1,0,0.0,25.57
8259,EMP-2322,2025-06-01,2,0,0.0,96.53
8260,EMP-2323,2025-06-01,0,9,112.5,0.0
8261,EMP-2324,2025-06-01,0,20,250.0,0.0
8262,EMP-2325,2025-06-01,0,12,150.0,0.0
8263,EMP-2326,2025-06-01,0,12,150.0,0.0
8264,EMP-2327,2025-06-01,0,2,25.0,0.0
8265,EMP-2328,2025-06-01,0,15,187.5,0.0
8266,EMP-2329,2025-06-01,1,0,0.0,57.93
8267,EMP-2330,2025-06-01,0,1,12.5,0.0
8268,EMP-2331,2025-06-01,0,18,225.0,0.0
8269,EMP-2332,2025-06-01,1,0,0.0,40.9
8270,EMP-2333,2025-06-01,0,9,112.5,0.0
8271,EMP-2334,2025-06-01,1,0,0.0,85.37
8272,EMP-2335,2025-06-01,0,18,225.0,0.0
8273,EMP-2336,2025-06-01,2,0,0.0,146.47
8274,EMP-2337,2025-06-01,2,0,0.0,48.33
8275,EMP-2338,2025-06-01,1,0,0.0,31.9
8276,EMP-2339,2025-06-01,0,16,200.0,0.0
8277,EMP-2340,2025-06-01,0,13,162.5,0.0
8278,EMP-2341,2025-06-01,0,17,212.5,0.0
8279,EMP-2342,2025-06-01,0,5,62.5,0.0
8280,EMP-2343,2025-06-01,1,0,0.0,131.13
8281,EMP-2344,2025-06-01,1,0,0.0,71.13
8282,EMP-2345,2025-06-01,0,3,37.5,0.0
8283,EMP-2346,2025-06-01,1,0,0.0,70.33
8284,EMP-2347,2025-06-01,1,0,0.0,56.4
8285,EMP-2350,2025-06-01,0,13,162.5,0.0
8286,EMP-2351,2025-06-01,0,11,137.5,0.0
8287,EMP-2352,2025-06-01,5,0,0.0,281.17
8288,EMP-2354,2025-06-01,3,0,0.0,145.5
8289,EMP-2355,2025-06-01,0,15,187.5,0.0
8290,EMP-2356,2025-06-01,0,3,37.5,0.0
8291,EMP-2357,2025-06-01,1,0,0.0,59.73
8292,EMP-2358,2025-06-01,0,7,87.5,0.0
8293,EMP-2359,2025-06-01,0,17,212.5,0.0
8294,EMP-2361,2025-06-01,0,4,50.0,0.0
8295,EMP-2362,2025-06-01,5,0,0.0,104.67
8296,EMP-2363,2025-06-01,0,14,175.0,0.0
8297,EMP-2364,2025-06-01,0,4,50.0,0.0
8298,EMP-2365,2025-06-01,0,9,112.5,0.0
8299,EMP-2366,2025-06-01,0,11,137.5,0.0
8300,EMP-2367,2025-06-01,2,0,0.0,112.87
8301,EMP-2368,2025-06-01,1,0,0.0,127.8
8302,EMP-2369,2025-06-01,0,13,162.5,0.0
8303,EMP-2370,2025-06-01,2,0,0.0,268.93
8304,EMP-2371,2025-06-01,0,10,125.0,0.0
8305,EMP-2372,2025-06-01,0,13,162.5,0.0
8306,EMP-2373,2025-06-01,0,7,87.5,0.0
8307,EMP-2374,2025-06-01,0,12,150.0,0.0
8308,EMP-2375,2025-06-01,0,7,87.5,0.0
8309,EMP-2376,2025-06-01,0,1,12.5,0.0
8310,EMP-2377,2025-06-01,3,0,0.0,211.8
8311,EMP-2379,2025-06-01,3,0,0.0,415.8
8312,EMP-2380,2025-06-01,0,16,200.0,0.0
8313,EMP-2382,2025-06-01,0,17,212.5,0.0
8314,EMP-2383,2025-06-01,0,2,25.0,0.0
8315,EMP-2384,2025-06-01,0,4,50.0,0.0
8316,EMP-2385,2025-06-01,0,0,0.0,0.0
8317,EMP-2386,2025-06-01,1,0,0.0,44.57
8318,EMP-2387,2025-06-01,1,0,0.0,36.5
8319,EMP-2388,2025-06-01,0,11,137.5,0.0
8320,EMP-2389,2025-06-01,2,0,0.0,51.73
8321,EMP-2390,2025-06-01,0,12,150.0,0.0
8322,EMP-2392,2025-06-01,0,20,250.0,0.0
8323,EMP-2393,2025-06-01,0,7,87.5,0.0
8324,EMP-2394,2025-06-01,0,14,175.0,0.0
8325,EMP-2395,2025-06-01,0,18,225.0,0.0
8326,EMP-2396,2025-06-01,0,1,12.5,0.0
8327,EMP-2398,2025-06-01,0,3,37.5,0.0
8328,EMP-2399,2025-06-01,0,16,200.0,0.0
8329,EMP-2400,2025-06-01,3,0,0.0,66.7
8330,EMP-2401,2025-06-01,2,0,0.0,173.47
8331,EMP-2402,2025-06-01,0,4,50.0,0.0
8332,EMP-2404,2025-06-01,0,0,0.0,0.0
8333,EMP-2405,2025-06-01,0,16,200.0,0.0
8334,EMP-2406,2025-06-01,0,5,62.5,0.0
8335,EMP-2407,2025-06-01,1,0,0.0,30.1
8336,EMP-2408,2025-06-01,0,15,187.5,0.0
8337,EMP-2409,2025-06-01,2,0,0.0,66.8
8338,EMP-2410,2025-06-01,0,15,187.5,0.0
8339,EMP-2411,2025-06-01,0,11,137.5,0.0
8340,EMP-2412,2025-06-01,0,11,137.5,0.0
8341,EMP-2413,2025-06-01,1,0,0.0,21.97
8342,EMP-2414,2025-06-01,0,1,12.5,0.0
8343,EMP-2415,2025-06-01,2,0,0.0,224.13
8344,EMP-2417,2025-06-01,3,0,0.0,77.7
8345,EMP-2418,2025-06-01,0,19,237.5,0.0
8346,EMP-2419,2025-06-01,0,19,237.5,0.0
8347,EMP-2420,2025-06-01,0,15,187.5,0.0
8348,EMP-2421,2025-06-01,0,1,12.5,0.0
8349,EMP-2422,2025-06-01,0,17,212.5,0.0
8350,EMP-2423,2025-06-01,0,9,112.5,0.0
8351,EMP-2424,2025-06-01,0,19,237.5,0.0
8352,EMP-2425,2025-06-01,0,0,0.0,0.0
8353,EMP-2426,2025-06-01,0,18,225.0,0.0
8354,EMP-2427,2025-06-01,0,11,137.5,0.0
8355,EMP-2428,2025-06-01,0,20,250.0,0.0
8356,EMP-2429,2025-06-01,1,0,0.0,40.37
8357,EMP-2430,2025-06-01,0,20,250.0,0.0
8358,EMP-2431,2025-06-01,0,15,187.5,0.0
8359,EMP-2433,2025-06-01,0,19,237.5,0.0
8360,EMP-2434,2025-06-01,1,0,0.0,68.87
8361,EMP-2435,2025-06-01,0,11,137.5,0.0
8362,EMP-2436,2025-06-01,0,1,12.5,0.0
8363,EMP-2438,2025-06-01,0,9,112.5,0.0
8364,EMP-2440,2025-06-01,0,10,125.0,0.0
8365,EMP-2441,2025-06-01,0,14,175.0,0.0
8366,EMP-2443,2025-06-01,0,18,225.0,0.0
8367,EMP-2445,2025-06-01,1,0,0.0,36.37
8368,EMP-2446,2025-06-01,0,17,212.5,0.0
8369,EMP-2448,2025-06-01,0,1,12.5,0.0
8370,EMP-2449,2025-06-01,1,0,0.0,113.6
8371,EMP-2452,2025-06-01,1,0,0.0,93.53
8372,EMP-2453,2025-06-01,5,0,0.0,396.83
8373,EMP-2454,2025-06-01,0,2,25.0,0.0
8374,EMP-2455,2025-06-01,0,11,137.5,0.0
8375,EMP-2456,2025-06-01,0,5,62.5,0.0
8376,EMP-2457,2025-06-01,1,0,0.0,41.27
8377,EMP-2458,2025-06-01,0,4,50.0,0.0
8378,EMP-2459,2025-06-01,0,10,125.0,0.0
8379,EMP-2460,2025-06-01,0,8,100.0,0.0
8380,EMP-2462,2025-06-01,0,19,237.5,0.0
8381,EMP-2463,2025-06-01,1,0,0.0,47.9
8382,EMP-2464,2025-06-01,0,13,162.5,0.0
8383,EMP-2465,2025-06-01,0,4,50.0,0.0
8384,EMP-2466,2025-06-01,0,11,137.5,0.0
8385,EMP-2467,2025-06-01,0,18,225.0,0.0
8386,EMP-2469,2025-06-01,0,9,112.5,0.0
8387,EMP-2470,2025-06-01,0,8,100.0,0.0
8388,EMP-2471,2025-06-01,0,8,100.0,0.0
8389,EMP-2473,2025-06-01,1,0,0.0,54.1
8390,EMP-2474,2025-06-01,0,3,37.5,0.0
8391,EMP-2476,2025-06-01,0,11,137.5,0.0
8392,EMP-2477,2025-06-01,0,0,0.0,0.0
8393,EMP-2478,2025-06-01,0,8,100.0,0.0
8394,EMP-2479,2025-06-01,0,19,237.5,0.0
8395,EMP-2480,2025-06-01,0,10,125.0,0.0
8396,EMP-2481,2025-06-01,0,20,250.0,0.0
8397,EMP-2482,2025-06-01,0,2,25.0,0.0
8398,EMP-2483,2025-06-01,0,2,25.0,0.0
8399,EMP-2484,2025-06-01,0,9,112.5,0.0
8400,EMP-2485,2025-06-01,0,16,200.0,0.0
8401,EMP-2486,2025-06-01,0,13,162.5,0.0
8402,EMP-2487,2025-06-01,5,0,0.0,158.0
8403,EMP-2488,2025-06-01,0,20,250.0,0.0
8404,EMP-2489,2025-06-01,0,16,200.0,0.0
8405,EMP-2491,2025-06-01,0,3,37.5,0.0
8406,EMP-2492,2025-06-01,1,0,0.0,42.57
8407,EMP-2493,2025-06-01,1,0,0.0,81.53
8408,EMP-2495,2025-06-01,0,1,12.5,0.0
8409,EMP-2496,2025-06-01,1,0,0.0,31.77
8410,EMP-2497,2025-06-01,0,12,150.0,0.0
8411,EMP-2498,2025-06-01,0,4,50.0,0.0
8412,EMP-2499,2025-06-01,0,0,0.0,0.0
8413,EMP-2500,2025-06-01,0,20,250.0,0.0
8414,EMP-2501,2025-06-01,3,0,0.0,176.6
8415,EMP-2502,2025-06-01,0,14,175.0,0.0
8416,EMP-2503,2025-06-01,0,13,162.5,0.0
8417,EMP-2504,2025-06-01,1,0,0.0,37.9
8418,EMP-2505,2025-06-01,0,16,200.0,0.0
8419,EMP-2506,2025-06-01,0,3,37.5,0.0
8420,EMP-2507,2025-06-01,0,4,50.0,0.0
8421,EMP-2508,2025-06-01,0,18,225.0,0.0
8422,EMP-2509,2025-06-01,0,18,225.0,0.0
8423,EMP-2510,2025-06-01,0,10,125.0,0.0
8424,EMP-2511,2025-06-01,2,0,0.0,55.8
8425,EMP-2512,2025-06-01,1,0,0.0,48.43
8426,EMP-2513,2025-06-01,0,13,162.5,0.0
8427,EMP-2514,2025-06-01,0,1,12.5,0.0
8428,EMP-2515,2025-06-01,0,19,237.5,0.0
8429,EMP-2517,2025-06-01,2,0,0.0,100.07
8430,EMP-2518,2025-06-01,0,16,200.0,0.0
8431,EMP-2519,2025-06-01,0,16,200.0,0.0
8432,EMP-2520,2025-06-01,0,8,100.0,0.0
8433,EMP-2521,2025-06-01,0,14,175.0,0.0
8434,EMP-2522,2025-06-01,0,9,112.5,0.0
8435,EMP-2523,2025-06-01,0,20,250.0,0.0
8436,EMP-2524,2025-06-01,0,5,62.5,0.0
8437,EMP-2525,2025-06-01,0,4,50.0,0.0
8438,EMP-2526,2025-06-01,0,13,162.5,0.0
8439,EMP-2527,2025-06-01,0,8,100.0,0.0
8440,EMP-2528,2025-06-01,0,16,200.0,0.0
8441,EMP-2529,2025-06-01,0,4,50.0,0.0
8442,EMP-2530,2025-06-01,1,0,0.0,122.73
8443,EMP-2531,2025-06-01,0,1,12.5,0.0
8444,EMP-2532,2025-06-01,0,11,137.5,0.0
8445,EMP-2533,2025-06-01,0,13,162.5,0.0
8446,EMP-2534,2025-06-01,0,17,212.5,0.0
8447,EMP-2535,2025-06-01,0,14,175.0,0.0
8448,EMP-2536,2025-06-01,0,12,150.0,0.0
8449,EMP-2538,2025-06-01,0,13,162.5,0.0
8450,EMP-2539,2025-06-01,0,5,62.5,0.0
8451,EMP-2540,2025-06-01,0,2,25.0,0.0
8452,EMP-2541,2025-06-01,1,0,0.0,120.03
8453,EMP-2542,2025-06-01,2,0,0.0,274.33
8454,EMP-2543,2025-06-01,0,1,12.5,0.0
8455,EMP-2544,2025-06-01,0,11,137.5,0.0
8456,EMP-2545,2025-06-01,1,0,0.0,25.33
8457,EMP-2547,2025-06-01,2,0,0.0,150.87
8458,EMP-2548,2025-06-01,2,0,0.0,110.27
8459,EMP-2549,2025-06-01,0,11,137.5,0.0
8460,EMP-2551,2025-06-01,0,14,175.0,0.0
8461,EMP-2552,2025-06-01,0,11,137.5,0.0
8462,EMP-2553,2025-06-01,0,20,250.0,0.0
8463,EMP-2554,2025-06-01,0,5,62.5,0.0
8464,EMP-2556,2025-06-01,0,8,100.0,0.0
8465,EMP-2557,2025-06-01,0,12,150.0,0.0
8466,EMP-2558,2025-06-01,1,0,0.0,58.37
8467,EMP-2560,2025-06-01,0,13,162.5,0.0
8468,EMP-2561,2025-06-01,0,1,12.5,0.0
8469,EMP-2562,2025-06-01,3,0,0.0,92.6
8470,EMP-2563,2025-06-01,0,12,150.0,0.0
8471,EMP-2564,2025-06-01,0,4,50.0,0.0
8472,EMP-2565,2025-06-01,0,13,162.5,0.0
8473,EMP-2567,2025-06-01,1,0,0.0,87.93
8474,EMP-2568,2025-06-01,3,0,0.0,183.0
8475,EMP-2570,2025-06-01,0,3,37.5,0.0
8476,EMP-2571,2025-06-01,3,0,0.0,96.8
8477,EMP-2572,2025-06-01,0,12,150.0,0.0
8478,EMP-2573,2025-06-01,0,13,162.5,0.0
8479,EMP-2574,2025-06-01,0,4,50.0,0.0
8480,EMP-2575,2025-06-01,1,0,0.0,49.77
8481,EMP-2576,2025-06-01,2,0,0.0,42.87
8482,EMP-2577,2025-06-01,1,0,0.0,37.1
8483,EMP-2578,2025-06-01,1,0,0.0,99.97
8484,EMP-2579,2025-06-01,0,10,125.0,0.0
8485,EMP-2580,2025-06-01,0,13,162.5,0.0
8486,EMP-2581,2025-06-01,0,13,162.5,0.0
8487,EMP-2582,2025-06-01,0,13,162.5,0.0
8488,EMP-2583,2025-06-01,0,12,150.0,0.0
8489,EMP-2584,2025-06-01,0,6,75.0,0.0
8490,EMP-2585,2025-06-01,2,0,0.0,86.67
8491,EMP-2586,2025-06-01,0,16,200.0,0.0
8492,EMP-2587,2025-06-01,0,1,12.5,0.0
8493,EMP-2588,2025-06-01,2,0,0.0,277.73
8494,EMP-2589,2025-06-01,1,0,0.0,83.47
8495,EMP-2590,2025-06-01,0,4,50.0,0.0
8496,EMP-2591,2025-06-01,2,0,0.0,40.33
8497,EMP-2592,2025-06-01,0,6,75.0,0.0
8498,EMP-2593,2025-06-01,3,0,0.0,114.9
8499,EMP-2594,2025-06-01,0,4,50.0,0.0
8500,EMP-2595,2025-06-01,0,17,212.5,0.0
8501,EMP-2597,2025-06-01,0,18,225.0,0.0
8502,EMP-2598,2025-06-01,1,0,0.0,92.83
8503,EMP-2599,2025-06-01,2,0,0.0,98.47
8504,EMP-2001,2025-07-01,0,12,150.0,0.0
8505,EMP-2003,2025-07-01,2,0,0.0,66.33
8506,EMP-2004,2025-07-01,0,3,37.5,0.0
8507,EMP-2005,2025-07-01,0,5,62.5,0.0
8508,EMP-2006,2025-07-01,1,0,0.0,27.53
8509,EMP-2008,2025-07-01,0,1,12.5,0.0
8510,EMP-2010,2025-07-01,0,3,37.5,0.0
8511,EMP-2011,2025-07-01,1,0,0.0,44.73
8512,EMP-2014,2025-07-01,0,15,187.5,0.0
8513,EMP-2015,2025-07-01,1,0,0.0,57.33
8514,EMP-2016,2025-07-01,0,16,200.0,0.0
8515,EMP-2017,2025-07-01,0,5,62.5,0.0
8516,EMP-2018,2025-07-01,2,0,0.0,156.47
8517,EMP-2019,2025-07-01,1,0,0.0,27.63
8518,EMP-2020,2025-07-01,0,18,225.0,0.0
8519,EMP-2021,2025-07-01,0,11,137.5,0.0
8520,EMP-2022,2025-07-01,0,5,62.5,0.0
8521,EMP-2024,2025-07-01,5,0,0.0,473.5
8522,EMP-2025,2025-07-01,1,0,0.0,30.1
8523,EMP-2026,2025-07-01,0,17,212.5,0.0
8524,EMP-2027,2025-07-01,0,18,225.0,0.0
8525,EMP-2028,2025-07-01,3,0,0.0,121.6
8526,EMP-2029,2025-07-01,2,0,0.0,80.53
8527,EMP-2031,2025-07-01,0,2,25.0,0.0
8528,EMP-2032,2025-07-01,3,0,0.0,152.5
8529,EMP-2033,2025-07-01,0,1,12.5,0.0
8530,EMP-2034,2025-07-01,2,0,0.0,101.4
8531,EMP-2036,2025-07-01,1,0,0.0,44.37
8532,EMP-2037,2025-07-01,0,17,212.5,0.0
8533,EMP-2038,2025-07-01,1,0,0.0,33.1
8534,EMP-2039,2025-07-01,2,0,0.0,109.73
8535,EMP-2040,2025-07-01,0,20,250.0,0.0
8536,EMP-2041,2025-07-01,1,0,0.0,27.53
8537,EMP-2042,2025-07-01,0,8,100.0,0.0
8538,EMP-2043,2025-07-01,0,15,187.5,0.0
8539,EMP-2044,2025-07-01,0,14,175.0,0.0
8540,EMP-2047,2025-07-01,3,0,0.0,93.6
8541,EMP-2049,2025-07-01,2,0,0.0,111.73
8542,EMP-2050,2025-07-01,1,0,0.0,45.2
8543,EMP-2051,2025-07-01,0,7,87.5,0.0
8544,EMP-2052,2025-07-01,0,3,37.5,0.0
8545,EMP-2053,2025-07-01,0,3,37.5,0.0
8546,EMP-2055,2025-07-01,0,0,0.0,0.0
8547,EMP-2056,2025-07-01,2,0,0.0,117.67
8548,EMP-2057,2025-07-01,0,3,37.5,0.0
8549,EMP-2058,2025-07-01,0,5,62.5,0.0
8550,EMP-2059,2025-07-01,0,4,50.0,0.0
8551,EMP-2060,2025-07-01,0,6,75.0,0.0
8552,EMP-2061,2025-07-01,0,14,175.0,0.0
8553,EMP-2062,2025-07-01,0,15,187.5,0.0
8554,EMP-2063,2025-07-01,0,8,100.0,0.0
8555,EMP-2064,2025-07-01,0,18,225.0,0.0
8556,EMP-2065,2025-07-01,0,19,237.5,0.0
8557,EMP-2066,2025-07-01,0,16,200.0,0.0
8558,EMP-2068,2025-07-01,0,3,37.5,0.0
8559,EMP-2069,2025-07-01,3,0,0.0,92.4
8560,EMP-2070,2025-07-01,0,13,162.5,0.0
8561,EMP-2071,2025-07-01,5,0,0.0,102.33
8562,EMP-2072,2025-07-01,0,4,50.0,0.0
8563,EMP-2073,2025-07-01,0,19,237.5,0.0
8564,EMP-2074,2025-07-01,0,8,100.0,0.0
8565,EMP-2075,2025-07-01,1,0,0.0,48.8
8566,EMP-2076,2025-07-01,1,0,0.0,27.37
8567,EMP-2078,2025-07-01,0,2,25.0,0.0
8568,EMP-2079,2025-07-01,3,0,0.0,86.2
8569,EMP-2081,2025-07-01,0,1,12.5,0.0
8570,EMP-2082,2025-07-01,0,6,75.0,0.0
8571,EMP-2083,2025-07-01,2,0,0.0,143.13
8572,EMP-2084,2025-07-01,0,9,112.5,0.0
8573,EMP-2085,2025-07-01,0,11,137.5,0.0
8574,EMP-2086,2025-07-01,0,5,62.5,0.0
8575,EMP-2087,2025-07-01,0,4,50.0,0.0
8576,EMP-2089,2025-07-01,5,0,0.0,275.67
8577,EMP-2090,2025-07-01,0,18,225.0,0.0
8578,EMP-2091,2025-07-01,1,0,0.0,121.3
8579,EMP-2093,2025-07-01,0,4,50.0,0.0
8580,EMP-2094,2025-07-01,2,0,0.0,63.27
8581,EMP-2095,2025-07-01,0,20,250.0,0.0
8582,EMP-2096,2025-07-01,0,9,112.5,0.0
8583,EMP-2097,2025-07-01,0,20,250.0,0.0
8584,EMP-2098,2025-07-01,0,0,0.0,0.0
8585,EMP-2101,2025-07-01,2,0,0.0,55.0
8586,EMP-2102,2025-07-01,2,0,0.0,91.93
8587,EMP-2103,2025-07-01,0,0,0.0,0.0
8588,EMP-2104,2025-07-01,0,18,225.0,0.0
8589,EMP-2105,2025-07-01,0,2,25.0,0.0
8590,EMP-2106,2025-07-01,0,3,37.5,0.0
8591,EMP-2107,2025-07-01,0,1,12.5,0.0
8592,EMP-2109,2025-07-01,1,0,0.0,51.37
8593,EMP-2110,2025-07-01,0,20,250.0,0.0
8594,EMP-2112,2025-07-01,1,0,0.0,55.53
8595,EMP-2113,2025-07-01,0,11,137.5,0.0
8596,EMP-2114,2025-07-01,0,1,12.5,0.0
8597,EMP-2115,2025-07-01,0,5,62.5,0.0
8598,EMP-2116,2025-07-01,2,0,0.0,64.27
8599,EMP-2117,2025-07-01,1,0,0.0,25.07
8600,EMP-2119,2025-07-01,0,18,225.0,0.0
8601,EMP-2120,2025-07-01,0,19,237.5,0.0
8602,EMP-2121,2025-07-01,1,0,0.0,43.37
8603,EMP-2122,2025-07-01,0,3,37.5,0.0
8604,EMP-2123,2025-07-01,0,12,150.0,0.0
8605,EMP-2124,2025-07-01,0,10,125.0,0.0
8606,EMP-2125,2025-07-01,1,0,0.0,57.1
8607,EMP-2127,2025-07-01,5,0,0.0,215.5
8608,EMP-2129,2025-07-01,0,13,162.5,0.0
8609,EMP-2130,2025-07-01,0,1,12.5,0.0
8610,EMP-2131,2025-07-01,3,0,0.0,193.1
8611,EMP-2132,2025-07-01,0,8,100.0,0.0
8612,EMP-2133,2025-07-01,0,12,150.0,0.0
8613,EMP-2134,2025-07-01,3,0,0.0,173.0
8614,EMP-2136,2025-07-01,0,0,0.0,0.0
8615,EMP-2137,2025-07-01,0,18,225.0,0.0
8616,EMP-2138,2025-07-01,0,19,237.5,0.0
8617,EMP-2139,2025-07-01,0,10,125.0,0.0
8618,EMP-2141,2025-07-01,0,0,0.0,0.0
8619,EMP-2142,2025-07-01,1,0,0.0,28.33
8620,EMP-2144,2025-07-01,0,12,150.0,0.0
8621,EMP-2145,2025-07-01,0,13,162.5,0.0
8622,EMP-2146,2025-07-01,0,11,137.5,0.0
8623,EMP-2147,2025-07-01,1,0,0.0,48.87
8624,EMP-2148,2025-07-01,3,0,0.0,125.3
8625,EMP-2149,2025-07-01,1,0,0.0,136.0
8626,EMP-2150,2025-07-01,0,18,225.0,0.0
8627,EMP-2151,2025-07-01,0,0,0.0,0.0
8628,EMP-2154,2025-07-01,0,5,62.5,0.0
8629,EMP-2155,2025-07-01,0,0,0.0,0.0
8630,EMP-2156,2025-07-01,0,9,112.5,0.0
8631,EMP-2157,2025-07-01,0,0,0.0,0.0
8632,EMP-2158,2025-07-01,1,0,0.0,53.9
8633,EMP-2159,2025-07-01,1,0,0.0,40.37
8634,EMP-2160,2025-07-01,0,9,112.5,0.0
8635,EMP-2161,2025-07-01,0,12,150.0,0.0
8636,EMP-2162,2025-07-01,0,17,212.5,0.0
8637,EMP-2163,2025-07-01,0,13,162.5,0.0
8638,EMP-2164,2025-07-01,1,0,0.0,39.53
8639,EMP-2165,2025-07-01,2,0,0.0,107.2
8640,EMP-2167,2025-07-01,0,3,37.5,0.0
8641,EMP-2168,2025-07-01,0,18,225.0,0.0
8642,EMP-2169,2025-07-01,0,8,100.0,0.0
8643,EMP-2170,2025-07-01,0,9,112.5,0.0
8644,EMP-2171,2025-07-01,0,8,100.0,0.0
8645,EMP-2172,2025-07-01,0,2,25.0,0.0
8646,EMP-2173,2025-07-01,0,6,75.0,0.0
8647,EMP-2174,2025-07-01,0,6,75.0,0.0
8648,EMP-2175,2025-07-01,0,17,212.5,0.0
8649,EMP-2177,2025-07-01,0,4,50.0,0.0
8650,EMP-2178,2025-07-01,5,0,0.0,140.17
8651,EMP-2180,2025-07-01,0,4,50.0,0.0
8652,EMP-2181,2025-07-01,2,0,0.0,276.2
8653,EMP-2182,2025-07-01,0,16,200.0,0.0
8654,EMP-2183,2025-07-01,0,1,12.5,0.0
8655,EMP-2184,2025-07-01,0,17,212.5,0.0
8656,EMP-2185,2025-07-01,0,17,212.5,0.0
8657,EMP-2186,2025-07-01,0,16,200.0,0.0
8658,EMP-2187,2025-07-01,0,7,87.5,0.0
8659,EMP-2188,2025-07-01,0,10,125.0,0.0
8660,EMP-2189,2025-07-01,0,16,200.0,0.0
8661,EMP-2190,2025-07-01,0,16,200.0,0.0
8662,EMP-2191,2025-07-01,1,0,0.0,66.13
8663,EMP-2192,2025-07-01,0,11,137.5,0.0
8664,EMP-2193,2025-07-01,2,0,0.0,142.4
8665,EMP-2194,2025-07-01,0,5,62.5,0.0
8666,EMP-2195,2025-07-01,0,0,0.0,0.0
8667,EMP-2197,2025-07-01,1,0,0.0,89.63
8668,EMP-2198,2025-07-01,0,8,100.0,0.0
8669,EMP-2199,2025-07-01,0,6,75.0,0.0
8670,EMP-2200,2025-07-01,0,6,75.0,0.0
8671,EMP-2201,2025-07-01,0,1,12.5,0.0
8672,EMP-2203,2025-07-01,0,11,137.5,0.0
8673,EMP-2204,2025-07-01,0,4,50.0,0.0
8674,EMP-2206,2025-07-01,0,17,212.5,0.0
8675,EMP-2208,2025-07-01,0,16,200.0,0.0
8676,EMP-2210,2025-07-01,1,0,0.0,31.37
8677,EMP-2211,2025-07-01,0,10,125.0,0.0
8678,EMP-2212,2025-07-01,0,3,37.5,0.0
8679,EMP-2213,2025-07-01,0,15,187.5,0.0
8680,EMP-2214,2025-07-01,0,6,75.0,0.0
8681,EMP-2215,2025-07-01,0,17,212.5,0.0
8682,EMP-2216,2025-07-01,5,0,0.0,157.17
8683,EMP-2217,2025-07-01,0,5,62.5,0.0
8684,EMP-2218,2025-07-01,0,13,162.5,0.0
8685,EMP-2219,2025-07-01,0,6,75.0,0.0
8686,EMP-2220,2025-07-01,0,12,150.0,0.0
8687,EMP-2221,2025-07-01,2,0,0.0,95.6
8688,EMP-2222,2025-07-01,0,15,187.5,0.0
8689,EMP-2223,2025-07-01,1,0,0.0,52.47
8690,EMP-2224,2025-07-01,0,18,225.0,0.0
8691,EMP-2225,2025-07-01,0,1,12.5,0.0
8692,EMP-2226,2025-07-01,1,0,0.0,45.1
8693,EMP-2227,2025-07-01,0,4,50.0,0.0
8694,EMP-2229,2025-07-01,0,16,200.0,0.0
8695,EMP-2230,2025-07-01,0,5,62.5,0.0
8696,EMP-2231,2025-07-01,0,7,87.5,0.0
8697,EMP-2232,2025-07-01,3,0,0.0,144.5
8698,EMP-2233,2025-07-01,0,20,250.0,0.0
8699,EMP-2234,2025-07-01,0,10,125.0,0.0
8700,EMP-2235,2025-07-01,0,15,187.5,0.0
8701,EMP-2236,2025-07-01,2,0,0.0,153.47
8702,EMP-2237,2025-07-01,0,10,125.0,0.0
8703,EMP-2238,2025-07-01,0,5,62.5,0.0
8704,EMP-2241,2025-07-01,0,15,187.5,0.0
8705,EMP-2242,2025-07-01,1,0,0.0,30.97
8706,EMP-2243,2025-07-01,0,17,212.5,0.0
8707,EMP-2245,2025-07-01,0,11,137.5,0.0
8708,EMP-2246,2025-07-01,0,1,12.5,0.0
8709,EMP-2247,2025-07-01,1,0,0.0,44.77
8710,EMP-2248,2025-07-01,0,7,87.5,0.0
8711,EMP-2249,2025-07-01,1,0,0.0,127.47
8712,EMP-2250,2025-07-01,0,6,75.0,0.0
8713,EMP-2251,2025-07-01,1,0,0.0,111.27
8714,EMP-2252,2025-07-01,3,0,0.0,159.2
8715,EMP-2253,2025-07-01,1,0,0.0,36.2
8716,EMP-2255,2025-07-01,0,13,162.5,0.0
8717,EMP-2256,2025-07-01,0,19,237.5,0.0
8718,EMP-2257,2025-07-01,2,0,0.0,86.0
8719,EMP-2258,2025-07-01,0,19,237.5,0.0
8720,EMP-2259,2025-07-01,0,2,25.0,0.0
8721,EMP-2260,2025-07-01,0,5,62.5,0.0
8722,EMP-2261,2025-07-01,0,3,37.5,0.0
8723,EMP-2262,2025-07-01,0,10,125.0,0.0
8724,EMP-2263,2025-07-01,0,2,25.0,0.0
8725,EMP-2264,2025-07-01,0,18,225.0,0.0
8726,EMP-2265,2025-07-01,0,17,212.5,0.0
8727,EMP-2266,2025-07-01,5,0,0.0,172.83
8728,EMP-2267,2025-07-01,0,1,12.5,0.0
8729,EMP-2268,2025-07-01,0,13,162.5,0.0
8730,EMP-2270,2025-07-01,0,19,237.5,0.0
8731,EMP-2271,2025-07-01,1,0,0.0,40.23
8732,EMP-2272,2025-07-01,0,17,212.5,0.0
8733,EMP-2273,2025-07-01,0,0,0.0,0.0
8734,EMP-2274,2025-07-01,0,13,162.5,0.0
8735,EMP-2275,2025-07-01,0,6,75.0,0.0
8736,EMP-2276,2025-07-01,0,3,37.5,0.0
8737,EMP-2277,2025-07-01,0,16,200.0,0.0
8738,EMP-2281,2025-07-01,1,0,0.0,38.63
8739,EMP-2283,2025-07-01,0,18,225.0,0.0
8740,EMP-2284,2025-07-01,1,0,0.0,52.6
8741,EMP-2285,2025-07-01,0,16,200.0,0.0
8742,EMP-2286,2025-07-01,0,20,250.0,0.0
8743,EMP-2287,2025-07-01,1,0,0.0,131.67
8744,EMP-2288,2025-07-01,0,13,162.5,0.0
8745,EMP-2289,2025-07-01,0,8,100.0,0.0
8746,EMP-2290,2025-07-01,0,20,250.0,0.0
8747,EMP-2291,2025-07-01,0,1,12.5,0.0
8748,EMP-2294,2025-07-01,1,0,0.0,115.83
8749,EMP-2295,2025-07-01,0,13,162.5,0.0
8750,EMP-2296,2025-07-01,0,9,112.5,0.0
8751,EMP-2297,2025-07-01,0,18,225.0,0.0
8752,EMP-2298,2025-07-01,1,0,0.0,43.43
8753,EMP-2299,2025-07-01,0,14,175.0,0.0
8754,EMP-2300,2025-07-01,2,0,0.0,264.13
8755,EMP-2301,2025-07-01,0,13,162.5,0.0
8756,EMP-2302,2025-07-01,0,11,137.5,0.0
8757,EMP-2303,2025-07-01,0,12,150.0,0.0
8758,EMP-2304,2025-07-01,0,15,187.5,0.0
8759,EMP-2305,2025-07-01,0,14,175.0,0.0
8760,EMP-2306,2025-07-01,0,4,50.0,0.0
8761,EMP-2307,2025-07-01,0,1,12.5,0.0
8762,EMP-2308,2025-07-01,0,17,212.5,0.0
8763,EMP-2309,2025-07-01,1,0,0.0,104.03
8764,EMP-2310,2025-07-01,0,19,237.5,0.0
8765,EMP-2311,2025-07-01,0,12,150.0,0.0
8766,EMP-2313,2025-07-01,0,11,137.5,0.0
8767,EMP-2314,2025-07-01,1,0,0.0,37.23
8768,EMP-2315,2025-07-01,2,0,0.0,69.8
8769,EMP-2316,2025-07-01,0,12,150.0,0.0
8770,EMP-2317,2025-07-01,0,12,150.0,0.0
8771,EMP-2318,2025-07-01,2,0,0.0,54.4
8772,EMP-2320,2025-07-01,0,1,12.5,0.0
8773,EMP-2321,2025-07-01,1,0,0.0,25.57
8774,EMP-2322,2025-07-01,0,0,0.0,0.0
8775,EMP-2323,2025-07-01,1,0,0.0,85.13
8776,EMP-2324,2025-07-01,0,17,212.5,0.0
8777,EMP-2325,2025-07-01,0,2,25.0,0.0
8778,EMP-2326,2025-07-01,0,4,50.0,0.0
8779,EMP-2327,2025-07-01,1,0,0.0,50.03
8780,EMP-2328,2025-07-01,0,13,162.5,0.0
8781,EMP-2329,2025-07-01,0,16,200.0,0.0
8782,EMP-2330,2025-07-01,0,4,50.0,0.0
8783,EMP-2331,2025-07-01,1,0,0.0,31.9
8784,EMP-2332,2025-07-01,1,0,0.0,40.9
8785,EMP-2333,2025-07-01,0,18,225.0,0.0
8786,EMP-2334,2025-07-01,0,16,200.0,0.0
8787,EMP-2335,2025-07-01,2,0,0.0,45.73
8788,EMP-2336,2025-07-01,1,0,0.0,73.23
8789,EMP-2337,2025-07-01,0,11,137.5,0.0
8790,EMP-2338,2025-07-01,0,5,62.5,0.0
8791,EMP-2339,2025-07-01,0,9,112.5,0.0
8792,EMP-2340,2025-07-01,0,13,162.5,0.0
8793,EMP-2341,2025-07-01,3,0,0.0,153.8
8794,EMP-2342,2025-07-01,1,0,0.0,36.07
8795,EMP-2343,2025-07-01,0,14,175.0,0.0
8796,EMP-2344,2025-07-01,0,14,175.0,0.0
8797,EMP-2345,2025-07-01,1,0,0.0,43.47
8798,EMP-2346,2025-07-01,0,2,25.0,0.0
8799,EMP-2347,2025-07-01,0,13,162.5,0.0
8800,EMP-2350,2025-07-01,2,0,0.0,46.27
8801,EMP-2351,2025-07-01,0,6,75.0,0.0
8802,EMP-2352,2025-07-01,0,16,200.0,0.0
8803,EMP-2354,2025-07-01,0,8,100.0,0.0
8804,EMP-2355,2025-07-01,0,12,150.0,0.0
8805,EMP-2356,2025-07-01,0,15,187.5,0.0
8806,EMP-2357,2025-07-01,0,12,150.0,0.0
8807,EMP-2358,2025-07-01,2,0,0.0,72.87
8808,EMP-2359,2025-07-01,0,10,125.0,0.0
8809,EMP-2361,2025-07-01,0,17,212.5,0.0
8810,EMP-2362,2025-07-01,1,0,0.0,20.93
8811,EMP-2363,2025-07-01,1,0,0.0,41.23
8812,EMP-2364,2025-07-01,0,9,112.5,0.0
8813,EMP-2365,2025-07-01,0,16,200.0,0.0
8814,EMP-2366,2025-07-01,3,0,0.0,400.7
8815,EMP-2367,2025-07-01,0,12,150.0,0.0
8816,EMP-2368,2025-07-01,0,19,237.5,0.0
8817,EMP-2369,2025-07-01,0,1,12.5,0.0
8818,EMP-2370,2025-07-01,0,4,50.0,0.0
8819,EMP-2371,2025-07-01,2,0,0.0,84.67
8820,EMP-2372,2025-07-01,0,18,225.0,0.0
8821,EMP-2373,2025-07-01,0,8,100.0,0.0
8822,EMP-2374,2025-07-01,0,19,237.5,0.0
8823,EMP-2375,2025-07-01,0,16,200.0,0.0
8824,EMP-2376,2025-07-01,2,0,0.0,91.53
8825,EMP-2377,2025-07-01,0,16,200.0,0.0
8826,EMP-2379,2025-07-01,0,4,50.0,0.0
8827,EMP-2380,2025-07-01,0,19,237.5,0.0
8828,EMP-2382,2025-07-01,0,10,125.0,0.0
8829,EMP-2383,2025-07-01,0,8,100.0,0.0
8830,EMP-2384,2025-07-01,2,0,0.0,99.53
8831,EMP-2385,2025-07-01,0,8,100.0,0.0
8832,EMP-2386,2025-07-01,0,9,112.5,0.0
8833,EMP-2387,2025-07-01,1,0,0.0,36.5
8834,EMP-2388,2025-07-01,0,20,250.0,0.0
8835,EMP-2389,2025-07-01,0,20,250.0,0.0
8836,EMP-2390,2025-07-01,0,20,250.0,0.0
8837,EMP-2392,2025-07-01,0,17,212.5,0.0
8838,EMP-2393,2025-07-01,1,0,0.0,20.17
8839,EMP-2394,2025-07-01,0,6,75.0,0.0
8840,EMP-2395,2025-07-01,0,13,162.5,0.0
8841,EMP-2396,2025-07-01,0,2,25.0,0.0
8842,EMP-2398,2025-07-01,1,0,0.0,38.07
8843,EMP-2399,2025-07-01,0,12,150.0,0.0
8844,EMP-2400,2025-07-01,1,0,0.0,22.23
8845,EMP-2401,2025-07-01,0,16,200.0,0.0
8846,EMP-2402,2025-07-01,0,3,37.5,0.0
8847,EMP-2404,2025-07-01,0,13,162.5,0.0
8848,EMP-2405,2025-07-01,0,7,87.5,0.0
8849,EMP-2406,2025-07-01,0,20,250.0,0.0
8850,EMP-2407,2025-07-01,3,0,0.0,90.3
8851,EMP-2408,2025-07-01,3,0,0.0,336.7
8852,EMP-2409,2025-07-01,0,9,112.5,0.0
8853,EMP-2410,2025-07-01,0,19,237.5,0.0
8854,EMP-2411,2025-07-01,0,0,0.0,0.0
8855,EMP-2412,2025-07-01,0,6,75.0,0.0
8856,EMP-2413,2025-07-01,0,17,212.5,0.0
8857,EMP-2414,2025-07-01,0,1,12.5,0.0
8858,EMP-2415,2025-07-01,0,13,162.5,0.0
8859,EMP-2417,2025-07-01,0,18,225.0,0.0
8860,EMP-2418,2025-07-01,0,15,187.5,0.0
8861,EMP-2419,2025-07-01,0,5,62.5,0.0
8862,EMP-2420,2025-07-01,0,4,50.0,0.0
8863,EMP-2421,2025-07-01,5,0,0.0,162.67
8864,EMP-2422,2025-07-01,1,0,0.0,51.27
8865,EMP-2423,2025-07-01,1,0,0.0,38.77
8866,EMP-2424,2025-07-01,0,3,37.5,0.0
8867,EMP-2425,2025-07-01,0,17,212.5,0.0
8868,EMP-2426,2025-07-01,0,0,0.0,0.0
8869,EMP-2427,2025-07-01,0,0,0.0,0.0
8870,EMP-2428,2025-07-01,3,0,0.0,126.2
8871,EMP-2429,2025-07-01,0,14,175.0,0.0
8872,EMP-2430,2025-07-01,0,17,212.5,0.0
8873,EMP-2431,2025-07-01,5,0,0.0,171.33
8874,EMP-2433,2025-07-01,1,0,0.0,25.6
8875,EMP-2434,2025-07-01,3,0,0.0,206.6
8876,EMP-2435,2025-07-01,0,4,50.0,0.0
8877,EMP-2436,2025-07-01,0,5,62.5,0.0
8878,EMP-2438,2025-07-01,0,2,25.0,0.0
8879,EMP-2440,2025-07-01,0,1,12.5,0.0
8880,EMP-2441,2025-07-01,0,20,250.0,0.0
8881,EMP-2443,2025-07-01,1,0,0.0,27.3
8882,EMP-2445,2025-07-01,2,0,0.0,72.73
8883,EMP-2446,2025-07-01,0,0,0.0,0.0
8884,EMP-2448,2025-07-01,2,0,0.0,84.93
8885,EMP-2449,2025-07-01,0,4,50.0,0.0
8886,EMP-2452,2025-07-01,0,10,125.0,0.0
8887,EMP-2453,2025-07-01,0,3,37.5,0.0
8888,EMP-2454,2025-07-01,3,0,0.0,171.9
8889,EMP-2455,2025-07-01,0,1,12.5,0.0
8890,EMP-2456,2025-07-01,0,5,62.5,0.0
8891,EMP-2457,2025-07-01,1,0,0.0,41.27
8892,EMP-2458,2025-07-01,0,14,175.0,0.0
8893,EMP-2459,2025-07-01,0,13,162.5,0.0
8894,EMP-2460,2025-07-01,0,5,62.5,0.0
8895,EMP-2462,2025-07-01,0,2,25.0,0.0
8896,EMP-2463,2025-07-01,0,16,200.0,0.0
8897,EMP-2464,2025-07-01,0,10,125.0,0.0
8898,EMP-2465,2025-07-01,1,0,0.0,55.93
8899,EMP-2466,2025-07-01,0,6,75.0,0.0
8900,EMP-2467,2025-07-01,0,4,50.0,0.0
8901,EMP-2469,2025-07-01,1,0,0.0,144.03
8902,EMP-2470,2025-07-01,2,0,0.0,57.67
8903,EMP-2471,2025-07-01,2,0,0.0,236.13
8904,EMP-2473,2025-07-01,0,7,87.5,0.0
8905,EMP-2474,2025-07-01,0,20,250.0,0.0
8906,EMP-2476,2025-07-01,0,7,87.5,0.0
8907,EMP-2477,2025-07-01,1,0,0.0,133.07
8908,EMP-2478,2025-07-01,0,16,200.0,0.0
8909,EMP-2479,2025-07-01,0,17,212.5,0.0
8910,EMP-2480,2025-07-01,0,20,250.0,0.0
8911,EMP-2481,2025-07-01,3,0,0.0,93.7
8912,EMP-2482,2025-07-01,0,11,137.5,0.0
8913,EMP-2483,2025-07-01,0,4,50.0,0.0
8914,EMP-2484,2025-07-01,3,0,0.0,105.5
8915,EMP-2485,2025-07-01,0,16,200.0,0.0
8916,EMP-2486,2025-07-01,0,1,12.5,0.0
8917,EMP-2487,2025-07-01,0,12,150.0,0.0
8918,EMP-2488,2025-07-01,0,5,62.5,0.0
8919,EMP-2489,2025-07-01,1,0,0.0,128.07
8920,EMP-2491,2025-07-01,1,0,0.0,148.53
8921,EMP-2492,2025-07-01,3,0,0.0,127.7
8922,EMP-2493,2025-07-01,0,0,0.0,0.0
8923,EMP-2495,2025-07-01,0,7,87.5,0.0
8924,EMP-2496,2025-07-01,0,7,87.5,0.0
8925,EMP-2497,2025-07-01,0,6,75.0,0.0
8926,EMP-2498,2025-07-01,0,0,0.0,0.0
8927,EMP-2499,2025-07-01,0,7,87.5,0.0
8928,EMP-2500,2025-07-01,1,0,0.0,126.1
8929,EMP-2501,2025-07-01,0,17,212.5,0.0
8930,EMP-2502,2025-07-01,3,0,0.0,239.9
8931,EMP-2503,2025-07-01,0,4,50.0,0.0
8932,EMP-2504,2025-07-01,3,0,0.0,113.7
8933,EMP-2505,2025-07-01,0,14,175.0,0.0
8934,EMP-2506,2025-07-01,0,0,0.0,0.0
8935,EMP-2507,2025-07-01,0,15,187.5,0.0
8936,EMP-2508,2025-07-01,0,10,125.0,0.0
8937,EMP-2509,2025-07-01,3,0,0.0,161.8
8938,EMP-2510,2025-07-01,0,20,250.0,0.0
8939,EMP-2511,2025-07-01,0,17,212.5,0.0
8940,EMP-2512,2025-07-01,0,14,175.0,0.0
8941,EMP-2513,2025-07-01,0,10,125.0,0.0
8942,EMP-2514,2025-07-01,0,10,125.0,0.0
8943,EMP-2515,2025-07-01,0,2,25.0,0.0
8944,EMP-2517,2025-07-01,0,20,250.0,0.0
8945,EMP-2518,2025-07-01,0,11,137.5,0.0
8946,EMP-2519,2025-07-01,0,10,125.0,0.0
8947,EMP-2520,2025-07-01,1,0,0.0,138.6
8948,EMP-2521,2025-07-01,0,4,50.0,0.0
8949,EMP-2522,2025-07-01,0,10,125.0,0.0
8950,EMP-2523,2025-07-01,0,7,87.5,0.0
8951,EMP-2524,2025-07-01,0,13,162.5,0.0
8952,EMP-2525,2025-07-01,5,0,0.0,122.83
8953,EMP-2526,2025-07-01,0,8,100.0,0.0
8954,EMP-2527,2025-07-01,1,0,0.0,27.03
8955,EMP-2528,2025-07-01,0,16,200.0,0.0
8956,EMP-2529,2025-07-01,0,18,225.0,0.0
8957,EMP-2530,2025-07-01,1,0,0.0,122.73
8958,EMP-2531,2025-07-01,0,9,112.5,0.0
8959,EMP-2532,2025-07-01,0,6,75.0,0.0
8960,EMP-2533,2025-07-01,1,0,0.0,23.93
8961,EMP-2534,2025-07-01,0,10,125.0,0.0
8962,EMP-2535,2025-07-01,2,0,0.0,71.13
8963,EMP-2536,2025-07-01,2,0,0.0,100.73
8964,EMP-2538,2025-07-01,0,14,175.0,0.0
8965,EMP-2539,2025-07-01,0,8,100.0,0.0
8966,EMP-2540,2025-07-01,0,11,137.5,0.0
8967,EMP-2541,2025-07-01,0,0,0.0,0.0
8968,EMP-2542,2025-07-01,3,0,0.0,411.5
8969,EMP-2543,2025-07-01,3,0,0.0,165.4
8970,EMP-2544,2025-07-01,1,0,0.0,109.73
8971,EMP-2545,2025-07-01,1,0,0.0,25.33
8972,EMP-2547,2025-07-01,1,0,0.0,75.43
8973,EMP-2548,2025-07-01,3,0,0.0,165.4
8974,EMP-2549,2025-07-01,0,12,150.0,0.0
8975,EMP-2551,2025-07-01,0,20,250.0,0.0
8976,EMP-2552,2025-07-01,0,9,112.5,0.0
8977,EMP-2553,2025-07-01,0,9,112.5,0.0
8978,EMP-2554,2025-07-01,0,12,150.0,0.0
8979,EMP-2556,2025-07-01,0,9,112.5,0.0
8980,EMP-2557,2025-07-01,2,0,0.0,255.27
8981,EMP-2558,2025-07-01,0,16,200.0,0.0
8982,EMP-2560,2025-07-01,0,0,0.0,0.0
8983,EMP-2561,2025-07-01,0,8,100.0,0.0
8984,EMP-2562,2025-07-01,1,0,0.0,30.87
8985,EMP-2563,2025-07-01,0,3,37.5,0.0
8986,EMP-2564,2025-07-01,0,5,62.5,0.0
8987,EMP-2565,2025-07-01,0,20,250.0,0.0
8988,EMP-2567,2025-07-01,0,19,237.5,0.0
8989,EMP-2568,2025-07-01,0,19,237.5,0.0
8990,EMP-2570,2025-07-01,1,0,0.0,20.17
8991,EMP-2571,2025-07-01,0,9,112.5,0.0
8992,EMP-2572,2025-07-01,0,16,200.0,0.0
8993,EMP-2573,2025-07-01,0,11,137.5,0.0
8994,EMP-2574,2025-07-01,1,0,0.0,57.1
8995,EMP-2575,2025-07-01,3,0,0.0,149.3
8996,EMP-2576,2025-07-01,0,4,50.0,0.0
8997,EMP-2577,2025-07-01,0,4,50.0,0.0
8998,EMP-2578,2025-07-01,1,0,0.0,99.97
8999,EMP-2579,2025-07-01,0,18,225.0,0.0
9000,EMP-2580,2025-07-01,0,5,62.5,0.0
9001,EMP-2581,2025-07-01,0,1,12.5,0.0
9002,EMP-2582,2025-07-01,0,7,87.5,0.0
9003,EMP-2583,2025-07-01,0,20,250.0,0.0
9004,EMP-2584,2025-07-01,0,12,150.0,0.0
9005,EMP-2585,2025-07-01,2,0,0.0,86.67
9006,EMP-2586,2025-07-01,1,0,0.0,51.37
9007,EMP-2587,2025-07-01,1,0,0.0,46.27
9008,EMP-2588,2025-07-01,0,11,137.5,0.0
9009,EMP-2589,2025-07-01,0,2,25.0,0.0
9010,EMP-2590,2025-07-01,0,0,0.0,0.0
9011,EMP-2591,2025-07-01,0,12,150.0,0.0
9012,EMP-2592,2025-07-01,0,16,200.0,0.0
9013,EMP-2593,2025-07-01,0,20,250.0,0.0
9014,EMP-2594,2025-07-01,0,14,175.0,0.0
9015,EMP-2595,2025-07-01,0,6,75.0,0.0
9016,EMP-2597,2025-07-01,0,16,200.0,0.0
9017,EMP-2598,2025-07-01,0,15,187.5,0.0
9018,EMP-2599,2025-07-01,0,9,112.5,0.0
9019,EMP-2001,2025-08-01,0,0,0.0,0.0
9020,EMP-2003,2025-08-01,0,11,137.5,0.0
9021,EMP-2004,2025-08-01,3,0,0.0,156.6
9022,EMP-2005,2025-08-01,2,0,0.0,136.87
9023,EMP-2006,2025-08-01,0,2,25.0,0.0
9024,EMP-2008,2025-08-01,0,9,112.5,0.0
9025,EMP-2010,2025-08-01,1,0,0.0,98.93
9026,EMP-2011,2025-08-01,1,0,0.0,44.73
9027,EMP-2014,2025-08-01,0,17,212.5,0.0
9028,EMP-2015,2025-08-01,1,0,0.0,57.33
9029,EMP-2016,2025-08-01,0,19,237.5,0.0
9030,EMP-2017,2025-08-01,0,14,175.0,0.0
9031,EMP-2018,2025-08-01,1,0,0.0,78.23
9032,EMP-2019,2025-08-01,3,0,0.0,82.9
9033,EMP-2020,2025-08-01,0,13,162.5,0.0
9034,EMP-2021,2025-08-01,0,4,50.0,0.0
9035,EMP-2022,2025-08-01,1,0,0.0,33.33
9036,EMP-2024,2025-08-01,0,19,237.5,0.0
9037,EMP-2025,2025-08-01,0,17,212.5,0.0
9038,EMP-2026,2025-08-01,0,18,225.0,0.0
9039,EMP-2027,2025-08-01,0,13,162.5,0.0
9040,EMP-2028,2025-08-01,0,18,225.0,0.0
9041,EMP-2029,2025-08-01,0,2,25.0,0.0
9042,EMP-2031,2025-08-01,0,1,12.5,0.0
9043,EMP-2032,2025-08-01,0,5,62.5,0.0
9044,EMP-2033,2025-08-01,1,0,0.0,24.2
9045,EMP-2034,2025-08-01,0,10,125.0,0.0
9046,EMP-2036,2025-08-01,0,12,150.0,0.0
9047,EMP-2037,2025-08-01,0,2,25.0,0.0
9048,EMP-2038,2025-08-01,0,7,87.5,0.0
9049,EMP-2039,2025-08-01,3,0,0.0,164.6
9050,EMP-2040,2025-08-01,0,10,125.0,0.0
9051,EMP-2041,2025-08-01,0,7,87.5,0.0
9052,EMP-2042,2025-08-01,0,8,100.0,0.0
9053,EMP-2043,2025-08-01,0,15,187.5,0.0
9054,EMP-2044,2025-08-01,0,19,237.5,0.0
9055,EMP-2047,2025-08-01,0,16,200.0,0.0
9056,EMP-2049,2025-08-01,0,19,237.5,0.0
9057,EMP-2050,2025-08-01,2,0,0.0,90.4
9058,EMP-2051,2025-08-01,3,0,0.0,121.8
9059,EMP-2052,2025-08-01,0,20,250.0,0.0
9060,EMP-2053,2025-08-01,0,9,112.5,0.0
9061,EMP-2055,2025-08-01,0,14,175.0,0.0
9062,EMP-2056,2025-08-01,0,2,25.0,0.0
9063,EMP-2057,2025-08-01,3,0,0.0,214.6
9064,EMP-2058,2025-08-01,1,0,0.0,27.3
9065,EMP-2059,2025-08-01,2,0,0.0,90.87
9066,EMP-2060,2025-08-01,0,13,162.5,0.0
9067,EMP-2061,2025-08-01,2,0,0.0,105.73
9068,EMP-2062,2025-08-01,1,0,0.0,43.6
9069,EMP-2063,2025-08-01,0,8,100.0,0.0
9070,EMP-2064,2025-08-01,0,11,137.5,0.0
9071,EMP-2065,2025-08-01,0,8,100.0,0.0
9072,EMP-2066,2025-08-01,0,19,237.5,0.0
9073,EMP-2068,2025-08-01,1,0,0.0,52.9
9074,EMP-2069,2025-08-01,5,0,0.0,154.0
9075,EMP-2070,2025-08-01,0,18,225.0,0.0
9076,EMP-2071,2025-08-01,0,7,87.5,0.0
9077,EMP-2072,2025-08-01,0,18,225.0,0.0
9078,EMP-2073,2025-08-01,0,5,62.5,0.0
9079,EMP-2074,2025-08-01,0,17,212.5,0.0
9080,EMP-2075,2025-08-01,0,8,100.0,0.0
9081,EMP-2076,2025-08-01,0,6,75.0,0.0
9082,EMP-2078,2025-08-01,0,15,187.5,0.0
9083,EMP-2079,2025-08-01,0,18,225.0,0.0
9084,EMP-2081,2025-08-01,2,0,0.0,115.87
9085,EMP-2082,2025-08-01,0,4,50.0,0.0
9086,EMP-2083,2025-08-01,0,14,175.0,0.0
9087,EMP-2084,2025-08-01,2,0,0.0,72.2
9088,EMP-2085,2025-08-01,0,10,125.0,0.0
9089,EMP-2086,2025-08-01,0,3,37.5,0.0
9090,EMP-2087,2025-08-01,0,7,87.5,0.0
9091,EMP-2089,2025-08-01,2,0,0.0,110.27
9092,EMP-2090,2025-08-01,0,17,212.5,0.0
9093,EMP-2091,2025-08-01,0,7,87.5,0.0
9094,EMP-2093,2025-08-01,3,0,0.0,64.8
9095,EMP-2094,2025-08-01,0,5,62.5,0.0
9096,EMP-2095,2025-08-01,0,16,200.0,0.0
9097,EMP-2096,2025-08-01,0,16,200.0,0.0
9098,EMP-2097,2025-08-01,0,13,162.5,0.0
9099,EMP-2098,2025-08-01,0,17,212.5,0.0
9100,EMP-2101,2025-08-01,0,8,100.0,0.0
9101,EMP-2102,2025-08-01,1,0,0.0,45.97
9102,EMP-2103,2025-08-01,1,0,0.0,30.73
9103,EMP-2104,2025-08-01,0,0,0.0,0.0
9104,EMP-2105,2025-08-01,0,16,200.0,0.0
9105,EMP-2106,2025-08-01,0,16,200.0,0.0
9106,EMP-2107,2025-08-01,0,19,237.5,0.0
9107,EMP-2109,2025-08-01,0,5,62.5,0.0
9108,EMP-2110,2025-08-01,0,5,62.5,0.0
9109,EMP-2112,2025-08-01,0,13,162.5,0.0
9110,EMP-2113,2025-08-01,2,0,0.0,72.4
9111,EMP-2114,2025-08-01,0,20,250.0,0.0
9112,EMP-2115,2025-08-01,0,9,112.5,0.0
9113,EMP-2116,2025-08-01,0,14,175.0,0.0
9114,EMP-2117,2025-08-01,2,0,0.0,50.13
9115,EMP-2119,2025-08-01,2,0,0.0,299.4
9116,EMP-2120,2025-08-01,0,5,62.5,0.0
9117,EMP-2121,2025-08-01,1,0,0.0,43.37
9118,EMP-2122,2025-08-01,1,0,0.0,117.53
9119,EMP-2123,2025-08-01,0,17,212.5,0.0
9120,EMP-2124,2025-08-01,0,1,12.5,0.0
9121,EMP-2125,2025-08-01,0,9,112.5,0.0
9122,EMP-2127,2025-08-01,0,16,200.0,0.0
9123,EMP-2129,2025-08-01,0,3,37.5,0.0
9124,EMP-2130,2025-08-01,0,13,162.5,0.0
9125,EMP-2131,2025-08-01,0,19,237.5,0.0
9126,EMP-2132,2025-08-01,3,0,0.0,170.0
9127,EMP-2133,2025-08-01,0,3,37.5,0.0
9128,EMP-2134,2025-08-01,0,14,175.0,0.0
9129,EMP-2136,2025-08-01,0,10,125.0,0.0
9130,EMP-2137,2025-08-01,0,7,87.5,0.0
9131,EMP-2138,2025-08-01,0,20,250.0,0.0
9132,EMP-2139,2025-08-01,0,4,50.0,0.0
9133,EMP-2141,2025-08-01,1,0,0.0,59.57
9134,EMP-2142,2025-08-01,0,8,100.0,0.0
9135,EMP-2144,2025-08-01,0,7,87.5,0.0
9136,EMP-2145,2025-08-01,0,1,12.5,0.0
9137,EMP-2146,2025-08-01,0,14,175.0,0.0
9138,EMP-2147,2025-08-01,3,0,0.0,146.6
9139,EMP-2148,2025-08-01,0,4,50.0,0.0
9140,EMP-2149,2025-08-01,0,13,162.5,0.0
9141,EMP-2150,2025-08-01,0,6,75.0,0.0
9142,EMP-2151,2025-08-01,0,16,200.0,0.0
9143,EMP-2154,2025-08-01,0,14,175.0,0.0
9144,EMP-2155,2025-08-01,0,3,37.5,0.0
9145,EMP-2156,2025-08-01,0,2,25.0,0.0
9146,EMP-2157,2025-08-01,0,19,237.5,0.0
9147,EMP-2158,2025-08-01,0,6,75.0,0.0
9148,EMP-2159,2025-08-01,0,19,237.5,0.0
9149,EMP-2160,2025-08-01,1,0,0.0,77.1
9150,EMP-2161,2025-08-01,0,4,50.0,0.0
9151,EMP-2162,2025-08-01,0,20,250.0,0.0
9152,EMP-2163,2025-08-01,1,0,0.0,100.83
9153,EMP-2164,2025-08-01,2,0,0.0,79.07
9154,EMP-2165,2025-08-01,2,0,0.0,107.2
9155,EMP-2167,2025-08-01,0,4,50.0,0.0
9156,EMP-2168,2025-08-01,1,0,0.0,44.7
9157,EMP-2169,2025-08-01,1,0,0.0,59.8
9158,EMP-2170,2025-08-01,0,13,162.5,0.0
9159,EMP-2171,2025-08-01,0,7,87.5,0.0
9160,EMP-2172,2025-08-01,0,16,200.0,0.0
9161,EMP-2173,2025-08-01,0,10,125.0,0.0
9162,EMP-2174,2025-08-01,0,6,75.0,0.0
9163,EMP-2175,2025-08-01,0,6,75.0,0.0
9164,EMP-2177,2025-08-01,0,12,150.0,0.0
9165,EMP-2178,2025-08-01,1,0,0.0,28.03
9166,EMP-2180,2025-08-01,0,17,212.5,0.0
9167,EMP-2181,2025-08-01,0,5,62.5,0.0
9168,EMP-2182,2025-08-01,0,4,50.0,0.0
9169,EMP-2183,2025-08-01,0,4,50.0,0.0
9170,EMP-2184,2025-08-01,0,19,237.5,0.0
9171,EMP-2185,2025-08-01,0,20,250.0,0.0
9172,EMP-2186,2025-08-01,1,0,0.0,35.3
9173,EMP-2187,2025-08-01,0,17,212.5,0.0
9174,EMP-2188,2025-08-01,0,7,87.5,0.0
9175,EMP-2189,2025-08-01,0,12,150.0,0.0
9176,EMP-2190,2025-08-01,0,13,162.5,0.0
9177,EMP-2191,2025-08-01,0,3,37.5,0.0
9178,EMP-2192,2025-08-01,0,6,75.0,0.0
9179,EMP-2193,2025-08-01,0,6,75.0,0.0
9180,EMP-2194,2025-08-01,0,18,225.0,0.0
9181,EMP-2195,2025-08-01,0,12,150.0,0.0
9182,EMP-2197,2025-08-01,0,3,37.5,0.0
9183,EMP-2198,2025-08-01,0,17,212.5,0.0
9184,EMP-2199,2025-08-01,0,12,150.0,0.0
9185,EMP-2200,2025-08-01,0,5,62.5,0.0
9186,EMP-2201,2025-08-01,0,19,237.5,0.0
9187,EMP-2203,2025-08-01,0,8,100.0,0.0
9188,EMP-2204,2025-08-01,0,10,125.0,0.0
9189,EMP-2206,2025-08-01,0,17,212.5,0.0
9190,EMP-2208,2025-08-01,1,0,0.0,105.43
9191,EMP-2210,2025-08-01,0,1,12.5,0.0
9192,EMP-2211,2025-08-01,3,0,0.0,78.1
9193,EMP-2212,2025-08-01,0,4,50.0,0.0
9194,EMP-2213,2025-08-01,0,0,0.0,0.0
9195,EMP-2214,2025-08-01,0,0,0.0,0.0
9196,EMP-2215,2025-08-01,0,18,225.0,0.0
9197,EMP-2216,2025-08-01,3,0,0.0,94.3
9198,EMP-2217,2025-08-01,3,0,0.0,70.3
9199,EMP-2218,2025-08-01,1,0,0.0,20.37
9200,EMP-2219,2025-08-01,0,9,112.5,0.0
9201,EMP-2220,2025-08-01,0,17,212.5,0.0
9202,EMP-2221,2025-08-01,0,7,87.5,0.0
9203,EMP-2222,2025-08-01,0,2,25.0,0.0
9204,EMP-2223,2025-08-01,1,0,0.0,52.47
9205,EMP-2224,2025-08-01,0,2,25.0,0.0
9206,EMP-2225,2025-08-01,1,0,0.0,37.9
9207,EMP-2226,2025-08-01,1,0,0.0,45.1
9208,EMP-2227,2025-08-01,0,12,150.0,0.0
9209,EMP-2229,2025-08-01,0,4,50.0,0.0
9210,EMP-2230,2025-08-01,2,0,0.0,72.93
9211,EMP-2231,2025-08-01,0,12,150.0,0.0
9212,EMP-2232,2025-08-01,0,10,125.0,0.0
9213,EMP-2233,2025-08-01,3,0,0.0,442.9
9214,EMP-2234,2025-08-01,0,0,0.0,0.0
9215,EMP-2235,2025-08-01,1,0,0.0,132.7
9216,EMP-2236,2025-08-01,0,18,225.0,0.0
9217,EMP-2237,2025-08-01,0,2,25.0,0.0
9218,EMP-2238,2025-08-01,5,0,0.0,183.83
9219,EMP-2241,2025-08-01,0,12,150.0,0.0
9220,EMP-2242,2025-08-01,0,13,162.5,0.0
9221,EMP-2243,2025-08-01,0,18,225.0,0.0
9222,EMP-2245,2025-08-01,0,2,25.0,0.0
9223,EMP-2246,2025-08-01,0,1,12.5,0.0
9224,EMP-2247,2025-08-01,0,13,162.5,0.0
9225,EMP-2248,2025-08-01,0,15,187.5,0.0
9226,EMP-2249,2025-08-01,0,18,225.0,0.0
9227,EMP-2250,2025-08-01,0,5,62.5,0.0
9228,EMP-2251,2025-08-01,0,2,25.0,0.0
9229,EMP-2252,2025-08-01,2,0,0.0,106.13
9230,EMP-2253,2025-08-01,0,16,200.0,0.0
9231,EMP-2255,2025-08-01,1,0,0.0,85.9
9232,EMP-2256,2025-08-01,1,0,0.0,34.8
9233,EMP-2257,2025-08-01,0,0,0.0,0.0
9234,EMP-2258,2025-08-01,0,1,12.5,0.0
9235,EMP-2259,2025-08-01,0,2,25.0,0.0
9236,EMP-2260,2025-08-01,0,1,12.5,0.0
9237,EMP-2261,2025-08-01,1,0,0.0,31.83
9238,EMP-2262,2025-08-01,2,0,0.0,96.73
9239,EMP-2263,2025-08-01,0,19,237.5,0.0
9240,EMP-2264,2025-08-01,1,0,0.0,47.67
9241,EMP-2265,2025-08-01,0,11,137.5,0.0
9242,EMP-2266,2025-08-01,0,20,250.0,0.0
9243,EMP-2267,2025-08-01,1,0,0.0,48.97
9244,EMP-2268,2025-08-01,0,16,200.0,0.0
9245,EMP-2270,2025-08-01,0,1,12.5,0.0
9246,EMP-2271,2025-08-01,2,0,0.0,80.47
9247,EMP-2272,2025-08-01,0,3,37.5,0.0
9248,EMP-2273,2025-08-01,1,0,0.0,56.37
9249,EMP-2274,2025-08-01,0,20,250.0,0.0
9250,EMP-2275,2025-08-01,0,2,25.0,0.0
9251,EMP-2276,2025-08-01,0,13,162.5,0.0
9252,EMP-2277,2025-08-01,0,15,187.5,0.0
9253,EMP-2281,2025-08-01,0,11,137.5,0.0
9254,EMP-2283,2025-08-01,0,19,237.5,0.0
9255,EMP-2284,2025-08-01,0,10,125.0,0.0
9256,EMP-2285,2025-08-01,0,12,150.0,0.0
9257,EMP-2286,2025-08-01,0,11,137.5,0.0
9258,EMP-2287,2025-08-01,0,6,75.0,0.0
9259,EMP-2288,2025-08-01,0,9,112.5,0.0
9260,EMP-2289,2025-08-01,0,17,212.5,0.0
9261,EMP-2290,2025-08-01,1,0,0.0,56.33
9262,EMP-2291,2025-08-01,2,0,0.0,294.33
9263,EMP-2294,2025-08-01,1,0,0.0,115.83
9264,EMP-2295,2025-08-01,0,9,112.5,0.0
9265,EMP-2296,2025-08-01,0,15,187.5,0.0
9266,EMP-2297,2025-08-01,2,0,0.0,58.2
9267,EMP-2298,2025-08-01,0,14,175.0,0.0
9268,EMP-2299,2025-08-01,5,0,0.0,244.33
9269,EMP-2300,2025-08-01,3,0,0.0,396.2
9270,EMP-2301,2025-08-01,0,13,162.5,0.0
9271,EMP-2302,2025-08-01,0,0,0.0,0.0
9272,EMP-2303,2025-08-01,0,5,62.5,0.0
9273,EMP-2304,2025-08-01,0,17,212.5,0.0
9274,EMP-2305,2025-08-01,0,10,125.0,0.0
9275,EMP-2306,2025-08-01,2,0,0.0,50.6
9276,EMP-2307,2025-08-01,0,18,225.0,0.0
9277,EMP-2308,2025-08-01,0,10,125.0,0.0
9278,EMP-2309,2025-08-01,3,0,0.0,312.1
9279,EMP-2310,2025-08-01,0,17,212.5,0.0
9280,EMP-2311,2025-08-01,0,9,112.5,0.0
9281,EMP-2313,2025-08-01,0,18,225.0,0.0
9282,EMP-2314,2025-08-01,0,15,187.5,0.0
9283,EMP-2315,2025-08-01,2,0,0.0,69.8
9284,EMP-2316,2025-08-01,0,7,87.5,0.0
9285,EMP-2317,2025-08-01,0,3,37.5,0.0
9286,EMP-2318,2025-08-01,0,17,212.5,0.0
9287,EMP-2320,2025-08-01,0,6,75.0,0.0
9288,EMP-2321,2025-08-01,0,0,0.0,0.0
9289,EMP-2322,2025-08-01,1,0,0.0,48.27
9290,EMP-2323,2025-08-01,1,0,0.0,85.13
9291,EMP-2324,2025-08-01,1,0,0.0,39.83
9292,EMP-2325,2025-08-01,0,0,0.0,0.0
9293,EMP-2326,2025-08-01,0,9,112.5,0.0
9294,EMP-2327,2025-08-01,0,6,75.0,0.0
9295,EMP-2328,2025-08-01,1,0,0.0,51.87
9296,EMP-2329,2025-08-01,2,0,0.0,115.87
9297,EMP-2330,2025-08-01,0,8,100.0,0.0
9298,EMP-2331,2025-08-01,0,12,150.0,0.0
9299,EMP-2332,2025-08-01,1,0,0.0,40.9
9300,EMP-2333,2025-08-01,3,0,0.0,116.2
9301,EMP-2334,2025-08-01,0,4,50.0,0.0
9302,EMP-2335,2025-08-01,0,15,187.5,0.0
9303,EMP-2336,2025-08-01,0,12,150.0,0.0
9304,EMP-2337,2025-08-01,0,17,212.5,0.0
9305,EMP-2338,2025-08-01,0,2,25.0,0.0
9306,EMP-2339,2025-08-01,1,0,0.0,40.37
9307,EMP-2340,2025-08-01,0,16,200.0,0.0
9308,EMP-2341,2025-08-01,0,15,187.5,0.0
9309,EMP-2342,2025-08-01,0,2,25.0,0.0
9310,EMP-2343,2025-08-01,0,7,87.5,0.0
9311,EMP-2344,2025-08-01,0,16,200.0,0.0
9312,EMP-2345,2025-08-01,0,0,0.0,0.0
9313,EMP-2346,2025-08-01,0,5,62.5,0.0
9314,EMP-2347,2025-08-01,1,0,0.0,56.4
9315,EMP-2350,2025-08-01,0,7,87.5,0.0
9316,EMP-2351,2025-08-01,0,9,112.5,0.0
9317,EMP-2352,2025-08-01,2,0,0.0,112.47
9318,EMP-2354,2025-08-01,0,19,237.5,0.0
9319,EMP-2355,2025-08-01,1,0,0.0,49.33
9320,EMP-2356,2025-08-01,1,0,0.0,31.17
9321,EMP-2357,2025-08-01,1,0,0.0,59.73
9322,EMP-2358,2025-08-01,0,0,0.0,0.0
9323,EMP-2359,2025-08-01,0,20,250.0,0.0
9324,EMP-2361,2025-08-01,1,0,0.0,22.23
9325,EMP-2362,2025-08-01,0,8,100.0,0.0
9326,EMP-2363,2025-08-01,0,13,162.5,0.0
9327,EMP-2364,2025-08-01,1,0,0.0,134.23
9328,EMP-2365,2025-08-01,0,4,50.0,0.0
9329,EMP-2366,2025-08-01,0,5,62.5,0.0
9330,EMP-2367,2025-08-01,0,9,112.5,0.0
9331,EMP-2368,2025-08-01,0,5,62.5,0.0
9332,EMP-2369,2025-08-01,0,11,137.5,0.0
9333,EMP-2370,2025-08-01,2,0,0.0,268.93
9334,EMP-2371,2025-08-01,0,9,112.5,0.0
9335,EMP-2372,2025-08-01,5,0,0.0,108.83
9336,EMP-2373,2025-08-01,0,3,37.5,0.0
9337,EMP-2374,2025-08-01,0,3,37.5,0.0
9338,EMP-2375,2025-08-01,1,0,0.0,57.83
9339,EMP-2376,2025-08-01,3,0,0.0,137.3
9340,EMP-2377,2025-08-01,0,5,62.5,0.0
9341,EMP-2379,2025-08-01,0,1,12.5,0.0
9342,EMP-2380,2025-08-01,2,0,0.0,42.13
9343,EMP-2382,2025-08-01,0,5,62.5,0.0
9344,EMP-2383,2025-08-01,0,13,162.5,0.0
9345,EMP-2384,2025-08-01,0,5,62.5,0.0
9346,EMP-2385,2025-08-01,0,14,175.0,0.0
9347,EMP-2386,2025-08-01,0,8,100.0,0.0
9348,EMP-2387,2025-08-01,0,18,225.0,0.0
9349,EMP-2388,2025-08-01,0,5,62.5,0.0
9350,EMP-2389,2025-08-01,0,9,112.5,0.0
9351,EMP-2390,2025-08-01,0,12,150.0,0.0
9352,EMP-2392,2025-08-01,0,10,125.0,0.0
9353,EMP-2393,2025-08-01,1,0,0.0,20.17
9354,EMP-2394,2025-08-01,1,0,0.0,26.93
9355,EMP-2395,2025-08-01,1,0,0.0,95.07
9356,EMP-2396,2025-08-01,0,14,175.0,0.0
9357,EMP-2398,2025-08-01,3,0,0.0,114.2
9358,EMP-2399,2025-08-01,2,0,0.0,68.4
9359,EMP-2400,2025-08-01,0,16,200.0,0.0
9360,EMP-2401,2025-08-01,0,9,112.5,0.0
9361,EMP-2402,2025-08-01,0,12,150.0,0.0
9362,EMP-2404,2025-08-01,3,0,0.0,289.2
9363,EMP-2405,2025-08-01,0,12,150.0,0.0
9364,EMP-2406,2025-08-01,0,2,25.0,0.0
9365,EMP-2407,2025-08-01,1,0,0.0,30.1
9366,EMP-2408,2025-08-01,0,17,212.5,0.0
9367,EMP-2409,2025-08-01,2,0,0.0,66.8
9368,EMP-2410,2025-08-01,0,15,187.5,0.0
9369,EMP-2411,2025-08-01,0,19,237.5,0.0
9370,EMP-2412,2025-08-01,1,0,0.0,39.5
9371,EMP-2413,2025-08-01,0,12,150.0,0.0
9372,EMP-2414,2025-08-01,1,0,0.0,54.3
9373,EMP-2415,2025-08-01,0,14,175.0,0.0
9374,EMP-2417,2025-08-01,0,13,162.5,0.0
9375,EMP-2418,2025-08-01,2,0,0.0,113.0
9376,EMP-2419,2025-08-01,0,13,162.5,0.0
9377,EMP-2420,2025-08-01,1,0,0.0,50.1
9378,EMP-2421,2025-08-01,0,15,187.5,0.0
9379,EMP-2422,2025-08-01,0,2,25.0,0.0
9380,EMP-2423,2025-08-01,1,0,0.0,38.77
9381,EMP-2424,2025-08-01,0,8,100.0,0.0
9382,EMP-2425,2025-08-01,1,0,0.0,49.83
9383,EMP-2426,2025-08-01,0,1,12.5,0.0
9384,EMP-2427,2025-08-01,5,0,0.0,323.83
9385,EMP-2428,2025-08-01,0,19,237.5,0.0
9386,EMP-2429,2025-08-01,0,11,137.5,0.0
9387,EMP-2430,2025-08-01,3,0,0.0,120.5
9388,EMP-2431,2025-08-01,0,19,237.5,0.0
9389,EMP-2433,2025-08-01,0,11,137.5,0.0
9390,EMP-2434,2025-08-01,0,7,87.5,0.0
9391,EMP-2435,2025-08-01,0,14,175.0,0.0
9392,EMP-2436,2025-08-01,0,15,187.5,0.0
9393,EMP-2438,2025-08-01,5,0,0.0,189.17
9394,EMP-2440,2025-08-01,0,13,162.5,0.0
9395,EMP-2441,2025-08-01,0,17,212.5,0.0
9396,EMP-2443,2025-08-01,0,15,187.5,0.0
9397,EMP-2445,2025-08-01,0,5,62.5,0.0
9398,EMP-2446,2025-08-01,0,15,187.5,0.0
9399,EMP-2448,2025-08-01,0,11,137.5,0.0
9400,EMP-2449,2025-08-01,2,0,0.0,227.2
9401,EMP-2452,2025-08-01,1,0,0.0,93.53
9402,EMP-2453,2025-08-01,0,11,137.5,0.0
9403,EMP-2454,2025-08-01,0,6,75.0,0.0
9404,EMP-2455,2025-08-01,0,6,75.0,0.0
9405,EMP-2456,2025-08-01,1,0,0.0,44.23
9406,EMP-2457,2025-08-01,0,20,250.0,0.0
9407,EMP-2458,2025-08-01,0,6,75.0,0.0
9408,EMP-2459,2025-08-01,0,3,37.5,0.0
9409,EMP-2460,2025-08-01,1,0,0.0,50.87
9410,EMP-2462,2025-08-01,0,7,87.5,0.0
9411,EMP-2463,2025-08-01,0,13,162.5,0.0
9412,EMP-2464,2025-08-01,0,2,25.0,0.0
9413,EMP-2465,2025-08-01,0,13,162.5,0.0
9414,EMP-2466,2025-08-01,1,0,0.0,102.6
9415,EMP-2467,2025-08-01,0,7,87.5,0.0
9416,EMP-2469,2025-08-01,0,13,162.5,0.0
9417,EMP-2470,2025-08-01,0,3,37.5,0.0
9418,EMP-2471,2025-08-01,0,5,62.5,0.0
9419,EMP-2473,2025-08-01,0,17,212.5,0.0
9420,EMP-2474,2025-08-01,5,0,0.0,204.33
9421,EMP-2476,2025-08-01,5,0,0.0,722.0
9422,EMP-2477,2025-08-01,0,1,12.5,0.0
9423,EMP-2478,2025-08-01,0,15,187.5,0.0
9424,EMP-2479,2025-08-01,0,20,250.0,0.0
9425,EMP-2480,2025-08-01,0,17,212.5,0.0
9426,EMP-2481,2025-08-01,1,0,0.0,31.23
9427,EMP-2482,2025-08-01,0,3,37.5,0.0
9428,EMP-2483,2025-08-01,2,0,0.0,258.53
9429,EMP-2484,2025-08-01,0,18,225.0,0.0
9430,EMP-2485,2025-08-01,0,8,100.0,0.0
9431,EMP-2486,2025-08-01,1,0,0.0,136.87
9432,EMP-2487,2025-08-01,2,0,0.0,63.2
9433,EMP-2488,2025-08-01,0,0,0.0,0.0
9434,EMP-2489,2025-08-01,1,0,0.0,128.07
9435,EMP-2491,2025-08-01,0,5,62.5,0.0
9436,EMP-2492,2025-08-01,0,16,200.0,0.0
9437,EMP-2493,2025-08-01,0,6,75.0,0.0
9438,EMP-2495,2025-08-01,0,18,225.0,0.0
9439,EMP-2496,2025-08-01,0,17,212.5,0.0
9440,EMP-2497,2025-08-01,1,0,0.0,41.77
9441,EMP-2498,2025-08-01,0,18,225.0,0.0
9442,EMP-2499,2025-08-01,3,0,0.0,166.5
9443,EMP-2500,2025-08-01,0,5,62.5,0.0
9444,EMP-2501,2025-08-01,1,0,0.0,58.87
9445,EMP-2502,2025-08-01,0,3,37.5,0.0
9446,EMP-2503,2025-08-01,0,12,150.0,0.0
9447,EMP-2504,2025-08-01,0,15,187.5,0.0
9448,EMP-2505,2025-08-01,0,20,250.0,0.0
9449,EMP-2506,2025-08-01,0,9,112.5,0.0
9450,EMP-2507,2025-08-01,0,10,125.0,0.0
9451,EMP-2508,2025-08-01,0,3,37.5,0.0
9452,EMP-2509,2025-08-01,0,16,200.0,0.0
9453,EMP-2510,2025-08-01,0,20,250.0,0.0
9454,EMP-2511,2025-08-01,0,11,137.5,0.0
9455,EMP-2512,2025-08-01,0,1,12.5,0.0
9456,EMP-2513,2025-08-01,0,3,37.5,0.0
9457,EMP-2514,2025-08-01,0,12,150.0,0.0
9458,EMP-2515,2025-08-01,0,14,175.0,0.0
9459,EMP-2517,2025-08-01,0,2,25.0,0.0
9460,EMP-2518,2025-08-01,3,0,0.0,164.0
9461,EMP-2519,2025-08-01,0,17,212.5,0.0
9462,EMP-2520,2025-08-01,0,11,137.5,0.0
9463,EMP-2521,2025-08-01,2,0,0.0,140.8
9464,EMP-2522,2025-08-01,2,0,0.0,88.53
9465,EMP-2523,2025-08-01,0,3,37.5,0.0
9466,EMP-2524,2025-08-01,0,8,100.0,0.0
9467,EMP-2525,2025-08-01,1,0,0.0,24.57
9468,EMP-2526,2025-08-01,0,18,225.0,0.0
9469,EMP-2527,2025-08-01,0,8,100.0,0.0
9470,EMP-2528,2025-08-01,0,6,75.0,0.0
9471,EMP-2529,2025-08-01,0,7,87.5,0.0
9472,EMP-2530,2025-08-01,0,19,237.5,0.0
9473,EMP-2531,2025-08-01,0,14,175.0,0.0
9474,EMP-2532,2025-08-01,0,0,0.0,0.0
9475,EMP-2533,2025-08-01,2,0,0.0,47.87
9476,EMP-2534,2025-08-01,0,0,0.0,0.0
9477,EMP-2535,2025-08-01,0,5,62.5,0.0
9478,EMP-2536,2025-08-01,5,0,0.0,251.83
9479,EMP-2538,2025-08-01,0,8,100.0,0.0
9480,EMP-2539,2025-08-01,1,0,0.0,54.8
9481,EMP-2540,2025-08-01,0,4,50.0,0.0
9482,EMP-2541,2025-08-01,2,0,0.0,240.07
9483,EMP-2542,2025-08-01,0,4,50.0,0.0
9484,EMP-2543,2025-08-01,0,9,112.5,0.0
9485,EMP-2544,2025-08-01,1,0,0.0,109.73
9486,EMP-2545,2025-08-01,1,0,0.0,25.33
9487,EMP-2547,2025-08-01,0,15,187.5,0.0
9488,EMP-2548,2025-08-01,0,9,112.5,0.0
9489,EMP-2549,2025-08-01,5,0,0.0,131.67
9490,EMP-2551,2025-08-01,1,0,0.0,47.27
9491,EMP-2552,2025-08-01,0,18,225.0,0.0
9492,EMP-2553,2025-08-01,0,14,175.0,0.0
9493,EMP-2554,2025-08-01,0,5,62.5,0.0
9494,EMP-2556,2025-08-01,0,19,237.5,0.0
9495,EMP-2557,2025-08-01,0,9,112.5,0.0
9496,EMP-2558,2025-08-01,0,7,87.5,0.0
9497,EMP-2560,2025-08-01,0,18,225.0,0.0
9498,EMP-2561,2025-08-01,1,0,0.0,30.3
9499,EMP-2562,2025-08-01,2,0,0.0,61.73
9500,EMP-2563,2025-08-01,0,11,137.5,0.0
9501,EMP-2564,2025-08-01,0,14,175.0,0.0
9502,EMP-2565,2025-08-01,0,5,62.5,0.0
9503,EMP-2567,2025-08-01,0,20,250.0,0.0
9504,EMP-2568,2025-08-01,0,0,0.0,0.0
9505,EMP-2570,2025-08-01,0,13,162.5,0.0
9506,EMP-2571,2025-08-01,3,0,0.0,96.8
9507,EMP-2572,2025-08-01,2,0,0.0,103.67
9508,EMP-2573,2025-08-01,0,2,25.0,0.0
9509,EMP-2574,2025-08-01,0,20,250.0,0.0
9510,EMP-2575,2025-08-01,1,0,0.0,49.77
9511,EMP-2576,2025-08-01,0,20,250.0,0.0
9512,EMP-2577,2025-08-01,0,13,162.5,0.0
9513,EMP-2578,2025-08-01,0,0,0.0,0.0
9514,EMP-2579,2025-08-01,0,5,62.5,0.0
9515,EMP-2580,2025-08-01,0,15,187.5,0.0
9516,EMP-2581,2025-08-01,0,13,162.5,0.0
9517,EMP-2582,2025-08-01,0,8,100.0,0.0
9518,EMP-2583,2025-08-01,1,0,0.0,68.67
9519,EMP-2584,2025-08-01,1,0,0.0,85.23
9520,EMP-2585,2025-08-01,0,19,237.5,0.0
9521,EMP-2586,2025-08-01,1,0,0.0,51.37
9522,EMP-2587,2025-08-01,1,0,0.0,46.27
9523,EMP-2588,2025-08-01,1,0,0.0,138.87
9524,EMP-2589,2025-08-01,0,19,237.5,0.0
9525,EMP-2590,2025-08-01,3,0,0.0,115.6
9526,EMP-2591,2025-08-01,1,0,0.0,20.17
9527,EMP-2592,2025-08-01,0,10,125.0,0.0
9528,EMP-2593,2025-08-01,1,0,0.0,38.3
9529,EMP-2594,2025-08-01,0,4,50.0,0.0
9530,EMP-2595,2025-08-01,0,16,200.0,0.0
9531,EMP-2597,2025-08-01,0,3,37.5,0.0
9532,EMP-2598,2025-08-01,0,9,112.5,0.0
9533,EMP-2599,2025-08-01,2,0,0.0,98.47
9534,EMP-2001,2025-09-01,0,9,112.5,0.0
9535,EMP-2003,2025-09-01,5,0,0.0,165.83
9536,EMP-2004,2025-09-01,0,10,125.0,0.0
9537,EMP-2005,2025-09-01,0,13,162.5,0.0
9538,EMP-2006,2025-09-01,0,17,212.5,0.0
9539,EMP-2008,2025-09-01,0,16,200.0,0.0
9540,EMP-2010,2025-09-01,0,13,162.5,0.0
9541,EMP-2011,2025-09-01,0,18,225.0,0.0
9542,EMP-2014,2025-09-01,0,7,87.5,0.0
9543,EMP-2015,2025-09-01,0,17,212.5,0.0
9544,EMP-2016,2025-09-01,0,1,12.5,0.0
9545,EMP-2017,2025-09-01,0,11,137.5,0.0
9546,EMP-2018,2025-09-01,0,20,250.0,0.0
9547,EMP-2019,2025-09-01,0,15,187.5,0.0
9548,EMP-2020,2025-09-01,0,20,250.0,0.0
9549,EMP-2021,2025-09-01,0,2,25.0,0.0
9550,EMP-2022,2025-09-01,3,0,0.0,100.0
9551,EMP-2024,2025-09-01,0,3,37.5,0.0
9552,EMP-2025,2025-09-01,0,12,150.0,0.0
9553,EMP-2026,2025-09-01,0,17,212.5,0.0
9554,EMP-2027,2025-09-01,0,7,87.5,0.0
9555,EMP-2028,2025-09-01,0,17,212.5,0.0
9556,EMP-2029,2025-09-01,0,7,87.5,0.0
9557,EMP-2031,2025-09-01,0,11,137.5,0.0
9558,EMP-2032,2025-09-01,1,0,0.0,50.83
9559,EMP-2033,2025-09-01,0,0,0.0,0.0
9560,EMP-2034,2025-09-01,0,2,25.0,0.0
9561,EMP-2036,2025-09-01,0,2,25.0,0.0
9562,EMP-2037,2025-09-01,1,0,0.0,140.13
9563,EMP-2038,2025-09-01,0,20,250.0,0.0
9564,EMP-2039,2025-09-01,0,9,112.5,0.0
9565,EMP-2040,2025-09-01,1,0,0.0,57.47
9566,EMP-2041,2025-09-01,0,19,237.5,0.0
9567,EMP-2042,2025-09-01,1,0,0.0,95.0
9568,EMP-2043,2025-09-01,0,6,75.0,0.0
9569,EMP-2044,2025-09-01,0,12,150.0,0.0
9570,EMP-2047,2025-09-01,0,5,62.5,0.0
9571,EMP-2049,2025-09-01,1,0,0.0,55.87
9572,EMP-2050,2025-09-01,0,14,175.0,0.0
9573,EMP-2051,2025-09-01,0,2,25.0,0.0
9574,EMP-2052,2025-09-01,0,1,12.5,0.0
9575,EMP-2053,2025-09-01,0,16,200.0,0.0
9576,EMP-2055,2025-09-01,3,0,0.0,271.1
9577,EMP-2056,2025-09-01,1,0,0.0,58.83
9578,EMP-2057,2025-09-01,0,7,87.5,0.0
9579,EMP-2058,2025-09-01,1,0,0.0,27.3
9580,EMP-2059,2025-09-01,0,2,25.0,0.0
9581,EMP-2060,2025-09-01,0,11,137.5,0.0
9582,EMP-2061,2025-09-01,0,16,200.0,0.0
9583,EMP-2062,2025-09-01,0,0,0.0,0.0
9584,EMP-2063,2025-09-01,2,0,0.0,109.6
9585,EMP-2064,2025-09-01,0,5,62.5,0.0
9586,EMP-2065,2025-09-01,0,10,125.0,0.0
9587,EMP-2066,2025-09-01,0,3,37.5,0.0
9588,EMP-2068,2025-09-01,1,0,0.0,52.9
9589,EMP-2069,2025-09-01,0,13,162.5,0.0
9590,EMP-2070,2025-09-01,0,4,50.0,0.0
9591,EMP-2071,2025-09-01,0,12,150.0,0.0
9592,EMP-2072,2025-09-01,0,14,175.0,0.0
9593,EMP-2073,2025-09-01,0,11,137.5,0.0
9594,EMP-2074,2025-09-01,0,19,237.5,0.0
9595,EMP-2075,2025-09-01,0,19,237.5,0.0
9596,EMP-2076,2025-09-01,0,7,87.5,0.0
9597,EMP-2078,2025-09-01,0,18,225.0,0.0
9598,EMP-2079,2025-09-01,0,19,237.5,0.0
9599,EMP-2081,2025-09-01,0,2,25.0,0.0
9600,EMP-2082,2025-09-01,0,12,150.0,0.0
9601,EMP-2083,2025-09-01,0,10,125.0,0.0
9602,EMP-2084,2025-09-01,0,6,75.0,0.0
9603,EMP-2085,2025-09-01,0,4,50.0,0.0
9604,EMP-2086,2025-09-01,0,0,0.0,0.0
9605,EMP-2087,2025-09-01,2,0,0.0,47.93
9606,EMP-2089,2025-09-01,0,11,137.5,0.0
9607,EMP-2090,2025-09-01,5,0,0.0,443.33
9608,EMP-2091,2025-09-01,0,5,62.5,0.0
9609,EMP-2093,2025-09-01,0,13,162.5,0.0
9610,EMP-2094,2025-09-01,5,0,0.0,158.17
9611,EMP-2095,2025-09-01,0,14,175.0,0.0
9612,EMP-2096,2025-09-01,0,8,100.0,0.0
9613,EMP-2097,2025-09-01,3,0,0.0,178.7
9614,EMP-2098,2025-09-01,1,0,0.0,47.33
9615,EMP-2101,2025-09-01,0,4,50.0,0.0
9616,EMP-2102,2025-09-01,0,3,37.5,0.0
9617,EMP-2103,2025-09-01,0,20,250.0,0.0
9618,EMP-2104,2025-09-01,0,4,50.0,0.0
9619,EMP-2105,2025-09-01,0,17,212.5,0.0
9620,EMP-2106,2025-09-01,0,8,100.0,0.0
9621,EMP-2107,2025-09-01,0,0,0.0,0.0
9622,EMP-2109,2025-09-01,0,2,25.0,0.0
9623,EMP-2110,2025-09-01,0,2,25.0,0.0
9624,EMP-2112,2025-09-01,0,15,187.5,0.0
9625,EMP-2113,2025-09-01,0,6,75.0,0.0
9626,EMP-2114,2025-09-01,0,9,112.5,0.0
9627,EMP-2115,2025-09-01,0,7,87.5,0.0
9628,EMP-2116,2025-09-01,3,0,0.0,96.4
9629,EMP-2117,2025-09-01,1,0,0.0,25.07
9630,EMP-2119,2025-09-01,0,19,237.5,0.0
9631,EMP-2120,2025-09-01,0,8,100.0,0.0
9632,EMP-2121,2025-09-01,0,10,125.0,0.0
9633,EMP-2122,2025-09-01,0,16,200.0,0.0
9634,EMP-2123,2025-09-01,5,0,0.0,705.83
9635,EMP-2124,2025-09-01,0,12,150.0,0.0
9636,EMP-2125,2025-09-01,0,20,250.0,0.0
9637,EMP-2127,2025-09-01,1,0,0.0,43.1
9638,EMP-2129,2025-09-01,0,12,150.0,0.0
9639,EMP-2130,2025-09-01,3,0,0.0,135.0
9640,EMP-2131,2025-09-01,0,11,137.5,0.0
9641,EMP-2132,2025-09-01,0,15,187.5,0.0
9642,EMP-2133,2025-09-01,0,8,100.0,0.0
9643,EMP-2134,2025-09-01,0,20,250.0,0.0
9644,EMP-2136,2025-09-01,0,20,250.0,0.0
9645,EMP-2137,2025-09-01,1,0,0.0,66.7
9646,EMP-2138,2025-09-01,2,0,0.0,233.47
9647,EMP-2139,2025-09-01,0,18,225.0,0.0
9648,EMP-2141,2025-09-01,0,20,250.0,0.0
9649,EMP-2142,2025-09-01,1,0,0.0,28.33
9650,EMP-2144,2025-09-01,1,0,0.0,71.77
9651,EMP-2145,2025-09-01,0,3,37.5,0.0
9652,EMP-2146,2025-09-01,0,6,75.0,0.0
9653,EMP-2147,2025-09-01,0,10,125.0,0.0
9654,EMP-2148,2025-09-01,0,17,212.5,0.0
9655,EMP-2149,2025-09-01,0,19,237.5,0.0
9656,EMP-2150,2025-09-01,0,0,0.0,0.0
9657,EMP-2151,2025-09-01,0,0,0.0,0.0
9658,EMP-2154,2025-09-01,5,0,0.0,123.0
9659,EMP-2155,2025-09-01,0,17,212.5,0.0
9660,EMP-2156,2025-09-01,0,8,100.0,0.0
9661,EMP-2157,2025-09-01,1,0,0.0,97.27
9662,EMP-2158,2025-09-01,0,6,75.0,0.0
9663,EMP-2159,2025-09-01,0,19,237.5,0.0
9664,EMP-2160,2025-09-01,0,20,250.0,0.0
9665,EMP-2161,2025-09-01,0,13,162.5,0.0
9666,EMP-2162,2025-09-01,0,1,12.5,0.0
9667,EMP-2163,2025-09-01,0,20,250.0,0.0
9668,EMP-2164,2025-09-01,0,0,0.0,0.0
9669,EMP-2165,2025-09-01,0,7,87.5,0.0
9670,EMP-2167,2025-09-01,0,1,12.5,0.0
9671,EMP-2168,2025-09-01,0,3,37.5,0.0
9672,EMP-2169,2025-09-01,2,0,0.0,119.6
9673,EMP-2170,2025-09-01,0,8,100.0,0.0
9674,EMP-2171,2025-09-01,0,19,237.5,0.0
9675,EMP-2172,2025-09-01,1,0,0.0,112.4
9676,EMP-2173,2025-09-01,0,4,50.0,0.0
9677,EMP-2174,2025-09-01,0,11,137.5,0.0
9678,EMP-2175,2025-09-01,0,16,200.0,0.0
9679,EMP-2177,2025-09-01,3,0,0.0,391.9
9680,EMP-2178,2025-09-01,0,17,212.5,0.0
9681,EMP-2180,2025-09-01,0,9,112.5,0.0
9682,EMP-2181,2025-09-01,0,13,162.5,0.0
9683,EMP-2182,2025-09-01,0,14,175.0,0.0
9684,EMP-2183,2025-09-01,2,0,0.0,71.4
9685,EMP-2184,2025-09-01,0,16,200.0,0.0
9686,EMP-2185,2025-09-01,2,0,0.0,114.67
9687,EMP-2186,2025-09-01,0,8,100.0,0.0
9688,EMP-2187,2025-09-01,0,18,225.0,0.0
9689,EMP-2188,2025-09-01,1,0,0.0,79.8
9690,EMP-2189,2025-09-01,0,1,12.5,0.0
9691,EMP-2190,2025-09-01,0,4,50.0,0.0
9692,EMP-2191,2025-09-01,0,10,125.0,0.0
9693,EMP-2192,2025-09-01,0,15,187.5,0.0
9694,EMP-2193,2025-09-01,0,5,62.5,0.0
9695,EMP-2194,2025-09-01,0,14,175.0,0.0
9696,EMP-2195,2025-09-01,0,18,225.0,0.0
9697,EMP-2197,2025-09-01,0,13,162.5,0.0
9698,EMP-2198,2025-09-01,0,15,187.5,0.0
9699,EMP-2199,2025-09-01,0,3,37.5,0.0
9700,EMP-2200,2025-09-01,0,7,87.5,0.0
9701,EMP-2201,2025-09-01,0,3,37.5,0.0
9702,EMP-2203,2025-09-01,0,13,162.5,0.0
9703,EMP-2204,2025-09-01,0,0,0.0,0.0
9704,EMP-2206,2025-09-01,0,11,137.5,0.0
9705,EMP-2208,2025-09-01,0,2,25.0,0.0
9706,EMP-2210,2025-09-01,1,0,0.0,31.37
9707,EMP-2211,2025-09-01,0,10,125.0,0.0
9708,EMP-2212,2025-09-01,1,0,0.0,36.07
9709,EMP-2213,2025-09-01,0,10,125.0,0.0
9710,EMP-2214,2025-09-01,0,19,237.5,0.0
9711,EMP-2215,2025-09-01,0,17,212.5,0.0
9712,EMP-2216,2025-09-01,2,0,0.0,62.87
9713,EMP-2217,2025-09-01,0,10,125.0,0.0
9714,EMP-2218,2025-09-01,0,13,162.5,0.0
9715,EMP-2219,2025-09-01,0,4,50.0,0.0
9716,EMP-2220,2025-09-01,0,18,225.0,0.0
9717,EMP-2221,2025-09-01,0,20,250.0,0.0
9718,EMP-2222,2025-09-01,3,0,0.0,331.1
9719,EMP-2223,2025-09-01,0,1,12.5,0.0
9720,EMP-2224,2025-09-01,0,1,12.5,0.0
9721,EMP-2225,2025-09-01,0,11,137.5,0.0
9722,EMP-2226,2025-09-01,0,17,212.5,0.0
9723,EMP-2227,2025-09-01,0,15,187.5,0.0
9724,EMP-2229,2025-09-01,0,3,37.5,0.0
9725,EMP-2230,2025-09-01,0,11,137.5,0.0
9726,EMP-2231,2025-09-01,0,10,125.0,0.0
9727,EMP-2232,2025-09-01,0,5,62.5,0.0
9728,EMP-2233,2025-09-01,0,6,75.0,0.0
9729,EMP-2234,2025-09-01,0,12,150.0,0.0
9730,EMP-2235,2025-09-01,1,0,0.0,132.7
9731,EMP-2236,2025-09-01,0,12,150.0,0.0
9732,EMP-2237,2025-09-01,0,12,150.0,0.0
9733,EMP-2238,2025-09-01,1,0,0.0,36.77
9734,EMP-2241,2025-09-01,1,0,0.0,42.23
9735,EMP-2242,2025-09-01,0,11,137.5,0.0
9736,EMP-2243,2025-09-01,0,9,112.5,0.0
9737,EMP-2245,2025-09-01,3,0,0.0,126.1
9738,EMP-2246,2025-09-01,0,15,187.5,0.0
9739,EMP-2247,2025-09-01,0,5,62.5,0.0
9740,EMP-2248,2025-09-01,0,3,37.5,0.0
9741,EMP-2249,2025-09-01,0,7,87.5,0.0
9742,EMP-2250,2025-09-01,0,4,50.0,0.0
9743,EMP-2251,2025-09-01,0,1,12.5,0.0
9744,EMP-2252,2025-09-01,0,7,87.5,0.0
9745,EMP-2253,2025-09-01,0,0,0.0,0.0
9746,EMP-2255,2025-09-01,0,0,0.0,0.0
9747,EMP-2256,2025-09-01,5,0,0.0,174.0
9748,EMP-2257,2025-09-01,2,0,0.0,86.0
9749,EMP-2258,2025-09-01,0,13,162.5,0.0
9750,EMP-2259,2025-09-01,0,2,25.0,0.0
9751,EMP-2260,2025-09-01,1,0,0.0,132.77
9752,EMP-2261,2025-09-01,3,0,0.0,95.5
9753,EMP-2262,2025-09-01,0,8,100.0,0.0
9754,EMP-2263,2025-09-01,2,0,0.0,65.4
9755,EMP-2264,2025-09-01,5,0,0.0,238.33
9756,EMP-2265,2025-09-01,2,0,0.0,86.2
9757,EMP-2266,2025-09-01,0,0,0.0,0.0
9758,EMP-2267,2025-09-01,0,12,150.0,0.0
9759,EMP-2268,2025-09-01,0,11,137.5,0.0
9760,EMP-2270,2025-09-01,0,2,25.0,0.0
9761,EMP-2271,2025-09-01,0,9,112.5,0.0
9762,EMP-2272,2025-09-01,0,4,50.0,0.0
9763,EMP-2273,2025-09-01,0,17,212.5,0.0
9764,EMP-2274,2025-09-01,0,6,75.0,0.0
9765,EMP-2275,2025-09-01,0,16,200.0,0.0
9766,EMP-2276,2025-09-01,0,3,37.5,0.0
9767,EMP-2277,2025-09-01,0,8,100.0,0.0
9768,EMP-2281,2025-09-01,2,0,0.0,77.27
9769,EMP-2283,2025-09-01,0,9,112.5,0.0
9770,EMP-2284,2025-09-01,0,7,87.5,0.0
9771,EMP-2285,2025-09-01,0,20,250.0,0.0
9772,EMP-2286,2025-09-01,0,7,87.5,0.0
9773,EMP-2287,2025-09-01,0,0,0.0,0.0
9774,EMP-2288,2025-09-01,0,19,237.5,0.0
9775,EMP-2289,2025-09-01,2,0,0.0,93.6
9776,EMP-2290,2025-09-01,0,7,87.5,0.0
9777,EMP-2291,2025-09-01,0,16,200.0,0.0
9778,EMP-2294,2025-09-01,0,16,200.0,0.0
9779,EMP-2295,2025-09-01,0,10,125.0,0.0
9780,EMP-2296,2025-09-01,0,9,112.5,0.0
9781,EMP-2297,2025-09-01,0,13,162.5,0.0
9782,EMP-2298,2025-09-01,0,4,50.0,0.0
9783,EMP-2299,2025-09-01,1,0,0.0,48.87
9784,EMP-2300,2025-09-01,0,1,12.5,0.0
9785,EMP-2301,2025-09-01,0,11,137.5,0.0
9786,EMP-2302,2025-09-01,5,0,0.0,591.33
9787,EMP-2303,2025-09-01,1,0,0.0,45.0
9788,EMP-2304,2025-09-01,0,19,237.5,0.0
9789,EMP-2305,2025-09-01,0,0,0.0,0.0
9790,EMP-2306,2025-09-01,0,1,12.5,0.0
9791,EMP-2307,2025-09-01,0,15,187.5,0.0
9792,EMP-2308,2025-09-01,0,5,62.5,0.0
9793,EMP-2309,2025-09-01,0,12,150.0,0.0
9794,EMP-2310,2025-09-01,1,0,0.0,57.6
9795,EMP-2311,2025-09-01,2,0,0.0,88.0
9796,EMP-2313,2025-09-01,1,0,0.0,51.23
9797,EMP-2314,2025-09-01,0,4,50.0,0.0
9798,EMP-2315,2025-09-01,5,0,0.0,174.5
9799,EMP-2316,2025-09-01,0,12,150.0,0.0
9800,EMP-2317,2025-09-01,1,0,0.0,144.6
9801,EMP-2318,2025-09-01,0,3,37.5,0.0
9802,EMP-2320,2025-09-01,1,0,0.0,47.67
9803,EMP-2321,2025-09-01,3,0,0.0,76.7
9804,EMP-2322,2025-09-01,0,18,225.0,0.0
9805,EMP-2323,2025-09-01,1,0,0.0,85.13
9806,EMP-2324,2025-09-01,0,6,75.0,0.0
9807,EMP-2325,2025-09-01,0,16,200.0,0.0
9808,EMP-2326,2025-09-01,1,0,0.0,59.0
9809,EMP-2327,2025-09-01,1,0,0.0,50.03
9810,EMP-2328,2025-09-01,0,7,87.5,0.0
9811,EMP-2329,2025-09-01,1,0,0.0,57.93
9812,EMP-2330,2025-09-01,0,19,237.5,0.0
9813,EMP-2331,2025-09-01,2,0,0.0,63.8
9814,EMP-2332,2025-09-01,0,5,62.5,0.0
9815,EMP-2333,2025-09-01,1,0,0.0,38.73
9816,EMP-2334,2025-09-01,0,15,187.5,0.0
9817,EMP-2335,2025-09-01,0,6,75.0,0.0
9818,EMP-2336,2025-09-01,0,11,137.5,0.0
9819,EMP-2337,2025-09-01,0,2,25.0,0.0
9820,EMP-2338,2025-09-01,1,0,0.0,31.9
9821,EMP-2339,2025-09-01,1,0,0.0,40.37
9822,EMP-2340,2025-09-01,0,4,50.0,0.0
9823,EMP-2341,2025-09-01,5,0,0.0,256.33
9824,EMP-2342,2025-09-01,2,0,0.0,72.13
9825,EMP-2343,2025-09-01,0,15,187.5,0.0
9826,EMP-2344,2025-09-01,2,0,0.0,142.27
9827,EMP-2345,2025-09-01,2,0,0.0,86.93
9828,EMP-2346,2025-09-01,1,0,0.0,70.33
9829,EMP-2347,2025-09-01,0,11,137.5,0.0
9830,EMP-2350,2025-09-01,0,4,50.0,0.0
9831,EMP-2351,2025-09-01,0,17,212.5,0.0
9832,EMP-2352,2025-09-01,0,10,125.0,0.0
9833,EMP-2354,2025-09-01,0,10,125.0,0.0
9834,EMP-2355,2025-09-01,0,15,187.5,0.0
9835,EMP-2356,2025-09-01,0,19,237.5,0.0
9836,EMP-2357,2025-09-01,0,9,112.5,0.0
9837,EMP-2358,2025-09-01,0,1,12.5,0.0
9838,EMP-2359,2025-09-01,2,0,0.0,44.67
9839,EMP-2361,2025-09-01,0,8,100.0,0.0
9840,EMP-2362,2025-09-01,1,0,0.0,20.93
9841,EMP-2363,2025-09-01,1,0,0.0,41.23
9842,EMP-2364,2025-09-01,0,10,125.0,0.0
9843,EMP-2365,2025-09-01,1,0,0.0,149.83
9844,EMP-2366,2025-09-01,0,18,225.0,0.0
9845,EMP-2367,2025-09-01,2,0,0.0,112.87
9846,EMP-2368,2025-09-01,1,0,0.0,127.8
9847,EMP-2369,2025-09-01,2,0,0.0,103.27
9848,EMP-2370,2025-09-01,1,0,0.0,134.47
9849,EMP-2371,2025-09-01,0,4,50.0,0.0
9850,EMP-2372,2025-09-01,0,7,87.5,0.0
9851,EMP-2373,2025-09-01,0,2,25.0,0.0
9852,EMP-2374,2025-09-01,1,0,0.0,25.33
9853,EMP-2375,2025-09-01,0,17,212.5,0.0
9854,EMP-2376,2025-09-01,0,9,112.5,0.0
9855,EMP-2377,2025-09-01,0,2,25.0,0.0
9856,EMP-2379,2025-09-01,2,0,0.0,277.2
9857,EMP-2380,2025-09-01,0,3,37.5,0.0
9858,EMP-2382,2025-09-01,0,20,250.0,0.0
9859,EMP-2383,2025-09-01,0,8,100.0,0.0
9860,EMP-2384,2025-09-01,2,0,0.0,99.53
9861,EMP-2385,2025-09-01,0,10,125.0,0.0
9862,EMP-2386,2025-09-01,0,2,25.0,0.0
9863,EMP-2387,2025-09-01,0,17,212.5,0.0
9864,EMP-2388,2025-09-01,1,0,0.0,136.1
9865,EMP-2389,2025-09-01,1,0,0.0,25.87
9866,EMP-2390,2025-09-01,1,0,0.0,128.8
9867,EMP-2392,2025-09-01,0,18,225.0,0.0
9868,EMP-2393,2025-09-01,1,0,0.0,20.17
9869,EMP-2394,2025-09-01,1,0,0.0,26.93
9870,EMP-2395,2025-09-01,0,10,125.0,0.0
9871,EMP-2396,2025-09-01,1,0,0.0,44.07
9872,EMP-2398,2025-09-01,0,2,25.0,0.0
9873,EMP-2399,2025-09-01,5,0,0.0,171.0
9874,EMP-2400,2025-09-01,0,3,37.5,0.0
9875,EMP-2401,2025-09-01,1,0,0.0,86.73
9876,EMP-2402,2025-09-01,0,19,237.5,0.0
9877,EMP-2404,2025-09-01,0,10,125.0,0.0
9878,EMP-2405,2025-09-01,0,1,12.5,0.0
9879,EMP-2406,2025-09-01,0,6,75.0,0.0
9880,EMP-2407,2025-09-01,0,16,200.0,0.0
9881,EMP-2408,2025-09-01,0,17,212.5,0.0
9882,EMP-2409,2025-09-01,0,19,237.5,0.0
9883,EMP-2410,2025-09-01,2,0,0.0,117.87
9884,EMP-2411,2025-09-01,0,16,200.0,0.0
9885,EMP-2412,2025-09-01,0,13,162.5,0.0
9886,EMP-2413,2025-09-01,0,6,75.0,0.0
9887,EMP-2414,2025-09-01,0,18,225.0,0.0
9888,EMP-2415,2025-09-01,0,16,200.0,0.0
9889,EMP-2417,2025-09-01,2,0,0.0,51.8
9890,EMP-2418,2025-09-01,0,17,212.5,0.0
9891,EMP-2419,2025-09-01,0,12,150.0,0.0
9892,EMP-2420,2025-09-01,0,20,250.0,0.0
9893,EMP-2421,2025-09-01,0,12,150.0,0.0
9894,EMP-2422,2025-09-01,3,0,0.0,153.8
9895,EMP-2423,2025-09-01,0,0,0.0,0.0
9896,EMP-2424,2025-09-01,0,18,225.0,0.0
9897,EMP-2425,2025-09-01,0,13,162.5,0.0
9898,EMP-2426,2025-09-01,0,20,250.0,0.0
9899,EMP-2427,2025-09-01,0,2,25.0,0.0
9900,EMP-2428,2025-09-01,0,3,37.5,0.0
9901,EMP-2429,2025-09-01,0,19,237.5,0.0
9902,EMP-2430,2025-09-01,0,6,75.0,0.0
9903,EMP-2431,2025-09-01,2,0,0.0,68.53
9904,EMP-2433,2025-09-01,2,0,0.0,51.2
9905,EMP-2434,2025-09-01,2,0,0.0,137.73
9906,EMP-2435,2025-09-01,0,4,50.0,0.0
9907,EMP-2436,2025-09-01,1,0,0.0,27.9
9908,EMP-2438,2025-09-01,0,19,237.5,0.0
9909,EMP-2440,2025-09-01,0,3,37.5,0.0
9910,EMP-2441,2025-09-01,0,3,37.5,0.0
9911,EMP-2443,2025-09-01,0,2,25.0,0.0
9912,EMP-2445,2025-09-01,1,0,0.0,36.37
9913,EMP-2446,2025-09-01,0,19,237.5,0.0
9914,EMP-2448,2025-09-01,0,16,200.0,0.0
9915,EMP-2449,2025-09-01,0,13,162.5,0.0
9916,EMP-2452,2025-09-01,0,8,100.0,0.0
9917,EMP-2453,2025-09-01,0,16,200.0,0.0
9918,EMP-2454,2025-09-01,2,0,0.0,114.6
9919,EMP-2455,2025-09-01,0,15,187.5,0.0
9920,EMP-2456,2025-09-01,0,15,187.5,0.0
9921,EMP-2457,2025-09-01,0,4,50.0,0.0
9922,EMP-2458,2025-09-01,0,7,87.5,0.0
9923,EMP-2459,2025-09-01,1,0,0.0,34.93
9924,EMP-2460,2025-09-01,0,7,87.5,0.0
9925,EMP-2462,2025-09-01,0,3,37.5,0.0
9926,EMP-2463,2025-09-01,0,5,62.5,0.0
9927,EMP-2464,2025-09-01,0,11,137.5,0.0
9928,EMP-2465,2025-09-01,0,7,87.5,0.0
9929,EMP-2466,2025-09-01,2,0,0.0,205.2
9930,EMP-2467,2025-09-01,0,1,12.5,0.0
9931,EMP-2469,2025-09-01,0,17,212.5,0.0
9932,EMP-2470,2025-09-01,0,18,225.0,0.0
9933,EMP-2471,2025-09-01,1,0,0.0,118.07
9934,EMP-2473,2025-09-01,0,19,237.5,0.0
9935,EMP-2474,2025-09-01,0,17,212.5,0.0
9936,EMP-2476,2025-09-01,0,20,250.0,0.0
9937,EMP-2477,2025-09-01,2,0,0.0,266.13
9938,EMP-2478,2025-09-01,0,8,100.0,0.0
9939,EMP-2479,2025-09-01,0,9,112.5,0.0
9940,EMP-2480,2025-09-01,0,4,50.0,0.0
9941,EMP-2481,2025-09-01,3,0,0.0,93.7
9942,EMP-2482,2025-09-01,0,15,187.5,0.0
9943,EMP-2483,2025-09-01,2,0,0.0,258.53
9944,EMP-2484,2025-09-01,0,10,125.0,0.0
9945,EMP-2485,2025-09-01,0,18,225.0,0.0
9946,EMP-2486,2025-09-01,0,12,150.0,0.0
9947,EMP-2487,2025-09-01,0,8,100.0,0.0
9948,EMP-2488,2025-09-01,1,0,0.0,30.63
9949,EMP-2489,2025-09-01,0,12,150.0,0.0
9950,EMP-2491,2025-09-01,0,10,125.0,0.0
9951,EMP-2492,2025-09-01,0,7,87.5,0.0
9952,EMP-2493,2025-09-01,0,5,62.5,0.0
9953,EMP-2495,2025-09-01,0,18,225.0,0.0
9954,EMP-2496,2025-09-01,0,14,175.0,0.0
9955,EMP-2497,2025-09-01,3,0,0.0,125.3
9956,EMP-2498,2025-09-01,0,19,237.5,0.0
9957,EMP-2499,2025-09-01,1,0,0.0,55.5
9958,EMP-2500,2025-09-01,0,12,150.0,0.0
9959,EMP-2501,2025-09-01,0,9,112.5,0.0
9960,EMP-2502,2025-09-01,0,10,125.0,0.0
9961,EMP-2503,2025-09-01,0,5,62.5,0.0
9962,EMP-2504,2025-09-01,0,9,112.5,0.0
9963,EMP-2505,2025-09-01,0,8,100.0,0.0
9964,EMP-2506,2025-09-01,0,7,87.5,0.0
9965,EMP-2507,2025-09-01,1,0,0.0,32.7
9966,EMP-2508,2025-09-01,2,0,0.0,79.6
9967,EMP-2509,2025-09-01,2,0,0.0,107.87
9968,EMP-2510,2025-09-01,2,0,0.0,46.07
9969,EMP-2511,2025-09-01,0,5,62.5,0.0
9970,EMP-2512,2025-09-01,1,0,0.0,48.43
9971,EMP-2513,2025-09-01,0,7,87.5,0.0
9972,EMP-2514,2025-09-01,0,0,0.0,0.0
9973,EMP-2515,2025-09-01,0,8,100.0,0.0
9974,EMP-2517,2025-09-01,0,17,212.5,0.0
9975,EMP-2518,2025-09-01,1,0,0.0,54.67
9976,EMP-2519,2025-09-01,2,0,0.0,42.2
9977,EMP-2520,2025-09-01,0,9,112.5,0.0
9978,EMP-2521,2025-09-01,0,7,87.5,0.0
9979,EMP-2522,2025-09-01,1,0,0.0,44.27
9980,EMP-2523,2025-09-01,0,17,212.5,0.0
9981,EMP-2524,2025-09-01,0,12,150.0,0.0
9982,EMP-2525,2025-09-01,0,8,100.0,0.0
9983,EMP-2526,2025-09-01,0,12,150.0,0.0
9984,EMP-2527,2025-09-01,2,0,0.0,54.07
9985,EMP-2528,2025-09-01,0,19,237.5,0.0
9986,EMP-2529,2025-09-01,0,4,50.0,0.0
9987,EMP-2530,2025-09-01,0,5,62.5,0.0
9988,EMP-2531,2025-09-01,0,0,0.0,0.0
9989,EMP-2532,2025-09-01,0,5,62.5,0.0
9990,EMP-2533,2025-09-01,1,0,0.0,23.93
9991,EMP-2534,2025-09-01,0,10,125.0,0.0
9992,EMP-2535,2025-09-01,0,16,200.0,0.0
9993,EMP-2536,2025-09-01,0,17,212.5,0.0
9994,EMP-2538,2025-09-01,1,0,0.0,87.27
9995,EMP-2539,2025-09-01,0,10,125.0,0.0
9996,EMP-2540,2025-09-01,0,19,237.5,0.0
9997,EMP-2541,2025-09-01,0,18,225.0,0.0
9998,EMP-2542,2025-09-01,0,7,87.5,0.0
9999,EMP-2543,2025-09-01,0,10,125.0,0.0
10000,EMP-2544,2025-09-01,0,5,62.5,0.0
10001,EMP-2545,2025-09-01,0,17,212.5,0.0
10002,EMP-2547,2025-09-01,5,0,0.0,377.17
10003,EMP-2548,2025-09-01,0,7,87.5,0.0
10004,EMP-2549,2025-09-01,2,0,0.0,52.67
10005,EMP-2551,2025-09-01,1,0,0.0,47.27
10006,EMP-2552,2025-09-01,1,0,0.0,29.27
10007,EMP-2553,2025-09-01,0,6,75.0,0.0
10008,EMP-2554,2025-09-01,2,0,0.0,162.6
10009,EMP-2556,2025-09-01,5,0,0.0,452.83
10010,EMP-2557,2025-09-01,3,0,0.0,382.9
10011,EMP-2558,2025-09-01,0,15,187.5,0.0
10012,EMP-2560,2025-09-01,0,1,12.5,0.0
10013,EMP-2561,2025-09-01,0,17,212.5,0.0
10014,EMP-2562,2025-09-01,0,1,12.5,0.0
10015,EMP-2563,2025-09-01,0,10,125.0,0.0
10016,EMP-2564,2025-09-01,0,17,212.5,0.0
10017,EMP-2565,2025-09-01,0,11,137.5,0.0
10018,EMP-2567,2025-09-01,0,20,250.0,0.0
10019,EMP-2568,2025-09-01,1,0,0.0,61.0
10020,EMP-2570,2025-09-01,0,6,75.0,0.0
10021,EMP-2571,2025-09-01,0,1,12.5,0.0
10022,EMP-2572,2025-09-01,1,0,0.0,51.83
10023,EMP-2573,2025-09-01,0,12,150.0,0.0
10024,EMP-2574,2025-09-01,0,19,237.5,0.0
10025,EMP-2575,2025-09-01,0,3,37.5,0.0
10026,EMP-2576,2025-09-01,2,0,0.0,42.87
10027,EMP-2577,2025-09-01,1,0,0.0,37.1
10028,EMP-2578,2025-09-01,0,11,137.5,0.0
10029,EMP-2579,2025-09-01,2,0,0.0,85.47
10030,EMP-2580,2025-09-01,0,5,62.5,0.0
10031,EMP-2581,2025-09-01,3,0,0.0,274.0
10032,EMP-2582,2025-09-01,0,18,225.0,0.0
10033,EMP-2583,2025-09-01,0,0,0.0,0.0
10034,EMP-2584,2025-09-01,0,18,225.0,0.0
10035,EMP-2585,2025-09-01,0,4,50.0,0.0
10036,EMP-2586,2025-09-01,0,10,125.0,0.0
10037,EMP-2587,2025-09-01,1,0,0.0,46.27
10038,EMP-2588,2025-09-01,0,12,150.0,0.0
10039,EMP-2589,2025-09-01,0,12,150.0,0.0
10040,EMP-2590,2025-09-01,0,2,25.0,0.0
10041,EMP-2591,2025-09-01,0,0,0.0,0.0
10042,EMP-2592,2025-09-01,1,0,0.0,42.57
10043,EMP-2593,2025-09-01,0,4,50.0,0.0
10044,EMP-2594,2025-09-01,0,9,112.5,0.0
10045,EMP-2595,2025-09-01,0,5,62.5,0.0
10046,EMP-2597,2025-09-01,0,3,37.5,0.0
10047,EMP-2598,2025-09-01,0,17,212.5,0.0
10048,EMP-2599,2025-09-01,0,5,62.5,0.0
10049,EMP-2001,2025-10-01,0,7,87.5,0.0
10050,EMP-2003,2025-10-01,0,19,237.5,0.0
10051,EMP-2004,2025-10-01,0,19,237.5,0.0
10052,EMP-2005,2025-10-01,5,0,0.0,342.17
10053,EMP-2006,2025-10-01,0,14,175.0,0.0
10054,EMP-2008,2025-10-01,1,0,0.0,103.33
10055,EMP-2010,2025-10-01,0,2,25.0,0.0
10056,EMP-2011,2025-10-01,0,5,62.5,0.0
10057,EMP-2014,2025-10-01,0,0,0.0,0.0
10058,EMP-2015,2025-10-01,0,15,187.5,0.0
10059,EMP-2016,2025-10-01,1,0,0.0,43.03
10060,EMP-2017,2025-10-01,0,20,250.0,0.0
10061,EMP-2018,2025-10-01,0,13,162.5,0.0
10062,EMP-2019,2025-10-01,0,0,0.0,0.0
10063,EMP-2020,2025-10-01,1,0,0.0,32.0
10064,EMP-2021,2025-10-01,0,11,137.5,0.0
10065,EMP-2022,2025-10-01,1,0,0.0,33.33
10066,EMP-2024,2025-10-01,1,0,0.0,94.7
10067,EMP-2025,2025-10-01,0,8,100.0,0.0
10068,EMP-2026,2025-10-01,1,0,0.0,21.6
10069,EMP-2027,2025-10-01,0,4,50.0,0.0
10070,EMP-2028,2025-10-01,0,10,125.0,0.0
10071,EMP-2029,2025-10-01,0,19,237.5,0.0
10072,EMP-2031,2025-10-01,0,4,50.0,0.0
10073,EMP-2032,2025-10-01,1,0,0.0,50.83
10074,EMP-2033,2025-10-01,0,17,212.5,0.0
10075,EMP-2034,2025-10-01,0,20,250.0,0.0
10076,EMP-2036,2025-10-01,0,14,175.0,0.0
10077,EMP-2037,2025-10-01,0,12,150.0,0.0
10078,EMP-2038,2025-10-01,3,0,0.0,99.3
10079,EMP-2039,2025-10-01,0,11,137.5,0.0
10080,EMP-2040,2025-10-01,1,0,0.0,57.47
10081,EMP-2041,2025-10-01,0,11,137.5,0.0
10082,EMP-2042,2025-10-01,0,3,37.5,0.0
10083,EMP-2043,2025-10-01,0,1,12.5,0.0
10084,EMP-2044,2025-10-01,0,9,112.5,0.0
10085,EMP-2047,2025-10-01,0,17,212.5,0.0
10086,EMP-2049,2025-10-01,0,0,0.0,0.0
10087,EMP-2050,2025-10-01,0,19,237.5,0.0
10088,EMP-2051,2025-10-01,0,15,187.5,0.0
10089,EMP-2052,2025-10-01,2,0,0.0,211.67
10090,EMP-2053,2025-10-01,0,11,137.5,0.0
10091,EMP-2055,2025-10-01,0,9,112.5,0.0
10092,EMP-2056,2025-10-01,0,2,25.0,0.0
10093,EMP-2057,2025-10-01,0,10,125.0,0.0
10094,EMP-2058,2025-10-01,3,0,0.0,81.9
10095,EMP-2059,2025-10-01,0,20,250.0,0.0
10096,EMP-2060,2025-10-01,0,4,50.0,0.0
10097,EMP-2061,2025-10-01,2,0,0.0,105.73
10098,EMP-2062,2025-10-01,0,14,175.0,0.0
10099,EMP-2063,2025-10-01,0,17,212.5,0.0
10100,EMP-2064,2025-10-01,0,0,0.0,0.0
10101,EMP-2065,2025-10-01,2,0,0.0,112.2
10102,EMP-2066,2025-10-01,0,17,212.5,0.0
10103,EMP-2069,2025-10-01,0,12,150.0,0.0
10104,EMP-2070,2025-10-01,1,0,0.0,44.47
10105,EMP-2071,2025-10-01,0,0,0.0,0.0
10106,EMP-2072,2025-10-01,0,4,50.0,0.0
10107,EMP-2073,2025-10-01,2,0,0.0,120.07
10108,EMP-2074,2025-10-01,0,11,137.5,0.0
10109,EMP-2075,2025-10-01,0,1,12.5,0.0
10110,EMP-2076,2025-10-01,0,1,12.5,0.0
10111,EMP-2078,2025-10-01,0,7,87.5,0.0
10112,EMP-2079,2025-10-01,0,1,12.5,0.0
10113,EMP-2081,2025-10-01,0,5,62.5,0.0
10114,EMP-2082,2025-10-01,1,0,0.0,44.9
10115,EMP-2083,2025-10-01,0,18,225.0,0.0
10116,EMP-2084,2025-10-01,0,13,162.5,0.0
10117,EMP-2085,2025-10-01,0,10,125.0,0.0
10118,EMP-2086,2025-10-01,0,4,50.0,0.0
10119,EMP-2087,2025-10-01,2,0,0.0,47.93
10120,EMP-2089,2025-10-01,0,16,200.0,0.0
10121,EMP-2090,2025-10-01,0,16,200.0,0.0
10122,EMP-2091,2025-10-01,0,3,37.5,0.0
10123,EMP-2093,2025-10-01,3,0,0.0,64.8
10124,EMP-2094,2025-10-01,3,0,0.0,94.9
10125,EMP-2095,2025-10-01,0,16,200.0,0.0
10126,EMP-2096,2025-10-01,0,15,187.5,0.0
10127,EMP-2097,2025-10-01,0,16,200.0,0.0
10128,EMP-2098,2025-10-01,1,0,0.0,47.33
10129,EMP-2101,2025-10-01,3,0,0.0,82.5
10130,EMP-2102,2025-10-01,0,6,75.0,0.0
10131,EMP-2103,2025-10-01,0,20,250.0,0.0
10132,EMP-2104,2025-10-01,0,20,250.0,0.0
10133,EMP-2105,2025-10-01,0,18,225.0,0.0
10134,EMP-2106,2025-10-01,1,0,0.0,67.9
10135,EMP-2107,2025-10-01,3,0,0.0,90.8
10136,EMP-2109,2025-10-01,0,6,75.0,0.0
10137,EMP-2110,2025-10-01,0,18,225.0,0.0
10138,EMP-2112,2025-10-01,0,4,50.0,0.0
10139,EMP-2113,2025-10-01,5,0,0.0,181.0
10140,EMP-2114,2025-10-01,2,0,0.0,247.0
10141,EMP-2115,2025-10-01,0,17,212.5,0.0
10142,EMP-2116,2025-10-01,2,0,0.0,64.27
10143,EMP-2117,2025-10-01,0,6,75.0,0.0
10144,EMP-2119,2025-10-01,2,0,0.0,299.4
10145,EMP-2120,2025-10-01,0,10,125.0,0.0
10146,EMP-2121,2025-10-01,0,7,87.5,0.0
10147,EMP-2122,2025-10-01,0,6,75.0,0.0
10148,EMP-2123,2025-10-01,1,0,0.0,141.17
10149,EMP-2124,2025-10-01,1,0,0.0,22.57
10150,EMP-2125,2025-10-01,1,0,0.0,57.1
10151,EMP-2127,2025-10-01,0,16,200.0,0.0
10152,EMP-2129,2025-10-01,0,4,50.0,0.0
10153,EMP-2130,2025-10-01,1,0,0.0,45.0
10154,EMP-2131,2025-10-01,0,18,225.0,0.0
10155,EMP-2132,2025-10-01,5,0,0.0,283.33
10156,EMP-2133,2025-10-01,0,19,237.5,0.0
10157,EMP-2134,2025-10-01,0,19,237.5,0.0
10158,EMP-2136,2025-10-01,1,0,0.0,70.8
10159,EMP-2137,2025-10-01,0,12,150.0,0.0
10160,EMP-2138,2025-10-01,1,0,0.0,116.73
10161,EMP-2139,2025-10-01,3,0,0.0,83.2
10162,EMP-2141,2025-10-01,0,1,12.5,0.0
10163,EMP-2142,2025-10-01,0,4,50.0,0.0
10164,EMP-2144,2025-10-01,0,20,250.0,0.0
10165,EMP-2145,2025-10-01,3,0,0.0,224.5
10166,EMP-2146,2025-10-01,0,6,75.0,0.0
10167,EMP-2147,2025-10-01,0,18,225.0,0.0
10168,EMP-2148,2025-10-01,0,19,237.5,0.0
10169,EMP-2149,2025-10-01,1,0,0.0,136.0
10170,EMP-2150,2025-10-01,0,14,175.0,0.0
10171,EMP-2151,2025-10-01,0,8,100.0,0.0
10172,EMP-2154,2025-10-01,0,3,37.5,0.0
10173,EMP-2155,2025-10-01,3,0,0.0,168.7
10174,EMP-2156,2025-10-01,0,3,37.5,0.0
10175,EMP-2157,2025-10-01,0,2,25.0,0.0
10176,EMP-2158,2025-10-01,1,0,0.0,53.9
10177,EMP-2159,2025-10-01,2,0,0.0,80.73
10178,EMP-2160,2025-10-01,0,5,62.5,0.0
10179,EMP-2161,2025-10-01,0,11,137.5,0.0
10180,EMP-2162,2025-10-01,0,2,25.0,0.0
10181,EMP-2163,2025-10-01,0,10,125.0,0.0
10182,EMP-2164,2025-10-01,3,0,0.0,118.6
10183,EMP-2165,2025-10-01,3,0,0.0,160.8
10184,EMP-2167,2025-10-01,0,16,200.0,0.0
10185,EMP-2168,2025-10-01,2,0,0.0,89.4
10186,EMP-2169,2025-10-01,0,2,25.0,0.0
10187,EMP-2170,2025-10-01,0,12,150.0,0.0
10188,EMP-2171,2025-10-01,1,0,0.0,42.33
10189,EMP-2172,2025-10-01,0,11,137.5,0.0
10190,EMP-2173,2025-10-01,2,0,0.0,102.13
10191,EMP-2174,2025-10-01,1,0,0.0,118.1
10192,EMP-2175,2025-10-01,5,0,0.0,327.5
10193,EMP-2177,2025-10-01,0,17,212.5,0.0
10194,EMP-2178,2025-10-01,0,7,87.5,0.0
10195,EMP-2180,2025-10-01,0,16,200.0,0.0
10196,EMP-2181,2025-10-01,1,0,0.0,138.1
10197,EMP-2182,2025-10-01,2,0,0.0,252.87
10198,EMP-2183,2025-10-01,1,0,0.0,35.7
10199,EMP-2184,2025-10-01,0,0,0.0,0.0
10200,EMP-2185,2025-10-01,0,7,87.5,0.0
10201,EMP-2186,2025-10-01,0,17,212.5,0.0
10202,EMP-2187,2025-10-01,0,14,175.0,0.0
10203,EMP-2188,2025-10-01,0,5,62.5,0.0
10204,EMP-2189,2025-10-01,0,13,162.5,0.0
10205,EMP-2190,2025-10-01,0,16,200.0,0.0
10206,EMP-2191,2025-10-01,0,10,125.0,0.0
10207,EMP-2192,2025-10-01,0,11,137.5,0.0
10208,EMP-2193,2025-10-01,0,12,150.0,0.0
10209,EMP-2194,2025-10-01,1,0,0.0,51.73
10210,EMP-2197,2025-10-01,0,7,87.5,0.0
10211,EMP-2198,2025-10-01,0,18,225.0,0.0
10212,EMP-2199,2025-10-01,0,19,237.5,0.0
10213,EMP-2200,2025-10-01,0,20,250.0,0.0
10214,EMP-2201,2025-10-01,0,13,162.5,0.0
10215,EMP-2203,2025-10-01,0,11,137.5,0.0
10216,EMP-2204,2025-10-01,1,0,0.0,121.1
10217,EMP-2206,2025-10-01,5,0,0.0,281.0
10218,EMP-2208,2025-10-01,0,8,100.0,0.0
10219,EMP-2210,2025-10-01,0,2,25.0,0.0
10220,EMP-2211,2025-10-01,0,13,162.5,0.0
10221,EMP-2212,2025-10-01,0,2,25.0,0.0
10222,EMP-2213,2025-10-01,3,0,0.0,146.9
10223,EMP-2214,2025-10-01,1,0,0.0,55.47
10224,EMP-2215,2025-10-01,0,4,50.0,0.0
10225,EMP-2216,2025-10-01,0,3,37.5,0.0
10226,EMP-2217,2025-10-01,0,0,0.0,0.0
10227,EMP-2218,2025-10-01,5,0,0.0,101.83
10228,EMP-2219,2025-10-01,0,6,75.0,0.0
10229,EMP-2220,2025-10-01,0,1,12.5,0.0
10230,EMP-2221,2025-10-01,0,14,175.0,0.0
10231,EMP-2222,2025-10-01,0,17,212.5,0.0
10232,EMP-2223,2025-10-01,5,0,0.0,262.33
10233,EMP-2224,2025-10-01,0,16,200.0,0.0
10234,EMP-2225,2025-10-01,0,12,150.0,0.0
10235,EMP-2226,2025-10-01,1,0,0.0,45.1
10236,EMP-2227,2025-10-01,1,0,0.0,79.5
10237,EMP-2229,2025-10-01,1,0,0.0,144.4
10238,EMP-2230,2025-10-01,0,14,175.0,0.0
10239,EMP-2231,2025-10-01,1,0,0.0,59.7
10240,EMP-2232,2025-10-01,1,0,0.0,48.17
10241,EMP-2233,2025-10-01,0,2,25.0,0.0
10242,EMP-2234,2025-10-01,0,15,187.5,0.0
10243,EMP-2235,2025-10-01,0,16,200.0,0.0
10244,EMP-2236,2025-10-01,1,0,0.0,76.73
10245,EMP-2237,2025-10-01,1,0,0.0,53.67
10246,EMP-2238,2025-10-01,0,9,112.5,0.0
10247,EMP-2241,2025-10-01,0,18,225.0,0.0
10248,EMP-2242,2025-10-01,0,16,200.0,0.0
10249,EMP-2243,2025-10-01,0,15,187.5,0.0
10250,EMP-2245,2025-10-01,2,0,0.0,84.07
10251,EMP-2246,2025-10-01,0,5,62.5,0.0
10252,EMP-2247,2025-10-01,0,20,250.0,0.0
10253,EMP-2248,2025-10-01,0,0,0.0,0.0
10254,EMP-2249,2025-10-01,2,0,0.0,254.93
10255,EMP-2250,2025-10-01,1,0,0.0,35.57
10256,EMP-2251,2025-10-01,0,10,125.0,0.0
10257,EMP-2252,2025-10-01,1,0,0.0,53.07
10258,EMP-2253,2025-10-01,0,19,237.5,0.0
10259,EMP-2255,2025-10-01,0,12,150.0,0.0
10260,EMP-2256,2025-10-01,1,0,0.0,34.8
10261,EMP-2257,2025-10-01,0,15,187.5,0.0
10262,EMP-2258,2025-10-01,0,16,200.0,0.0
10263,EMP-2259,2025-10-01,2,0,0.0,132.2
10264,EMP-2260,2025-10-01,0,15,187.5,0.0
10265,EMP-2261,2025-10-01,0,14,175.0,0.0
10266,EMP-2262,2025-10-01,0,1,12.5,0.0
10267,EMP-2263,2025-10-01,0,8,100.0,0.0
10268,EMP-2264,2025-10-01,0,10,125.0,0.0
10269,EMP-2265,2025-10-01,0,13,162.5,0.0
10270,EMP-2266,2025-10-01,1,0,0.0,34.57
10271,EMP-2267,2025-10-01,1,0,0.0,48.97
10272,EMP-2268,2025-10-01,0,5,62.5,0.0
10273,EMP-2270,2025-10-01,0,16,200.0,0.0
10274,EMP-2271,2025-10-01,1,0,0.0,40.23
10275,EMP-2272,2025-10-01,1,0,0.0,39.73
10276,EMP-2273,2025-10-01,3,0,0.0,169.1
10277,EMP-2274,2025-10-01,1,0,0.0,45.23
10278,EMP-2275,2025-10-01,0,17,212.5,0.0
10279,EMP-2276,2025-10-01,1,0,0.0,35.33
10280,EMP-2277,2025-10-01,0,8,100.0,0.0
10281,EMP-2281,2025-10-01,0,19,237.5,0.0
10282,EMP-2283,2025-10-01,0,12,150.0,0.0
10283,EMP-2284,2025-10-01,0,7,87.5,0.0
10284,EMP-2285,2025-10-01,0,16,200.0,0.0
10285,EMP-2286,2025-10-01,2,0,0.0,45.67
10286,EMP-2287,2025-10-01,1,0,0.0,131.67
10287,EMP-2288,2025-10-01,0,8,100.0,0.0
10288,EMP-2289,2025-10-01,0,1,12.5,0.0
10289,EMP-2290,2025-10-01,0,12,150.0,0.0
10290,EMP-2291,2025-10-01,0,5,62.5,0.0
10291,EMP-2294,2025-10-01,0,9,112.5,0.0
10292,EMP-2295,2025-10-01,0,13,162.5,0.0
10293,EMP-2296,2025-10-01,1,0,0.0,94.67
10294,EMP-2297,2025-10-01,0,20,250.0,0.0
10295,EMP-2298,2025-10-01,2,0,0.0,86.87
10296,EMP-2299,2025-10-01,0,8,100.0,0.0
10297,EMP-2300,2025-10-01,1,0,0.0,132.07
10298,EMP-2301,2025-10-01,1,0,0.0,29.6
10299,EMP-2302,2025-10-01,1,0,0.0,118.27
10300,EMP-2303,2025-10-01,1,0,0.0,45.0
10301,EMP-2304,2025-10-01,3,0,0.0,403.4
10302,EMP-2305,2025-10-01,2,0,0.0,184.33
10303,EMP-2306,2025-10-01,0,10,125.0,0.0
10304,EMP-2307,2025-10-01,0,1,12.5,0.0
10305,EMP-2308,2025-10-01,0,10,125.0,0.0
10306,EMP-2309,2025-10-01,0,6,75.0,0.0
10307,EMP-2310,2025-10-01,0,14,175.0,0.0
10308,EMP-2311,2025-10-01,0,7,87.5,0.0
10309,EMP-2313,2025-10-01,0,11,137.5,0.0
10310,EMP-2314,2025-10-01,1,0,0.0,37.23
10311,EMP-2315,2025-10-01,0,6,75.0,0.0
10312,EMP-2316,2025-10-01,0,14,175.0,0.0
10313,EMP-2317,2025-10-01,1,0,0.0,144.6
10314,EMP-2318,2025-10-01,0,2,25.0,0.0
10315,EMP-2320,2025-10-01,0,6,75.0,0.0
10316,EMP-2321,2025-10-01,3,0,0.0,76.7
10317,EMP-2322,2025-10-01,0,14,175.0,0.0
10318,EMP-2323,2025-10-01,0,4,50.0,0.0
10319,EMP-2324,2025-10-01,3,0,0.0,119.5
10320,EMP-2325,2025-10-01,0,15,187.5,0.0
10321,EMP-2326,2025-10-01,0,17,212.5,0.0
10322,EMP-2327,2025-10-01,0,10,125.0,0.0
10323,EMP-2328,2025-10-01,2,0,0.0,103.73
10324,EMP-2329,2025-10-01,0,5,62.5,0.0
10325,EMP-2330,2025-10-01,1,0,0.0,46.63
10326,EMP-2331,2025-10-01,0,10,125.0,0.0
10327,EMP-2332,2025-10-01,0,20,250.0,0.0
10328,EMP-2333,2025-10-01,0,16,200.0,0.0
10329,EMP-2334,2025-10-01,0,3,37.5,0.0
10330,EMP-2335,2025-10-01,1,0,0.0,22.87
10331,EMP-2336,2025-10-01,0,15,187.5,0.0
10332,EMP-2337,2025-10-01,2,0,0.0,48.33
10333,EMP-2338,2025-10-01,0,11,137.5,0.0
10334,EMP-2339,2025-10-01,0,9,112.5,0.0
10335,EMP-2340,2025-10-01,0,13,162.5,0.0
10336,EMP-2341,2025-10-01,2,0,0.0,102.53
10337,EMP-2342,2025-10-01,3,0,0.0,108.2
10338,EMP-2343,2025-10-01,1,0,0.0,131.13
10339,EMP-2344,2025-10-01,0,2,25.0,0.0
10340,EMP-2345,2025-10-01,0,14,175.0,0.0
10341,EMP-2346,2025-10-01,0,15,187.5,0.0
10342,EMP-2347,2025-10-01,0,15,187.5,0.0
10343,EMP-2350,2025-10-01,2,0,0.0,46.27
10344,EMP-2351,2025-10-01,1,0,0.0,96.93
10345,EMP-2352,2025-10-01,0,6,75.0,0.0
10346,EMP-2354,2025-10-01,1,0,0.0,48.5
10347,EMP-2355,2025-10-01,0,10,125.0,0.0
10348,EMP-2356,2025-10-01,0,13,162.5,0.0
10349,EMP-2357,2025-10-01,0,13,162.5,0.0
10350,EMP-2358,2025-10-01,0,6,75.0,0.0
10351,EMP-2359,2025-10-01,0,5,62.5,0.0
10352,EMP-2361,2025-10-01,0,17,212.5,0.0
10353,EMP-2362,2025-10-01,1,0,0.0,20.93
10354,EMP-2363,2025-10-01,0,9,112.5,0.0
10355,EMP-2364,2025-10-01,1,0,0.0,134.23
10356,EMP-2365,2025-10-01,0,11,137.5,0.0
10357,EMP-2366,2025-10-01,0,4,50.0,0.0
10358,EMP-2367,2025-10-01,1,0,0.0,56.43
10359,EMP-2368,2025-10-01,0,19,237.5,0.0
10360,EMP-2369,2025-10-01,1,0,0.0,51.63
10361,EMP-2370,2025-10-01,0,12,150.0,0.0
10362,EMP-2371,2025-10-01,0,8,100.0,0.0
10363,EMP-2372,2025-10-01,0,18,225.0,0.0
10364,EMP-2373,2025-10-01,0,0,0.0,0.0
10365,EMP-2374,2025-10-01,0,1,12.5,0.0
10366,EMP-2375,2025-10-01,1,0,0.0,57.83
10367,EMP-2376,2025-10-01,0,12,150.0,0.0
10368,EMP-2377,2025-10-01,0,5,62.5,0.0
10369,EMP-2379,2025-10-01,0,0,0.0,0.0
10370,EMP-2380,2025-10-01,0,8,100.0,0.0
10371,EMP-2382,2025-10-01,0,2,25.0,0.0
10372,EMP-2383,2025-10-01,0,19,237.5,0.0
10373,EMP-2384,2025-10-01,1,0,0.0,49.77
10374,EMP-2385,2025-10-01,1,0,0.0,39.93
10375,EMP-2386,2025-10-01,0,5,62.5,0.0
10376,EMP-2387,2025-10-01,0,16,200.0,0.0
10377,EMP-2388,2025-10-01,0,16,200.0,0.0
10378,EMP-2389,2025-10-01,0,11,137.5,0.0
10379,EMP-2390,2025-10-01,0,14,175.0,0.0
10380,EMP-2392,2025-10-01,0,13,162.5,0.0
10381,EMP-2393,2025-10-01,1,0,0.0,20.17
10382,EMP-2394,2025-10-01,1,0,0.0,26.93
10383,EMP-2395,2025-10-01,0,10,125.0,0.0
10384,EMP-2396,2025-10-01,1,0,0.0,44.07
10385,EMP-2398,2025-10-01,0,16,200.0,0.0
10386,EMP-2399,2025-10-01,0,13,162.5,0.0
10387,EMP-2400,2025-10-01,0,20,250.0,0.0
10388,EMP-2401,2025-10-01,0,9,112.5,0.0
10389,EMP-2402,2025-10-01,0,1,12.5,0.0
10390,EMP-2404,2025-10-01,0,4,50.0,0.0
10391,EMP-2405,2025-10-01,1,0,0.0,38.67
10392,EMP-2406,2025-10-01,0,20,250.0,0.0
10393,EMP-2407,2025-10-01,0,12,150.0,0.0
10394,EMP-2408,2025-10-01,0,11,137.5,0.0
10395,EMP-2409,2025-10-01,0,18,225.0,0.0
10396,EMP-2410,2025-10-01,0,3,37.5,0.0
10397,EMP-2411,2025-10-01,0,7,87.5,0.0
10398,EMP-2412,2025-10-01,0,19,237.5,0.0
10399,EMP-2413,2025-10-01,1,0,0.0,21.97
10400,EMP-2414,2025-10-01,0,15,187.5,0.0
10401,EMP-2415,2025-10-01,0,10,125.0,0.0
10402,EMP-2417,2025-10-01,2,0,0.0,51.8
10403,EMP-2418,2025-10-01,5,0,0.0,282.5
10404,EMP-2419,2025-10-01,2,0,0.0,106.47
10405,EMP-2420,2025-10-01,0,2,25.0,0.0
10406,EMP-2421,2025-10-01,0,14,175.0,0.0
10407,EMP-2422,2025-10-01,0,18,225.0,0.0
10408,EMP-2423,2025-10-01,1,0,0.0,38.77
10409,EMP-2424,2025-10-01,0,17,212.5,0.0
10410,EMP-2425,2025-10-01,0,20,250.0,0.0
10411,EMP-2426,2025-10-01,0,1,12.5,0.0
10412,EMP-2427,2025-10-01,0,6,75.0,0.0
10413,EMP-2428,2025-10-01,0,12,150.0,0.0
10414,EMP-2429,2025-10-01,0,0,0.0,0.0
10415,EMP-2430,2025-10-01,0,4,50.0,0.0
10416,EMP-2431,2025-10-01,0,0,0.0,0.0
10417,EMP-2433,2025-10-01,0,1,12.5,0.0
10418,EMP-2434,2025-10-01,0,11,137.5,0.0
10419,EMP-2435,2025-10-01,1,0,0.0,144.33
10420,EMP-2436,2025-10-01,0,18,225.0,0.0
10421,EMP-2438,2025-10-01,0,1,12.5,0.0
10422,EMP-2440,2025-10-01,2,0,0.0,172.73
10423,EMP-2441,2025-10-01,0,3,37.5,0.0
10424,EMP-2443,2025-10-01,3,0,0.0,81.9
10425,EMP-2445,2025-10-01,0,8,100.0,0.0
10426,EMP-2446,2025-10-01,0,3,37.5,0.0
10427,EMP-2448,2025-10-01,1,0,0.0,42.47
10428,EMP-2449,2025-10-01,0,9,112.5,0.0
10429,EMP-2452,2025-10-01,0,16,200.0,0.0
10430,EMP-2453,2025-10-01,0,13,162.5,0.0
10431,EMP-2454,2025-10-01,0,2,25.0,0.0
10432,EMP-2455,2025-10-01,0,8,100.0,0.0
10433,EMP-2456,2025-10-01,2,0,0.0,88.47
10434,EMP-2457,2025-10-01,0,14,175.0,0.0
10435,EMP-2458,2025-10-01,0,19,237.5,0.0
10436,EMP-2459,2025-10-01,1,0,0.0,34.93
10437,EMP-2460,2025-10-01,0,10,125.0,0.0
10438,EMP-2462,2025-10-01,0,7,87.5,0.0
10439,EMP-2463,2025-10-01,0,3,37.5,0.0
10440,EMP-2464,2025-10-01,0,12,150.0,0.0
10441,EMP-2465,2025-10-01,0,4,50.0,0.0
10442,EMP-2466,2025-10-01,0,13,162.5,0.0
10443,EMP-2467,2025-10-01,0,14,175.0,0.0
10444,EMP-2469,2025-10-01,1,0,0.0,144.03
10445,EMP-2470,2025-10-01,0,16,200.0,0.0
10446,EMP-2471,2025-10-01,0,8,100.0,0.0
10447,EMP-2473,2025-10-01,0,16,200.0,0.0
10448,EMP-2474,2025-10-01,0,10,125.0,0.0
10449,EMP-2476,2025-10-01,0,2,25.0,0.0
10450,EMP-2477,2025-10-01,0,20,250.0,0.0
10451,EMP-2478,2025-10-01,0,9,112.5,0.0
10452,EMP-2479,2025-10-01,0,19,237.5,0.0
10453,EMP-2480,2025-10-01,0,4,50.0,0.0
10454,EMP-2481,2025-10-01,0,15,187.5,0.0
10455,EMP-2482,2025-10-01,0,10,125.0,0.0
10456,EMP-2483,2025-10-01,1,0,0.0,129.27
10457,EMP-2484,2025-10-01,0,20,250.0,0.0
10458,EMP-2485,2025-10-01,0,12,150.0,0.0
10459,EMP-2486,2025-10-01,0,14,175.0,0.0
10460,EMP-2487,2025-10-01,0,2,25.0,0.0
10461,EMP-2488,2025-10-01,0,12,150.0,0.0
10462,EMP-2489,2025-10-01,1,0,0.0,128.07
10463,EMP-2491,2025-10-01,0,18,225.0,0.0
10464,EMP-2492,2025-10-01,0,9,112.5,0.0
10465,EMP-2493,2025-10-01,0,6,75.0,0.0
10466,EMP-2495,2025-10-01,3,0,0.0,132.6
10467,EMP-2496,2025-10-01,0,12,150.0,0.0
10468,EMP-2497,2025-10-01,0,11,137.5,0.0
10469,EMP-2498,2025-10-01,1,0,0.0,56.1
10470,EMP-2499,2025-10-01,1,0,0.0,55.5
10471,EMP-2500,2025-10-01,0,19,237.5,0.0
10472,EMP-2501,2025-10-01,0,7,87.5,0.0
10473,EMP-2502,2025-10-01,1,0,0.0,79.97
10474,EMP-2503,2025-10-01,1,0,0.0,21.27
10475,EMP-2504,2025-10-01,1,0,0.0,37.9
10476,EMP-2505,2025-10-01,1,0,0.0,140.2
10477,EMP-2506,2025-10-01,0,7,87.5,0.0
10478,EMP-2507,2025-10-01,0,3,37.5,0.0
10479,EMP-2508,2025-10-01,0,20,250.0,0.0
10480,EMP-2509,2025-10-01,0,11,137.5,0.0
10481,EMP-2510,2025-10-01,1,0,0.0,23.03
10482,EMP-2511,2025-10-01,1,0,0.0,27.9
10483,EMP-2512,2025-10-01,0,18,225.0,0.0
10484,EMP-2513,2025-10-01,0,4,50.0,0.0
10485,EMP-2514,2025-10-01,5,0,0.0,236.17
10486,EMP-2515,2025-10-01,0,1,12.5,0.0
10487,EMP-2517,2025-10-01,0,11,137.5,0.0
10488,EMP-2518,2025-10-01,0,18,225.0,0.0
10489,EMP-2519,2025-10-01,1,0,0.0,21.1
10490,EMP-2520,2025-10-01,0,2,25.0,0.0
10491,EMP-2521,2025-10-01,2,0,0.0,140.8
10492,EMP-2522,2025-10-01,1,0,0.0,44.27
10493,EMP-2523,2025-10-01,0,0,0.0,0.0
10494,EMP-2524,2025-10-01,0,10,125.0,0.0
10495,EMP-2525,2025-10-01,0,20,250.0,0.0
10496,EMP-2526,2025-10-01,2,0,0.0,115.2
10497,EMP-2527,2025-10-01,0,13,162.5,0.0
10498,EMP-2528,2025-10-01,0,15,187.5,0.0
10499,EMP-2529,2025-10-01,3,0,0.0,146.0
10500,EMP-2530,2025-10-01,0,1,12.5,0.0
10501,EMP-2531,2025-10-01,0,13,162.5,0.0
10502,EMP-2532,2025-10-01,0,11,137.5,0.0
10503,EMP-2533,2025-10-01,2,0,0.0,47.87
10504,EMP-2534,2025-10-01,0,20,250.0,0.0
10505,EMP-2535,2025-10-01,0,0,0.0,0.0
10506,EMP-2536,2025-10-01,5,0,0.0,251.83
10507,EMP-2538,2025-10-01,0,11,137.5,0.0
10508,EMP-2539,2025-10-01,0,12,150.0,0.0
10509,EMP-2540,2025-10-01,1,0,0.0,35.73
10510,EMP-2541,2025-10-01,0,11,137.5,0.0
10511,EMP-2542,2025-10-01,0,7,87.5,0.0
10512,EMP-2543,2025-10-01,1,0,0.0,55.13
10513,EMP-2544,2025-10-01,0,7,87.5,0.0
10514,EMP-2545,2025-10-01,0,20,250.0,0.0
10515,EMP-2547,2025-10-01,0,6,75.0,0.0
10516,EMP-2548,2025-10-01,0,0,0.0,0.0
10517,EMP-2549,2025-10-01,0,6,75.0,0.0
10518,EMP-2551,2025-10-01,3,0,0.0,141.8
10519,EMP-2552,2025-10-01,0,7,87.5,0.0
10520,EMP-2553,2025-10-01,0,4,50.0,0.0
10521,EMP-2554,2025-10-01,1,0,0.0,81.3
10522,EMP-2556,2025-10-01,0,10,125.0,0.0
10523,EMP-2557,2025-10-01,0,14,175.0,0.0
10524,EMP-2558,2025-10-01,0,17,212.5,0.0
10525,EMP-2560,2025-10-01,2,0,0.0,175.0
10526,EMP-2561,2025-10-01,0,14,175.0,0.0
10527,EMP-2562,2025-10-01,0,6,75.0,0.0
10528,EMP-2563,2025-10-01,1,0,0.0,70.93
10529,EMP-2564,2025-10-01,0,17,212.5,0.0
10530,EMP-2565,2025-10-01,1,0,0.0,35.67
10531,EMP-2567,2025-10-01,2,0,0.0,175.87
10532,EMP-2568,2025-10-01,0,3,37.5,0.0
10533,EMP-2570,2025-10-01,0,10,125.0,0.0
10534,EMP-2571,2025-10-01,0,1,12.5,0.0
10535,EMP-2572,2025-10-01,0,12,150.0,0.0
10536,EMP-2573,2025-10-01,0,19,237.5,0.0
10537,EMP-2574,2025-10-01,0,20,250.0,0.0
10538,EMP-2575,2025-10-01,0,16,200.0,0.0
10539,EMP-2576,2025-10-01,0,8,100.0,0.0
10540,EMP-2577,2025-10-01,0,13,162.5,0.0
10541,EMP-2578,2025-10-01,0,2,25.0,0.0
10542,EMP-2579,2025-10-01,2,0,0.0,85.47
10543,EMP-2580,2025-10-01,0,11,137.5,0.0
10544,EMP-2581,2025-10-01,0,8,100.0,0.0
10545,EMP-2582,2025-10-01,0,11,137.5,0.0
10546,EMP-2583,2025-10-01,0,15,187.5,0.0
10547,EMP-2584,2025-10-01,1,0,0.0,85.23
10548,EMP-2585,2025-10-01,0,5,62.5,0.0
10549,EMP-2586,2025-10-01,0,2,25.0,0.0
10550,EMP-2587,2025-10-01,3,0,0.0,138.8
10551,EMP-2588,2025-10-01,0,4,50.0,0.0
10552,EMP-2589,2025-10-01,1,0,0.0,83.47
10553,EMP-2590,2025-10-01,0,5,62.5,0.0
10554,EMP-2591,2025-10-01,0,2,25.0,0.0
10555,EMP-2592,2025-10-01,0,18,225.0,0.0
10556,EMP-2593,2025-10-01,1,0,0.0,38.3
10557,EMP-2594,2025-10-01,0,20,250.0,0.0
10558,EMP-2595,2025-10-01,0,9,112.5,0.0
10559,EMP-2597,2025-10-01,0,13,162.5,0.0
10560,EMP-2598,2025-10-01,0,20,250.0,0.0
10561,EMP-2599,2025-10-01,0,9,112.5,0.0
10562,EMP-2001,2025-11-01,0,13,162.5,0.0
10563,EMP-2003,2025-11-01,0,2,25.0,0.0
10564,EMP-2004,2025-11-01,0,7,87.5,0.0
10565,EMP-2005,2025-11-01,0,9,112.5,0.0
10566,EMP-2006,2025-11-01,0,17,212.5,0.0
10567,EMP-2008,2025-11-01,3,0,0.0,310.0
10568,EMP-2010,2025-11-01,0,8,100.0,0.0
10569,EMP-2011,2025-11-01,0,4,50.0,0.0
10570,EMP-2014,2025-11-01,0,1,12.5,0.0
10571,EMP-2015,2025-11-01,0,7,87.5,0.0
10572,EMP-2016,2025-11-01,0,19,237.5,0.0
10573,EMP-2017,2025-11-01,0,17,212.5,0.0
10574,EMP-2018,2025-11-01,0,7,87.5,0.0
10575,EMP-2019,2025-11-01,0,3,37.5,0.0
10576,EMP-2020,2025-11-01,1,0,0.0,32.0
10577,EMP-2021,2025-11-01,0,17,212.5,0.0
10578,EMP-2022,2025-11-01,1,0,0.0,33.33
10579,EMP-2024,2025-11-01,1,0,0.0,94.7
10580,EMP-2025,2025-11-01,0,16,200.0,0.0
10581,EMP-2026,2025-11-01,0,14,175.0,0.0
10582,EMP-2027,2025-11-01,1,0,0.0,57.53
10583,EMP-2028,2025-11-01,0,10,125.0,0.0
10584,EMP-2029,2025-11-01,0,9,112.5,0.0
10585,EMP-2031,2025-11-01,0,4,50.0,0.0
10586,EMP-2032,2025-11-01,2,0,0.0,101.67
10587,EMP-2033,2025-11-01,0,14,175.0,0.0
10588,EMP-2034,2025-11-01,2,0,0.0,101.4
10589,EMP-2036,2025-11-01,1,0,0.0,44.37
10590,EMP-2037,2025-11-01,1,0,0.0,140.13
10591,EMP-2038,2025-11-01,1,0,0.0,33.1
10592,EMP-2039,2025-11-01,0,20,250.0,0.0
10593,EMP-2040,2025-11-01,0,14,175.0,0.0
10594,EMP-2041,2025-11-01,1,0,0.0,27.53
10595,EMP-2042,2025-11-01,0,2,25.0,0.0
10596,EMP-2043,2025-11-01,1,0,0.0,56.2
10597,EMP-2044,2025-11-01,0,6,75.0,0.0
10598,EMP-2047,2025-11-01,3,0,0.0,93.6
10599,EMP-2049,2025-11-01,0,7,87.5,0.0
10600,EMP-2050,2025-11-01,0,9,112.5,0.0
10601,EMP-2051,2025-11-01,0,4,50.0,0.0
10602,EMP-2052,2025-11-01,1,0,0.0,105.83
10603,EMP-2053,2025-11-01,0,16,200.0,0.0
10604,EMP-2055,2025-11-01,0,16,200.0,0.0
10605,EMP-2056,2025-11-01,0,1,12.5,0.0
10606,EMP-2057,2025-11-01,1,0,0.0,71.53
10607,EMP-2058,2025-11-01,0,14,175.0,0.0
10608,EMP-2059,2025-11-01,0,19,237.5,0.0
10609,EMP-2060,2025-11-01,5,0,0.0,146.5
10610,EMP-2061,2025-11-01,0,10,125.0,0.0
10611,EMP-2062,2025-11-01,0,0,0.0,0.0
10612,EMP-2063,2025-11-01,0,13,162.5,0.0
10613,EMP-2064,2025-11-01,0,5,62.5,0.0
10614,EMP-2065,2025-11-01,0,13,162.5,0.0
10615,EMP-2066,2025-11-01,0,2,25.0,0.0
10616,EMP-2069,2025-11-01,0,13,162.5,0.0
10617,EMP-2070,2025-11-01,0,3,37.5,0.0
10618,EMP-2071,2025-11-01,0,13,162.5,0.0
10619,EMP-2072,2025-11-01,2,0,0.0,61.73
10620,EMP-2073,2025-11-01,1,0,0.0,60.03
10621,EMP-2074,2025-11-01,0,17,212.5,0.0
10622,EMP-2075,2025-11-01,1,0,0.0,48.8
10623,EMP-2076,2025-11-01,0,19,237.5,0.0
10624,EMP-2078,2025-11-01,0,20,250.0,0.0
10625,EMP-2079,2025-11-01,0,20,250.0,0.0
10626,EMP-2081,2025-11-01,0,9,112.5,0.0
10627,EMP-2082,2025-11-01,0,15,187.5,0.0
10628,EMP-2083,2025-11-01,0,15,187.5,0.0
10629,EMP-2084,2025-11-01,1,0,0.0,36.1
10630,EMP-2085,2025-11-01,0,13,162.5,0.0
10631,EMP-2086,2025-11-01,0,2,25.0,0.0
10632,EMP-2087,2025-11-01,0,2,25.0,0.0
10633,EMP-2089,2025-11-01,2,0,0.0,110.27
10634,EMP-2090,2025-11-01,1,0,0.0,88.67
10635,EMP-2091,2025-11-01,0,8,100.0,0.0
10636,EMP-2093,2025-11-01,0,20,250.0,0.0
10637,EMP-2094,2025-11-01,1,0,0.0,31.63
10638,EMP-2095,2025-11-01,0,16,200.0,0.0
10639,EMP-2096,2025-11-01,0,18,225.0,0.0
10640,EMP-2097,2025-11-01,1,0,0.0,59.57
10641,EMP-2098,2025-11-01,3,0,0.0,142.0
10642,EMP-2101,2025-11-01,0,8,100.0,0.0
10643,EMP-2102,2025-11-01,0,3,37.5,0.0
10644,EMP-2103,2025-11-01,0,7,87.5,0.0
10645,EMP-2104,2025-11-01,1,0,0.0,138.53
10646,EMP-2105,2025-11-01,0,18,225.0,0.0
10647,EMP-2106,2025-11-01,2,0,0.0,135.8
10648,EMP-2107,2025-11-01,0,10,125.0,0.0
10649,EMP-2109,2025-11-01,3,0,0.0,154.1
10650,EMP-2110,2025-11-01,0,17,212.5,0.0
10651,EMP-2112,2025-11-01,0,5,62.5,0.0
10652,EMP-2113,2025-11-01,0,18,225.0,0.0
10653,EMP-2114,2025-11-01,0,17,212.5,0.0
10654,EMP-2115,2025-11-01,0,8,100.0,0.0
10655,EMP-2116,2025-11-01,0,8,100.0,0.0
10656,EMP-2117,2025-11-01,1,0,0.0,25.07
10657,EMP-2119,2025-11-01,1,0,0.0,149.7
10658,EMP-2120,2025-11-01,0,12,150.0,0.0
10659,EMP-2121,2025-11-01,2,0,0.0,86.73
10660,EMP-2122,2025-11-01,0,10,125.0,0.0
10661,EMP-2123,2025-11-01,2,0,0.0,282.33
10662,EMP-2124,2025-11-01,0,2,25.0,0.0
10663,EMP-2125,2025-11-01,0,2,25.0,0.0
10664,EMP-2127,2025-11-01,2,0,0.0,86.2
10665,EMP-2129,2025-11-01,0,15,187.5,0.0
10666,EMP-2130,2025-11-01,0,18,225.0,0.0
10667,EMP-2131,2025-11-01,0,13,162.5,0.0
10668,EMP-2132,2025-11-01,0,6,75.0,0.0
10669,EMP-2133,2025-11-01,0,18,225.0,0.0
10670,EMP-2134,2025-11-01,0,14,175.0,0.0
10671,EMP-2136,2025-11-01,1,0,0.0,70.8
10672,EMP-2137,2025-11-01,0,14,175.0,0.0
10673,EMP-2138,2025-11-01,2,0,0.0,233.47
10674,EMP-2139,2025-11-01,0,13,162.5,0.0
10675,EMP-2141,2025-11-01,3,0,0.0,178.7
10676,EMP-2142,2025-11-01,0,2,25.0,0.0
10677,EMP-2144,2025-11-01,0,17,212.5,0.0
10678,EMP-2145,2025-11-01,0,7,87.5,0.0
10679,EMP-2146,2025-11-01,0,18,225.0,0.0
10680,EMP-2147,2025-11-01,0,2,25.0,0.0
10681,EMP-2148,2025-11-01,0,17,212.5,0.0
10682,EMP-2149,2025-11-01,0,18,225.0,0.0
10683,EMP-2150,2025-11-01,0,3,37.5,0.0
10684,EMP-2151,2025-11-01,1,0,0.0,35.17
10685,EMP-2154,2025-11-01,0,19,237.5,0.0
10686,EMP-2155,2025-11-01,1,0,0.0,56.23
10687,EMP-2156,2025-11-01,2,0,0.0,61.67
10688,EMP-2157,2025-11-01,0,10,125.0,0.0
10689,EMP-2158,2025-11-01,5,0,0.0,269.5
10690,EMP-2159,2025-11-01,0,5,62.5,0.0
10691,EMP-2160,2025-11-01,0,6,75.0,0.0
10692,EMP-2161,2025-11-01,0,18,225.0,0.0
10693,EMP-2162,2025-11-01,0,20,250.0,0.0
10694,EMP-2163,2025-11-01,5,0,0.0,504.17
10695,EMP-2164,2025-11-01,0,17,212.5,0.0
10696,EMP-2165,2025-11-01,0,7,87.5,0.0
10697,EMP-2167,2025-11-01,0,12,150.0,0.0
10698,EMP-2168,2025-11-01,1,0,0.0,44.7
10699,EMP-2169,2025-11-01,0,17,212.5,0.0
10700,EMP-2170,2025-11-01,0,7,87.5,0.0
10701,EMP-2171,2025-11-01,2,0,0.0,84.67
10702,EMP-2172,2025-11-01,1,0,0.0,112.4
10703,EMP-2173,2025-11-01,0,19,237.5,0.0
10704,EMP-2174,2025-11-01,0,11,137.5,0.0
10705,EMP-2175,2025-11-01,0,16,200.0,0.0
10706,EMP-2177,2025-11-01,0,11,137.5,0.0
10707,EMP-2178,2025-11-01,0,5,62.5,0.0
10708,EMP-2180,2025-11-01,0,13,162.5,0.0
10709,EMP-2181,2025-11-01,2,0,0.0,276.2
10710,EMP-2182,2025-11-01,0,5,62.5,0.0
10711,EMP-2183,2025-11-01,0,12,150.0,0.0
10712,EMP-2184,2025-11-01,0,3,37.5,0.0
10713,EMP-2185,2025-11-01,0,11,137.5,0.0
10714,EMP-2186,2025-11-01,0,19,237.5,0.0
10715,EMP-2187,2025-11-01,2,0,0.0,87.67
10716,EMP-2188,2025-11-01,0,1,12.5,0.0
10717,EMP-2189,2025-11-01,0,2,25.0,0.0
10718,EMP-2190,2025-11-01,0,6,75.0,0.0
10719,EMP-2191,2025-11-01,1,0,0.0,66.13
10720,EMP-2192,2025-11-01,0,18,225.0,0.0
10721,EMP-2193,2025-11-01,2,0,0.0,142.4
10722,EMP-2194,2025-11-01,2,0,0.0,103.47
10723,EMP-2197,2025-11-01,0,5,62.5,0.0
10724,EMP-2198,2025-11-01,0,16,200.0,0.0
10725,EMP-2199,2025-11-01,0,15,187.5,0.0
10726,EMP-2200,2025-11-01,0,11,137.5,0.0
10727,EMP-2201,2025-11-01,1,0,0.0,40.77
10728,EMP-2203,2025-11-01,0,0,0.0,0.0
10729,EMP-2204,2025-11-01,0,14,175.0,0.0
10730,EMP-2206,2025-11-01,0,12,150.0,0.0
10731,EMP-2208,2025-11-01,2,0,0.0,210.87
10732,EMP-2210,2025-11-01,0,20,250.0,0.0
10733,EMP-2211,2025-11-01,0,14,175.0,0.0
10734,EMP-2212,2025-11-01,0,20,250.0,0.0
10735,EMP-2213,2025-11-01,1,0,0.0,48.97
10736,EMP-2214,2025-11-01,0,11,137.5,0.0
10737,EMP-2215,2025-11-01,0,15,187.5,0.0
10738,EMP-2216,2025-11-01,0,1,12.5,0.0
10739,EMP-2217,2025-11-01,0,12,150.0,0.0
10740,EMP-2218,2025-11-01,1,0,0.0,20.37
10741,EMP-2219,2025-11-01,0,20,250.0,0.0
10742,EMP-2220,2025-11-01,0,0,0.0,0.0
10743,EMP-2221,2025-11-01,1,0,0.0,47.8
10744,EMP-2222,2025-11-01,0,18,225.0,0.0
10745,EMP-2223,2025-11-01,3,0,0.0,157.4
10746,EMP-2224,2025-11-01,0,7,87.5,0.0
10747,EMP-2225,2025-11-01,3,0,0.0,113.7
10748,EMP-2226,2025-11-01,0,11,137.5,0.0
10749,EMP-2227,2025-11-01,0,9,112.5,0.0
10750,EMP-2229,2025-11-01,0,3,37.5,0.0
10751,EMP-2230,2025-11-01,0,10,125.0,0.0
10752,EMP-2231,2025-11-01,0,18,225.0,0.0
10753,EMP-2232,2025-11-01,2,0,0.0,96.33
10754,EMP-2233,2025-11-01,0,17,212.5,0.0
10755,EMP-2234,2025-11-01,0,10,125.0,0.0
10756,EMP-2235,2025-11-01,0,0,0.0,0.0
10757,EMP-2236,2025-11-01,0,4,50.0,0.0
10758,EMP-2237,2025-11-01,0,12,150.0,0.0
10759,EMP-2238,2025-11-01,0,5,62.5,0.0
10760,EMP-2241,2025-11-01,3,0,0.0,126.7
10761,EMP-2242,2025-11-01,0,15,187.5,0.0
10762,EMP-2243,2025-11-01,0,12,150.0,0.0
10763,EMP-2245,2025-11-01,0,0,0.0,0.0
10764,EMP-2246,2025-11-01,0,13,162.5,0.0
10765,EMP-2247,2025-11-01,1,0,0.0,44.77
10766,EMP-2248,2025-11-01,0,8,100.0,0.0
10767,EMP-2249,2025-11-01,0,6,75.0,0.0
10768,EMP-2250,2025-11-01,0,12,150.0,0.0
10769,EMP-2251,2025-11-01,0,17,212.5,0.0
10770,EMP-2252,2025-11-01,0,19,237.5,0.0
10771,EMP-2253,2025-11-01,0,6,75.0,0.0
10772,EMP-2255,2025-11-01,0,11,137.5,0.0
10773,EMP-2256,2025-11-01,0,2,25.0,0.0
10774,EMP-2257,2025-11-01,0,16,200.0,0.0
10775,EMP-2258,2025-11-01,1,0,0.0,47.3
10776,EMP-2259,2025-11-01,0,18,225.0,0.0
10777,EMP-2260,2025-11-01,0,16,200.0,0.0
10778,EMP-2261,2025-11-01,0,13,162.5,0.0
10779,EMP-2262,2025-11-01,0,14,175.0,0.0
10780,EMP-2263,2025-11-01,1,0,0.0,32.7
10781,EMP-2264,2025-11-01,2,0,0.0,95.33
10782,EMP-2265,2025-11-01,0,13,162.5,0.0
10783,EMP-2266,2025-11-01,0,8,100.0,0.0
10784,EMP-2267,2025-11-01,0,17,212.5,0.0
10785,EMP-2268,2025-11-01,0,12,150.0,0.0
10786,EMP-2270,2025-11-01,1,0,0.0,42.1
10787,EMP-2271,2025-11-01,0,8,100.0,0.0
10788,EMP-2272,2025-11-01,0,7,87.5,0.0
10789,EMP-2273,2025-11-01,0,4,50.0,0.0
10790,EMP-2274,2025-11-01,0,1,12.5,0.0
10791,EMP-2275,2025-11-01,0,4,50.0,0.0
10792,EMP-2276,2025-11-01,1,0,0.0,35.33
10793,EMP-2277,2025-11-01,0,2,25.0,0.0
10794,EMP-2281,2025-11-01,0,19,237.5,0.0
10795,EMP-2283,2025-11-01,0,8,100.0,0.0
10796,EMP-2284,2025-11-01,0,3,37.5,0.0
10797,EMP-2285,2025-11-01,1,0,0.0,49.37
10798,EMP-2286,2025-11-01,0,5,62.5,0.0
10799,EMP-2287,2025-11-01,0,17,212.5,0.0
10800,EMP-2288,2025-11-01,0,1,12.5,0.0
10801,EMP-2289,2025-11-01,0,18,225.0,0.0
10802,EMP-2290,2025-11-01,0,18,225.0,0.0
10803,EMP-2291,2025-11-01,0,11,137.5,0.0
10804,EMP-2294,2025-11-01,0,16,200.0,0.0
10805,EMP-2295,2025-11-01,1,0,0.0,58.23
10806,EMP-2296,2025-11-01,0,8,100.0,0.0
10807,EMP-2297,2025-11-01,0,19,237.5,0.0
10808,EMP-2298,2025-11-01,0,1,12.5,0.0
10809,EMP-2299,2025-11-01,5,0,0.0,244.33
10810,EMP-2300,2025-11-01,5,0,0.0,660.33
10811,EMP-2301,2025-11-01,0,19,237.5,0.0
10812,EMP-2302,2025-11-01,0,3,37.5,0.0
10813,EMP-2303,2025-11-01,0,7,87.5,0.0
10814,EMP-2304,2025-11-01,0,4,50.0,0.0
10815,EMP-2305,2025-11-01,0,14,175.0,0.0
10816,EMP-2306,2025-11-01,0,15,187.5,0.0
10817,EMP-2307,2025-11-01,0,4,50.0,0.0
10818,EMP-2308,2025-11-01,0,4,50.0,0.0
10819,EMP-2309,2025-11-01,0,0,0.0,0.0
10820,EMP-2310,2025-11-01,0,5,62.5,0.0
10821,EMP-2311,2025-11-01,1,0,0.0,44.0
10822,EMP-2313,2025-11-01,0,4,50.0,0.0
10823,EMP-2314,2025-11-01,0,11,137.5,0.0
10824,EMP-2315,2025-11-01,0,7,87.5,0.0
10825,EMP-2316,2025-11-01,1,0,0.0,47.33
10826,EMP-2317,2025-11-01,1,0,0.0,144.6
10827,EMP-2318,2025-11-01,2,0,0.0,54.4
10828,EMP-2320,2025-11-01,0,3,37.5,0.0
10829,EMP-2321,2025-11-01,0,6,75.0,0.0
10830,EMP-2322,2025-11-01,0,17,212.5,0.0
10831,EMP-2323,2025-11-01,0,5,62.5,0.0
10832,EMP-2324,2025-11-01,0,19,237.5,0.0
10833,EMP-2325,2025-11-01,0,5,62.5,0.0
10834,EMP-2326,2025-11-01,0,10,125.0,0.0
10835,EMP-2327,2025-11-01,3,0,0.0,150.1
10836,EMP-2328,2025-11-01,0,11,137.5,0.0
10837,EMP-2329,2025-11-01,0,9,112.5,0.0
10838,EMP-2330,2025-11-01,3,0,0.0,139.9
10839,EMP-2331,2025-11-01,0,11,137.5,0.0
10840,EMP-2332,2025-11-01,0,10,125.0,0.0
10841,EMP-2333,2025-11-01,0,16,200.0,0.0
10842,EMP-2334,2025-11-01,0,19,237.5,0.0
10843,EMP-2335,2025-11-01,3,0,0.0,68.6
10844,EMP-2336,2025-11-01,0,4,50.0,0.0
10845,EMP-2337,2025-11-01,0,1,12.5,0.0
10846,EMP-2338,2025-11-01,0,16,200.0,0.0
10847,EMP-2339,2025-11-01,0,6,75.0,0.0
10848,EMP-2340,2025-11-01,0,9,112.5,0.0
10849,EMP-2341,2025-11-01,0,19,237.5,0.0
10850,EMP-2342,2025-11-01,1,0,0.0,36.07
10851,EMP-2343,2025-11-01,2,0,0.0,262.27
10852,EMP-2344,2025-11-01,0,3,37.5,0.0
10853,EMP-2345,2025-11-01,0,17,212.5,0.0
10854,EMP-2346,2025-11-01,2,0,0.0,140.67
10855,EMP-2347,2025-11-01,0,0,0.0,0.0
10856,EMP-2350,2025-11-01,0,6,75.0,0.0
10857,EMP-2351,2025-11-01,0,1,12.5,0.0
10858,EMP-2352,2025-11-01,0,8,100.0,0.0
10859,EMP-2354,2025-11-01,5,0,0.0,242.5
10860,EMP-2355,2025-11-01,0,8,100.0,0.0
10861,EMP-2356,2025-11-01,0,13,162.5,0.0
10862,EMP-2357,2025-11-01,0,3,37.5,0.0
10863,EMP-2358,2025-11-01,0,7,87.5,0.0
10864,EMP-2359,2025-11-01,0,20,250.0,0.0
10865,EMP-2361,2025-11-01,0,4,50.0,0.0
10866,EMP-2362,2025-11-01,1,0,0.0,20.93
10867,EMP-2363,2025-11-01,0,20,250.0,0.0
10868,EMP-2364,2025-11-01,2,0,0.0,268.47
10869,EMP-2365,2025-11-01,0,12,150.0,0.0
10870,EMP-2366,2025-11-01,0,4,50.0,0.0
10871,EMP-2367,2025-11-01,0,4,50.0,0.0
10872,EMP-2368,2025-11-01,0,15,187.5,0.0
10873,EMP-2369,2025-11-01,0,20,250.0,0.0
10874,EMP-2370,2025-11-01,2,0,0.0,268.93
10875,EMP-2371,2025-11-01,0,10,125.0,0.0
10876,EMP-2372,2025-11-01,1,0,0.0,21.77
10877,EMP-2373,2025-11-01,0,10,125.0,0.0
10878,EMP-2374,2025-11-01,0,0,0.0,0.0
10879,EMP-2375,2025-11-01,0,16,200.0,0.0
10880,EMP-2376,2025-11-01,0,3,37.5,0.0
10881,EMP-2377,2025-11-01,0,11,137.5,0.0
10882,EMP-2379,2025-11-01,0,12,150.0,0.0
10883,EMP-2380,2025-11-01,0,4,50.0,0.0
10884,EMP-2382,2025-11-01,0,1,12.5,0.0
10885,EMP-2383,2025-11-01,0,17,212.5,0.0
10886,EMP-2384,2025-11-01,0,9,112.5,0.0
10887,EMP-2385,2025-11-01,3,0,0.0,119.8
10888,EMP-2386,2025-11-01,1,0,0.0,44.57
10889,EMP-2387,2025-11-01,2,0,0.0,73.0
10890,EMP-2388,2025-11-01,0,15,187.5,0.0
10891,EMP-2390,2025-11-01,0,16,200.0,0.0
10892,EMP-2392,2025-11-01,0,0,0.0,0.0
10893,EMP-2393,2025-11-01,0,3,37.5,0.0
10894,EMP-2394,2025-11-01,0,14,175.0,0.0
10895,EMP-2395,2025-11-01,0,3,37.5,0.0
10896,EMP-2396,2025-11-01,0,6,75.0,0.0
10897,EMP-2398,2025-11-01,2,0,0.0,76.13
10898,EMP-2399,2025-11-01,0,6,75.0,0.0
10899,EMP-2400,2025-11-01,0,20,250.0,0.0
10900,EMP-2401,2025-11-01,0,15,187.5,0.0
10901,EMP-2402,2025-11-01,0,15,187.5,0.0
10902,EMP-2404,2025-11-01,0,9,112.5,0.0
10903,EMP-2405,2025-11-01,0,7,87.5,0.0
10904,EMP-2406,2025-11-01,3,0,0.0,67.6
10905,EMP-2407,2025-11-01,0,6,75.0,0.0
10906,EMP-2408,2025-11-01,0,11,137.5,0.0
10907,EMP-2409,2025-11-01,3,0,0.0,100.2
10908,EMP-2410,2025-11-01,5,0,0.0,294.67
10909,EMP-2411,2025-11-01,0,2,25.0,0.0
10910,EMP-2412,2025-11-01,0,6,75.0,0.0
10911,EMP-2413,2025-11-01,1,0,0.0,21.97
10912,EMP-2414,2025-11-01,0,15,187.5,0.0
10913,EMP-2415,2025-11-01,0,13,162.5,0.0
10914,EMP-2417,2025-11-01,1,0,0.0,25.9
10915,EMP-2418,2025-11-01,0,14,175.0,0.0
10916,EMP-2419,2025-11-01,0,14,175.0,0.0
10917,EMP-2420,2025-11-01,0,7,87.5,0.0
10918,EMP-2421,2025-11-01,0,16,200.0,0.0
10919,EMP-2423,2025-11-01,0,13,162.5,0.0
10920,EMP-2424,2025-11-01,0,4,50.0,0.0
10921,EMP-2425,2025-11-01,0,12,150.0,0.0
10922,EMP-2426,2025-11-01,0,9,112.5,0.0
10923,EMP-2427,2025-11-01,2,0,0.0,129.53
10924,EMP-2428,2025-11-01,0,13,162.5,0.0
10925,EMP-2429,2025-11-01,0,5,62.5,0.0
10926,EMP-2430,2025-11-01,0,9,112.5,0.0
10927,EMP-2431,2025-11-01,0,2,25.0,0.0
10928,EMP-2433,2025-11-01,0,4,50.0,0.0
10929,EMP-2435,2025-11-01,3,0,0.0,433.0
10930,EMP-2436,2025-11-01,2,0,0.0,55.8
10931,EMP-2438,2025-11-01,0,1,12.5,0.0
10932,EMP-2440,2025-11-01,0,3,37.5,0.0
10933,EMP-2441,2025-11-01,0,13,162.5,0.0
10934,EMP-2443,2025-11-01,0,3,37.5,0.0
10935,EMP-2445,2025-11-01,0,17,212.5,0.0
10936,EMP-2446,2025-11-01,1,0,0.0,25.7
10937,EMP-2448,2025-11-01,3,0,0.0,127.4
10938,EMP-2449,2025-11-01,0,15,187.5,0.0
10939,EMP-2452,2025-11-01,0,2,25.0,0.0
10940,EMP-2453,2025-11-01,0,4,50.0,0.0
10941,EMP-2454,2025-11-01,3,0,0.0,171.9
10942,EMP-2455,2025-11-01,0,14,175.0,0.0
10943,EMP-2456,2025-11-01,1,0,0.0,44.23
10944,EMP-2457,2025-11-01,0,14,175.0,0.0
10945,EMP-2458,2025-11-01,0,10,125.0,0.0
10946,EMP-2459,2025-11-01,1,0,0.0,34.93
10947,EMP-2460,2025-11-01,2,0,0.0,101.73
10948,EMP-2462,2025-11-01,0,16,200.0,0.0
10949,EMP-2463,2025-11-01,0,7,87.5,0.0
10950,EMP-2464,2025-11-01,1,0,0.0,50.87
10951,EMP-2465,2025-11-01,0,2,25.0,0.0
10952,EMP-2466,2025-11-01,0,5,62.5,0.0
10953,EMP-2467,2025-11-01,0,6,75.0,0.0
10954,EMP-2469,2025-11-01,0,1,12.5,0.0
10955,EMP-2470,2025-11-01,3,0,0.0,86.5
10956,EMP-2471,2025-11-01,0,3,37.5,0.0
10957,EMP-2473,2025-11-01,0,16,200.0,0.0
10958,EMP-2474,2025-11-01,0,4,50.0,0.0
10959,EMP-2476,2025-11-01,0,7,87.5,0.0
10960,EMP-2477,2025-11-01,0,4,50.0,0.0
10961,EMP-2478,2025-11-01,1,0,0.0,38.33
10962,EMP-2479,2025-11-01,0,20,250.0,0.0
10963,EMP-2480,2025-11-01,0,11,137.5,0.0
10964,EMP-2481,2025-11-01,0,1,12.5,0.0
10965,EMP-2482,2025-11-01,0,4,50.0,0.0
10966,EMP-2483,2025-11-01,1,0,0.0,129.27
10967,EMP-2484,2025-11-01,2,0,0.0,70.33
10968,EMP-2485,2025-11-01,0,15,187.5,0.0
10969,EMP-2486,2025-11-01,0,15,187.5,0.0
10970,EMP-2487,2025-11-01,0,6,75.0,0.0
10971,EMP-2488,2025-11-01,1,0,0.0,30.63
10972,EMP-2489,2025-11-01,1,0,0.0,128.07
10973,EMP-2491,2025-11-01,0,5,62.5,0.0
10974,EMP-2492,2025-11-01,0,8,100.0,0.0
10975,EMP-2493,2025-11-01,1,0,0.0,81.53
10976,EMP-2495,2025-11-01,0,2,25.0,0.0
10977,EMP-2496,2025-11-01,0,11,137.5,0.0
10978,EMP-2497,2025-11-01,0,9,112.5,0.0
10979,EMP-2498,2025-11-01,1,0,0.0,56.1
10980,EMP-2499,2025-11-01,0,15,187.5,0.0
10981,EMP-2500,2025-11-01,2,0,0.0,252.2
10982,EMP-2501,2025-11-01,1,0,0.0,58.87
10983,EMP-2502,2025-11-01,0,13,162.5,0.0
10984,EMP-2503,2025-11-01,1,0,0.0,21.27
10985,EMP-2504,2025-11-01,0,3,37.5,0.0
10986,EMP-2505,2025-11-01,0,9,112.5,0.0
10987,EMP-2506,2025-11-01,2,0,0.0,108.8
10988,EMP-2507,2025-11-01,0,1,12.5,0.0
10989,EMP-2508,2025-11-01,0,19,237.5,0.0
10990,EMP-2509,2025-11-01,0,5,62.5,0.0
10991,EMP-2510,2025-11-01,5,0,0.0,115.17
10992,EMP-2511,2025-11-01,0,3,37.5,0.0
10993,EMP-2512,2025-11-01,1,0,0.0,48.43
10994,EMP-2513,2025-11-01,0,1,12.5,0.0
10995,EMP-2514,2025-11-01,0,15,187.5,0.0
10996,EMP-2515,2025-11-01,0,13,162.5,0.0
10997,EMP-2517,2025-11-01,0,15,187.5,0.0
10998,EMP-2518,2025-11-01,5,0,0.0,273.33
10999,EMP-2519,2025-11-01,2,0,0.0,42.2
11000,EMP-2520,2025-11-01,2,0,0.0,277.2
11001,EMP-2521,2025-11-01,0,15,187.5,0.0
11002,EMP-2522,2025-11-01,1,0,0.0,44.27
11003,EMP-2523,2025-11-01,0,13,162.5,0.0
11004,EMP-2524,2025-11-01,2,0,0.0,91.4
11005,EMP-2525,2025-11-01,0,14,175.0,0.0
11006,EMP-2526,2025-11-01,0,20,250.0,0.0
11007,EMP-2527,2025-11-01,0,3,37.5,0.0
11008,EMP-2528,2025-11-01,0,10,125.0,0.0
11009,EMP-2529,2025-11-01,0,13,162.5,0.0
11010,EMP-2530,2025-11-01,0,15,187.5,0.0
11011,EMP-2531,2025-11-01,0,8,100.0,0.0
11012,EMP-2532,2025-11-01,1,0,0.0,21.67
11013,EMP-2533,2025-11-01,5,0,0.0,119.67
11014,EMP-2534,2025-11-01,0,8,100.0,0.0
11015,EMP-2535,2025-11-01,2,0,0.0,71.13
11016,EMP-2536,2025-11-01,0,4,50.0,0.0
11017,EMP-2538,2025-11-01,3,0,0.0,261.8
11018,EMP-2539,2025-11-01,0,11,137.5,0.0
11019,EMP-2540,2025-11-01,0,20,250.0,0.0
11020,EMP-2541,2025-11-01,0,14,175.0,0.0
11021,EMP-2542,2025-11-01,1,0,0.0,137.17
11022,EMP-2543,2025-11-01,0,4,50.0,0.0
11023,EMP-2544,2025-11-01,1,0,0.0,109.73
11024,EMP-2545,2025-11-01,0,5,62.5,0.0
11025,EMP-2547,2025-11-01,2,0,0.0,150.87
11026,EMP-2548,2025-11-01,1,0,0.0,55.13
11027,EMP-2549,2025-11-01,0,9,112.5,0.0
11028,EMP-2551,2025-11-01,2,0,0.0,94.53
11029,EMP-2552,2025-11-01,0,5,62.5,0.0
11030,EMP-2553,2025-11-01,0,12,150.0,0.0
11031,EMP-2554,2025-11-01,2,0,0.0,162.6
11032,EMP-2556,2025-11-01,0,7,87.5,0.0
11033,EMP-2557,2025-11-01,0,9,112.5,0.0
11034,EMP-2558,2025-11-01,1,0,0.0,58.37
11035,EMP-2560,2025-11-01,2,0,0.0,175.0
11036,EMP-2561,2025-11-01,0,6,75.0,0.0
11037,EMP-2562,2025-11-01,2,0,0.0,61.73
11038,EMP-2563,2025-11-01,0,4,50.0,0.0
11039,EMP-2564,2025-11-01,0,5,62.5,0.0
11040,EMP-2565,2025-11-01,2,0,0.0,71.33
11041,EMP-2567,2025-11-01,0,3,37.5,0.0
11042,EMP-2568,2025-11-01,0,19,237.5,0.0
11043,EMP-2570,2025-11-01,0,1,12.5,0.0
11044,EMP-2571,2025-11-01,1,0,0.0,32.27
11045,EMP-2572,2025-11-01,0,13,162.5,0.0
11046,EMP-2573,2025-11-01,0,4,50.0,0.0
11047,EMP-2574,2025-11-01,1,0,0.0,57.1
11048,EMP-2575,2025-11-01,0,19,237.5,0.0
11049,EMP-2576,2025-11-01,1,0,0.0,21.43
11050,EMP-2577,2025-11-01,0,18,225.0,0.0
11051,EMP-2578,2025-11-01,0,20,250.0,0.0
11052,EMP-2579,2025-11-01,1,0,0.0,42.73
11053,EMP-2580,2025-11-01,0,12,150.0,0.0
11054,EMP-2581,2025-11-01,0,18,225.0,0.0
11055,EMP-2582,2025-11-01,0,6,75.0,0.0
11056,EMP-2583,2025-11-01,0,9,112.5,0.0
11057,EMP-2584,2025-11-01,0,15,187.5,0.0
11058,EMP-2585,2025-11-01,0,17,212.5,0.0
11059,EMP-2586,2025-11-01,1,0,0.0,51.37
11060,EMP-2587,2025-11-01,1,0,0.0,46.27
11061,EMP-2588,2025-11-01,0,2,25.0,0.0
11062,EMP-2589,2025-11-01,1,0,0.0,83.47
11063,EMP-2590,2025-11-01,2,0,0.0,77.07
11064,EMP-2591,2025-11-01,1,0,0.0,20.17
11065,EMP-2592,2025-11-01,0,11,137.5,0.0
11066,EMP-2593,2025-11-01,0,18,225.0,0.0
11067,EMP-2594,2025-11-01,0,19,237.5,0.0
11068,EMP-2595,2025-11-01,0,13,162.5,0.0
11069,EMP-2597,2025-11-01,0,15,187.5,0.0
11070,EMP-2598,2025-11-01,2,0,0.0,185.67
11071,EMP-2599,2025-11-01,5,0,0.0,246.17
11072,EMP-2001,2025-12-01,2,0,0.0,46.6
11073,EMP-2003,2025-12-01,0,3,37.5,0.0
11074,EMP-2004,2025-12-01,0,1,12.5,0.0
11075,EMP-2005,2025-12-01,0,17,212.5,0.0
11076,EMP-2006,2025-12-01,0,20,250.0,0.0
11077,EMP-2008,2025-12-01,0,3,37.5,0.0
11078,EMP-2010,2025-12-01,0,9,112.5,0.0
11079,EMP-2011,2025-12-01,3,0,0.0,134.2
11080,EMP-2014,2025-12-01,0,10,125.0,0.0
11081,EMP-2015,2025-12-01,1,0,0.0,57.33
11082,EMP-2016,2025-12-01,0,10,125.0,0.0
11083,EMP-2017,2025-12-01,2,0,0.0,95.67
11084,EMP-2018,2025-12-01,1,0,0.0,78.23
11085,EMP-2019,2025-12-01,0,0,0.0,0.0
11086,EMP-2020,2025-12-01,0,5,62.5,0.0
11087,EMP-2021,2025-12-01,0,2,25.0,0.0
11088,EMP-2022,2025-12-01,0,16,200.0,0.0
11089,EMP-2024,2025-12-01,0,9,112.5,0.0
11090,EMP-2025,2025-12-01,0,17,212.5,0.0
11091,EMP-2026,2025-12-01,0,17,212.5,0.0
11092,EMP-2027,2025-12-01,0,6,75.0,0.0
11093,EMP-2028,2025-12-01,0,19,237.5,0.0
11094,EMP-2029,2025-12-01,0,2,25.0,0.0
11095,EMP-2031,2025-12-01,0,8,100.0,0.0
11096,EMP-2032,2025-12-01,2,0,0.0,101.67
11097,EMP-2033,2025-12-01,0,7,87.5,0.0
11098,EMP-2034,2025-12-01,0,2,25.0,0.0
11099,EMP-2036,2025-12-01,1,0,0.0,44.37
11100,EMP-2037,2025-12-01,0,8,100.0,0.0
11101,EMP-2038,2025-12-01,0,3,37.5,0.0
11102,EMP-2039,2025-12-01,0,1,12.5,0.0
11103,EMP-2040,2025-12-01,1,0,0.0,57.47
11104,EMP-2041,2025-12-01,3,0,0.0,82.6
11105,EMP-2042,2025-12-01,3,0,0.0,285.0
11106,EMP-2043,2025-12-01,0,2,25.0,0.0
11107,EMP-2044,2025-12-01,1,0,0.0,31.3
11108,EMP-2047,2025-12-01,3,0,0.0,93.6
11109,EMP-2049,2025-12-01,0,18,225.0,0.0
11110,EMP-2050,2025-12-01,0,5,62.5,0.0
11111,EMP-2051,2025-12-01,0,0,0.0,0.0
11112,EMP-2052,2025-12-01,1,0,0.0,105.83
11113,EMP-2053,2025-12-01,0,9,112.5,0.0
11114,EMP-2055,2025-12-01,0,18,225.0,0.0
11115,EMP-2056,2025-12-01,0,1,12.5,0.0
11116,EMP-2057,2025-12-01,0,5,62.5,0.0
11117,EMP-2058,2025-12-01,0,16,200.0,0.0
11118,EMP-2059,2025-12-01,2,0,0.0,90.87
11119,EMP-2060,2025-12-01,0,2,25.0,0.0
11120,EMP-2061,2025-12-01,0,11,137.5,0.0
11121,EMP-2062,2025-12-01,0,11,137.5,0.0
11122,EMP-2063,2025-12-01,0,18,225.0,0.0
11123,EMP-2064,2025-12-01,0,19,237.5,0.0
11124,EMP-2065,2025-12-01,0,13,162.5,0.0
11125,EMP-2066,2025-12-01,0,11,137.5,0.0
11126,EMP-2069,2025-12-01,1,0,0.0,30.8
11127,EMP-2070,2025-12-01,0,20,250.0,0.0
11128,EMP-2071,2025-12-01,0,9,112.5,0.0
11129,EMP-2072,2025-12-01,0,14,175.0,0.0
11130,EMP-2073,2025-12-01,1,0,0.0,60.03
11131,EMP-2074,2025-12-01,0,8,100.0,0.0
11132,EMP-2075,2025-12-01,0,0,0.0,0.0
11133,EMP-2076,2025-12-01,0,14,175.0,0.0
11134,EMP-2078,2025-12-01,0,1,12.5,0.0
11135,EMP-2079,2025-12-01,0,11,137.5,0.0
11136,EMP-2081,2025-12-01,0,7,87.5,0.0
11137,EMP-2082,2025-12-01,0,14,175.0,0.0
11138,EMP-2083,2025-12-01,0,0,0.0,0.0
11139,EMP-2084,2025-12-01,0,11,137.5,0.0
11140,EMP-2085,2025-12-01,0,10,125.0,0.0
11141,EMP-2086,2025-12-01,0,4,50.0,0.0
11142,EMP-2087,2025-12-01,0,12,150.0,0.0
11143,EMP-2089,2025-12-01,0,17,212.5,0.0
11144,EMP-2090,2025-12-01,5,0,0.0,443.33
11145,EMP-2091,2025-12-01,0,15,187.5,0.0
11146,EMP-2093,2025-12-01,0,0,0.0,0.0
11147,EMP-2094,2025-12-01,0,0,0.0,0.0
11148,EMP-2095,2025-12-01,1,0,0.0,56.77
11149,EMP-2096,2025-12-01,2,0,0.0,72.87
11150,EMP-2097,2025-12-01,0,7,87.5,0.0
11151,EMP-2098,2025-12-01,0,16,200.0,0.0
11152,EMP-2101,2025-12-01,0,19,237.5,0.0
11153,EMP-2102,2025-12-01,0,12,150.0,0.0
11154,EMP-2103,2025-12-01,0,7,87.5,0.0
11155,EMP-2104,2025-12-01,5,0,0.0,692.67
11156,EMP-2105,2025-12-01,0,4,50.0,0.0
11157,EMP-2106,2025-12-01,0,1,12.5,0.0
11158,EMP-2107,2025-12-01,2,0,0.0,60.53
11159,EMP-2109,2025-12-01,0,3,37.5,0.0
11160,EMP-2110,2025-12-01,0,2,25.0,0.0
11161,EMP-2112,2025-12-01,0,5,62.5,0.0
11162,EMP-2113,2025-12-01,0,16,200.0,0.0
11163,EMP-2114,2025-12-01,0,8,100.0,0.0
11164,EMP-2115,2025-12-01,0,5,62.5,0.0
11165,EMP-2116,2025-12-01,1,0,0.0,32.13
11166,EMP-2117,2025-12-01,0,6,75.0,0.0
11167,EMP-2119,2025-12-01,2,0,0.0,299.4
11168,EMP-2120,2025-12-01,5,0,0.0,249.0
11169,EMP-2121,2025-12-01,0,4,50.0,0.0
11170,EMP-2122,2025-12-01,0,7,87.5,0.0
11171,EMP-2123,2025-12-01,0,1,12.5,0.0
11172,EMP-2124,2025-12-01,0,14,175.0,0.0
11173,EMP-2125,2025-12-01,0,8,100.0,0.0
11174,EMP-2127,2025-12-01,1,0,0.0,43.1
11175,EMP-2129,2025-12-01,0,11,137.5,0.0
11176,EMP-2130,2025-12-01,0,12,150.0,0.0
11177,EMP-2131,2025-12-01,0,16,200.0,0.0
11178,EMP-2132,2025-12-01,0,14,175.0,0.0
11179,EMP-2133,2025-12-01,0,19,237.5,0.0
11180,EMP-2134,2025-12-01,0,8,100.0,0.0
11181,EMP-2136,2025-12-01,0,2,25.0,0.0
11182,EMP-2137,2025-12-01,2,0,0.0,133.4
11183,EMP-2138,2025-12-01,0,11,137.5,0.0
11184,EMP-2141,2025-12-01,2,0,0.0,119.13
11185,EMP-2142,2025-12-01,1,0,0.0,28.33
11186,EMP-2144,2025-12-01,0,20,250.0,0.0
11187,EMP-2145,2025-12-01,1,0,0.0,74.83
11188,EMP-2146,2025-12-01,0,0,0.0,0.0
11189,EMP-2147,2025-12-01,5,0,0.0,244.33
11190,EMP-2148,2025-12-01,0,8,100.0,0.0
11191,EMP-2149,2025-12-01,5,0,0.0,680.0
11192,EMP-2150,2025-12-01,0,8,100.0,0.0
11193,EMP-2151,2025-12-01,0,5,62.5,0.0
11194,EMP-2154,2025-12-01,1,0,0.0,24.6
11195,EMP-2155,2025-12-01,1,0,0.0,56.23
11196,EMP-2156,2025-12-01,0,8,100.0,0.0
11197,EMP-2157,2025-12-01,2,0,0.0,194.53
11198,EMP-2158,2025-12-01,0,9,112.5,0.0
11199,EMP-2159,2025-12-01,0,7,87.5,0.0
11200,EMP-2160,2025-12-01,0,7,87.5,0.0
11201,EMP-2161,2025-12-01,0,8,100.0,0.0
11202,EMP-2162,2025-12-01,0,11,137.5,0.0
11203,EMP-2163,2025-12-01,0,5,62.5,0.0
11204,EMP-2164,2025-12-01,0,3,37.5,0.0
11205,EMP-2165,2025-12-01,2,0,0.0,107.2
11206,EMP-2167,2025-12-01,0,1,12.5,0.0
11207,EMP-2168,2025-12-01,0,16,200.0,0.0
11208,EMP-2169,2025-12-01,0,6,75.0,0.0
11209,EMP-2170,2025-12-01,0,7,87.5,0.0
11210,EMP-2171,2025-12-01,0,10,125.0,0.0
11211,EMP-2172,2025-12-01,0,8,100.0,0.0
11212,EMP-2173,2025-12-01,1,0,0.0,51.07
11213,EMP-2174,2025-12-01,0,5,62.5,0.0
11214,EMP-2175,2025-12-01,0,20,250.0,0.0
11215,EMP-2177,2025-12-01,0,1,12.5,0.0
11216,EMP-2178,2025-12-01,1,0,0.0,28.03
11217,EMP-2180,2025-12-01,0,8,100.0,0.0
11218,EMP-2181,2025-12-01,0,5,62.5,0.0
11219,EMP-2182,2025-12-01,0,8,100.0,0.0
11220,EMP-2183,2025-12-01,0,5,62.5,0.0
11221,EMP-2184,2025-12-01,1,0,0.0,44.1
11222,EMP-2185,2025-12-01,0,1,12.5,0.0
11223,EMP-2186,2025-12-01,0,5,62.5,0.0
11224,EMP-2187,2025-12-01,2,0,0.0,87.67
11225,EMP-2188,2025-12-01,0,20,250.0,0.0
11226,EMP-2189,2025-12-01,0,17,212.5,0.0
11227,EMP-2190,2025-12-01,1,0,0.0,41.47
11228,EMP-2191,2025-12-01,2,0,0.0,132.27
11229,EMP-2192,2025-12-01,0,2,25.0,0.0
11230,EMP-2193,2025-12-01,3,0,0.0,213.6
11231,EMP-2194,2025-12-01,0,14,175.0,0.0
11232,EMP-2197,2025-12-01,0,15,187.5,0.0
11233,EMP-2198,2025-12-01,0,19,237.5,0.0
11234,EMP-2199,2025-12-01,3,0,0.0,98.6
11235,EMP-2200,2025-12-01,0,9,112.5,0.0
11236,EMP-2201,2025-12-01,0,20,250.0,0.0
11237,EMP-2203,2025-12-01,0,7,87.5,0.0
11238,EMP-2204,2025-12-01,0,13,162.5,0.0
11239,EMP-2206,2025-12-01,0,8,100.0,0.0
11240,EMP-2208,2025-12-01,0,20,250.0,0.0
11241,EMP-2210,2025-12-01,1,0,0.0,31.37
11242,EMP-2211,2025-12-01,0,8,100.0,0.0
11243,EMP-2212,2025-12-01,0,1,12.5,0.0
11244,EMP-2213,2025-12-01,0,16,200.0,0.0
11245,EMP-2214,2025-12-01,0,4,50.0,0.0
11246,EMP-2215,2025-12-01,0,18,225.0,0.0
11247,EMP-2216,2025-12-01,0,6,75.0,0.0
11248,EMP-2217,2025-12-01,0,11,137.5,0.0
11249,EMP-2218,2025-12-01,1,0,0.0,20.37
11250,EMP-2219,2025-12-01,1,0,0.0,130.6
11251,EMP-2220,2025-12-01,0,16,200.0,0.0
11252,EMP-2221,2025-12-01,2,0,0.0,95.6
11253,EMP-2222,2025-12-01,0,20,250.0,0.0
11254,EMP-2223,2025-12-01,0,20,250.0,0.0
11255,EMP-2224,2025-12-01,0,16,200.0,0.0
11256,EMP-2225,2025-12-01,0,19,237.5,0.0
11257,EMP-2226,2025-12-01,0,3,37.5,0.0
11258,EMP-2227,2025-12-01,0,4,50.0,0.0
11259,EMP-2229,2025-12-01,0,12,150.0,0.0
11260,EMP-2230,2025-12-01,0,18,225.0,0.0
11261,EMP-2231,2025-12-01,0,3,37.5,0.0
11262,EMP-2232,2025-12-01,0,2,25.0,0.0
11263,EMP-2233,2025-12-01,0,5,62.5,0.0
11264,EMP-2234,2025-12-01,2,0,0.0,71.6
11265,EMP-2235,2025-12-01,0,17,212.5,0.0
11266,EMP-2236,2025-12-01,1,0,0.0,76.73
11267,EMP-2237,2025-12-01,0,14,175.0,0.0
11268,EMP-2238,2025-12-01,0,1,12.5,0.0
11269,EMP-2241,2025-12-01,1,0,0.0,42.23
11270,EMP-2242,2025-12-01,2,0,0.0,61.93
11271,EMP-2243,2025-12-01,2,0,0.0,55.87
11272,EMP-2245,2025-12-01,1,0,0.0,42.03
11273,EMP-2246,2025-12-01,0,12,150.0,0.0
11274,EMP-2247,2025-12-01,0,8,100.0,0.0
11275,EMP-2248,2025-12-01,0,3,37.5,0.0
11276,EMP-2249,2025-12-01,1,0,0.0,127.47
11277,EMP-2250,2025-12-01,0,19,237.5,0.0
11278,EMP-2251,2025-12-01,0,20,250.0,0.0
11279,EMP-2252,2025-12-01,1,0,0.0,53.07
11280,EMP-2253,2025-12-01,0,14,175.0,0.0
11281,EMP-2255,2025-12-01,2,0,0.0,171.8
11282,EMP-2256,2025-12-01,0,11,137.5,0.0
11283,EMP-2257,2025-12-01,0,0,0.0,0.0
11284,EMP-2258,2025-12-01,0,11,137.5,0.0
11285,EMP-2259,2025-12-01,0,13,162.5,0.0
11286,EMP-2260,2025-12-01,0,4,50.0,0.0
11287,EMP-2261,2025-12-01,0,10,125.0,0.0
11288,EMP-2262,2025-12-01,0,3,37.5,0.0
11289,EMP-2263,2025-12-01,1,0,0.0,32.7
11290,EMP-2264,2025-12-01,0,9,112.5,0.0
11291,EMP-2265,2025-12-01,0,2,25.0,0.0
11292,EMP-2266,2025-12-01,0,18,225.0,0.0
11293,EMP-2267,2025-12-01,0,20,250.0,0.0
11294,EMP-2268,2025-12-01,0,8,100.0,0.0
11295,EMP-2270,2025-12-01,0,5,62.5,0.0
11296,EMP-2271,2025-12-01,0,6,75.0,0.0
11297,EMP-2272,2025-12-01,0,7,87.5,0.0
11298,EMP-2273,2025-12-01,0,13,162.5,0.0
11299,EMP-2274,2025-12-01,0,12,150.0,0.0
11300,EMP-2275,2025-12-01,0,6,75.0,0.0
11301,EMP-2276,2025-12-01,0,14,175.0,0.0
11302,EMP-2277,2025-12-01,3,0,0.0,98.8
11303,EMP-2281,2025-12-01,1,0,0.0,38.63
11304,EMP-2283,2025-12-01,0,15,187.5,0.0
11305,EMP-2284,2025-12-01,0,7,87.5,0.0
11306,EMP-2285,2025-12-01,0,13,162.5,0.0
11307,EMP-2286,2025-12-01,0,1,12.5,0.0
11308,EMP-2287,2025-12-01,0,13,162.5,0.0
11309,EMP-2288,2025-12-01,0,5,62.5,0.0
11310,EMP-2289,2025-12-01,0,15,187.5,0.0
11311,EMP-2290,2025-12-01,0,6,75.0,0.0
11312,EMP-2291,2025-12-01,0,5,62.5,0.0
11313,EMP-2294,2025-12-01,0,6,75.0,0.0
11314,EMP-2295,2025-12-01,2,0,0.0,116.47
11315,EMP-2296,2025-12-01,2,0,0.0,189.33
11316,EMP-2297,2025-12-01,0,6,75.0,0.0
11317,EMP-2298,2025-12-01,0,13,162.5,0.0
11318,EMP-2299,2025-12-01,0,10,125.0,0.0
11319,EMP-2300,2025-12-01,2,0,0.0,264.13
11320,EMP-2301,2025-12-01,0,0,0.0,0.0
11321,EMP-2302,2025-12-01,5,0,0.0,591.33
11322,EMP-2303,2025-12-01,0,0,0.0,0.0
11323,EMP-2304,2025-12-01,0,0,0.0,0.0
11324,EMP-2305,2025-12-01,0,10,125.0,0.0
11325,EMP-2306,2025-12-01,0,19,237.5,0.0
11326,EMP-2307,2025-12-01,0,6,75.0,0.0
11327,EMP-2308,2025-12-01,3,0,0.0,111.1
11328,EMP-2309,2025-12-01,0,6,75.0,0.0
11329,EMP-2310,2025-12-01,0,16,200.0,0.0
11330,EMP-2311,2025-12-01,0,20,250.0,0.0
11331,EMP-2313,2025-12-01,0,4,50.0,0.0
11332,EMP-2314,2025-12-01,0,10,125.0,0.0
11333,EMP-2315,2025-12-01,5,0,0.0,174.5
11334,EMP-2316,2025-12-01,0,18,225.0,0.0
11335,EMP-2317,2025-12-01,0,14,175.0,0.0
11336,EMP-2318,2025-12-01,1,0,0.0,27.2
11337,EMP-2320,2025-12-01,0,10,125.0,0.0
11338,EMP-2321,2025-12-01,0,19,237.5,0.0
11339,EMP-2322,2025-12-01,1,0,0.0,48.27
11340,EMP-2323,2025-12-01,5,0,0.0,425.67
11341,EMP-2324,2025-12-01,0,15,187.5,0.0
11342,EMP-2325,2025-12-01,2,0,0.0,90.67
11343,EMP-2326,2025-12-01,1,0,0.0,59.0
11344,EMP-2327,2025-12-01,1,0,0.0,50.03
11345,EMP-2328,2025-12-01,0,0,0.0,0.0
11346,EMP-2329,2025-12-01,0,15,187.5,0.0
11347,EMP-2330,2025-12-01,1,0,0.0,46.63
11348,EMP-2331,2025-12-01,0,8,100.0,0.0
11349,EMP-2332,2025-12-01,0,5,62.5,0.0
11350,EMP-2333,2025-12-01,0,9,112.5,0.0
11351,EMP-2334,2025-12-01,1,0,0.0,85.37
11352,EMP-2335,2025-12-01,3,0,0.0,68.6
11353,EMP-2336,2025-12-01,0,14,175.0,0.0
11354,EMP-2337,2025-12-01,1,0,0.0,24.17
11355,EMP-2338,2025-12-01,0,14,175.0,0.0
11356,EMP-2339,2025-12-01,2,0,0.0,80.73
11357,EMP-2340,2025-12-01,2,0,0.0,44.07
11358,EMP-2341,2025-12-01,3,0,0.0,153.8
11359,EMP-2342,2025-12-01,3,0,0.0,108.2
11360,EMP-2343,2025-12-01,0,0,0.0,0.0
11361,EMP-2344,2025-12-01,1,0,0.0,71.13
11362,EMP-2345,2025-12-01,2,0,0.0,86.93
11363,EMP-2346,2025-12-01,0,19,237.5,0.0
11364,EMP-2347,2025-12-01,0,6,75.0,0.0
11365,EMP-2350,2025-12-01,0,9,112.5,0.0
11366,EMP-2351,2025-12-01,0,15,187.5,0.0
11367,EMP-2352,2025-12-01,0,6,75.0,0.0
11368,EMP-2354,2025-12-01,0,16,200.0,0.0
11369,EMP-2355,2025-12-01,1,0,0.0,49.33
11370,EMP-2356,2025-12-01,0,2,25.0,0.0
11371,EMP-2357,2025-12-01,0,0,0.0,0.0
11372,EMP-2358,2025-12-01,0,3,37.5,0.0
11373,EMP-2359,2025-12-01,2,0,0.0,44.67
11374,EMP-2361,2025-12-01,2,0,0.0,44.47
11375,EMP-2362,2025-12-01,0,10,125.0,0.0
11376,EMP-2363,2025-12-01,0,7,87.5,0.0
11377,EMP-2364,2025-12-01,1,0,0.0,134.23
11378,EMP-2365,2025-12-01,5,0,0.0,749.17
11379,EMP-2366,2025-12-01,0,15,187.5,0.0
11380,EMP-2367,2025-12-01,0,18,225.0,0.0
11381,EMP-2368,2025-12-01,0,6,75.0,0.0
11382,EMP-2369,2025-12-01,0,7,87.5,0.0
11383,EMP-2370,2025-12-01,0,13,162.5,0.0
11384,EMP-2371,2025-12-01,0,9,112.5,0.0
11385,EMP-2372,2025-12-01,1,0,0.0,21.77
11386,EMP-2373,2025-12-01,0,12,150.0,0.0
11387,EMP-2374,2025-12-01,1,0,0.0,25.33
11388,EMP-2375,2025-12-01,0,5,62.5,0.0
11389,EMP-2376,2025-12-01,2,0,0.0,91.53
11390,EMP-2377,2025-12-01,0,4,50.0,0.0
11391,EMP-2379,2025-12-01,1,0,0.0,138.6
11392,EMP-2380,2025-12-01,0,12,150.0,0.0
11393,EMP-2382,2025-12-01,0,18,225.0,0.0
11394,EMP-2383,2025-12-01,0,20,250.0,0.0
11395,EMP-2384,2025-12-01,0,15,187.5,0.0
11396,EMP-2385,2025-12-01,0,13,162.5,0.0
11397,EMP-2386,2025-12-01,0,18,225.0,0.0
11398,EMP-2387,2025-12-01,1,0,0.0,36.5
11399,EMP-2388,2025-12-01,1,0,0.0,136.1
11400,EMP-2390,2025-12-01,0,20,250.0,0.0
11401,EMP-2392,2025-12-01,0,5,62.5,0.0
11402,EMP-2393,2025-12-01,0,16,200.0,0.0
11403,EMP-2394,2025-12-01,0,7,87.5,0.0
11404,EMP-2395,2025-12-01,0,13,162.5,0.0
11405,EMP-2396,2025-12-01,2,0,0.0,88.13
11406,EMP-2398,2025-12-01,0,19,237.5,0.0
11407,EMP-2399,2025-12-01,1,0,0.0,34.2
11408,EMP-2400,2025-12-01,0,16,200.0,0.0
11409,EMP-2401,2025-12-01,0,11,137.5,0.0
11410,EMP-2402,2025-12-01,0,8,100.0,0.0
11411,EMP-2404,2025-12-01,0,13,162.5,0.0
11412,EMP-2405,2025-12-01,2,0,0.0,77.33
11413,EMP-2406,2025-12-01,0,12,150.0,0.0
11414,EMP-2407,2025-12-01,1,0,0.0,30.1
11415,EMP-2408,2025-12-01,0,4,50.0,0.0
11416,EMP-2409,2025-12-01,1,0,0.0,33.4
11417,EMP-2410,2025-12-01,0,13,162.5,0.0
11418,EMP-2411,2025-12-01,5,0,0.0,238.67
11419,EMP-2412,2025-12-01,1,0,0.0,39.5
11420,EMP-2413,2025-12-01,0,14,175.0,0.0
11421,EMP-2414,2025-12-01,0,17,212.5,0.0
11422,EMP-2415,2025-12-01,0,10,125.0,0.0
11423,EMP-2417,2025-12-01,0,20,250.0,0.0
11424,EMP-2418,2025-12-01,2,0,0.0,113.0
11425,EMP-2419,2025-12-01,1,0,0.0,53.23
11426,EMP-2420,2025-12-01,0,8,100.0,0.0
11427,EMP-2421,2025-12-01,2,0,0.0,65.07
11428,EMP-2423,2025-12-01,0,11,137.5,0.0
11429,EMP-2424,2025-12-01,3,0,0.0,62.9
11430,EMP-2425,2025-12-01,3,0,0.0,149.5
11431,EMP-2426,2025-12-01,1,0,0.0,36.5
11432,EMP-2427,2025-12-01,2,0,0.0,129.53
11433,EMP-2428,2025-12-01,0,17,212.5,0.0
11434,EMP-2429,2025-12-01,1,0,0.0,40.37
11435,EMP-2430,2025-12-01,1,0,0.0,40.17
11436,EMP-2431,2025-12-01,1,0,0.0,34.27
11437,EMP-2433,2025-12-01,0,19,237.5,0.0
11438,EMP-2435,2025-12-01,0,8,100.0,0.0
11439,EMP-2436,2025-12-01,1,0,0.0,27.9
11440,EMP-2438,2025-12-01,0,17,212.5,0.0
11441,EMP-2440,2025-12-01,3,0,0.0,259.1
11442,EMP-2441,2025-12-01,3,0,0.0,319.3
11443,EMP-2443,2025-12-01,0,4,50.0,0.0
11444,EMP-2445,2025-12-01,2,0,0.0,72.73
11445,EMP-2446,2025-12-01,0,11,137.5,0.0
11446,EMP-2448,2025-12-01,0,20,250.0,0.0
11447,EMP-2449,2025-12-01,0,6,75.0,0.0
11448,EMP-2452,2025-12-01,1,0,0.0,93.53
11449,EMP-2453,2025-12-01,0,8,100.0,0.0
11450,EMP-2454,2025-12-01,0,0,0.0,0.0
11451,EMP-2455,2025-12-01,0,20,250.0,0.0
11452,EMP-2456,2025-12-01,1,0,0.0,44.23
11453,EMP-2457,2025-12-01,0,3,37.5,0.0
11454,EMP-2458,2025-12-01,0,9,112.5,0.0
11455,EMP-2459,2025-12-01,1,0,0.0,34.93
11456,EMP-2460,2025-12-01,1,0,0.0,50.87
11457,EMP-2462,2025-12-01,1,0,0.0,50.47
11458,EMP-2463,2025-12-01,0,16,200.0,0.0
11459,EMP-2464,2025-12-01,0,12,150.0,0.0
11460,EMP-2465,2025-12-01,0,11,137.5,0.0
11461,EMP-2466,2025-12-01,0,14,175.0,0.0
11462,EMP-2467,2025-12-01,1,0,0.0,45.43
11463,EMP-2469,2025-12-01,2,0,0.0,288.07
11464,EMP-2470,2025-12-01,0,11,137.5,0.0
11465,EMP-2471,2025-12-01,0,12,150.0,0.0
11466,EMP-2473,2025-12-01,0,18,225.0,0.0
11467,EMP-2474,2025-12-01,0,6,75.0,0.0
11468,EMP-2476,2025-12-01,0,6,75.0,0.0
11469,EMP-2477,2025-12-01,0,3,37.5,0.0
11470,EMP-2478,2025-12-01,3,0,0.0,115.0
11471,EMP-2479,2025-12-01,2,0,0.0,98.6
11472,EMP-2480,2025-12-01,0,9,112.5,0.0
11473,EMP-2481,2025-12-01,2,0,0.0,62.47
11474,EMP-2482,2025-12-01,3,0,0.0,182.0
11475,EMP-2483,2025-12-01,2,0,0.0,258.53
11476,EMP-2484,2025-12-01,1,0,0.0,35.17
11477,EMP-2485,2025-12-01,0,16,200.0,0.0
11478,EMP-2486,2025-12-01,0,12,150.0,0.0
11479,EMP-2487,2025-12-01,0,15,187.5,0.0
11480,EMP-2488,2025-12-01,0,11,137.5,0.0
11481,EMP-2489,2025-12-01,0,19,237.5,0.0
11482,EMP-2491,2025-12-01,0,15,187.5,0.0
11483,EMP-2492,2025-12-01,0,1,12.5,0.0
11484,EMP-2493,2025-12-01,0,15,187.5,0.0
11485,EMP-2495,2025-12-01,0,4,50.0,0.0
11486,EMP-2496,2025-12-01,1,0,0.0,31.77
11487,EMP-2497,2025-12-01,0,6,75.0,0.0
11488,EMP-2498,2025-12-01,0,15,187.5,0.0
11489,EMP-2499,2025-12-01,1,0,0.0,55.5
11490,EMP-2500,2025-12-01,0,0,0.0,0.0
11491,EMP-2501,2025-12-01,0,8,100.0,0.0
11492,EMP-2502,2025-12-01,0,3,37.5,0.0
11493,EMP-2503,2025-12-01,0,7,87.5,0.0
11494,EMP-2504,2025-12-01,0,19,237.5,0.0
11495,EMP-2505,2025-12-01,1,0,0.0,140.2
11496,EMP-2506,2025-12-01,2,0,0.0,108.8
11497,EMP-2507,2025-12-01,0,1,12.5,0.0
11498,EMP-2508,2025-12-01,1,0,0.0,39.8
11499,EMP-2509,2025-12-01,3,0,0.0,161.8
11500,EMP-2510,2025-12-01,0,0,0.0,0.0
11501,EMP-2511,2025-12-01,3,0,0.0,83.7
11502,EMP-2512,2025-12-01,0,1,12.5,0.0
11503,EMP-2513,2025-12-01,0,16,200.0,0.0
11504,EMP-2514,2025-12-01,0,5,62.5,0.0
11505,EMP-2515,2025-12-01,0,3,37.5,0.0
11506,EMP-2517,2025-12-01,0,8,100.0,0.0
11507,EMP-2518,2025-12-01,0,7,87.5,0.0
11508,EMP-2519,2025-12-01,0,3,37.5,0.0
11509,EMP-2520,2025-12-01,0,3,37.5,0.0
11510,EMP-2521,2025-12-01,0,7,87.5,0.0
11511,EMP-2522,2025-12-01,0,11,137.5,0.0
11512,EMP-2523,2025-12-01,0,19,237.5,0.0
11513,EMP-2524,2025-12-01,0,8,100.0,0.0
11514,EMP-2525,2025-12-01,0,13,162.5,0.0
11515,EMP-2526,2025-12-01,0,1,12.5,0.0
11516,EMP-2527,2025-12-01,0,11,137.5,0.0
11517,EMP-2528,2025-12-01,0,11,137.5,0.0
11518,EMP-2529,2025-12-01,1,0,0.0,48.67
11519,EMP-2530,2025-12-01,0,12,150.0,0.0
11520,EMP-2531,2025-12-01,3,0,0.0,81.3
11521,EMP-2532,2025-12-01,0,17,212.5,0.0
11522,EMP-2533,2025-12-01,0,8,100.0,0.0
11523,EMP-2534,2025-12-01,0,7,87.5,0.0
11524,EMP-2535,2025-12-01,0,9,112.5,0.0
11525,EMP-2536,2025-12-01,1,0,0.0,50.37
11526,EMP-2538,2025-12-01,0,12,150.0,0.0
11527,EMP-2539,2025-12-01,5,0,0.0,274.0
11528,EMP-2540,2025-12-01,0,4,50.0,0.0
11529,EMP-2541,2025-12-01,1,0,0.0,120.03
11530,EMP-2542,2025-12-01,1,0,0.0,137.17
11531,EMP-2543,2025-12-01,2,0,0.0,110.27
11532,EMP-2544,2025-12-01,0,4,50.0,0.0
11533,EMP-2545,2025-12-01,2,0,0.0,50.67
11534,EMP-2547,2025-12-01,0,10,125.0,0.0
11535,EMP-2548,2025-12-01,0,15,187.5,0.0
11536,EMP-2549,2025-12-01,0,2,25.0,0.0
11537,EMP-2551,2025-12-01,2,0,0.0,94.53
11538,EMP-2552,2025-12-01,0,15,187.5,0.0
11539,EMP-2553,2025-12-01,5,0,0.0,269.33
11540,EMP-2554,2025-12-01,0,19,237.5,0.0
11541,EMP-2556,2025-12-01,0,3,37.5,0.0
11542,EMP-2557,2025-12-01,0,20,250.0,0.0
11543,EMP-2558,2025-12-01,0,7,87.5,0.0
11544,EMP-2560,2025-12-01,0,1,12.5,0.0
11545,EMP-2561,2025-12-01,0,4,50.0,0.0
11546,EMP-2562,2025-12-01,0,17,212.5,0.0
11547,EMP-2563,2025-12-01,1,0,0.0,70.93
11548,EMP-2564,2025-12-01,0,3,37.5,0.0
11549,EMP-2565,2025-12-01,1,0,0.0,35.67
11550,EMP-2567,2025-12-01,0,5,62.5,0.0
11551,EMP-2568,2025-12-01,1,0,0.0,61.0
11552,EMP-2570,2025-12-01,2,0,0.0,40.33
11553,EMP-2571,2025-12-01,3,0,0.0,96.8
11554,EMP-2572,2025-12-01,0,20,250.0,0.0
11555,EMP-2574,2025-12-01,0,5,62.5,0.0
11556,EMP-2575,2025-12-01,0,19,237.5,0.0
11557,EMP-2576,2025-12-01,0,9,112.5,0.0
11558,EMP-2577,2025-12-01,0,19,237.5,0.0
11559,EMP-2578,2025-12-01,0,17,212.5,0.0
11560,EMP-2579,2025-12-01,0,12,150.0,0.0
11561,EMP-2580,2025-12-01,2,0,0.0,119.6
11562,EMP-2581,2025-12-01,0,0,0.0,0.0
11563,EMP-2582,2025-12-01,2,0,0.0,103.33
11564,EMP-2583,2025-12-01,2,0,0.0,137.33
11565,EMP-2584,2025-12-01,0,2,25.0,0.0
11566,EMP-2585,2025-12-01,1,0,0.0,43.33
11567,EMP-2586,2025-12-01,0,9,112.5,0.0
11568,EMP-2587,2025-12-01,0,16,200.0,0.0
11569,EMP-2588,2025-12-01,0,5,62.5,0.0
11570,EMP-2589,2025-12-01,0,0,0.0,0.0
11571,EMP-2590,2025-12-01,0,4,50.0,0.0
11572,EMP-2591,2025-12-01,2,0,0.0,40.33
11573,EMP-2592,2025-12-01,0,13,162.5,0.0
11574,EMP-2593,2025-12-01,0,4,50.0,0.0
11575,EMP-2594,2025-12-01,2,0,0.0,168.6
11576,EMP-2595,2025-12-01,1,0,0.0,59.07
11577,EMP-2597,2025-12-01,0,18,225.0,0.0
11578,EMP-2598,2025-12-01,0,14,175.0,0.0
11579,EMP-2599,2025-12-01,1,0,0.0,49.23
