InvoiceNo,OrderDate,CustomerID,ProductID,CountryID,Quantity,UnitPrice,UnitCost
INV-2024-36099,2024/02/21,,PRD-138,SA,1,1673.87,1419
INV-2024-35929,2024-09-23,1158.0,PRD-149,SA,7,2086.53,1672
INV-2024-47237,2025-01-23,1263.0,PRD-138,EG,10,2294.6,1718
INV-2024-32825,2024-12-01,1396.0,PRD-103,AE,4,1836.86,1546
INV-2024-38697,2024-08-04,1285.0,PRD-131,SA,9,1348.25,1112
INV-2024-44340,2025-04-10,1170.0,PRD-136,EG,3,1367.62,1003
INV-2024-32843,2024-11-30,1345.0,PRD-108,JO,6,157.68,126
INV-2024-54540,2024-12-11,1437.0,PRD-108,AE,5,658.46,539
INV-2024-82680,2025-01-23,1107.0,PRD-128,JO,6,643.67,447
INV-2024-42239,2024-10-11,1301.0,PRD-133,AE,6,2599.08,1859
INV-2024-33401,2025-03-07,1373.0,PRD-151,SA,4,2041.54,1702
INV-2024-35688,2024-09-15,1047.0,PRD-114,SA,2,2048.08,1506
INV-2024-12817,2024-03-24,1370.0,PRD-160,JO,2,1358.29,1164
INV-2024-33078,2025-04-26,1124.0,PRD-126,AE,10,324.88,237
INV-2024-44313,2024-01-20,1253.0,PRD-126,EG,4,419.82,325
INV-2024-23263,2025/07/06,1116.0,PRD-142,EG,1,2399.85,1857
INV-2024-12751,2024-02-23,1371.0,PRD-105,EG,2,325.17,221
INV-2024-98795,2024-12-24,1255.0,PRD-165,AE,6,1002.3,847
INV-2024-27988,2024-08-17,1440.0,PRD-165,JO,7,2209.88,1645
INV-2024-59666,2025-10-27,1006.0,PRD-102,EG,3,685.51,477
INV-2024-95835,2024-03-11,1301.0,PRD-104,SA,2,1045.55,735
INV-2024-24544,2025-10-29,1282.0,PRD-115,EG,3,2398.67,1765
INV-2024-54352,2024-02-11,1126.0,PRD-102,JO,7,964.11,733
INV-2024-37556,2024-02-01,1136.0,PRD-164,AE,5,2589.75,1735
INV-2024-49986,2024-09-10,1492.0,PRD-116,AE,7,2218.12,1927
INV-2024-69795,23-Jul-2024,1201.0,PRD-128,SA,6,1852.54,1298
INV-2024-41476,2024-01-21,1454.0,PRD-118,SA,1,259.34,206
INV-2024-58449,2025-09-28,1414.0,PRD-110,EG,2,2445.38,1833
INV-2024-58804,2024-06-05,1056.0,PRD-137,EG,9,796.42,648
INV-2024-96626,2024-09-01,1272.0,PRD-151,AE,8,1085.38,752
INV-2024-32460,2024/05/09,1388.0,PRD-118,AE,7,541.95,448
INV-2024-79065,2025-04-29,1483.0,PRD-121,JO,4,1758.01,1292
INV-2024-91684,2025-11-16,1038.0,PRD-119,JO,4,1213.85,974
INV-2024-66848,2024-04-27,1215.0,PRD-144,SA,2,294.95,238
INV-2024-18569,2025-07-31,1357.0,PRD-105,AE,5,420.88,316
INV-2024-25531,2024-08-11,1482.0,PRD-153,JO,1,2234.63,1748
INV-2024-28931,2025-04-21,1399.0,PRD-103,AE,6,708.77,536
INV-2024-27143,2025-12-17,1220.0,PRD-151,EG,7,2353.82,1669
INV-2024-34856,2024-09-19,1060.0,PRD-113,SA,3,1313.53,923
INV-2024-35124,2025-01-12,1481.0,PRD-103,EG,1,2414.36,1983
INV-2024-79803,2024-06-20,,PRD-108,JO,4,1015.21,789
INV-2024-59570,2025-09-12,1419.0,PRD-112,SA,1,1012.48,841
INV-2024-59054,2025-09-13,1038.0,PRD-159,EG,6,2786.34,1975
INV-2024-51674,2024-04-27,1488.0,PRD-113,SA,3,1989.4,1622
INV-2024-88584,2024-06-16,1183.0,PRD-144,SA,1,2241.94,1724
INV-2024-66300,2024/11/14,1224.0,PRD-124,EG,10,359.01,272
INV-2024-93380,2024-04-20,1218.0,PRD-163,EG,9,2006.74,1369
INV-2024-42053,2025-08-15,1269.0,PRD-127,SA,5,909.57,644
INV-2024-16054,2024-01-27,1060.0,PRD-106,SA,4,983.62,672
INV-2024-90744,2024-11-15,1407.0,PRD-101,AE,9,1374.7,966
INV-2024-86981,12-Aug-2025,1153.0,PRD-144,SA,4,1489.74,1026
INV-2024-34785,2025-11-24,1209.0,PRD-118,AE,1,596.2,484
INV-2024-80184,2025-01-19,1315.0,PRD-148,SA,2,188.55,159
INV-2024-48559,2025-02-10,1232.0,PRD-148,SA,1,1854.75,1290
INV-2024-29472,2024-07-22,1189.0,PRD-165,AE,10,1731.68,1239
INV-2024-52949,2024-03-18,1147.0,PRD-138,SA,10,623.39,422
INV-2024-42397,2025-08-29,1131.0,PRD-158,EG,10,2057.16,1703
INV-2024-16980,2025-12-08,1393.0,PRD-154,EG,10,1750.91,1222
INV-2024-92504,2025-10-04,1426.0,PRD-138,AE,9,1857.26,1364
INV-2024-46709,2024-09-05,1046.0,PRD-159,SA,9,786.53,655
INV-2024-26575,2024/04/14,1297.0,PRD-147,AE,7,2008.22,1354
INV-2024-76619,2025-12-14,1076.0,PRD-132,EG,6,1431.54,1207
INV-2024-86556,2024-11-04,1396.0,PRD-103,EG,9,2349.35,1867
INV-2024-74092,2025-12-01,1489.0,PRD-125,EG,3,2278.75,1873
INV-2024-37425,2025-09-06,1430.0,PRD-124,EG,4,927.92,652
INV-2024-20670,2024-05-03,1207.0,PRD-156,SA,10,1777.52,1196
INV-2024-71691,2025-08-02,1209.0,PRD-108,EG,10,1716.21,1482
INV-2024-96966,2024-02-12,1080.0,PRD-161,SA,7,1621.22,1361
INV-2024-90594,2024-12-21,1498.0,PRD-154,JO,1,1779.61,1364
INV-2024-18503,2025-06-29,1159.0,PRD-128,EG,9,2967.82,1981
INV-2024-31945,2025-03-14,1267.0,PRD-130,SA,10,633.28,501
INV-2024-76665,2025-11-08,1333.0,PRD-147,AE,4,2801.97,1890
INV-2024-60871,2025-01-14,1337.0,PRD-118,EG,9,1849.8,1600
INV-2024-94550,2024-03-11,1424.0,PRD-137,SA,1,2397.7,1887
INV-2024-76736,2025-06-02,1455.0,PRD-153,AE,2,499.83,341
INV-2024-59055,2025/10/25,1175.0,PRD-156,JO,1,1680.7,1174
INV-2024-75350,2024-12-15,1208.0,PRD-119,EG,10,2056.19,1612
INV-2024-78012,2024-01-13,1223.0,PRD-119,JO,5,343.25,241
INV-2024-70852,2025-03-06,1294.0,PRD-149,SA,7,975.78,755
INV-2024-33461,2025-05-16,1473.0,PRD-110,EG,4,107.73,80
INV-2024-52182,2024-04-18,,PRD-155,SA,3,1969.68,1619
INV-2024-59005,2025-03-19,1293.0,PRD-141,JO,6,2741.95,1941
INV-2024-78875,2025-01-05,1432.0,PRD-133,SA,4,2040.53,1641
INV-2024-73346,2025-10-12,1124.0,PRD-120,EG,10,2386.61,1680
INV-2024-74853,2025-04-15,1321.0,PRD-135,SA,1,2088.56,1800
INV-2024-72096,2025-12-25,1245.0,PRD-122,EG,4,59.92,52
INV-2024-45171,2024-06-05,1308.0,PRD-156,EG,7,2785.36,1908
INV-2024-86177,2025-03-21,1029.0,PRD-109,EG,2,2622.99,1757
INV-2024-62552,2024-06-29,1258.0,PRD-150,EG,4,239.22,203
INV-2024-93637,2025-06-18,1417.0,PRD-125,EG,10,1057.11,735
INV-2024-86543,2025/10/28,1025.0,PRD-104,EG,2,1091.81,818
INV-2024-95162,2024-10-03,1042.0,PRD-136,SA,5,1824.1,1339
INV-2024-14797,2025-09-22,1028.0,PRD-142,EG,8,1257.39,885
INV-2024-37158,2025-07-05,1447.0,PRD-126,EG,10,2602.49,1994
INV-2024-38773,2025-05-10,1322.0,PRD-153,AE,3,215.04,153
INV-2024-36607,2025-04-21,1327.0,PRD-129,SA,5,697.0,603
INV-2024-69255,2025-03-22,1226.0,PRD-164,SA,8,1593.12,1276
INV-2024-40721,2025-08-29,1030.0,PRD-121,EG,8,2233.56,1863
INV-2024-61891,2024-10-01,1391.0,PRD-152,EG,7,1703.6,1425
INV-2024-38651,2024-11-26,1177.0,PRD-118,EG,1,1696.86,1187
INV-2024-50107,08-Sep-2024,1372.0,PRD-163,EG,8,2490.77,1939
INV-2024-65708,2024-03-29,1083.0,PRD-107,EG,10,2187.98,1482
INV-2024-59425,2024-10-12,1394.0,PRD-109,EG,5,123.75,96
INV-2024-84890,2025-04-06,1035.0,PRD-134,EG,4,556.75,456
INV-2024-30605,2024-09-06,1046.0,PRD-130,EG,3,2465.76,1957
INV-2024-59034,2025/04/20,1104.0,PRD-122,SA,6,2861.23,1925
INV-2024-43361,2025-08-06,1240.0,PRD-114,EG,9,2294.17,1948
INV-2024-82161,2025-09-16,1105.0,PRD-102,EG,3,1704.86,1438
INV-2024-21109,2025-11-15,1001.0,PRD-121,SA,7,343.45,280
INV-2024-27606,2025-01-23,1122.0,PRD-155,SA,9,1792.19,1421
INV-2024-21013,2024-12-10,1254.0,PRD-160,EG,9,1825.9,1224
INV-2024-48672,2024-01-30,1063.0,PRD-149,AE,4,648.08,496
INV-2024-68262,2025-05-21,1158.0,PRD-138,SA,5,1474.19,1263
INV-2024-78002,2024-11-28,1443.0,PRD-122,EG,10,829.54,711
INV-2024-56081,2024-07-05,1151.0,PRD-151,AE,9,205.7,138
INV-2024-40169,2025-05-14,1221.0,PRD-113,JO,5,948.38,633
INV-2024-86541,2024-08-05,1232.0,PRD-131,EG,4,1789.49,1446
INV-2024-15392,2024-12-29,1204.0,PRD-114,EG,8,1358.96,1144
INV-2024-70981,2024-09-21,1464.0,PRD-119,AE,8,2235.84,1567
INV-2024-77143,2024-12-14,1469.0,PRD-122,AE,3,234.45,203
INV-2024-91412,2024/10/13,,PRD-121,EG,2,2443.15,1848
INV-2024-54089,2025-09-02,1053.0,PRD-124,EG,4,777.77,584
INV-2024-65850,2025-12-19,1088.0,PRD-154,EG,10,1482.25,1168
INV-2024-69133,2024-10-09,1402.0,PRD-163,SA,10,1165.33,946
INV-2024-71282,2025-07-23,1444.0,PRD-155,SA,4,2647.16,1841
INV-2024-66689,11-Jan-2024,1449.0,PRD-132,EG,2,2376.01,1786
INV-2024-63602,2025-06-13,1210.0,PRD-141,SA,1,913.98,743
INV-2024-58170,2024-07-14,1492.0,PRD-158,AE,1,1509.04,1059
INV-2024-75213,2024-03-28,1207.0,PRD-155,EG,2,1288.43,978
INV-2024-51552,2024-09-04,1207.0,PRD-108,EG,8,780.9,533
INV-2024-45785,2025-02-20,1441.0,PRD-119,AE,1,1129.82,797
INV-2024-60118,2025-05-15,1277.0,PRD-149,AE,3,306.5,222
INV-2024-13239,2025-07-22,1093.0,PRD-122,SA,4,1702.28,1338
INV-2024-33536,2024-09-03,1045.0,PRD-121,SA,7,2096.22,1440
INV-2024-67892,2025-12-08,1008.0,PRD-147,EG,6,1726.51,1154
INV-2024-40643,2025/05/02,1352.0,PRD-114,SA,5,1186.04,879
INV-2024-44815,2025-10-23,1268.0,PRD-110,SA,3,295.73,198
INV-2024-94587,2025-12-29,1168.0,PRD-118,EG,10,1286.6,864
INV-2024-19946,2025-05-17,1286.0,PRD-106,EG,10,1624.94,1144
INV-2024-57067,2025-04-03,1121.0,PRD-135,EG,7,1807.52,1326
INV-2024-20802,2024-01-18,1402.0,PRD-137,EG,9,2111.39,1827
INV-2024-48603,2024-04-05,1065.0,PRD-121,EG,1,2268.33,1792
INV-2024-75767,2024-10-28,1488.0,PRD-105,EG,10,2060.28,1466
INV-2024-77212,2024-08-14,1500.0,PRD-156,EG,10,2111.65,1517
INV-2024-81650,2025-02-18,1497.0,PRD-165,EG,5,1646.2,1377
INV-2024-94365,2025-12-09,1434.0,PRD-144,AE,10,1475.43,1098
INV-2024-20244,2024-09-06,1332.0,PRD-109,SA,2,800.96,630
INV-2024-46231,2024-11-09,1235.0,PRD-165,SA,1,2031.55,1473
INV-2024-39850,2025-11-10,1183.0,PRD-112,AE,3,777.02,531
INV-2024-22898,2025-08-18,1230.0,PRD-152,SA,7,1252.72,1028
INV-2024-25543,2025/01/12,1014.0,PRD-124,EG,10,1215.06,975
INV-2024-19351,2025-04-29,1494.0,PRD-110,SA,10,252.32,180
INV-2024-57216,2025-07-20,1254.0,PRD-160,SA,10,1506.17,1139
INV-2024-15017,2025-06-27,1439.0,PRD-120,AE,10,1802.66,1226
INV-2024-81568,2024-12-18,1255.0,PRD-165,SA,3,2543.57,1764
INV-2024-36254,2025-03-11,1265.0,PRD-141,EG,10,596.61,451
INV-2024-53746,2025-07-17,1405.0,PRD-105,EG,9,973.37,701
INV-2024-35774,2024-12-04,1205.0,PRD-101,EG,3,1980.68,1447
INV-2024-98487,2024-12-26,1189.0,PRD-131,SA,1,1834.05,1474
INV-2024-53154,2025-12-20,1340.0,PRD-104,SA,6,2392.41,1597
INV-2024-42771,2025-04-09,,PRD-149,EG,10,1013.28,729
INV-2024-49677,2024-10-04,1016.0,PRD-105,JO,2,490.41,393
INV-2024-99592,2024-11-09,1399.0,PRD-123,SA,6,2299.55,1795
INV-2024-45974,2024-09-14,1094.0,PRD-133,EG,9,1121.11,855
INV-2024-34987,2024-08-24,1101.0,PRD-151,EG,3,1111.11,772
INV-2024-89171,2024/05/03,1096.0,PRD-138,EG,4,1999.18,1348
INV-2024-28070,2024-07-16,1405.0,PRD-135,EG,7,2543.15,1750
INV-2024-81188,2024-11-19,1280.0,PRD-125,EG,10,2328.29,1963
INV-2024-44227,2024-05-02,1085.0,PRD-152,EG,5,295.98,213
INV-2024-11118,2025-07-02,1096.0,PRD-142,EG,9,2040.63,1609
INV-2024-49252,2025-12-07,1092.0,PRD-162,EG,6,1022.55,846
INV-2024-46942,2024-07-08,1207.0,PRD-122,AE,10,731.32,503
INV-2024-55433,2024-07-15,1176.0,PRD-129,EG,9,1843.55,1295
INV-2024-62928,2024-08-09,1053.0,PRD-148,SA,4,2712.56,1812
INV-2024-63183,2025-05-10,1055.0,PRD-165,SA,9,1936.82,1505
INV-2024-86015,10-Oct-2024,1014.0,PRD-147,JO,8,1381.1,1112
INV-2024-95892,2025-08-26,1487.0,PRD-150,EG,9,825.01,714
INV-2024-11558,2025-06-21,1388.0,PRD-142,EG,8,2266.66,1633
INV-2024-71866,2025-09-03,1115.0,PRD-134,JO,1,562.02,447
INV-2024-95733,2024-10-16,1450.0,PRD-116,AE,9,2349.67,1738
INV-2024-77193,2024/04/12,1468.0,PRD-115,AE,8,1683.67,1276
INV-2024-29566,2024-07-17,1102.0,PRD-107,EG,9,2452.5,1756
INV-2024-62101,2024-10-30,1138.0,PRD-131,EG,1,326.23,226
INV-2024-39829,2024-08-20,1202.0,PRD-127,SA,5,290.68,230
INV-2024-39743,2025-01-04,1056.0,PRD-159,JO,6,2205.67,1744
INV-2024-37508,2024-07-02,1111.0,PRD-114,SA,3,1092.06,799
INV-2024-72185,2024-11-05,1419.0,PRD-128,SA,7,1438.46,1024
INV-2024-40634,2024-01-15,1122.0,PRD-113,EG,7,1398.81,966
INV-2024-77610,2025-12-26,1009.0,PRD-106,AE,10,881.17,594
INV-2024-86939,2025-06-30,1357.0,PRD-120,EG,2,934.06,630
INV-2024-82432,2024-05-09,1019.0,PRD-112,EG,6,540.96,413
INV-2024-71438,2024-10-07,1357.0,PRD-116,SA,10,1476.0,1122
INV-2024-70476,2024-02-16,1310.0,PRD-108,SA,3,2109.01,1601
INV-2024-54650,2024-02-25,1185.0,PRD-135,EG,3,767.64,531
INV-2024-21255,2025-07-20,1206.0,PRD-145,EG,3,2243.66,1873
INV-2024-51035,2024/10/26,1286.0,PRD-143,SA,7,1055.73,902
INV-2024-34621,2025-12-15,1443.0,PRD-142,EG,10,1408.13,1087
INV-2024-66202,2024-05-09,1276.0,PRD-158,SA,8,780.32,622
INV-2024-64747,2025-10-15,1071.0,PRD-122,EG,8,1897.32,1496
INV-2024-37470,2025-05-17,1380.0,PRD-144,SA,5,1587.92,1158
INV-2024-67498,15-Apr-2024,,PRD-155,SA,6,2443.13,1681
INV-2024-68978,2024-01-13,1092.0,PRD-137,EG,9,393.31,313
INV-2024-83196,2025-08-10,1496.0,PRD-116,EG,2,2385.55,1713
INV-2024-13945,2024-10-18,1014.0,PRD-143,EG,3,2836.35,1959
INV-2024-59112,2025-04-25,1022.0,PRD-106,EG,3,2126.25,1691
INV-2024-28212,2025-05-05,1301.0,PRD-130,JO,4,294.12,198
INV-2024-85695,2025-03-27,1330.0,PRD-117,EG,2,2131.26,1686
INV-2024-26822,2024-12-14,1036.0,PRD-141,AE,4,77.07,61
INV-2024-50051,2024-07-07,1018.0,PRD-162,EG,9,640.58,467
INV-2024-11268,2024-02-22,1285.0,PRD-155,SA,3,1713.7,1446
INV-2024-75509,2024/09/15,1146.0,PRD-139,AE,9,1535.29,1124
INV-2024-96356,2025-05-04,1301.0,PRD-150,SA,10,2005.05,1517
INV-2024-56486,2024-04-26,1494.0,PRD-164,SA,4,1197.35,916
INV-2024-54541,2024-03-07,1369.0,PRD-157,SA,5,1769.78,1367
INV-2024-39555,2025-02-14,1067.0,PRD-101,EG,6,2370.7,1782
INV-2024-64938,2025-05-18,1471.0,PRD-122,JO,6,781.63,639
INV-2024-65799,2024-03-16,1270.0,PRD-109,AE,4,2437.64,1699
INV-2024-99884,2025-08-13,1378.0,PRD-114,JO,3,633.35,439
INV-2024-62870,2025-10-06,1103.0,PRD-117,EG,10,499.93,343
INV-2024-80464,2025-12-03,1321.0,PRD-101,AE,5,1570.24,1328
INV-2024-49274,2024-02-24,1379.0,PRD-149,JO,1,2201.04,1863
INV-2024-52739,2024-06-04,1213.0,PRD-132,EG,5,1268.77,1052
INV-2024-86933,2024-06-01,1177.0,PRD-160,EG,1,1376.86,1140
INV-2024-13046,2025-07-30,1207.0,PRD-161,AE,9,1766.0,1496
INV-2024-84393,2024-11-07,1091.0,PRD-159,SA,3,2407.63,1892
INV-2024-14221,2024/03/28,1165.0,PRD-160,AE,5,2353.74,1579
INV-2024-28236,2024-09-11,1248.0,PRD-135,EG,3,994.64,826
INV-2024-30144,2024-05-01,1167.0,PRD-105,AE,3,1554.96,1316
INV-2024-53286,2025-07-25,1196.0,PRD-159,EG,9,763.1,543
INV-2024-84473,2025-03-02,1028.0,PRD-151,EG,9,2219.63,1829
INV-2024-92554,2025-09-12,1492.0,PRD-157,EG,2,1801.59,1371
INV-2024-89036,2025-09-02,1235.0,PRD-109,AE,4,595.09,456
INV-2024-89670,2025-09-25,1475.0,PRD-128,SA,10,1884.62,1392
INV-2024-85219,2024-08-19,1490.0,PRD-124,SA,1,870.17,717
INV-2024-61234,2025-06-19,1296.0,PRD-120,EG,10,2610.23,1912
INV-2024-59980,2025-01-24,1452.0,PRD-153,AE,3,360.06,256
INV-2024-36765,2025-04-06,1337.0,PRD-142,EG,10,280.32,204
INV-2024-61201,2025-03-29,1284.0,PRD-131,AE,9,424.07,344
INV-2024-18350,2024-10-31,1167.0,PRD-122,SA,6,2213.33,1488
INV-2024-80056,2025-08-25,1164.0,PRD-127,EG,9,2482.94,1974
INV-2024-60650,2025/03/15,,PRD-154,SA,8,2110.19,1534
INV-2024-34685,2024-11-08,1113.0,PRD-164,EG,3,2195.32,1705
INV-2024-72230,2025-08-05,1483.0,PRD-132,AE,1,1543.76,1219
INV-2024-24239,2025-09-27,1296.0,PRD-133,SA,8,1821.95,1301
INV-2024-53101,2024-03-02,1093.0,PRD-115,EG,8,1850.17,1286
INV-2024-84647,2025-09-16,1002.0,PRD-157,AE,3,1476.23,1219
INV-2024-69183,2024-04-11,1083.0,PRD-109,EG,1,900.01,728
INV-2024-93755,2024-07-31,1389.0,PRD-160,SA,9,2535.83,1915
INV-2024-49930,2025-10-02,1110.0,PRD-115,JO,8,2193.61,1499
INV-2024-22221,2024-08-04,1071.0,PRD-142,SA,10,2688.13,1998
INV-2024-32468,27-Sep-2024,1067.0,PRD-132,EG,3,153.47,107
INV-2024-23672,2025-11-07,1069.0,PRD-113,JO,6,1212.71,863
INV-2024-98458,2024-03-24,1281.0,PRD-107,SA,4,469.92,404
INV-2024-82470,2024-06-09,1136.0,PRD-106,EG,9,1431.78,1051
INV-2024-33283,2024-09-02,1266.0,PRD-160,EG,9,1577.16,1086
INV-2024-14202,2024/06/26,1179.0,PRD-157,AE,4,2069.81,1469
INV-2024-89084,2025-07-19,1342.0,PRD-148,SA,9,948.63,781
INV-2024-74043,2024-03-17,1474.0,PRD-151,SA,1,2431.87,1685
INV-2024-13517,2024-06-09,1104.0,PRD-106,AE,1,923.73,619
INV-2024-34470,2024-01-03,1473.0,PRD-131,AE,7,1616.0,1371
INV-2024-36083,2025-02-22,1057.0,PRD-142,EG,8,236.48,186
INV-2024-19108,2025-04-06,1489.0,PRD-121,EG,4,2577.78,1835
INV-2024-60579,2025-12-06,1012.0,PRD-112,EG,3,1846.85,1366
INV-2024-47200,2025-08-31,1340.0,PRD-145,AE,1,300.18,239
INV-2024-36986,2025-04-26,1142.0,PRD-162,EG,9,519.41,444
INV-2024-40544,2024-10-25,1467.0,PRD-126,SA,1,1593.41,1230
INV-2024-48155,2024-02-03,1043.0,PRD-161,AE,4,1976.84,1456
INV-2024-96451,2024-08-25,1312.0,PRD-112,AE,2,447.37,347
INV-2024-78733,2024-10-22,1375.0,PRD-120,EG,3,349.65,286
INV-2024-19172,2025-12-24,1444.0,PRD-116,AE,8,1167.52,889
INV-2024-69593,2024/10/16,1028.0,PRD-118,EG,2,1831.78,1290
INV-2024-17530,2025-12-20,1060.0,PRD-112,AE,2,1075.36,833
INV-2024-58319,2025-04-09,1468.0,PRD-117,EG,3,160.97,135
INV-2024-77964,2024-03-13,1229.0,PRD-105,EG,3,1943.14,1530
INV-2024-11447,2025-12-04,1478.0,PRD-157,AE,4,670.63,455
INV-2024-32521,27-Aug-2024,1019.0,PRD-128,EG,5,1486.39,1221
INV-2024-52830,2024-09-27,1173.0,PRD-149,EG,4,1325.59,1148
INV-2024-63852,2025-10-02,1234.0,PRD-123,AE,5,2185.05,1640
INV-2024-61262,2025-08-26,1392.0,PRD-120,AE,5,485.92,410
INV-2024-30582,2025-11-08,1012.0,PRD-137,SA,9,1865.28,1448
INV-2024-24515,2024-07-21,,PRD-118,SA,6,2087.04,1810
INV-2024-26926,2025-03-11,1069.0,PRD-142,SA,3,1589.19,1271
INV-2024-80313,2024-04-27,1009.0,PRD-117,EG,10,622.27,446
INV-2024-64842,2025-07-11,1496.0,PRD-147,EG,6,1959.41,1527
INV-2024-72685,2024-08-18,1415.0,PRD-109,EG,1,2507.29,1699
INV-2024-19012,2025/10/25,1066.0,PRD-145,JO,10,1533.15,1066
INV-2024-60986,2024-06-01,1118.0,PRD-113,SA,8,350.3,292
INV-2024-37063,2024-09-29,1218.0,PRD-125,SA,6,1485.58,1175
INV-2024-27030,2024-05-25,1199.0,PRD-147,SA,5,2373.66,1611
INV-2024-36958,2024-03-14,1434.0,PRD-128,JO,1,859.61,581
INV-2024-50600,2024-03-02,1014.0,PRD-120,EG,3,1528.69,1036
INV-2024-66649,2024-06-18,1064.0,PRD-155,SA,6,1577.14,1307
INV-2024-97135,2024-11-10,1286.0,PRD-130,SA,8,724.92,619
INV-2024-72230,2025-09-01,1227.0,PRD-108,SA,2,1212.13,933
INV-2024-30811,2025-08-05,1212.0,PRD-103,EG,4,377.39,316
INV-2024-89129,2024-10-22,1272.0,PRD-137,AE,2,947.61,751
INV-2024-85378,2025-03-25,1424.0,PRD-121,JO,1,703.29,504
INV-2024-50673,2024-05-07,1017.0,PRD-137,SA,4,202.92,170
INV-2024-87003,2025-04-24,1465.0,PRD-147,SA,7,1436.49,1066
INV-2024-36604,2025-12-06,1189.0,PRD-158,JO,7,2676.89,1878
INV-2024-75860,2024/11/07,1190.0,PRD-109,AE,8,1744.81,1258
INV-2024-99762,2025-12-17,1191.0,PRD-145,EG,5,1329.61,920
INV-2024-70156,2025-02-16,1129.0,PRD-132,SA,8,2104.99,1773
INV-2024-46102,2024-10-05,1237.0,PRD-133,SA,7,65.38,55
INV-2024-36437,2025-05-27,1394.0,PRD-108,SA,2,2395.61,1682
INV-2024-10975,2025-07-06,1020.0,PRD-116,AE,4,148.94,104
INV-2024-28702,2025-05-20,1284.0,PRD-153,JO,4,333.35,255
INV-2024-68422,2025-03-24,1391.0,PRD-136,JO,2,1268.2,1051
INV-2024-18384,2024-03-23,1279.0,PRD-106,SA,1,1311.98,1108
INV-2024-62328,2025-09-04,1230.0,PRD-147,EG,2,479.18,353
INV-2024-89278,2024-02-10,1499.0,PRD-114,JO,6,1747.55,1492
INV-2024-42353,2025-03-18,1101.0,PRD-111,AE,9,175.85,136
INV-2024-78925,2024-11-26,1127.0,PRD-114,EG,1,1393.82,996
INV-2024-53108,2025-09-10,1041.0,PRD-143,JO,1,2494.61,1715
INV-2024-84609,2024-09-13,1497.0,PRD-147,AE,9,811.84,614
INV-2024-74350,2024/01/27,1411.0,PRD-126,SA,7,485.51,408
INV-2024-70319,2024-04-03,1013.0,PRD-126,SA,1,1571.86,1207
INV-2024-70646,2024-08-22,1273.0,PRD-145,EG,9,1828.72,1435
INV-2024-85514,2025-11-21,1361.0,PRD-155,EG,7,1573.3,1270
INV-2024-15122,2025-08-12,1105.0,PRD-104,EG,2,1381.14,1199
INV-2024-21941,2025-08-24,,PRD-126,AE,4,1669.14,1293
INV-2024-47737,2024-01-22,1473.0,PRD-157,EG,5,2301.3,1766
INV-2024-94711,2025-11-19,1224.0,PRD-151,EG,3,268.74,211
INV-2024-69809,2024-10-02,1269.0,PRD-109,EG,4,2098.36,1751
INV-2024-55453,2025-08-13,1010.0,PRD-161,SA,1,249.32,167
INV-2024-48987,11-Feb-2024,1213.0,PRD-152,JO,7,320.97,255
INV-2024-61260,2024-06-28,1321.0,PRD-143,EG,10,142.84,101
INV-2024-90350,2025-04-26,1026.0,PRD-115,EG,8,1656.57,1255
INV-2024-32954,2025-06-15,1064.0,PRD-160,AE,5,145.77,126
INV-2024-64401,2025-10-29,1300.0,PRD-134,SA,4,1650.18,1163
INV-2024-42654,2025/03/28,1421.0,PRD-109,EG,10,2231.96,1600
INV-2024-33537,2024-10-11,1294.0,PRD-135,SA,1,859.89,695
INV-2024-90967,2024-07-04,1163.0,PRD-109,EG,3,168.56,136
INV-2024-66633,2025-08-22,1020.0,PRD-165,EG,10,906.98,659
INV-2024-70008,2025-03-22,1476.0,PRD-164,SA,7,2252.98,1654
INV-2024-60418,2025-10-12,1328.0,PRD-164,SA,4,1614.93,1377
INV-2024-96386,2025-05-18,1303.0,PRD-160,JO,8,1732.12,1453
INV-2024-34044,2024-04-03,1196.0,PRD-154,EG,10,1679.42,1189
INV-2024-84529,2025-04-26,1211.0,PRD-114,SA,7,304.09,253
INV-2024-22521,2024-12-22,1147.0,PRD-163,SA,1,1374.63,1043
INV-2024-61583,2025-02-22,1128.0,PRD-135,EG,4,2120.41,1751
INV-2024-15723,2024-12-07,1224.0,PRD-142,SA,3,677.22,481
INV-2024-41417,2024-11-24,1299.0,PRD-138,EG,10,2281.0,1917
INV-2024-30700,2025-11-17,1414.0,PRD-158,JO,1,261.62,187
INV-2024-45884,2024-04-17,1085.0,PRD-134,EG,7,2671.53,1786
INV-2024-92324,2024/06/13,1014.0,PRD-118,SA,4,1174.85,1006
INV-2024-80482,2024-12-03,1420.0,PRD-159,EG,9,2152.65,1779
INV-2024-48258,2025-02-25,1211.0,PRD-112,JO,1,2136.01,1772
INV-2024-97380,2025-12-11,1323.0,PRD-104,SA,5,353.16,244
INV-2024-18748,2025-05-22,1121.0,PRD-111,SA,6,2025.07,1451
INV-2024-38476,22-Oct-2024,1454.0,PRD-165,EG,10,1418.4,968
INV-2024-74682,2025-11-09,1043.0,PRD-115,AE,8,133.55,95
INV-2024-63907,2025-02-14,1321.0,PRD-165,EG,10,948.25,643
INV-2024-82459,2025-07-17,1418.0,PRD-104,AE,2,1724.07,1169
INV-2024-25889,2024-02-07,1156.0,PRD-134,EG,9,401.68,333
INV-2024-58330,2025-04-10,1232.0,PRD-116,EG,6,1486.49,1118
INV-2024-20031,2024-03-31,1293.0,PRD-130,EG,8,1393.54,1088
INV-2024-23791,2024-11-18,1277.0,PRD-102,SA,3,252.41,176
INV-2024-76112,2024-09-15,1277.0,PRD-134,SA,1,1193.62,907
INV-2024-52731,2024-11-27,1342.0,PRD-161,EG,2,2524.25,1747
INV-2024-63752,2024/04/28,,PRD-125,AE,10,281.09,224
INV-2024-69105,2025-02-17,1047.0,PRD-152,SA,2,2365.89,1963
INV-2024-31605,2025-06-10,1346.0,PRD-164,SA,10,860.49,603
INV-2024-43130,2024-01-02,1287.0,PRD-155,SA,9,469.76,358
INV-2024-37180,2025-11-04,1297.0,PRD-151,SA,8,1936.44,1411
INV-2024-76330,2025-07-09,1023.0,PRD-135,SA,10,954.69,776
INV-2024-15850,2025-04-18,1133.0,PRD-116,EG,2,2257.37,1668
INV-2024-70577,2025-02-27,1182.0,PRD-115,EG,7,185.22,140
INV-2024-13501,2024-02-25,1091.0,PRD-132,AE,8,874.55,631
INV-2024-19593,2024-07-11,1171.0,PRD-129,JO,7,920.28,775
INV-2024-93737,2025-06-14,1298.0,PRD-159,EG,7,528.55,422
INV-2024-98555,2025-01-05,1454.0,PRD-106,EG,10,2525.07,1946
INV-2024-70542,2025-09-29,1428.0,PRD-137,SA,10,1053.13,820
INV-2024-59958,2025-05-25,1369.0,PRD-132,SA,5,2681.88,1966
INV-2024-55043,2025-10-02,1137.0,PRD-104,EG,8,1381.49,1097
INV-2024-62342,2025/03/28,1228.0,PRD-109,EG,1,488.7,363
INV-2024-35480,2024-02-22,1198.0,PRD-114,AE,3,563.02,377
INV-2024-61992,2024-07-27,1297.0,PRD-146,SA,4,2384.86,1740
INV-2024-14951,2024-09-30,1278.0,PRD-136,EG,9,351.94,306
INV-2024-11407,2025-07-16,1137.0,PRD-129,EG,9,1161.37,869
INV-2024-42847,2024-05-14,1117.0,PRD-165,EG,10,195.39,134
INV-2024-25031,2024-10-21,1133.0,PRD-118,SA,7,1241.46,1032
INV-2024-27888,2025-03-24,1309.0,PRD-157,EG,10,245.46,189
INV-2024-52875,2025-12-16,1046.0,PRD-109,EG,5,246.24,201
INV-2024-97856,2025-05-11,1301.0,PRD-115,AE,4,1080.27,782
INV-2024-70849,2024-05-04,1421.0,PRD-121,EG,4,1955.68,1513
INV-2024-73538,2024-01-30,1110.0,PRD-130,SA,8,1968.74,1523
INV-2024-70470,2025-10-07,1175.0,PRD-101,EG,3,651.42,559
INV-2024-18943,2025-09-15,1165.0,PRD-133,EG,9,1296.61,1096
INV-2024-20819,2024-09-02,1400.0,PRD-143,EG,1,2310.81,1913
INV-2024-81883,2025/12/27,1385.0,PRD-136,AE,5,1277.47,1064
INV-2024-96117,2024-06-11,1316.0,PRD-116,AE,2,1170.45,928
INV-2024-41757,2024-11-14,1447.0,PRD-105,AE,4,1848.03,1477
INV-2024-67373,2025-07-18,1404.0,PRD-104,EG,10,1164.23,902
INV-2024-28383,2024-01-15,1241.0,PRD-109,SA,8,2770.62,1886
INV-2024-71707,2025-07-19,1396.0,PRD-109,EG,9,431.08,309
INV-2024-46587,2025-02-21,1280.0,PRD-106,EG,9,2681.35,1908
INV-2024-31150,2024-04-05,1237.0,PRD-152,AE,9,410.82,347
INV-2024-32359,2024-08-18,1227.0,PRD-111,EG,5,1193.85,897
INV-2024-12367,2024-04-26,1404.0,PRD-114,EG,4,2236.47,1769
INV-2024-89559,17-Apr-2025,,PRD-124,EG,7,1708.62,1333
INV-2024-23174,2024-04-30,1280.0,PRD-134,EG,7,1813.33,1312
INV-2024-33230,2025-10-25,1358.0,PRD-132,EG,10,1198.64,860
INV-2024-48554,2024-06-06,1160.0,PRD-157,SA,9,1119.28,830
INV-2024-26272,2025-05-25,1168.0,PRD-112,SA,6,1556.75,1254
INV-2024-80078,2024/10/25,1412.0,PRD-141,AE,1,329.39,276
INV-2024-61229,2025-06-05,1370.0,PRD-118,AE,10,1748.23,1441
INV-2024-32079,2025-12-23,1185.0,PRD-162,EG,4,2178.67,1477
INV-2024-20169,2024-10-06,1180.0,PRD-106,EG,2,255.32,194
INV-2024-98000,2025-03-01,1350.0,PRD-155,EG,1,742.31,515
INV-2024-11469,2025-05-09,1107.0,PRD-151,SA,7,857.24,693
INV-2024-98785,2025-04-28,1052.0,PRD-117,EG,9,1533.84,1236
INV-2024-45815,2024-09-06,1307.0,PRD-148,SA,1,1090.26,826
INV-2024-30119,2025-04-12,1013.0,PRD-107,SA,10,1919.5,1393
INV-2024-67757,2025-07-18,1414.0,PRD-139,SA,3,882.85,661
INV-2024-56935,2024-05-28,1092.0,PRD-133,SA,1,956.92,650
INV-2024-33322,2025-01-27,1350.0,PRD-149,EG,5,2430.73,1658
INV-2024-38399,2024-07-14,1221.0,PRD-156,JO,8,1039.08,890
INV-2024-14514,2025-09-05,1135.0,PRD-156,AE,3,113.53,79
INV-2024-98479,2025-06-04,1162.0,PRD-140,EG,7,2326.26,1821
INV-2024-79769,2024/05/19,1175.0,PRD-157,AE,9,2177.72,1877
INV-2024-38333,2024-03-12,1401.0,PRD-158,SA,5,2046.36,1622
INV-2024-67941,2024-10-09,1099.0,PRD-129,AE,9,2315.76,1699
INV-2024-16259,2025-02-28,1067.0,PRD-155,AE,4,2569.92,1805
INV-2024-93203,2024-12-14,1410.0,PRD-134,SA,7,2365.38,1843
INV-2024-78534,03-Jun-2025,1438.0,PRD-117,EG,3,2109.5,1627
INV-2024-94018,2024-09-30,1028.0,PRD-138,EG,2,1182.16,862
INV-2024-96840,2024-01-03,1118.0,PRD-145,SA,1,94.74,68
INV-2024-96512,2024-10-16,1083.0,PRD-155,SA,3,353.68,292
INV-2024-23473,2024-11-01,1093.0,PRD-138,EG,8,1377.44,926
INV-2024-61199,2025-08-24,1356.0,PRD-162,EG,8,885.24,686
INV-2024-50412,2025-08-16,1314.0,PRD-141,AE,2,984.6,849
INV-2024-68194,2025-11-06,1091.0,PRD-111,JO,5,2244.32,1502
INV-2024-16870,2025-05-16,1191.0,PRD-112,SA,9,2552.36,1719
INV-2024-88407,2024-06-01,1031.0,PRD-150,EG,1,2356.75,1607
INV-2024-10611,2025/04/02,1056.0,PRD-102,EG,8,1670.02,1255
INV-2024-16378,2025-07-05,1247.0,PRD-151,EG,8,1426.53,1194
INV-2024-59465,2025-05-10,1089.0,PRD-111,JO,10,1851.3,1269
INV-2024-36442,2024-12-19,1228.0,PRD-146,EG,1,2798.39,1956
INV-2024-42728,2024-12-06,1070.0,PRD-158,SA,7,2078.02,1673
INV-2024-59105,2025-07-19,,PRD-122,EG,7,246.32,205
INV-2024-41265,2025-07-10,1471.0,PRD-115,SA,3,194.2,159
INV-2024-36212,2025-01-21,1118.0,PRD-133,SA,8,922.34,750
INV-2024-21978,2025-04-11,1357.0,PRD-145,AE,10,1984.12,1544
INV-2024-12102,2024-11-25,1237.0,PRD-107,EG,9,1143.44,767
INV-2024-65270,2024-07-12,1189.0,PRD-122,EG,5,2647.87,1991
INV-2024-13662,2025-12-15,1066.0,PRD-140,EG,2,1916.8,1425
INV-2024-11908,2024-09-01,1258.0,PRD-130,JO,6,2290.22,1849
INV-2024-54186,2025-08-08,1025.0,PRD-135,AE,1,2123.18,1434
INV-2024-35185,2025-01-27,1157.0,PRD-133,SA,6,873.82,634
INV-2024-99123,2024/08/27,1379.0,PRD-144,SA,3,2231.78,1831
INV-2024-97680,2025-02-24,1058.0,PRD-110,SA,3,2416.0,1984
INV-2024-18280,2024-02-14,1147.0,PRD-158,EG,9,1856.0,1309
INV-2024-38910,2024-11-21,1350.0,PRD-163,JO,10,2227.83,1552
INV-2024-22661,2025-04-29,1231.0,PRD-111,SA,8,2692.31,1895
INV-2024-97046,2025-12-23,1125.0,PRD-127,EG,5,1884.48,1371
INV-2024-32004,2025-01-25,1251.0,PRD-122,SA,3,136.31,112
INV-2024-31895,2025-01-30,1351.0,PRD-149,EG,3,2031.21,1728
INV-2024-15768,2025-11-10,1182.0,PRD-161,EG,1,1863.96,1391
INV-2024-64484,2025-10-29,1311.0,PRD-109,AE,7,798.84,555
INV-2024-77174,2024-06-04,1169.0,PRD-133,EG,4,150.38,117
INV-2024-24114,2025-05-22,1167.0,PRD-130,SA,9,1555.64,1080
INV-2024-52879,2024-02-07,1320.0,PRD-135,EG,4,1051.77,727
INV-2024-52294,2024-05-09,1007.0,PRD-140,EG,1,2658.96,1806
INV-2024-83669,2025-05-29,1264.0,PRD-114,EG,2,2203.48,1514
INV-2024-92154,2025/08/27,1243.0,PRD-157,EG,9,845.86,636
INV-2024-34844,2024-12-05,1432.0,PRD-109,AE,7,1132.56,757
INV-2024-91877,2024-04-12,1131.0,PRD-136,EG,5,2667.95,1927
INV-2024-37147,2025-03-26,1134.0,PRD-147,SA,5,1081.07,925
INV-2024-81002,2024-04-12,1420.0,PRD-127,SA,9,2361.66,1850
INV-2024-61781,2025-06-22,1244.0,PRD-109,SA,10,1616.01,1318
INV-2024-66083,2025-04-12,1008.0,PRD-114,JO,6,746.78,543
INV-2024-25834,2024-01-16,1076.0,PRD-116,AE,9,1462.34,984
INV-2024-40462,2024-05-27,1448.0,PRD-133,EG,9,1998.33,1555
INV-2024-38020,2025-02-23,1301.0,PRD-155,EG,9,1568.18,1103
INV-2024-23878,01-Nov-2025,1157.0,PRD-108,EG,6,1399.91,1035
INV-2024-56737,2024-06-07,1429.0,PRD-118,SA,8,328.94,264
INV-2024-52384,2024-03-17,1349.0,PRD-158,EG,3,729.4,569
INV-2024-32756,2025-04-25,1415.0,PRD-105,SA,2,2550.28,1815
INV-2024-11965,2024-09-28,1364.0,PRD-149,SA,5,507.44,408
INV-2024-62709,2024/12/12,,PRD-127,EG,9,1693.89,1378
INV-2024-95720,2025-09-30,1084.0,PRD-158,AE,9,656.17,532
INV-2024-51450,2025-12-10,1078.0,PRD-114,EG,2,1895.89,1373
INV-2024-11570,2025-02-11,1016.0,PRD-164,EG,7,2777.07,1934
INV-2024-61011,2025-10-27,1089.0,PRD-127,AE,9,2427.5,1825
INV-2024-37887,2024-03-23,1365.0,PRD-107,SA,10,1753.4,1190
INV-2024-70132,2024-12-02,1075.0,PRD-122,SA,2,202.43,141
INV-2024-38848,2025-11-21,1095.0,PRD-102,SA,4,597.61,409
INV-2024-18652,2025-06-30,1033.0,PRD-103,EG,9,1101.62,840
INV-2024-96240,2025-01-24,1059.0,PRD-149,AE,1,2219.9,1913
INV-2024-46497,2024-11-20,1367.0,PRD-162,AE,7,345.02,299
INV-2024-95189,2025-10-03,1419.0,PRD-111,SA,5,559.55,437
INV-2024-91777,2025-05-14,1148.0,PRD-112,EG,1,2706.1,1928
INV-2024-58362,2025-07-08,1476.0,PRD-138,SA,6,1704.84,1380
INV-2024-15759,2024-02-06,1302.0,PRD-111,EG,9,1861.86,1596
INV-2024-18825,2025/09/24,1142.0,PRD-162,EG,7,2335.48,1653
INV-2024-38647,2024-03-11,1100.0,PRD-118,JO,6,883.14,683
INV-2024-63883,2024-08-28,1427.0,PRD-141,EG,2,139.3,121
INV-2024-49522,2025-10-08,1235.0,PRD-103,JO,7,2336.63,1925
INV-2024-88494,2025-12-01,1419.0,PRD-148,SA,5,2507.82,1982
INV-2024-75480,21-Oct-2024,1225.0,PRD-149,EG,2,842.18,728
INV-2024-23344,2024-08-20,1224.0,PRD-106,SA,7,2610.14,1886
INV-2024-80278,2024-04-02,1138.0,PRD-155,AE,2,232.07,201
INV-2024-84606,2025-03-20,1470.0,PRD-151,AE,6,962.3,662
INV-2024-32473,2024-04-10,1361.0,PRD-112,AE,4,721.4,627
INV-2024-43022,2025-10-10,1278.0,PRD-158,SA,6,328.84,255
INV-2024-22418,2025-12-21,1396.0,PRD-135,SA,10,1177.5,1011
INV-2024-88625,2024-04-12,1189.0,PRD-102,AE,9,1956.31,1606
INV-2024-52513,2025-03-30,1281.0,PRD-154,EG,4,876.21,652
INV-2024-92689,2024-06-19,1274.0,PRD-149,SA,10,1649.37,1206
INV-2024-60930,2025/12/11,1199.0,PRD-121,EG,10,1410.47,990
INV-2024-98853,2024-11-02,1277.0,PRD-130,JO,7,1602.52,1192
INV-2024-27423,2024-01-30,1242.0,PRD-116,JO,9,1997.13,1446
INV-2024-53522,2024-02-17,1401.0,PRD-163,EG,10,252.93,198
INV-2024-32980,2024-11-28,1412.0,PRD-148,AE,10,1125.86,928
INV-2024-93277,2024-02-27,1433.0,PRD-159,JO,2,1591.82,1216
INV-2024-51676,2024-10-27,1012.0,PRD-149,EG,10,637.74,534
INV-2024-97342,2025-01-02,1068.0,PRD-112,SA,7,2587.33,1854
INV-2024-73193,2025-01-18,1233.0,PRD-146,JO,9,1657.87,1232
INV-2024-18849,2025-03-17,1195.0,PRD-124,EG,1,998.3,669
INV-2024-53922,2024-05-29,,PRD-101,SA,10,1187.58,804
INV-2024-12313,2024-09-07,1402.0,PRD-110,EG,8,1000.03,789
INV-2024-89761,2025-06-27,1498.0,PRD-141,JO,2,1311.09,993
INV-2024-86681,2025-02-25,1362.0,PRD-138,JO,2,2010.38,1424
INV-2024-68839,2025-08-02,1152.0,PRD-163,JO,7,1558.47,1283
INV-2024-60118,2025/11/29,1050.0,PRD-110,SA,9,2040.66,1428
INV-2024-76981,2024-07-03,1144.0,PRD-119,AE,2,1813.71,1296
INV-2024-93963,2024-06-23,1482.0,PRD-152,AE,3,1171.09,942
INV-2024-40464,2024-06-28,1073.0,PRD-121,EG,10,2609.24,1981
INV-2024-75984,2024-03-21,1231.0,PRD-110,AE,1,2391.12,1711
INV-2024-87000,2025-09-16,1370.0,PRD-134,EG,6,875.06,595
INV-2024-11742,2025-01-26,1422.0,PRD-114,SA,9,1053.76,759
INV-2024-40488,2025-09-26,1249.0,PRD-148,EG,1,915.51,703
INV-2024-12780,2025-11-30,1065.0,PRD-165,EG,1,2407.08,1780
INV-2024-90786,2024-09-03,1433.0,PRD-117,EG,6,1537.2,1067
INV-2024-26260,2025-05-24,1481.0,PRD-103,SA,1,245.45,179
INV-2024-50481,2025-08-20,1474.0,PRD-129,EG,6,1107.95,889
INV-2024-40984,2024-05-26,1236.0,PRD-107,AE,3,693.86,482
INV-2024-66164,2024-08-25,1434.0,PRD-136,EG,8,547.67,413
INV-2024-41922,2025-04-17,1455.0,PRD-142,EG,5,70.23,60
INV-2024-91233,2025/10/15,1267.0,PRD-163,SA,9,511.48,424
INV-2024-20405,2024-09-17,1368.0,PRD-134,AE,8,640.39,542
INV-2024-17854,2025-04-15,1038.0,PRD-154,EG,7,2921.28,1978
INV-2024-28029,2024-09-18,1004.0,PRD-148,SA,8,215.39,184
INV-2024-59089,2025-11-13,1483.0,PRD-145,AE,9,1900.44,1363
INV-2024-75369,2024-01-10,1047.0,PRD-108,SA,2,1569.44,1226
INV-2024-48877,2025-04-21,1313.0,PRD-101,EG,3,2333.34,1778
INV-2024-36478,2024-10-21,1418.0,PRD-114,EG,2,844.48,695
INV-2024-29879,2025-11-24,1383.0,PRD-111,AE,1,2008.65,1573
INV-2024-59250,2025-07-13,1028.0,PRD-157,EG,10,400.12,328
INV-2024-36789,10-Jun-2024,1237.0,PRD-105,AE,2,2221.37,1708
INV-2024-94153,2024-03-16,1349.0,PRD-141,SA,1,87.61,59
INV-2024-14968,2025-03-28,1464.0,PRD-133,JO,2,2448.65,1846
INV-2024-41203,2024-12-19,1288.0,PRD-140,AE,6,1855.04,1481
INV-2024-88390,2025-08-24,1409.0,PRD-119,JO,10,1468.96,1118
INV-2024-68160,2024/11/02,1443.0,PRD-128,EG,7,903.0,755
INV-2024-53082,2025-10-16,1143.0,PRD-133,AE,8,1926.15,1618
INV-2024-27598,2025-03-10,1492.0,PRD-112,SA,10,2347.5,1674
INV-2024-46454,2025-12-07,1243.0,PRD-119,SA,4,2137.44,1698
INV-2024-51620,2024-09-13,1110.0,PRD-111,SA,2,151.31,122
INV-2024-94358,2025-04-12,,PRD-106,AE,6,2202.9,1636
INV-2024-15191,2024-11-05,1114.0,PRD-152,JO,3,249.64,190
INV-2024-78271,2024-07-22,1110.0,PRD-138,AE,6,1172.67,946
INV-2024-64380,2025-01-28,1173.0,PRD-131,SA,3,1216.62,911
INV-2024-94940,2025-05-09,1442.0,PRD-152,SA,5,1519.9,1167
INV-2024-47808,2024-04-19,1230.0,PRD-155,AE,4,1682.6,1254
INV-2024-13105,2024-08-30,1457.0,PRD-133,EG,5,2620.41,1956
INV-2024-40016,2025-01-25,1281.0,PRD-125,EG,5,519.64,412
INV-2024-53420,2025-08-08,1196.0,PRD-130,EG,5,1295.29,881
INV-2024-54922,2025-01-02,1170.0,PRD-107,EG,6,206.34,158
INV-2024-41752,2025/08/11,1475.0,PRD-157,EG,5,1743.14,1493
INV-2024-36976,2024-10-29,1230.0,PRD-147,EG,10,938.46,737
INV-2024-80688,2025-12-17,1492.0,PRD-147,EG,7,459.51,376
INV-2024-17087,2024-10-29,1374.0,PRD-124,EG,1,1470.97,1266
INV-2024-97163,2024-01-23,1462.0,PRD-143,JO,6,313.35,269
INV-2024-42550,05-Nov-2025,1375.0,PRD-140,SA,1,2116.11,1414
INV-2024-39156,2025-02-09,1456.0,PRD-114,EG,4,376.65,254
INV-2024-89700,2024-10-08,1237.0,PRD-113,SA,9,2541.96,1977
INV-2024-60002,2024-01-09,1073.0,PRD-103,EG,6,2129.23,1699
INV-2024-78350,2025-08-02,1350.0,PRD-157,JO,7,222.46,160
INV-2024-52157,2025-12-03,1087.0,PRD-123,AE,1,1234.26,881
INV-2024-34057,2024-02-20,1471.0,PRD-148,EG,4,998.12,695
INV-2024-67981,2025-09-12,1358.0,PRD-135,SA,2,1753.76,1447
INV-2024-92546,2025-05-23,1458.0,PRD-101,AE,2,1694.22,1415
INV-2024-10792,2024-10-20,1462.0,PRD-157,JO,6,2365.96,1657
INV-2024-18469,2024/08/23,1447.0,PRD-146,SA,1,85.57,71
INV-2024-74440,2025-09-13,1389.0,PRD-154,SA,1,266.25,211
INV-2024-19173,2024-12-26,1110.0,PRD-144,EG,3,2777.95,1906
INV-2024-35226,2024-08-12,1226.0,PRD-134,JO,10,865.09,745
INV-2024-16829,2025-10-13,1023.0,PRD-137,EG,8,360.11,254
INV-2024-93147,2024-07-13,1433.0,PRD-125,JO,3,1356.88,999
INV-2024-28550,2025-09-27,1477.0,PRD-107,SA,6,2115.16,1500
INV-2024-36767,2024-09-13,1330.0,PRD-147,SA,1,2362.96,1920
INV-2024-26457,2025-11-25,1025.0,PRD-109,SA,1,1068.14,854
INV-2024-22027,2025-11-06,1497.0,PRD-128,EG,5,2288.85,1632
INV-2024-32764,2025-11-28,1354.0,PRD-127,EG,10,336.11,292
INV-2024-87677,2024-05-20,1065.0,PRD-145,EG,1,2263.95,1848
INV-2024-81938,2025-10-05,1260.0,PRD-106,EG,10,2205.65,1480
INV-2024-36787,2024-04-09,1033.0,PRD-137,AE,2,1457.01,1161
INV-2024-40973,2025-10-04,1490.0,PRD-113,EG,4,1761.09,1389
INV-2024-76509,2025/10/23,,PRD-123,EG,9,997.84,785
INV-2024-20245,2024-02-10,1466.0,PRD-132,JO,6,1960.69,1454
INV-2024-65868,2024-11-12,1024.0,PRD-119,AE,6,991.47,844
INV-2024-71220,2025-03-27,1209.0,PRD-108,JO,8,1798.71,1216
INV-2024-50824,2024-02-04,1330.0,PRD-102,JO,1,1166.33,864
INV-2024-31516,2025-08-16,1038.0,PRD-108,EG,9,1179.64,842
INV-2024-35891,2025-01-08,1135.0,PRD-162,EG,1,2289.37,1643
INV-2024-42102,2024-05-14,1246.0,PRD-131,AE,9,830.25,596
INV-2024-65576,2024-04-02,1367.0,PRD-117,SA,4,1712.29,1406
INV-2024-33125,2024-10-29,1158.0,PRD-137,EG,10,2202.41,1481
INV-2024-89410,2024-11-30,1442.0,PRD-148,AE,4,105.89,92
INV-2024-42632,2025-03-01,1235.0,PRD-163,EG,7,2319.26,1603
INV-2024-49728,2024-06-28,1172.0,PRD-121,EG,6,80.94,66
INV-2024-47401,2024-07-24,1425.0,PRD-145,SA,1,263.2,199
INV-2024-85552,2024-05-15,1161.0,PRD-149,SA,5,462.81,316
INV-2024-68755,2025/07/06,1147.0,PRD-124,SA,2,1324.65,990
INV-2024-93309,2025-01-09,1299.0,PRD-124,EG,1,1622.52,1335
INV-2024-36398,2025-06-27,1113.0,PRD-120,AE,4,860.79,680
INV-2024-45633,2025-05-28,1036.0,PRD-113,EG,1,2222.52,1559
INV-2024-73068,2024-10-06,1330.0,PRD-106,EG,7,2451.98,1768
INV-2024-20487,2024-06-17,1126.0,PRD-146,AE,1,1919.3,1354
INV-2024-57131,2024-09-20,1262.0,PRD-153,JO,5,631.72,547
INV-2024-62198,2025-05-08,1046.0,PRD-115,AE,7,1114.83,854
INV-2024-59508,2024-10-29,1316.0,PRD-118,AE,1,916.3,626
INV-2024-31989,2024-12-12,1491.0,PRD-143,SA,8,1037.86,734
INV-2024-71697,27-Apr-2024,1166.0,PRD-158,SA,10,2201.8,1812
INV-2024-67852,2025-04-24,1304.0,PRD-122,EG,10,2114.81,1629
INV-2024-65403,2024-03-18,1203.0,PRD-122,SA,1,774.46,522
INV-2024-76229,2024-05-24,1215.0,PRD-131,EG,3,1939.29,1682
INV-2024-89874,2024-08-19,1235.0,PRD-119,EG,6,1031.15,774
INV-2024-66810,2025/11/23,1131.0,PRD-110,AE,8,1458.55,998
INV-2024-30431,2025-11-21,1001.0,PRD-117,SA,8,335.63,284
INV-2024-73176,2025-02-10,1432.0,PRD-145,EG,3,716.69,512
INV-2024-12596,2025-07-24,1093.0,PRD-101,EG,4,1301.67,933
INV-2024-59993,2025-01-09,1051.0,PRD-122,SA,10,2119.97,1535
INV-2024-66019,2024-04-02,1181.0,PRD-109,EG,9,1980.14,1659
INV-2024-20909,2025-02-08,1371.0,PRD-163,AE,1,1859.66,1455
INV-2024-49351,2024-01-15,1223.0,PRD-113,SA,2,1940.81,1632
INV-2024-88011,2024-09-27,1109.0,PRD-156,SA,9,1025.71,810
INV-2024-80411,2025-07-03,1374.0,PRD-111,SA,10,2333.91,1853
INV-2024-30027,2024-05-06,,PRD-160,AE,8,547.39,392
INV-2024-82463,2025-04-10,1196.0,PRD-113,EG,9,1291.44,1108
INV-2024-33029,2025-01-12,1385.0,PRD-107,SA,6,2376.68,1928
INV-2024-43723,2025-11-19,1035.0,PRD-128,SA,9,1114.96,818
INV-2024-59866,2025-11-19,1261.0,PRD-120,EG,10,1511.6,1032
INV-2024-70771,2024/09/25,1170.0,PRD-136,AE,5,2131.7,1824
INV-2024-50088,2025-08-21,1264.0,PRD-113,AE,3,552.72,394
INV-2024-69454,2025-01-25,1084.0,PRD-162,SA,1,193.95,160
INV-2024-47122,2025-10-15,1315.0,PRD-128,AE,5,1372.61,1149
INV-2024-59171,2025-01-15,1070.0,PRD-130,AE,3,211.73,171
INV-2024-83681,20-Apr-2024,1143.0,PRD-136,AE,8,855.1,620
INV-2024-89432,2025-11-22,1474.0,PRD-117,AE,9,1878.86,1581
INV-2024-73025,2024-08-27,1499.0,PRD-154,SA,6,1676.57,1232
INV-2024-19429,2025-04-27,1359.0,PRD-126,SA,1,1705.44,1428
INV-2024-53677,2024-01-26,1066.0,PRD-102,SA,1,1648.27,1348
INV-2024-27911,2025-09-26,1142.0,PRD-107,AE,3,721.27,498
INV-2024-71506,2025-07-28,1368.0,PRD-117,EG,8,1363.74,1069
INV-2024-35652,2024-12-01,1357.0,PRD-117,AE,2,703.01,549
INV-2024-30280,2025-09-16,1022.0,PRD-125,AE,3,1277.36,1080
INV-2024-34854,2024-08-14,1454.0,PRD-143,EG,1,1093.78,883
INV-2024-10547,2025/10/25,1002.0,PRD-126,AE,1,1057.25,755
INV-2024-11682,2024-03-05,1479.0,PRD-130,EG,8,1291.2,985
INV-2024-75627,2025-10-12,1463.0,PRD-151,EG,10,335.52,246
INV-2024-59054,2025-04-20,1068.0,PRD-129,AE,2,1679.13,1450
INV-2024-74415,2025-12-18,1307.0,PRD-121,EG,2,1251.42,901
INV-2024-63025,2024-11-05,1241.0,PRD-110,AE,5,1197.12,824
INV-2024-64502,2025-10-26,1441.0,PRD-106,AE,3,1753.92,1242
INV-2024-61727,2025-02-22,1062.0,PRD-128,SA,1,728.46,589
INV-2024-58908,2024-04-29,1035.0,PRD-136,EG,10,1083.79,842
INV-2024-60336,2024-05-23,1291.0,PRD-120,EG,2,2458.75,1691
INV-2024-74166,2024-02-16,1215.0,PRD-116,SA,8,103.38,78
INV-2024-50345,2024-02-08,1208.0,PRD-147,JO,9,2381.5,1862
INV-2024-94023,2024-11-07,1431.0,PRD-154,SA,7,1473.53,993
INV-2024-87110,2025-05-19,1197.0,PRD-106,EG,4,1911.24,1484
INV-2024-19336,2024-04-28,1044.0,PRD-120,SA,10,1571.75,1098
INV-2024-63580,2024/04/09,1186.0,PRD-147,SA,1,906.79,670
INV-2024-15089,2024-08-28,1154.0,PRD-133,AE,1,1417.93,953
INV-2024-26315,2025-07-04,1101.0,PRD-151,EG,5,1828.41,1288
INV-2024-60439,2024-05-18,1291.0,PRD-129,AE,7,869.35,754
INV-2024-84135,2025-02-01,1086.0,PRD-149,SA,8,523.55,438
INV-2024-31281,2025-04-09,,PRD-122,JO,3,1368.28,938
INV-2024-35457,2025-01-14,1046.0,PRD-116,EG,5,433.83,350
INV-2024-67186,2025-11-17,1341.0,PRD-153,SA,3,2783.64,1933
INV-2024-43457,2025-12-14,1482.0,PRD-144,JO,9,1860.48,1474
INV-2024-55688,2025-07-07,1052.0,PRD-120,EG,9,2381.37,1791
INV-2024-76795,2025-03-05,1274.0,PRD-106,JO,8,2979.96,1993
INV-2024-74044,2025-08-24,1379.0,PRD-113,SA,10,2527.13,1955
INV-2024-93228,2024-06-07,1371.0,PRD-131,EG,5,2742.24,1908
INV-2024-58258,2025-02-28,1337.0,PRD-111,EG,10,1693.12,1219
INV-2024-17563,2025-11-01,1113.0,PRD-134,AE,4,1517.24,1196
INV-2024-95315,2024/04/11,1455.0,PRD-131,EG,3,2267.7,1524
INV-2024-60506,2025-05-16,1485.0,PRD-137,SA,8,631.21,432
INV-2024-65579,2025-09-22,1187.0,PRD-108,EG,9,654.91,533
INV-2024-42347,2025-02-21,1487.0,PRD-134,SA,4,2862.05,1994
INV-2024-41765,2024-10-13,1040.0,PRD-131,EG,2,2157.32,1496
INV-2024-72616,2024-02-03,1208.0,PRD-164,AE,1,1216.83,815
INV-2024-14522,2025-12-07,1190.0,PRD-135,JO,8,2309.36,1644
INV-2024-57371,2025-01-14,1256.0,PRD-135,JO,6,2198.68,1680
INV-2024-92700,2024-08-10,1370.0,PRD-135,AE,6,2426.14,1989
INV-2024-98660,2025-03-30,1224.0,PRD-131,EG,6,1584.9,1205
INV-2024-13703,31-Mar-2025,1202.0,PRD-135,AE,7,2749.29,1957
INV-2024-97251,2024-08-29,1196.0,PRD-165,EG,2,1139.85,932
INV-2024-94585,2025-01-06,1065.0,PRD-136,EG,2,523.3,412
INV-2024-29383,2024-04-11,1012.0,PRD-148,EG,9,2169.54,1478
INV-2024-44253,2025-12-03,1474.0,PRD-143,SA,10,2851.44,1928
INV-2024-89355,2025/01/11,1418.0,PRD-112,AE,6,607.53,429
INV-2024-69699,2025-07-11,1166.0,PRD-119,SA,6,1577.36,1229
INV-2024-99268,2025-10-22,1433.0,PRD-139,SA,8,501.97,422
INV-2024-29315,2025-01-02,1007.0,PRD-131,EG,8,2734.22,1831
INV-2024-43330,2024-03-03,1123.0,PRD-118,JO,6,2299.19,1641
INV-2024-42429,2025-02-11,1137.0,PRD-116,SA,3,999.64,838
INV-2024-88924,2024-10-09,1027.0,PRD-137,SA,5,1852.66,1382
INV-2024-85804,2024-07-13,1127.0,PRD-126,EG,3,2561.02,1977
INV-2024-96848,2024-05-05,1155.0,PRD-115,AE,6,2345.16,1864
INV-2024-31158,2025-04-10,1232.0,PRD-108,SA,10,1098.17,895
INV-2024-11617,2024-04-03,1116.0,PRD-159,EG,2,2648.75,1908
INV-2024-25300,2025-11-09,1016.0,PRD-103,EG,9,1907.34,1372
INV-2024-22098,2024-08-05,1254.0,PRD-116,SA,9,2209.04,1733
INV-2024-94462,2025-10-19,1073.0,PRD-122,SA,2,271.13,212
INV-2024-60377,2025-10-16,1048.0,PRD-158,EG,9,788.39,625
INV-2024-62122,2025/09/03,,PRD-127,JO,5,2287.75,1563
INV-2024-86829,2024-01-22,1456.0,PRD-156,EG,9,2206.8,1683
INV-2024-20531,2024-02-21,1433.0,PRD-135,SA,8,177.21,149
INV-2024-77965,2024-12-07,1330.0,PRD-125,JO,3,2520.99,1831
INV-2024-34749,2024-09-06,1355.0,PRD-104,SA,9,1273.08,891
INV-2024-65436,08-May-2024,1114.0,PRD-119,SA,8,1304.61,997
INV-2024-31734,2025-08-01,1205.0,PRD-156,EG,6,1072.43,882
INV-2024-65950,2024-07-29,1002.0,PRD-160,EG,2,910.69,620
INV-2024-43144,2024-03-11,1474.0,PRD-106,JO,6,2068.6,1719
INV-2024-49612,2025-07-21,1478.0,PRD-157,SA,9,206.23,178
INV-2024-75620,2024-07-31,1167.0,PRD-148,AE,9,2089.21,1398
INV-2024-79887,2025-08-23,1013.0,PRD-105,EG,3,1507.71,1040
INV-2024-96309,2024-08-09,1374.0,PRD-123,EG,3,231.51,184
INV-2024-60172,2024-08-26,1238.0,PRD-141,EG,4,383.17,295
INV-2024-86818,2024-12-02,1117.0,PRD-139,SA,10,2093.58,1467
INV-2024-50367,2024/05/31,1391.0,PRD-128,EG,7,1622.62,1133
INV-2024-63950,2025-09-02,1254.0,PRD-112,AE,3,2219.95,1910
INV-2024-21648,2024-01-03,1102.0,PRD-116,SA,7,1682.87,1324
INV-2024-24322,2024-10-10,1266.0,PRD-120,JO,7,601.58,410
INV-2024-93385,2024-05-28,1308.0,PRD-104,EG,3,1724.34,1228
INV-2024-85053,2024-05-13,1402.0,PRD-163,AE,4,900.83,754
INV-2024-55140,2025-07-07,1495.0,PRD-148,AE,10,1109.88,771
INV-2024-28705,2024-09-13,1466.0,PRD-128,AE,4,426.83,353
INV-2024-45261,2024-06-27,1117.0,PRD-157,AE,10,642.15,439
INV-2024-37462,2024-04-22,1001.0,PRD-123,AE,5,1150.11,794
INV-2024-62162,2025-11-07,1401.0,PRD-129,SA,6,610.76,511
INV-2024-50383,2024-01-27,1219.0,PRD-155,EG,2,1384.48,1088
INV-2024-10841,2024-05-14,1241.0,PRD-105,EG,7,347.82,237
INV-2024-32072,2024-01-16,1024.0,PRD-159,JO,9,556.92,433
INV-2024-74451,2025-01-01,1404.0,PRD-164,SA,2,2143.08,1615
INV-2024-10206,2024/08/31,1425.0,PRD-121,AE,4,965.71,830
INV-2024-22697,2025-08-25,1252.0,PRD-102,SA,2,475.55,369
INV-2024-19154,2024-11-27,1331.0,PRD-146,EG,9,738.58,505
INV-2024-64767,2024-01-17,1362.0,PRD-124,EG,2,2392.49,1809
INV-2024-78807,2024-06-27,1473.0,PRD-156,SA,5,1658.3,1143
INV-2024-64636,2024-09-28,1245.0,PRD-152,SA,4,931.71,714
INV-2024-95789,2024-02-23,1068.0,PRD-134,EG,3,715.09,479
INV-2024-47793,2024-05-09,1354.0,PRD-128,SA,3,504.32,340
INV-2024-66485,2025-03-07,1325.0,PRD-103,EG,2,2171.98,1594
INV-2024-32365,2025-06-22,1079.0,PRD-133,SA,6,1791.47,1197
INV-2024-33121,2024-04-26,,PRD-120,EG,3,583.9,415
INV-2024-59106,2024-03-06,1208.0,PRD-146,AE,1,997.96,822
INV-2024-34431,2025-05-02,1109.0,PRD-144,EG,6,1625.99,1393
INV-2024-27607,2025-04-04,1125.0,PRD-150,SA,8,2601.8,1820
INV-2024-35954,2025-01-05,1438.0,PRD-109,EG,2,1330.77,1138
INV-2024-73762,2025/06/09,1351.0,PRD-151,EG,8,728.57,614
INV-2024-33853,2025-08-30,1004.0,PRD-131,EG,8,1789.68,1420
INV-2024-75878,2024-04-21,1396.0,PRD-140,SA,2,1867.72,1387
INV-2024-24449,2025-04-07,1007.0,PRD-120,SA,2,710.58,500
INV-2024-69069,2025-05-30,1206.0,PRD-123,EG,1,1554.23,1091
INV-2024-84329,2024-08-14,1118.0,PRD-152,SA,10,2447.95,1746
INV-2024-37862,2025-09-21,1198.0,PRD-147,AE,2,972.73,692
INV-2024-34331,2024-02-14,1024.0,PRD-161,AE,6,869.08,702
INV-2024-36337,2025-11-05,1410.0,PRD-110,EG,3,2694.53,1968
INV-2024-17730,2025-06-17,1189.0,PRD-109,SA,2,1381.66,926
INV-2024-33950,04-Nov-2024,1037.0,PRD-135,EG,2,1714.66,1209
INV-2024-35150,2025-04-14,1169.0,PRD-144,EG,7,700.49,606
INV-2024-43993,2025-10-20,1296.0,PRD-112,JO,7,1887.77,1263
INV-2024-63581,2024-02-01,1231.0,PRD-142,EG,9,1360.65,1067
INV-2024-67767,2024-03-03,1031.0,PRD-124,SA,8,1949.56,1695
INV-2024-92160,2025/05/05,1010.0,PRD-118,SA,5,514.33,395
INV-2024-91844,2025-02-15,1342.0,PRD-121,AE,1,266.75,195
INV-2024-24312,2025-03-12,1050.0,PRD-164,SA,3,2130.38,1542
INV-2024-93418,2025-12-03,1158.0,PRD-120,EG,2,2411.95,1976
INV-2024-31774,2024-04-20,1385.0,PRD-132,EG,7,2821.92,1905
INV-2024-20460,2025-05-17,1237.0,PRD-152,SA,9,1665.62,1210
INV-2024-48420,2025-12-30,1019.0,PRD-152,EG,10,1475.35,1121
INV-2024-21233,2025-03-30,1085.0,PRD-110,EG,7,1541.6,1054
INV-2024-59509,2024-03-16,1041.0,PRD-130,EG,10,1976.61,1627
INV-2024-26342,2024-03-23,1334.0,PRD-157,EG,7,2030.04,1432
INV-2024-46275,2024-11-25,1492.0,PRD-159,EG,6,1992.66,1474
INV-2024-18423,2025-09-14,1333.0,PRD-161,EG,9,1158.74,910
INV-2024-54846,2024-05-31,1482.0,PRD-127,SA,10,2783.74,1893
INV-2024-13888,2024-03-08,1104.0,PRD-140,SA,2,1517.81,1284
INV-2024-86761,2024-05-09,1169.0,PRD-149,AE,5,504.95,435
INV-2024-40773,2024/10/08,1094.0,PRD-143,EG,4,366.2,305
INV-2024-72638,2025-10-01,1062.0,PRD-121,EG,10,243.18,191
INV-2024-73595,2025-10-10,1397.0,PRD-104,EG,6,1497.11,1045
INV-2024-98185,2025-08-22,1145.0,PRD-135,SA,10,1781.1,1360
INV-2024-23213,2025-07-15,1246.0,PRD-137,AE,1,1758.22,1506
INV-2024-11246,30-Dec-2025,,PRD-118,EG,9,1288.48,1000
INV-2024-18002,2024-11-28,1279.0,PRD-140,JO,7,1375.48,1066
INV-2024-44875,2025-01-25,1304.0,PRD-158,EG,8,2442.42,1941
INV-2024-10947,2025-09-03,1215.0,PRD-112,SA,4,1226.35,839
INV-2024-97205,2025-06-27,1354.0,PRD-155,AE,1,835.35,576
INV-2024-86342,2024-10-28,1012.0,PRD-105,AE,7,700.45,550
INV-2024-15486,2025-04-09,1241.0,PRD-129,AE,4,172.22,127
INV-2024-22693,2025-06-01,1500.0,PRD-150,AE,5,1568.28,1207
INV-2024-37665,2025-09-11,1493.0,PRD-124,EG,8,1122.33,953
INV-2024-78463,2025-03-16,1071.0,PRD-146,AE,10,1892.51,1475
INV-2024-10951,2024/04/11,1106.0,PRD-142,EG,1,1883.92,1472
INV-2024-59239,2025-12-19,1369.0,PRD-160,AE,1,533.26,417
INV-2024-89034,2024-04-27,1083.0,PRD-115,SA,9,497.22,379
INV-2024-78167,2025-11-01,1219.0,PRD-127,AE,5,792.67,530
INV-2024-44843,2025-10-28,1315.0,PRD-141,SA,5,2568.48,1926
INV-2024-73691,2025-07-18,1314.0,PRD-143,SA,7,1125.3,764
INV-2024-72027,2024-08-08,1337.0,PRD-153,SA,7,698.75,557
INV-2024-54175,2025-03-16,1386.0,PRD-143,AE,5,2697.79,1841
INV-2024-89216,2025-04-07,1382.0,PRD-138,EG,4,949.35,679
INV-2024-66289,2024-08-21,1406.0,PRD-110,EG,5,1553.77,1303
INV-2024-54112,2025-02-27,1386.0,PRD-132,EG,10,787.24,546
INV-2024-58599,2024-12-13,1142.0,PRD-134,EG,10,1216.04,973
INV-2024-99372,2025-04-09,1450.0,PRD-135,AE,7,682.05,590
INV-2024-54967,2025-02-12,1075.0,PRD-122,EG,4,199.58,147
INV-2024-51317,2025-03-01,1216.0,PRD-165,JO,3,1808.51,1289
INV-2024-41404,2024/04/07,1295.0,PRD-128,EG,9,1937.87,1365
INV-2024-57344,2024-11-16,1052.0,PRD-135,EG,4,441.29,372
INV-2024-97173,2025-03-13,1458.0,PRD-102,AE,10,1149.76,962
INV-2024-62228,2024-11-16,1059.0,PRD-123,SA,8,1874.76,1609
INV-2024-59602,2025-11-12,1155.0,PRD-142,SA,9,927.7,762
INV-2024-90059,2024-09-18,1190.0,PRD-153,SA,6,1454.44,1017
INV-2024-17502,2025-01-18,1440.0,PRD-117,AE,3,155.68,126
INV-2024-56665,2024-06-05,1155.0,PRD-106,EG,5,1574.81,1210
INV-2024-53287,2025-12-04,1196.0,PRD-139,JO,2,495.34,353
INV-2024-23130,2025-04-30,1291.0,PRD-129,JO,1,2011.88,1735
INV-2024-10404,2024-03-09,1055.0,PRD-146,SA,3,1956.66,1644
INV-2024-69889,2024-04-03,1171.0,PRD-160,EG,7,2319.92,1820
INV-2024-62665,2024-03-28,1098.0,PRD-151,SA,6,1574.96,1242
INV-2024-28201,2024-04-05,1494.0,PRD-161,EG,1,1755.54,1187
INV-2024-13365,2025-03-18,1473.0,PRD-111,EG,10,1591.92,1298
INV-2024-88893,2024/04/08,,PRD-109,EG,6,1481.47,1181
INV-2024-26108,2025-01-16,1357.0,PRD-134,SA,6,1108.33,862
INV-2024-79550,2024-05-13,1038.0,PRD-111,AE,4,2629.86,1963
INV-2024-46630,2025-07-23,1025.0,PRD-148,AE,4,960.26,657
INV-2024-42576,2024-03-02,1425.0,PRD-125,AE,7,549.25,372
INV-2024-58290,2025-08-23,1018.0,PRD-118,SA,4,565.07,449
INV-2024-69233,2025-07-29,1094.0,PRD-138,EG,5,1078.48,882
INV-2024-91048,2025-07-29,1010.0,PRD-114,EG,5,725.63,525
INV-2024-99939,2024-12-03,1259.0,PRD-154,JO,7,2371.95,1650
INV-2024-96360,2025-11-17,1017.0,PRD-104,EG,9,2447.49,1670
INV-2024-72285,05-May-2024,1364.0,PRD-141,AE,3,1763.12,1215
INV-2024-77490,2025-02-24,1386.0,PRD-149,SA,10,182.94,152
INV-2024-64149,2024-12-28,1332.0,PRD-112,SA,8,1383.8,947
INV-2024-96537,2025-11-12,1239.0,PRD-109,AE,5,651.52,435
INV-2024-34633,2025-03-09,1107.0,PRD-139,SA,6,203.53,169
INV-2024-10410,2024/02/22,1485.0,PRD-147,AE,1,463.37,384
INV-2024-93633,2024-10-21,1217.0,PRD-136,JO,7,900.35,742
INV-2024-52229,2025-09-06,1374.0,PRD-144,SA,3,557.71,457
INV-2024-12179,2024-11-15,1320.0,PRD-120,EG,4,82.64,69
INV-2024-93070,2024-12-26,1170.0,PRD-118,SA,7,1832.36,1224
INV-2024-57212,2024-04-16,1105.0,PRD-128,JO,1,602.0,520
INV-2024-15997,2025-08-14,1130.0,PRD-126,EG,7,1316.08,1009
INV-2024-52667,2025-06-03,1344.0,PRD-116,SA,7,2166.25,1654
INV-2024-98857,2024-08-05,1225.0,PRD-102,SA,7,483.33,340
INV-2024-68236,2024-06-07,1385.0,PRD-145,AE,6,820.13,560
INV-2024-40612,2025-11-03,1089.0,PRD-108,EG,5,1745.33,1364
INV-2024-89529,2025-05-08,1041.0,PRD-108,AE,3,2355.73,1914
INV-2024-73509,2024-08-17,1418.0,PRD-134,JO,8,491.67,399
INV-2024-62450,2024-04-20,1139.0,PRD-128,EG,3,173.2,145
INV-2024-90293,2024-12-24,1235.0,PRD-138,EG,2,2962.66,1988
INV-2024-20665,2025/07/23,1047.0,PRD-103,JO,8,1833.53,1519
INV-2024-55656,2025-01-11,1339.0,PRD-121,EG,3,758.19,649
INV-2024-66087,2024-04-27,1030.0,PRD-148,AE,8,2502.59,1717
INV-2024-72406,2024-10-12,1470.0,PRD-153,SA,5,2045.64,1402
INV-2024-96289,2025-08-10,1374.0,PRD-160,EG,2,2578.79,1753
INV-2024-23166,19-Aug-2024,1165.0,PRD-164,AE,5,1064.79,897
INV-2024-60444,2025-03-15,1474.0,PRD-124,SA,5,195.35,152
INV-2024-48517,2025-07-28,1275.0,PRD-130,SA,8,520.5,365
INV-2024-89583,2025-09-28,1323.0,PRD-161,EG,3,988.63,745
INV-2024-35569,2025-09-20,1093.0,PRD-109,SA,3,948.99,698
INV-2024-28764,2025-11-22,,PRD-144,EG,7,2141.59,1602
INV-2024-78164,2025-10-20,1469.0,PRD-133,EG,9,2161.14,1534
INV-2024-84959,2025-07-24,1249.0,PRD-132,JO,4,1621.7,1334
INV-2024-76143,2024-01-27,1407.0,PRD-110,EG,3,303.66,254
INV-2024-14160,2025-09-15,1025.0,PRD-112,SA,2,1489.77,1137
INV-2024-26759,2025/11/04,1121.0,PRD-106,EG,6,1960.14,1459
INV-2024-75264,2025-12-11,1343.0,PRD-107,AE,2,1420.28,980
INV-2024-21415,2024-09-30,1150.0,PRD-163,EG,1,2307.5,1684
INV-2024-49498,2024-01-30,1307.0,PRD-129,JO,3,914.6,771
INV-2024-98219,2024-07-03,1356.0,PRD-133,SA,6,562.78,414
INV-2024-81925,2024-10-06,1253.0,PRD-115,EG,2,488.2,403
INV-2024-71184,2025-12-20,1485.0,PRD-164,EG,7,1960.23,1582
INV-2024-32027,2024-11-12,1286.0,PRD-129,EG,8,509.46,422
INV-2024-68495,2024-12-13,1439.0,PRD-147,SA,5,427.39,356
INV-2024-25162,2024-12-25,1091.0,PRD-149,EG,7,1817.53,1440
INV-2024-73198,2024-01-07,1303.0,PRD-134,AE,7,2658.76,1790
INV-2024-96853,2024-07-04,1379.0,PRD-125,SA,1,1964.1,1467
INV-2024-80866,2024-05-26,1104.0,PRD-126,EG,5,818.73,652
INV-2024-41575,2025-08-02,1157.0,PRD-103,SA,9,2358.08,1771
INV-2024-41897,2025-11-04,1007.0,PRD-143,AE,5,1158.44,1001
INV-2024-37740,2025/02/14,1006.0,PRD-122,EG,6,1815.54,1307
INV-2024-32338,2024-03-12,1351.0,PRD-165,EG,6,267.39,196
INV-2024-96474,2024-05-25,1098.0,PRD-141,EG,8,1323.17,1067
INV-2024-21722,2025-10-10,1204.0,PRD-124,AE,7,1861.99,1349
INV-2024-23824,2024-02-01,1486.0,PRD-121,SA,10,1975.65,1567
INV-2024-67002,2024-04-03,1138.0,PRD-130,SA,3,1437.11,976
INV-2024-13830,2025-06-27,1164.0,PRD-161,AE,3,553.89,377
INV-2024-31002,2024-08-08,1009.0,PRD-120,AE,7,312.45,214
INV-2024-52795,2025-01-20,1278.0,PRD-145,SA,2,487.33,340
INV-2024-60264,2025-03-05,1015.0,PRD-118,AE,6,1715.44,1222
INV-2024-46747,2025-04-09,1078.0,PRD-121,EG,10,756.26,635
INV-2024-38885,2024-12-15,1474.0,PRD-142,EG,7,578.86,497
INV-2024-43767,2024-06-10,1162.0,PRD-141,EG,10,1075.02,873
INV-2024-97285,2025-01-13,1238.0,PRD-132,EG,3,1774.01,1372
INV-2024-72429,2024-11-15,1341.0,PRD-138,SA,3,178.24,137
INV-2024-97897,2024/11/28,1172.0,PRD-110,JO,5,1763.62,1326
INV-2024-26134,2025-08-04,1050.0,PRD-144,EG,4,658.17,469
INV-2024-97225,2025-09-02,1336.0,PRD-129,EG,9,2326.88,1607
INV-2024-27793,2024-03-27,1140.0,PRD-106,SA,10,1656.61,1144
INV-2024-80063,2024-02-23,1361.0,PRD-129,JO,3,260.03,181
INV-2024-93040,2024-06-08,,PRD-111,EG,3,360.23,243
INV-2024-74482,2024-06-10,1401.0,PRD-123,SA,2,1146.72,812
INV-2024-21854,2025-09-24,1365.0,PRD-115,EG,6,1386.75,1152
INV-2024-53620,2024-02-20,1279.0,PRD-156,EG,7,1519.58,1147
INV-2024-39334,2025-11-21,1153.0,PRD-152,JO,1,371.32,262
INV-2024-85493,24-Mar-2024,1272.0,PRD-115,JO,6,787.99,586
INV-2024-88732,2024-10-05,1200.0,PRD-108,EG,5,953.46,675
INV-2024-18476,2025-03-29,1022.0,PRD-101,JO,7,557.35,413
INV-2024-94408,2025-11-08,1469.0,PRD-165,SA,8,1311.6,955
INV-2024-54987,2025-03-10,1126.0,PRD-162,AE,6,1411.24,1116
INV-2024-59415,2025/05/12,1327.0,PRD-150,SA,7,928.59,627
INV-2024-60023,2025-09-13,1384.0,PRD-152,SA,5,2309.6,1637
INV-2024-95710,2025-03-28,1371.0,PRD-156,SA,3,620.57,495
INV-2024-94161,2025-02-28,1058.0,PRD-124,SA,10,473.27,338
INV-2024-83649,2024-10-06,1415.0,PRD-156,EG,3,489.34,416
INV-2024-67273,2024-08-08,1009.0,PRD-124,EG,5,1715.2,1463
INV-2024-40587,2025-06-08,1084.0,PRD-137,EG,10,758.94,568
INV-2024-39301,2024-04-26,1145.0,PRD-115,AE,8,2617.89,1970
INV-2024-43959,2024-12-19,1047.0,PRD-115,EG,8,2479.29,1816
INV-2024-25163,2025-03-16,1423.0,PRD-120,SA,7,1709.57,1254
INV-2024-48138,2024-04-23,1295.0,PRD-136,JO,9,340.39,247
INV-2024-21492,2024-10-17,1057.0,PRD-126,EG,9,105.3,90
INV-2024-24599,2025-11-25,1217.0,PRD-156,SA,7,129.55,92
INV-2024-21683,2025-11-25,1362.0,PRD-122,SA,1,203.88,177
INV-2024-54595,2025-08-30,1383.0,PRD-126,AE,3,1463.08,1154
INV-2024-87620,2025/05/13,1097.0,PRD-151,EG,2,71.97,57
INV-2024-34662,2025-06-23,1168.0,PRD-106,SA,3,745.0,603
INV-2024-25218,2025-11-14,1282.0,PRD-131,AE,1,2504.09,1965
INV-2024-85083,2024-11-11,1474.0,PRD-121,JO,7,2544.66,1775
INV-2024-58200,2024-02-16,1338.0,PRD-122,SA,10,2211.06,1621
INV-2024-26700,13-Aug-2024,1231.0,PRD-108,SA,7,1593.49,1143
INV-2024-51074,2025-02-08,1422.0,PRD-121,SA,8,2081.64,1598
INV-2024-59832,2025-09-05,1440.0,PRD-132,AE,4,596.93,413
INV-2024-85617,2024-02-26,1452.0,PRD-127,SA,9,1898.37,1298
INV-2024-10220,2024-01-08,1110.0,PRD-127,EG,8,1295.1,884
INV-2024-50737,2024-07-28,1259.0,PRD-111,JO,6,1606.39,1350
INV-2024-18111,2024-11-04,1091.0,PRD-152,SA,7,1164.12,981
INV-2024-87340,2024-08-04,1283.0,PRD-156,SA,5,1949.56,1641
INV-2024-80202,2024-05-20,1098.0,PRD-110,EG,3,1869.81,1409
INV-2024-34885,2024-09-18,1103.0,PRD-121,SA,4,2069.14,1518
INV-2024-60875,2024/10/23,,PRD-113,EG,9,2375.5,1789
INV-2024-65535,2024-12-01,1179.0,PRD-129,SA,3,1399.56,994
INV-2024-51896,2024-05-02,1271.0,PRD-109,EG,8,1000.89,716
INV-2024-57844,2024-01-08,1208.0,PRD-103,SA,8,1360.79,1059
INV-2024-99037,2025-05-24,1217.0,PRD-106,JO,6,2355.44,1740
INV-2024-26555,2025-03-16,1326.0,PRD-101,EG,9,1327.38,1120
INV-2024-78124,2024-06-28,1127.0,PRD-135,JO,2,1579.26,1322
INV-2024-96998,2024-05-12,1490.0,PRD-157,SA,7,378.94,289
INV-2024-88855,2025-01-24,1356.0,PRD-165,AE,2,1148.39,771
INV-2024-87434,2025-06-29,1297.0,PRD-154,AE,9,1690.2,1367
INV-2024-39116,2025-12-21,1180.0,PRD-139,SA,8,582.52,414
INV-2024-23970,2024-08-23,1367.0,PRD-103,AE,3,1912.15,1486
INV-2024-61814,2025-05-27,1357.0,PRD-148,AE,7,1468.26,1143
INV-2024-11204,2025-07-26,1314.0,PRD-122,SA,6,1767.25,1227
INV-2024-80555,2025-11-15,1166.0,PRD-118,EG,8,588.66,468
INV-2024-70372,2024/12/28,1304.0,PRD-165,SA,10,2779.79,1874
INV-2024-51409,2024-03-14,1167.0,PRD-144,AE,4,1597.96,1283
INV-2024-28966,2025-02-10,1322.0,PRD-156,AE,1,2107.11,1614
INV-2024-48905,2024-02-13,1454.0,PRD-139,AE,3,1794.15,1236
INV-2024-38692,2025-03-22,1228.0,PRD-103,SA,5,1755.96,1334
INV-2024-75514,2024-01-20,1217.0,PRD-153,AE,10,788.77,673
INV-2024-99126,2025-04-15,1294.0,PRD-157,EG,10,1136.13,861
INV-2024-69740,2024-03-20,1284.0,PRD-101,SA,10,1239.84,986
INV-2024-29323,2024-11-16,1131.0,PRD-164,EG,9,1070.26,770
INV-2024-88835,2025-08-12,1208.0,PRD-137,EG,5,302.69,204
INV-2024-47144,2025-03-15,1411.0,PRD-125,EG,10,2244.31,1692
INV-2024-29119,2025-08-10,1058.0,PRD-139,EG,7,1229.95,996
INV-2024-97208,2025-02-18,1266.0,PRD-159,SA,6,608.66,472
INV-2024-14501,2025-12-27,1195.0,PRD-114,EG,5,2221.38,1640
INV-2024-88496,2025-10-17,1136.0,PRD-104,SA,5,803.96,697
INV-2024-51961,2025/03/03,1340.0,PRD-122,EG,9,2191.01,1701
INV-2024-50487,2024-10-23,1168.0,PRD-102,EG,3,421.21,292
INV-2024-75847,2024-04-27,1084.0,PRD-105,EG,7,497.95,335
INV-2024-26182,2025-02-18,1204.0,PRD-106,EG,7,863.87,643
INV-2024-45841,2024-01-22,1010.0,PRD-108,SA,9,517.79,416
INV-2024-85231,2024-11-28,1184.0,PRD-133,SA,9,373.34,263
INV-2024-72689,2024-06-24,1285.0,PRD-101,SA,9,1644.25,1223
INV-2024-92716,2025-09-24,1169.0,PRD-106,SA,8,932.39,674
INV-2024-38272,2025-04-16,1317.0,PRD-131,EG,10,2051.34,1559
INV-2024-74883,2025-12-07,1284.0,PRD-114,AE,6,1346.53,901
INV-2024-48206,05-Jan-2025,,PRD-131,SA,3,2890.36,1945
INV-2024-59375,2024-03-31,1469.0,PRD-148,SA,1,167.93,146
INV-2024-17708,2025-03-23,1348.0,PRD-106,EG,6,1960.83,1524
INV-2024-53665,2024-04-18,1053.0,PRD-152,EG,10,2718.09,1869
INV-2024-30014,2024-09-06,1331.0,PRD-146,EG,4,124.86,85
INV-2024-37605,2025/03/22,1199.0,PRD-146,EG,5,333.63,248
INV-2024-39500,2025-08-26,1423.0,PRD-125,SA,8,1601.21,1158
INV-2024-16889,2025-02-14,1222.0,PRD-138,SA,8,1420.44,1216
INV-2024-33464,2025-06-20,1468.0,PRD-162,SA,1,1653.68,1388
INV-2024-73898,2024-03-21,1083.0,PRD-161,AE,7,2540.92,1848
INV-2024-61355,2025-02-09,1016.0,PRD-105,AE,2,1895.63,1342
INV-2024-49203,2024-11-13,1191.0,PRD-155,AE,2,180.93,147
INV-2024-96409,2024-12-13,1156.0,PRD-138,JO,5,434.0,319
INV-2024-30865,2024-08-14,1202.0,PRD-106,EG,8,844.92,611
INV-2024-12826,2024-12-07,1287.0,PRD-155,EG,7,2538.59,1726
INV-2024-81819,2024-06-21,1155.0,PRD-122,EG,1,987.28,823
INV-2024-61417,2024-03-19,1060.0,PRD-117,SA,6,2431.67,1914
INV-2024-54225,2025-06-06,1447.0,PRD-156,AE,8,415.93,330
INV-2024-65369,2025-10-10,1394.0,PRD-155,EG,3,631.37,427
INV-2024-98853,2024-04-26,1064.0,PRD-124,JO,10,83.56,66
INV-2024-72052,2025/06/27,1478.0,PRD-128,EG,5,1356.22,950
INV-2024-55653,2025-06-06,1256.0,PRD-134,JO,5,1513.62,1033
INV-2024-61296,2024-07-17,1278.0,PRD-139,EG,5,2068.97,1452
INV-2024-61257,2024-12-23,1306.0,PRD-148,EG,4,1667.81,1280
INV-2024-19414,2024-12-25,1050.0,PRD-122,SA,4,1405.78,1144
INV-2024-79185,22-Oct-2025,1251.0,PRD-101,EG,2,412.7,330
INV-2024-47098,2024-05-31,1112.0,PRD-145,EG,2,544.26,390
INV-2024-47010,2024-08-29,1002.0,PRD-108,EG,4,1023.86,857
INV-2024-35571,2024-04-15,1485.0,PRD-124,AE,2,2842.81,1955
INV-2024-81828,2024-05-29,1122.0,PRD-161,SA,3,2006.31,1347
INV-2024-61612,2024-09-19,1081.0,PRD-164,EG,7,2030.18,1631
INV-2024-22755,2024-07-21,1317.0,PRD-132,SA,6,1499.67,1188
INV-2024-27157,2024-06-26,1284.0,PRD-142,AE,6,485.33,400
INV-2024-52391,2025-09-08,1088.0,PRD-140,EG,6,470.23,336
INV-2024-86072,2024-06-05,1052.0,PRD-141,SA,7,426.75,286
INV-2024-17094,2025/11/02,1251.0,PRD-142,EG,6,1543.85,1309
INV-2024-49855,2024-03-18,1029.0,PRD-109,EG,6,2250.11,1926
INV-2024-69969,2024-06-30,1186.0,PRD-107,SA,5,1510.0,1277
INV-2024-95804,2025-10-05,1233.0,PRD-158,EG,5,790.35,601
INV-2024-31455,2025-05-20,1327.0,PRD-147,SA,4,1107.86,780
INV-2024-85649,2025-04-20,,PRD-139,AE,9,2182.95,1548
INV-2024-28030,2025-07-31,1058.0,PRD-138,EG,8,373.5,293
INV-2024-67918,2025-08-16,1360.0,PRD-139,SA,10,1207.61,990
INV-2024-73234,2025-04-04,1434.0,PRD-138,EG,10,541.88,466
INV-2024-48152,2025-11-28,1251.0,PRD-130,JO,9,1327.73,1144
INV-2024-28982,2025-08-01,1064.0,PRD-125,SA,9,642.24,495
INV-2024-37494,2025-10-20,1353.0,PRD-109,AE,4,777.02,540
INV-2024-38591,2025-10-12,1219.0,PRD-124,SA,1,1447.66,1100
INV-2024-35644,2025-10-01,1416.0,PRD-123,EG,9,240.68,189
INV-2024-95359,2024-11-26,1246.0,PRD-123,SA,9,1246.73,1023
INV-2024-11197,2025/10/04,1424.0,PRD-137,JO,9,1141.52,940
INV-2024-57477,2024-11-19,1161.0,PRD-109,SA,3,391.74,300
INV-2024-85455,2024-06-03,1210.0,PRD-140,AE,6,2421.44,1753
INV-2024-23362,2025-03-26,1374.0,PRD-142,AE,4,1488.76,1038
INV-2024-98908,2024-03-10,1052.0,PRD-107,EG,9,1751.37,1206
INV-2024-29346,2025-04-25,1218.0,PRD-146,EG,8,544.79,435
INV-2024-59355,2025-03-28,1255.0,PRD-149,SA,2,2049.05,1555
INV-2024-65982,2025-10-08,1478.0,PRD-149,SA,3,1810.1,1263
INV-2024-99056,2024-11-06,1159.0,PRD-109,AE,4,687.26,479
INV-2024-32049,2024-10-08,1301.0,PRD-118,JO,10,1522.64,1228
INV-2024-17383,2025-08-28,1323.0,PRD-149,EG,7,873.19,586
INV-2024-22589,2024-02-27,1027.0,PRD-144,EG,10,1693.17,1253
INV-2024-56607,2024-12-26,1354.0,PRD-104,AE,1,325.56,279
INV-2024-72111,2025-06-03,1246.0,PRD-144,EG,4,1424.11,1232
INV-2024-33544,2024-03-16,1427.0,PRD-130,AE,6,455.58,385
INV-2024-16877,2024/11/13,1277.0,PRD-111,SA,10,1227.44,888
INV-2024-25380,2025-04-17,1464.0,PRD-138,SA,5,548.32,398
INV-2024-77559,2025-04-07,1142.0,PRD-150,EG,9,2182.59,1640
INV-2024-95209,2024-02-08,1299.0,PRD-159,SA,6,1145.63,947
INV-2024-54366,2024-02-28,1422.0,PRD-148,SA,8,990.79,722
INV-2024-87777,2025-01-12,1387.0,PRD-145,SA,9,456.12,308
INV-2024-66861,2024-10-20,1432.0,PRD-115,EG,10,187.97,155
INV-2024-29473,2024-03-19,1226.0,PRD-110,AE,10,1401.68,997
INV-2024-92178,2025-10-22,1420.0,PRD-110,AE,3,883.83,662
INV-2024-62952,2024-04-02,1328.0,PRD-125,EG,10,2768.43,1908
INV-2024-42112,21-Sep-2025,1237.0,PRD-111,EG,1,2461.41,1946
INV-2024-14455,2025-08-31,1469.0,PRD-139,EG,5,2460.53,1945
INV-2024-25571,2025-06-03,1405.0,PRD-113,SA,5,2472.05,1677
INV-2024-41569,2025-01-28,1255.0,PRD-155,SA,3,1679.5,1121
INV-2024-61989,2025-04-18,1043.0,PRD-114,SA,3,1884.63,1537
INV-2024-74045,2025/08/17,,PRD-104,EG,9,1369.9,1079
INV-2024-49674,2025-07-21,1435.0,PRD-156,EG,9,402.25,283
INV-2024-88139,2024-02-12,1313.0,PRD-132,SA,8,2353.21,1758
INV-2024-32608,2025-04-05,1484.0,PRD-136,SA,6,1419.39,1230
INV-2024-95563,2025-08-08,1378.0,PRD-103,JO,10,2050.47,1394
INV-2024-59200,2025-10-29,1427.0,PRD-122,EG,2,1262.57,961
INV-2024-97914,2024-07-11,1190.0,PRD-107,SA,6,473.83,352
INV-2024-96313,2024-11-25,1474.0,PRD-155,SA,7,1525.93,1248
INV-2024-21745,2025-09-11,1046.0,PRD-148,SA,6,2088.08,1574
INV-2024-70774,2025-05-02,1387.0,PRD-103,AE,8,1827.04,1583
INV-2024-95237,2025-05-28,1100.0,PRD-141,SA,3,1839.4,1428
INV-2024-60082,2024-06-03,1063.0,PRD-116,JO,10,774.07,543
INV-2024-46073,2024-03-04,1006.0,PRD-111,EG,4,2413.58,1806
INV-2024-92881,2025-04-06,1158.0,PRD-161,EG,3,1995.17,1373
INV-2024-95615,2024-04-15,1063.0,PRD-145,AE,4,1989.24,1531
INV-2024-68342,2024/12/17,1354.0,PRD-108,SA,9,1037.68,721
INV-2024-58145,2024-03-27,1439.0,PRD-113,EG,9,1811.06,1518
INV-2024-11520,2025-05-31,1168.0,PRD-137,EG,1,2215.32,1850
INV-2024-25728,2025-10-23,1366.0,PRD-128,EG,8,610.25,473
INV-2024-25286,2024-06-25,1478.0,PRD-144,AE,9,1302.62,1066
INV-2024-20831,10-Feb-2024,1072.0,PRD-152,EG,8,258.68,211
INV-2024-25997,2024-09-10,1261.0,PRD-145,EG,10,1174.91,871
INV-2024-74122,2025-12-25,1181.0,PRD-127,EG,4,2302.62,1685
INV-2024-94070,2025-03-24,1321.0,PRD-101,EG,6,1470.95,1165
INV-2024-97659,2025-03-25,1047.0,PRD-156,EG,6,1998.1,1346
INV-2024-76813,2025-06-20,1341.0,PRD-158,SA,4,311.37,226
INV-2024-39482,2025-06-19,1421.0,PRD-150,EG,7,731.52,540
INV-2024-13018,2025-09-16,1183.0,PRD-124,AE,6,2428.86,1667
INV-2024-86919,2024-06-11,1195.0,PRD-113,EG,5,713.28,554
INV-2024-85101,2025-01-07,1338.0,PRD-106,SA,3,2344.93,1766
INV-2024-85055,2025/01/16,1242.0,PRD-131,AE,8,552.79,422
INV-2024-72848,2024-10-16,1279.0,PRD-121,SA,10,1368.47,913
INV-2024-45877,2025-01-31,1210.0,PRD-149,SA,1,1105.39,752
INV-2024-22393,2025-02-22,1091.0,PRD-138,EG,9,279.52,218
INV-2024-87709,2024-12-12,1132.0,PRD-133,EG,2,2406.48,1723
INV-2024-33736,2025-11-26,1040.0,PRD-153,SA,1,2229.8,1879
INV-2024-60326,2025-09-04,1491.0,PRD-160,JO,6,1972.34,1349
INV-2024-73463,2024-02-23,1275.0,PRD-143,SA,5,1278.62,888
INV-2024-94488,2025-10-08,1500.0,PRD-106,SA,6,353.59,304
INV-2024-66840,2025-10-24,1070.0,PRD-101,AE,8,562.61,488
INV-2024-49107,2024-12-08,,PRD-119,SA,7,619.04,477
INV-2024-84897,2024-03-08,1135.0,PRD-114,EG,5,1786.15,1435
INV-2024-26414,2024-12-03,1271.0,PRD-115,SA,10,705.74,520
INV-2024-23033,2024-04-06,1475.0,PRD-128,JO,1,1589.18,1228
INV-2024-52628,2025-07-25,1215.0,PRD-106,EG,8,1083.43,873
INV-2024-18322,2025/11/25,1292.0,PRD-101,SA,3,536.1,404
INV-2024-80452,2025-01-30,1481.0,PRD-136,EG,10,1429.45,1092
INV-2024-34233,2024-10-17,1447.0,PRD-135,SA,6,2370.68,1595
INV-2024-63127,2024-09-15,1439.0,PRD-115,EG,4,2524.63,1752
INV-2024-12588,2025-11-03,1276.0,PRD-143,SA,8,474.3,328
INV-2024-61615,2025-09-09,1233.0,PRD-116,AE,5,2277.92,1869
INV-2024-82883,2024-06-02,1413.0,PRD-155,EG,9,1787.77,1196
INV-2024-80309,2024-12-07,1388.0,PRD-114,SA,7,2548.1,1768
INV-2024-79479,2024-03-24,1398.0,PRD-135,AE,1,584.4,465
INV-2024-74036,2025-08-19,1303.0,PRD-127,JO,9,2140.72,1606
INV-2024-18379,2025-11-10,1260.0,PRD-109,EG,8,630.71,470
INV-2024-78013,2024-05-24,1334.0,PRD-157,EG,6,1348.19,1098
INV-2024-86640,2024-12-24,1110.0,PRD-130,EG,7,893.71,631
INV-2024-80645,2024-11-13,1008.0,PRD-158,JO,5,299.23,243
INV-2024-95419,2025-11-02,1310.0,PRD-102,JO,1,1947.22,1325
INV-2024-26264,2025/12/16,1099.0,PRD-145,SA,9,2390.25,1741
INV-2024-37192,2025-11-09,1497.0,PRD-154,AE,1,577.86,431
INV-2024-96321,2025-02-05,1069.0,PRD-151,SA,6,842.55,591
INV-2024-25378,2024-05-12,1474.0,PRD-106,SA,5,259.31,188
INV-2024-33680,2025-09-01,1442.0,PRD-122,EG,4,2219.1,1881
INV-2024-88525,2025-12-26,1371.0,PRD-105,AE,6,1274.91,972
INV-2024-33584,2024-03-27,1138.0,PRD-101,EG,5,214.02,185
INV-2024-10697,2024-11-13,1354.0,PRD-164,AE,10,2467.53,1767
INV-2024-82708,2025-07-26,1290.0,PRD-113,AE,4,468.03,376
INV-2024-68619,2025-01-20,1431.0,PRD-131,AE,9,1608.07,1367
INV-2024-51195,20-Oct-2025,1366.0,PRD-162,EG,10,809.07,683
INV-2024-26127,2024-12-02,1074.0,PRD-119,EG,5,1726.49,1164
INV-2024-15130,2024-05-10,1301.0,PRD-104,EG,9,1229.32,1022
INV-2024-26884,2025-11-17,1131.0,PRD-150,EG,10,1078.71,883
INV-2024-85377,2025-12-20,1192.0,PRD-123,EG,2,1538.6,1065
INV-2024-37030,2025/12/02,1095.0,PRD-119,JO,5,96.93,78
INV-2024-95542,2025-06-23,1089.0,PRD-128,SA,7,301.69,254
INV-2024-31130,2024-04-05,1019.0,PRD-107,EG,4,866.63,675
INV-2024-21510,2025-10-23,1051.0,PRD-156,EG,7,572.12,490
INV-2024-83727,2025-11-17,1077.0,PRD-102,SA,9,1133.19,867
INV-2024-43654,2025-03-09,,PRD-122,SA,3,1911.99,1645
INV-2024-14588,2025-06-04,1400.0,PRD-143,SA,4,1243.25,850
INV-2024-21090,2025-01-05,1370.0,PRD-154,JO,3,260.54,193
INV-2024-26346,2024-01-19,1210.0,PRD-126,SA,9,1444.17,1244
INV-2024-76341,2025-01-06,1239.0,PRD-144,JO,8,1622.3,1288
INV-2024-49135,2024-11-12,1050.0,PRD-108,AE,8,656.39,548
INV-2024-57652,2024-07-03,1014.0,PRD-102,EG,8,671.76,492
INV-2024-81359,2024-08-07,1098.0,PRD-112,JO,1,1818.14,1390
INV-2024-32492,2024-12-15,1048.0,PRD-121,EG,2,626.74,468
INV-2024-65450,2025-05-12,1290.0,PRD-149,AE,1,2088.03,1572
INV-2024-96266,2024/07/15,1336.0,PRD-110,EG,7,1277.88,1065
INV-2024-10011,2024-08-19,1013.0,PRD-116,AE,5,1013.82,697
INV-2024-42550,2024-05-20,1381.0,PRD-136,AE,7,1988.27,1672
INV-2024-49400,2024-06-07,1057.0,PRD-164,AE,10,525.87,392
INV-2024-16051,2024-03-20,1243.0,PRD-109,AE,1,1216.33,981
INV-2024-78084,29-Oct-2024,1209.0,PRD-132,EG,1,497.81,346
INV-2024-48456,2024-04-13,1151.0,PRD-139,EG,3,543.66,426
INV-2024-96397,2025-06-03,1332.0,PRD-112,SA,7,97.23,81
INV-2024-80005,2025-07-06,1110.0,PRD-124,EG,10,851.45,602
INV-2024-68316,2025-06-23,1489.0,PRD-119,SA,1,1548.85,1244
INV-2024-28331,2024-02-08,1409.0,PRD-158,EG,8,2255.16,1859
INV-2024-85637,2025-11-08,1107.0,PRD-103,JO,3,1252.21,911
INV-2024-74283,2024-12-10,1162.0,PRD-146,SA,2,751.25,510
INV-2024-51017,2025-09-24,1210.0,PRD-161,AE,2,1817.15,1384
INV-2024-78506,2024-05-14,1369.0,PRD-139,EG,9,147.48,99
INV-2024-56152,2025/09/03,1139.0,PRD-118,AE,6,2428.02,1744
INV-2024-89452,2025-01-20,1058.0,PRD-145,JO,7,149.5,125
INV-2024-80544,2024-06-06,1295.0,PRD-114,SA,2,1044.93,704
INV-2024-76924,2024-06-15,1088.0,PRD-112,SA,7,1685.79,1156
INV-2024-37504,2024-07-04,1376.0,PRD-137,AE,10,2264.47,1693
INV-2024-22977,2025-12-10,1131.0,PRD-153,EG,8,1544.15,1188
INV-2024-96850,2025-10-01,1065.0,PRD-154,SA,4,1281.5,999
INV-2024-15863,2024-06-18,1465.0,PRD-108,EG,1,1432.64,1074
INV-2024-41077,2025-03-24,1234.0,PRD-140,EG,5,130.23,98
INV-2024-14814,2024-02-14,1225.0,PRD-130,EG,9,344.62,231
INV-2024-34651,2025-02-24,1293.0,PRD-115,EG,1,1319.66,1054
INV-2024-28568,2025-01-08,1044.0,PRD-117,EG,7,774.9,665
INV-2024-49283,2025-11-23,1293.0,PRD-152,EG,9,2820.62,1961
INV-2024-38208,2024-08-31,1202.0,PRD-126,JO,10,2114.9,1545
INV-2024-27590,2025-03-30,1403.0,PRD-126,SA,6,649.95,521
INV-2024-88924,2025/09/17,,PRD-135,JO,7,788.22,603
INV-2024-82361,2024-10-18,1259.0,PRD-106,SA,3,356.24,290
INV-2024-38316,2025-04-04,1164.0,PRD-153,EG,5,1135.39,934
INV-2024-87566,2024-08-27,1087.0,PRD-102,SA,2,475.7,390
INV-2024-57063,2025-06-30,1352.0,PRD-163,SA,3,2106.89,1824
INV-2024-46358,2024-09-01,1001.0,PRD-143,EG,4,1973.01,1609
INV-2024-26841,2024-11-12,1011.0,PRD-108,SA,1,1562.02,1173
INV-2024-91567,2025-04-25,1407.0,PRD-132,EG,5,2202.22,1573
INV-2024-65314,2024-07-17,1233.0,PRD-152,SA,4,1504.0,1265
INV-2024-19746,2025-01-11,1002.0,PRD-101,SA,9,1508.07,1117
INV-2024-82069,2025-11-25,1063.0,PRD-112,EG,5,378.61,293
INV-2024-43419,2025-08-07,1012.0,PRD-101,EG,10,2608.64,1802
INV-2024-44167,2025-03-27,1291.0,PRD-150,AE,3,2131.85,1730
INV-2024-60040,2025-04-17,1104.0,PRD-164,SA,8,2261.06,1569
INV-2024-95166,2024-10-15,1379.0,PRD-159,EG,10,181.31,141
INV-2024-31406,2025/01/26,1154.0,PRD-144,JO,9,2632.03,1775
INV-2024-62436,2025-05-29,1246.0,PRD-155,EG,5,1044.19,845
INV-2024-69777,2025-06-24,1012.0,PRD-107,SA,10,2485.82,1721
INV-2024-20912,2025-03-04,1351.0,PRD-136,JO,4,729.17,560
INV-2024-43315,2024-06-14,1371.0,PRD-113,EG,4,1134.07,962
INV-2024-98673,2024-07-23,1268.0,PRD-113,EG,2,828.84,701
INV-2024-65750,2025-09-11,1356.0,PRD-148,EG,5,960.94,725
INV-2024-28775,2024-05-21,1077.0,PRD-140,EG,1,599.81,437
INV-2024-80242,2024-09-13,1036.0,PRD-102,EG,6,588.73,466
INV-2024-36707,2024-02-23,1143.0,PRD-131,SA,7,1034.0,891
INV-2024-19248,18-Oct-2025,1193.0,PRD-142,EG,10,1757.23,1293
INV-2024-92518,2025-05-07,1298.0,PRD-137,SA,5,2346.74,1817
INV-2024-45310,2025-01-15,1076.0,PRD-157,JO,1,286.77,245
INV-2024-92984,2025-07-21,1137.0,PRD-118,AE,1,2048.66,1709
INV-2024-94616,2024-04-15,1353.0,PRD-112,SA,9,531.47,361
INV-2024-35248,2025/12/29,1263.0,PRD-129,EG,8,1872.0,1271
INV-2024-58777,2025-06-12,1496.0,PRD-137,SA,1,527.65,355
INV-2024-83877,2024-05-07,1073.0,PRD-151,SA,1,1445.5,1137
INV-2024-96155,2024-10-18,1255.0,PRD-109,SA,5,1844.95,1460
INV-2024-94904,2024-03-26,1240.0,PRD-118,EG,4,2449.59,1667
INV-2024-77033,2024-06-13,1211.0,PRD-125,AE,5,559.04,377
INV-2024-89291,2024-10-06,1177.0,PRD-129,SA,8,98.0,85
INV-2024-31501,2025-04-05,1082.0,PRD-112,EG,10,363.86,243
INV-2024-65009,2025-06-09,1283.0,PRD-118,EG,6,361.03,269
INV-2024-30118,2024-05-30,1481.0,PRD-154,SA,2,1619.02,1336
INV-2024-51465,2025-03-23,,PRD-142,AE,10,107.53,86
INV-2024-66836,2024-04-03,1059.0,PRD-151,AE,1,228.4,174
INV-2024-59668,2024-08-15,1113.0,PRD-123,AE,1,767.87,591
INV-2024-13396,2025-04-06,1028.0,PRD-104,EG,2,418.78,311
INV-2024-89116,2024-12-23,1235.0,PRD-119,SA,2,129.95,110
INV-2024-42440,2024/01/28,1103.0,PRD-123,SA,3,1705.59,1212
INV-2024-20161,2025-02-28,1036.0,PRD-155,EG,6,278.15,233
INV-2024-45405,2024-02-24,1485.0,PRD-134,EG,9,1939.42,1514
INV-2024-26334,2025-02-09,1377.0,PRD-164,AE,7,1329.63,941
INV-2024-79660,2025-05-29,1490.0,PRD-129,EG,5,884.43,689
INV-2024-24416,17-Jan-2025,1497.0,PRD-106,SA,5,1686.17,1391
INV-2024-99650,2024-08-29,1226.0,PRD-119,EG,7,721.23,498
INV-2024-81875,2025-01-30,1197.0,PRD-139,EG,1,367.91,269
INV-2024-63317,2024-03-24,1122.0,PRD-143,EG,1,1058.46,799
INV-2024-18645,2025-01-18,1494.0,PRD-127,JO,5,1528.29,1057
INV-2024-53169,2024-08-17,1121.0,PRD-134,AE,6,1773.26,1193
INV-2024-93909,2024-01-29,1252.0,PRD-111,JO,7,1384.51,1145
INV-2024-21662,2024-11-22,1388.0,PRD-141,SA,2,2198.25,1584
INV-2024-57555,2024-04-11,1343.0,PRD-159,EG,3,1121.45,857
INV-2024-53714,2025-10-27,1261.0,PRD-101,SA,7,2314.09,1785
INV-2024-45815,2024/12/09,1479.0,PRD-150,SA,6,2730.58,1958
INV-2024-29179,2024-05-29,1488.0,PRD-152,AE,3,2154.3,1802
INV-2024-39591,2024-05-20,1490.0,PRD-110,EG,10,2413.65,1850
INV-2024-45867,2024-02-09,1437.0,PRD-153,SA,9,1268.93,955
INV-2024-11292,2024-10-20,1405.0,PRD-135,EG,10,855.18,650
INV-2024-22838,2025-04-28,1340.0,PRD-111,EG,3,1445.05,1234
INV-2024-59434,2025-12-13,1186.0,PRD-127,AE,1,160.51,124
INV-2024-39127,2024-05-22,1413.0,PRD-114,SA,9,889.22,671
INV-2024-59628,2025-12-23,1155.0,PRD-162,EG,3,378.33,307
INV-2024-23762,2025-04-25,1416.0,PRD-135,EG,4,793.6,679
INV-2024-26187,2025-04-04,1450.0,PRD-154,SA,7,1409.09,1171
INV-2024-33033,2025-09-22,1078.0,PRD-115,AE,2,1052.92,738
INV-2024-79006,2024-01-06,1432.0,PRD-156,AE,5,1814.01,1288
INV-2024-50180,2024-03-22,1084.0,PRD-146,JO,6,776.93,575
INV-2024-87178,2024-01-20,1009.0,PRD-123,AE,7,1949.96,1401
INV-2024-74175,2024/09/19,1330.0,PRD-137,EG,2,1931.96,1619
INV-2024-22522,2024-08-08,1397.0,PRD-164,SA,4,1569.56,1169
INV-2024-79331,2024-06-02,1238.0,PRD-119,SA,4,79.75,55
INV-2024-55731,2025-07-15,1120.0,PRD-155,EG,5,647.99,511
INV-2024-84993,2025-09-15,1257.0,PRD-137,AE,9,2062.58,1701
INV-2024-46961,2025-06-24,,PRD-109,EG,9,836.24,617
INV-2024-82291,2025-03-09,1275.0,PRD-154,JO,1,1135.49,879
INV-2024-45527,2024-04-23,1178.0,PRD-103,SA,2,2041.03,1722
INV-2024-89621,2024-10-22,1094.0,PRD-106,SA,2,543.98,379
INV-2024-22984,2024-08-31,1160.0,PRD-148,SA,4,1968.9,1394
INV-2024-16286,2024-11-04,1411.0,PRD-111,AE,3,807.38,556
INV-2024-32380,2024-05-04,1363.0,PRD-116,SA,7,193.86,154
INV-2024-51680,2024-02-18,1003.0,PRD-155,SA,4,1280.18,1067
INV-2024-61060,2024-09-01,1198.0,PRD-165,EG,1,206.34,169
INV-2024-33681,2025-03-05,1358.0,PRD-108,SA,4,359.91,265
INV-2024-55242,2025/10/16,1042.0,PRD-107,EG,2,2122.97,1703
INV-2024-98842,2025-09-29,1108.0,PRD-102,AE,5,2855.26,1932
INV-2024-79688,2025-04-13,1124.0,PRD-115,SA,2,2206.84,1586
INV-2024-82308,2024-03-05,1302.0,PRD-113,SA,8,2219.03,1610
INV-2024-87937,2024-04-23,1024.0,PRD-154,EG,2,2550.72,1861
INV-2024-62776,2025-05-26,1453.0,PRD-150,EG,3,2403.58,1607
INV-2024-72503,2025-09-03,1351.0,PRD-146,AE,10,2376.79,1588
INV-2024-87635,2025-07-02,1133.0,PRD-165,EG,2,1708.61,1241
INV-2024-26721,2024-01-17,1421.0,PRD-160,EG,9,1050.93,723
INV-2024-43955,2025-10-09,1322.0,PRD-102,EG,2,252.98,207
INV-2024-11244,11-Jun-2025,1175.0,PRD-157,JO,4,989.63,741
INV-2024-77314,2025-08-11,1012.0,PRD-116,AE,8,2342.82,1939
INV-2024-30380,2024-09-04,1268.0,PRD-157,EG,1,1216.13,1015
INV-2024-96188,2024-05-27,1307.0,PRD-160,EG,1,1861.23,1514
INV-2024-26563,2024-10-25,1485.0,PRD-115,EG,7,345.63,266
INV-2024-28700,2025/03/15,1399.0,PRD-115,AE,10,1509.48,1012
INV-2024-59650,2024-01-02,1067.0,PRD-120,SA,4,1950.81,1436
INV-2024-84391,2025-09-21,1129.0,PRD-150,EG,8,1497.96,1054
INV-2024-45044,2024-12-27,1249.0,PRD-126,EG,6,2169.78,1765
INV-2024-16929,2024-09-03,1450.0,PRD-158,EG,7,1736.77,1196
INV-2024-93780,2025-08-07,1094.0,PRD-101,SA,5,1351.61,1170
INV-2024-58516,2025-03-02,1402.0,PRD-147,AE,6,1457.86,1003
INV-2024-42651,2024-07-10,1017.0,PRD-165,EG,1,547.05,397
INV-2024-98895,2025-11-11,1100.0,PRD-138,EG,3,707.97,486
INV-2024-89783,2025-11-15,1084.0,PRD-124,EG,2,1151.56,850
INV-2024-64820,2024-03-28,1309.0,PRD-150,JO,7,1501.27,1179
INV-2024-70003,2025-06-20,1133.0,PRD-159,EG,7,1859.77,1414
INV-2024-33999,2025-01-04,1411.0,PRD-150,AE,8,2009.77,1447
INV-2024-67535,2024-03-10,1224.0,PRD-109,SA,10,1743.07,1463
INV-2024-56399,2025-06-22,1357.0,PRD-147,EG,3,294.2,233
INV-2024-71428,2025/07/11,,PRD-115,EG,7,2360.72,1882
INV-2024-75828,2025-06-03,1199.0,PRD-119,EG,2,77.77,59
INV-2024-47594,2025-06-03,1112.0,PRD-102,SA,4,927.17,795
INV-2024-46152,2025-07-21,1458.0,PRD-134,AE,3,907.26,627
INV-2024-66068,2024-01-21,1318.0,PRD-115,SA,9,2236.95,1822
INV-2024-78235,03-Feb-2025,1148.0,PRD-118,SA,9,2255.74,1801
INV-2024-39984,2025-04-26,1113.0,PRD-109,EG,1,87.88,70
INV-2024-50001,2024-02-14,1379.0,PRD-114,JO,7,1834.6,1280
INV-2024-93313,2025-10-12,1417.0,PRD-110,AE,1,1010.9,697
INV-2024-21395,2025-01-31,1076.0,PRD-106,EG,2,1181.12,804
INV-2024-50063,2025-01-17,1244.0,PRD-149,JO,6,2310.85,1613
INV-2024-63282,2024-09-16,1358.0,PRD-150,SA,5,1227.38,877
INV-2024-50991,2024-01-17,1119.0,PRD-132,SA,10,2298.14,1816
INV-2024-21814,2024-12-31,1282.0,PRD-140,AE,2,277.41,241
INV-2024-93188,2024-03-10,1420.0,PRD-103,AE,2,2624.53,1853
INV-2024-20416,2024/12/19,1216.0,PRD-164,SA,5,2432.38,1624
INV-2024-20052,2024-09-03,1259.0,PRD-163,EG,10,2158.22,1662
INV-2024-41462,2025-11-03,1164.0,PRD-116,EG,8,745.44,555
INV-2024-22272,2025-10-05,1382.0,PRD-142,JO,2,442.56,330
INV-2024-31641,2024-04-16,1464.0,PRD-110,EG,8,2523.21,1908
INV-2024-85407,2025-08-18,1069.0,PRD-113,EG,4,1615.66,1262
INV-2024-17525,2024-12-06,1260.0,PRD-164,SA,2,956.32,749
INV-2024-21086,2024-05-16,1193.0,PRD-120,SA,1,2231.25,1611
INV-2024-47467,2024-02-15,1083.0,PRD-160,SA,4,1994.32,1553
INV-2024-82634,2024-12-26,1152.0,PRD-120,JO,5,1331.92,941
INV-2024-74598,2025-07-13,1396.0,PRD-148,EG,5,1299.86,915
INV-2024-11401,2024-12-12,1073.0,PRD-160,EG,1,918.17,783
INV-2024-65572,2025-10-20,1014.0,PRD-114,EG,8,545.87,466
INV-2024-98740,2024-06-28,1238.0,PRD-165,AE,2,1014.75,790
INV-2024-76674,2025-12-02,1387.0,PRD-134,SA,8,1704.97,1138
INV-2024-27881,2025/04/20,1247.0,PRD-130,EG,1,583.81,493
INV-2024-72869,2025-12-13,1158.0,PRD-141,AE,4,1311.58,1135
INV-2024-75248,2025-05-05,1455.0,PRD-124,AE,8,944.42,657
INV-2024-77503,2025-10-08,1258.0,PRD-139,AE,6,1959.43,1495
INV-2024-99800,2024-07-05,1197.0,PRD-124,JO,1,513.18,381
INV-2024-98706,2024-05-18,1133.0,PRD-143,EG,7,1939.5,1453
INV-2024-79783,2024-03-05,1458.0,PRD-119,AE,8,578.03,430
INV-2024-26343,2025-04-13,1024.0,PRD-139,SA,8,1173.91,903
INV-2024-63145,2024-02-07,1006.0,PRD-118,AE,8,2026.79,1386
INV-2024-11821,2024-10-27,1074.0,PRD-127,AE,8,2330.89,1986
INV-2024-90777,2024-07-25,,PRD-127,AE,6,668.46,476
INV-2024-34927,2024-02-14,1244.0,PRD-152,SA,7,1756.89,1466
INV-2024-10955,2024-07-23,1112.0,PRD-117,EG,9,1308.73,933
INV-2024-65702,2024-02-12,1311.0,PRD-161,SA,1,1290.87,882
INV-2024-80035,2024-11-19,1409.0,PRD-104,JO,5,1630.4,1108
INV-2024-55227,2024/11/13,1303.0,PRD-151,JO,4,480.93,411
INV-2024-42011,2025-06-11,1400.0,PRD-143,EG,6,2023.54,1642
INV-2024-96661,2025-02-11,1178.0,PRD-101,EG,1,1943.19,1457
INV-2024-79220,2025-07-10,1243.0,PRD-119,EG,4,1598.39,1233
INV-2024-99663,2025-04-29,1490.0,PRD-111,AE,6,1839.99,1270
INV-2024-89848,2024-09-16,1488.0,PRD-155,AE,5,1891.07,1640
INV-2024-15551,2024-02-07,1350.0,PRD-125,EG,6,1166.36,892
INV-2024-89609,2025-10-24,1257.0,PRD-161,SA,10,2434.1,1855
INV-2024-68805,2024-07-14,1177.0,PRD-144,AE,5,488.52,375
INV-2024-32089,2024-10-19,1301.0,PRD-110,AE,1,783.86,544
INV-2024-98410,31-Dec-2024,1076.0,PRD-134,SA,3,1255.33,1026
INV-2024-78618,2024-02-18,1384.0,PRD-152,SA,3,1379.73,982
INV-2024-39500,2025-11-02,1031.0,PRD-124,SA,3,605.44,409
INV-2024-32913,2024-12-05,1247.0,PRD-119,EG,2,378.22,267
INV-2024-19846,2024-10-06,1426.0,PRD-160,SA,6,2019.81,1383
INV-2024-58110,2024/05/07,1311.0,PRD-155,SA,2,1254.99,1057
INV-2024-27474,2025-01-11,1030.0,PRD-122,AE,5,508.11,372
INV-2024-77329,2025-03-23,1059.0,PRD-148,SA,5,864.36,599
INV-2024-56306,2025-02-13,1296.0,PRD-152,AE,9,610.86,526
INV-2024-16672,2025-03-26,1482.0,PRD-123,EG,2,2286.99,1761
INV-2024-65407,2025-01-30,1107.0,PRD-102,SA,10,2583.81,1804
INV-2024-74947,2024-12-13,1016.0,PRD-124,EG,3,2044.21,1579
INV-2024-59688,2024-07-10,1049.0,PRD-102,EG,5,592.47,427
INV-2024-32345,2025-05-23,1254.0,PRD-135,AE,2,225.82,174
INV-2024-58927,2025-12-09,1445.0,PRD-104,JO,2,1275.84,972
INV-2024-24841,2025-05-24,1472.0,PRD-103,EG,4,2550.19,1701
INV-2024-54296,2025-01-11,1474.0,PRD-152,SA,4,1404.98,962
INV-2024-99006,2025-06-15,1455.0,PRD-106,AE,6,1676.43,1453
INV-2024-42737,2024-09-30,1150.0,PRD-105,EG,10,557.71,456
INV-2024-80663,2024-03-25,1428.0,PRD-153,SA,8,526.5,425
INV-2024-25448,2025/03/10,1193.0,PRD-136,AE,10,735.83,508
INV-2024-48019,2024-03-21,1082.0,PRD-157,SA,10,882.81,620
INV-2024-49213,2025-03-16,1124.0,PRD-156,EG,9,80.34,60
INV-2024-73324,2025-09-08,1380.0,PRD-105,EG,7,2357.64,1598
INV-2024-48475,2024-07-03,1032.0,PRD-134,AE,3,2359.08,1854
INV-2024-44701,12-Jul-2025,,PRD-142,SA,10,701.36,498
INV-2024-37926,2024-10-27,1066.0,PRD-129,EG,8,1789.87,1485
INV-2024-10292,2024-11-24,1093.0,PRD-164,AE,9,2140.16,1813
INV-2024-92729,2024-04-15,1421.0,PRD-116,EG,7,642.27,505
INV-2024-84559,2024-03-22,1153.0,PRD-107,AE,10,2240.3,1723
INV-2024-61592,2024-12-01,1426.0,PRD-117,EG,7,1972.62,1521
INV-2024-38503,2025-11-07,1331.0,PRD-151,JO,6,2101.9,1737
INV-2024-49953,2024-10-29,1284.0,PRD-122,EG,5,1160.8,778
INV-2024-94275,2024-11-09,1136.0,PRD-163,EG,10,2167.62,1583
INV-2024-77571,2025-04-01,1012.0,PRD-148,EG,8,1759.81,1530
INV-2024-14643,2025/09/09,1155.0,PRD-156,EG,1,1280.56,907
INV-2024-70693,2025-03-12,1386.0,PRD-147,AE,7,2594.02,1783
INV-2024-90969,2024-06-19,1023.0,PRD-122,JO,9,96.8,70
INV-2024-73998,2025-12-07,1290.0,PRD-114,EG,3,1478.82,1268
INV-2024-17536,2025-03-30,1396.0,PRD-124,SA,2,2433.26,1901
INV-2024-56628,2024-12-25,1452.0,PRD-139,AE,4,1531.89,1319
INV-2024-10772,2025-04-02,1278.0,PRD-134,AE,10,2232.41,1921
INV-2024-90678,2024-02-13,1089.0,PRD-129,SA,3,1133.05,763
INV-2024-70339,2024-12-27,1106.0,PRD-132,EG,3,93.56,63
INV-2024-53063,2025-09-21,1184.0,PRD-132,SA,2,160.12,133
INV-2024-49105,2025-03-21,1464.0,PRD-148,SA,6,1092.34,754
INV-2024-56385,2024-10-08,1059.0,PRD-108,EG,10,2615.24,1861
INV-2024-24046,2025-10-16,1146.0,PRD-144,SA,6,2354.13,1680
INV-2024-10675,2024-02-28,1116.0,PRD-105,EG,7,1643.54,1239
INV-2024-55838,2024-03-17,1356.0,PRD-137,AE,4,1615.99,1327
INV-2024-34400,2025/11/18,1099.0,PRD-132,EG,3,945.17,653
INV-2024-62699,2025-10-14,1471.0,PRD-151,SA,3,1639.8,1262
INV-2024-56469,2025-02-19,1416.0,PRD-101,SA,9,132.22,104
INV-2024-11161,2025-01-07,1063.0,PRD-130,SA,3,2608.59,1753
INV-2024-23282,2025-06-09,1386.0,PRD-135,EG,5,283.55,235
INV-2024-66466,2025-11-26,1228.0,PRD-108,SA,6,2158.82,1588
INV-2024-74493,2024-06-12,1465.0,PRD-141,SA,10,1748.79,1281
INV-2024-35892,2024-02-01,1061.0,PRD-108,SA,3,814.18,547
INV-2024-21107,2024-05-26,1102.0,PRD-152,SA,2,1356.81,1035
INV-2024-79349,2025-09-14,1143.0,PRD-148,SA,3,269.97,184
INV-2024-77412,2025-11-25,1094.0,PRD-150,AE,10,2377.82,1636
INV-2024-30147,2025-03-24,1290.0,PRD-112,EG,4,2477.78,1896
INV-2024-63833,2024-02-05,1301.0,PRD-113,AE,3,541.14,420
INV-2024-26232,2024-05-09,1360.0,PRD-110,SA,4,334.92,254
INV-2024-73886,2024-03-09,1370.0,PRD-130,EG,7,461.9,312
INV-2024-10905,2024/08/29,,PRD-136,EG,6,496.76,359
INV-2024-30398,2025-10-22,1129.0,PRD-152,EG,7,380.65,260
INV-2024-96066,2025-01-10,1360.0,PRD-119,AE,1,2560.92,1873
INV-2024-42785,2025-01-05,1230.0,PRD-116,AE,4,119.76,104
INV-2024-39634,2025-01-27,1338.0,PRD-121,AE,9,2361.12,1898
INV-2024-71695,2025-08-03,1139.0,PRD-118,SA,1,532.81,441
INV-2024-61820,2024-02-03,1033.0,PRD-114,SA,6,1802.82,1465
INV-2024-59061,2025-09-11,1182.0,PRD-143,EG,1,828.05,700
INV-2024-49227,2024-06-06,1369.0,PRD-127,EG,3,345.18,255
INV-2024-57775,2025-11-26,1154.0,PRD-114,SA,4,2042.47,1414
INV-2024-66143,05-Apr-2025,1249.0,PRD-157,EG,10,1364.96,994
INV-2024-33878,2025-01-14,1239.0,PRD-134,EG,10,395.84,309
INV-2024-80310,2025-01-15,1441.0,PRD-133,SA,3,542.27,364
INV-2024-45321,2025-03-30,1280.0,PRD-165,AE,4,2154.79,1500
INV-2024-24246,2024-03-19,1359.0,PRD-142,JO,9,1984.48,1670
INV-2024-67484,2025/08/10,1377.0,PRD-124,JO,1,950.03,669
INV-2024-96019,2024-05-20,1253.0,PRD-162,SA,1,1233.84,933
INV-2024-67587,2025-06-26,1425.0,PRD-149,SA,10,677.88,456
INV-2024-31211,2025-01-10,1388.0,PRD-131,SA,3,1703.57,1256
INV-2024-28333,2025-02-11,1182.0,PRD-156,AE,2,1139.59,783
INV-2024-56365,2024-11-17,1085.0,PRD-108,EG,6,1409.15,1006
INV-2024-66880,2025-10-27,1492.0,PRD-138,SA,7,717.25,613
INV-2024-10761,2024-10-12,1326.0,PRD-143,AE,9,2361.88,1658
INV-2024-57085,2024-09-12,1425.0,PRD-125,EG,9,597.66,401
INV-2024-36013,2024-04-26,1359.0,PRD-142,SA,7,2148.85,1505
INV-2024-24505,2024-01-27,1208.0,PRD-118,SA,3,121.16,86
INV-2024-34846,2024-07-09,1204.0,PRD-135,EG,8,422.42,306
INV-2024-47342,2025-05-26,1186.0,PRD-122,EG,5,2380.6,1942
INV-2024-15276,2025-06-14,1378.0,PRD-141,EG,6,304.95,214
INV-2024-27521,2025-01-31,1087.0,PRD-151,EG,9,453.91,375
INV-2024-61713,2025/07/29,1005.0,PRD-145,EG,2,1386.59,1142
INV-2024-65188,2024-04-30,1087.0,PRD-152,AE,5,1167.88,965
INV-2024-53412,2024-09-25,1097.0,PRD-153,EG,10,1989.76,1607
INV-2024-14142,2024-09-23,1331.0,PRD-124,SA,1,340.25,235
INV-2024-31012,2025-12-21,1406.0,PRD-122,EG,3,814.41,553
INV-2024-97320,01-Apr-2025,1148.0,PRD-112,JO,10,1482.57,1224
INV-2024-36082,2024-08-07,1404.0,PRD-102,EG,1,1800.53,1290
INV-2024-72822,2025-09-18,1202.0,PRD-154,SA,3,2440.13,1752
INV-2024-97194,2024-10-19,1069.0,PRD-106,AE,7,995.97,866
INV-2024-44838,2025-12-11,1424.0,PRD-144,AE,1,1581.53,1239
INV-2024-25570,2025-05-17,,PRD-125,EG,2,1481.53,1027
INV-2024-65193,2024-07-23,1010.0,PRD-106,AE,4,1538.48,1308
INV-2024-74103,2024-05-05,1295.0,PRD-111,SA,4,707.71,553
INV-2024-82105,2024-05-18,1276.0,PRD-126,SA,10,494.39,413
INV-2024-74955,2024-03-16,1429.0,PRD-139,EG,8,284.48,241
INV-2024-99356,2025/04/07,1196.0,PRD-129,EG,1,1718.07,1473
INV-2024-26703,2024-06-25,1478.0,PRD-103,AE,9,451.15,344
INV-2024-52583,2025-12-31,1165.0,PRD-105,SA,7,806.3,625
INV-2024-62412,2025-03-31,1426.0,PRD-154,SA,1,1521.3,1020
INV-2024-75779,2024-03-30,1201.0,PRD-117,AE,5,694.83,497
INV-2024-60967,2025-11-29,1006.0,PRD-146,AE,1,1544.54,1222
INV-2024-27225,2024-11-23,1089.0,PRD-160,EG,4,785.46,605
INV-2024-24382,2025-11-14,1423.0,PRD-157,SA,7,1680.64,1399
INV-2024-24139,2024-12-21,1345.0,PRD-129,EG,2,703.7,471
INV-2024-12772,2025-12-27,1403.0,PRD-126,AE,7,327.84,284
INV-2024-26531,2024-03-07,1145.0,PRD-134,SA,2,1180.85,941
INV-2024-30387,2025-07-17,1367.0,PRD-126,JO,2,1076.23,846
INV-2024-55104,2025-07-09,1060.0,PRD-137,EG,4,1201.62,991
INV-2024-75536,2024-10-24,1338.0,PRD-161,EG,7,1431.19,1121
INV-2024-11788,2024-11-03,1458.0,PRD-154,EG,1,1325.78,914
INV-2024-99710,2024/06/10,1405.0,PRD-127,EG,5,1611.72,1287
INV-2024-40999,2025-12-29,1420.0,PRD-106,EG,5,2407.6,1852
INV-2024-16820,2025-12-27,1243.0,PRD-109,JO,6,2293.2,1807
INV-2024-98907,2025-12-18,1011.0,PRD-157,EG,2,2546.72,1761
INV-2024-54845,2025-10-15,1089.0,PRD-125,EG,5,1794.24,1478
INV-2024-66317,2024-06-27,1147.0,PRD-122,AE,9,650.32,498
INV-2024-88261,2025-01-05,1396.0,PRD-135,SA,5,296.57,209
INV-2024-11052,2025-06-04,1113.0,PRD-122,AE,5,984.05,757
INV-2024-66928,2024-08-17,1408.0,PRD-143,EG,4,1547.69,1076
INV-2024-72939,2024-05-04,1230.0,PRD-133,SA,10,2410.56,1608
INV-2024-47940,2024-07-24,1184.0,PRD-122,EG,5,2183.0,1632
INV-2024-46991,2024-05-22,1194.0,PRD-129,EG,3,1219.29,906
INV-2024-73691,2024-08-30,1144.0,PRD-106,JO,8,492.58,404
INV-2024-20828,2025-05-20,1376.0,PRD-156,EG,5,246.75,179
INV-2024-66223,2024-01-27,1305.0,PRD-101,SA,6,682.53,515
INV-2024-42472,2025/01/04,1321.0,PRD-144,SA,6,1460.42,1036
INV-2024-90951,2025-07-21,1090.0,PRD-135,EG,2,1193.52,850
INV-2024-29987,2025-08-09,1165.0,PRD-131,AE,10,1484.95,1285
INV-2024-77009,2025-01-12,1298.0,PRD-105,EG,4,1371.53,1026
INV-2024-34492,2025-04-23,1345.0,PRD-134,SA,7,191.01,152
INV-2024-42698,2025-07-18,,PRD-153,JO,2,799.26,651
INV-2024-46849,2024-05-12,1490.0,PRD-165,SA,9,730.47,586
INV-2024-25075,2025-09-18,1027.0,PRD-159,JO,7,1973.22,1540
INV-2024-44541,2024-03-29,1432.0,PRD-158,EG,6,2395.33,1849
INV-2024-42421,2024-03-08,1435.0,PRD-154,SA,8,442.71,319
INV-2024-97337,12-Nov-2024,1387.0,PRD-150,EG,4,1178.43,877
INV-2024-66250,2025-02-11,1189.0,PRD-109,AE,5,2585.23,1856
INV-2024-36006,2025-05-05,1419.0,PRD-148,JO,9,2151.01,1578
INV-2024-72114,2025-06-22,1481.0,PRD-105,EG,1,464.51,355
INV-2024-23508,2025-02-24,1296.0,PRD-122,SA,2,102.38,72
INV-2024-75841,2025/02/23,1172.0,PRD-140,EG,1,1934.77,1478
INV-2024-90098,2025-08-11,1011.0,PRD-150,SA,5,680.73,533
INV-2024-33748,2024-03-16,1018.0,PRD-155,SA,6,2199.97,1892
INV-2024-34729,2024-05-08,1228.0,PRD-132,JO,5,2497.37,1923
INV-2024-87489,2024-11-20,1109.0,PRD-132,SA,1,1135.72,861
INV-2024-92432,2025-10-19,1341.0,PRD-157,EG,4,136.43,95
INV-2024-93162,2024-03-16,1359.0,PRD-161,EG,2,1730.52,1172
INV-2024-29493,2025-04-05,1377.0,PRD-124,EG,3,1178.48,911
INV-2024-40065,2025-04-22,1467.0,PRD-161,EG,10,1704.1,1365
INV-2024-25789,2025-11-27,1315.0,PRD-111,EG,1,2165.21,1629
INV-2024-27340,2025-06-13,1221.0,PRD-165,AE,6,657.61,496
INV-2024-62596,2024-12-18,1347.0,PRD-143,SA,10,2453.94,1705
INV-2024-15028,2024-05-11,1242.0,PRD-150,SA,4,1582.67,1222
INV-2024-45895,2025-07-18,1349.0,PRD-139,EG,3,1963.47,1476
INV-2024-35189,2025-10-17,1388.0,PRD-165,AE,8,1005.51,868
INV-2024-29163,2025/08/24,1409.0,PRD-141,AE,6,2068.75,1787
INV-2024-65876,2024-07-05,1293.0,PRD-139,EG,3,480.94,334
INV-2024-12314,2024-05-12,1031.0,PRD-159,AE,5,1994.87,1376
INV-2024-90801,2025-03-19,1392.0,PRD-155,SA,2,1693.63,1166
INV-2024-36167,2025-05-29,1016.0,PRD-157,EG,7,1038.76,850
INV-2024-21919,26-Feb-2024,1391.0,PRD-108,SA,2,1237.09,873
INV-2024-16678,2024-05-07,1243.0,PRD-102,SA,4,2840.91,1982
INV-2024-59853,2025-06-14,1393.0,PRD-123,EG,9,2414.2,1768
INV-2024-63385,2024-06-05,1252.0,PRD-121,JO,2,1444.65,1200
INV-2024-78809,2024-11-07,1495.0,PRD-142,AE,4,2336.21,1632
INV-2024-50166,2024-06-17,1047.0,PRD-160,SA,8,2293.27,1560
INV-2024-93009,2024-06-14,1274.0,PRD-101,SA,7,2498.11,1734
INV-2024-40333,2024-11-26,1088.0,PRD-134,SA,7,1567.73,1252
INV-2024-39068,2025-12-27,1106.0,PRD-104,SA,10,1593.44,1146
INV-2024-54063,2024-08-18,1498.0,PRD-131,SA,2,2031.85,1431
INV-2024-65846,2024/12/20,,PRD-142,EG,10,1696.95,1467
INV-2024-72809,2025-06-15,1184.0,PRD-137,SA,10,1940.17,1300
INV-2024-18041,2024-10-17,1014.0,PRD-158,AE,7,1547.62,1276
INV-2024-76828,2024-03-21,1420.0,PRD-144,SA,9,1154.41,949
INV-2024-65977,2024-09-13,1133.0,PRD-148,EG,10,1370.97,1136
INV-2024-94393,2024-07-20,1119.0,PRD-135,AE,9,2549.83,1918
INV-2024-16770,2025-10-12,1338.0,PRD-136,EG,4,2001.34,1712
INV-2024-49883,2025-07-18,1401.0,PRD-119,EG,2,1409.25,1004
INV-2024-24425,2024-10-08,1213.0,PRD-115,EG,8,1564.19,1078
INV-2024-45290,2024-05-08,1198.0,PRD-101,EG,7,1695.52,1362
INV-2024-57654,2025-10-02,1348.0,PRD-129,AE,2,1098.67,753
INV-2024-46773,2024-11-06,1053.0,PRD-107,SA,7,2000.89,1382
INV-2024-56009,2025-09-21,1462.0,PRD-119,EG,9,303.6,240
INV-2024-64797,2025-06-30,1482.0,PRD-126,AE,8,1907.96,1636
INV-2024-42370,2024-04-05,1028.0,PRD-161,AE,10,477.59,369
INV-2024-51922,2025/05/29,1022.0,PRD-139,AE,8,2159.7,1851
INV-2024-16233,2025-10-18,1263.0,PRD-104,EG,9,151.75,114
INV-2024-33822,2024-06-21,1233.0,PRD-109,SA,3,1049.85,873
INV-2024-15359,2025-08-29,1308.0,PRD-122,JO,7,1423.96,1176
INV-2024-10070,2025-08-17,1427.0,PRD-138,AE,5,2368.39,1775
INV-2024-16832,2024-06-06,1339.0,PRD-104,EG,1,1185.94,987
INV-2024-96563,2024-06-24,1338.0,PRD-165,EG,10,1103.35,744
INV-2024-52157,2025-11-05,1329.0,PRD-124,SA,8,1672.75,1342
INV-2024-37784,2025-10-01,1215.0,PRD-110,JO,9,70.09,54
INV-2024-47397,2025-09-11,1369.0,PRD-115,SA,10,2722.68,1861
INV-2024-71873,2024-12-11,1088.0,PRD-115,SA,8,1134.0,881
INV-2024-46721,2025-07-31,1286.0,PRD-102,EG,1,1359.47,1136
INV-2024-89498,2024-02-12,1123.0,PRD-103,SA,10,386.36,295
INV-2024-23207,2024-01-30,1473.0,PRD-123,AE,7,620.65,448
INV-2024-66479,2024-03-24,1144.0,PRD-134,EG,5,628.27,497
INV-2024-34227,2024/02/16,1323.0,PRD-149,AE,3,1689.42,1364
INV-2024-43064,2025-10-18,1461.0,PRD-163,JO,1,261.91,216
INV-2024-74393,2025-08-13,1415.0,PRD-138,EG,3,796.49,660
INV-2024-57655,2024-09-28,1111.0,PRD-148,SA,7,1469.91,1271
INV-2024-53815,2025-10-28,1481.0,PRD-112,EG,3,663.11,506
INV-2024-49892,2024-08-03,1005.0,PRD-132,AE,3,1731.14,1179
INV-2024-24618,2025-08-08,1208.0,PRD-158,SA,1,764.93,561
INV-2024-22699,2025-03-02,1001.0,PRD-158,SA,3,2728.97,1930
INV-2024-97680,2025-09-24,1193.0,PRD-132,AE,6,465.47,322
INV-2024-11790,2025-10-16,1022.0,PRD-140,EG,6,952.78,776
INV-2024-99517,01-Feb-2024,,PRD-155,JO,9,1876.09,1593
INV-2024-82321,2025-05-24,1405.0,PRD-157,SA,6,2433.89,1645
INV-2024-27079,2025-10-04,1498.0,PRD-103,EG,4,2372.38,1839
INV-2024-53412,2025-07-12,1431.0,PRD-135,SA,9,1404.44,1169
INV-2024-57260,2024-10-23,1448.0,PRD-146,AE,10,1461.84,975
INV-2024-57367,2025/10/19,1266.0,PRD-132,EG,6,910.86,616
INV-2024-87189,2024-11-05,1211.0,PRD-152,AE,3,674.76,454
INV-2024-79319,2025-05-09,1220.0,PRD-130,JO,1,1071.64,830
INV-2024-89261,2024-09-07,1310.0,PRD-160,EG,10,1464.64,1133
INV-2024-58705,2025-12-02,1067.0,PRD-110,JO,6,1560.72,1240
INV-2024-41228,2025-02-19,1496.0,PRD-163,EG,3,460.3,326
INV-2024-95229,2024-10-31,1096.0,PRD-133,EG,10,1444.83,1124
INV-2024-46168,2025-04-09,1493.0,PRD-122,EG,7,1645.82,1204
INV-2024-37529,2024-03-15,1197.0,PRD-102,AE,7,1016.75,865
INV-2024-86588,2025-12-06,1486.0,PRD-159,SA,10,1608.32,1244
INV-2024-60338,2024-03-02,1457.0,PRD-125,EG,6,1120.88,822
INV-2024-21433,2024-06-10,1302.0,PRD-120,SA,10,2476.56,1670
INV-2024-23941,2025-03-26,1111.0,PRD-132,SA,6,2134.82,1589
INV-2024-27102,2025-03-01,1443.0,PRD-162,EG,7,1580.24,1188
INV-2024-92517,2025-05-10,1231.0,PRD-164,AE,10,554.35,433
INV-2024-88883,2025/04/20,1007.0,PRD-156,AE,5,368.47,298
INV-2024-25775,2024-07-27,1026.0,PRD-123,SA,9,2892.32,1990
INV-2024-15379,2024-12-14,1459.0,PRD-133,JO,10,2120.52,1715
INV-2024-86881,2025-09-13,1103.0,PRD-142,SA,10,1595.97,1131
INV-2024-95767,2024-05-27,1080.0,PRD-111,JO,3,1008.11,874
INV-2024-34960,16-Nov-2024,1460.0,PRD-101,SA,2,806.4,643
INV-2024-35287,2024-11-22,1477.0,PRD-160,SA,7,505.41,350
INV-2024-68427,2024-12-19,1490.0,PRD-109,EG,5,2159.67,1567
INV-2024-22928,2025-02-12,1437.0,PRD-130,AE,1,2290.31,1833
INV-2024-19814,2024-05-13,1112.0,PRD-110,SA,5,337.5,292
INV-2024-81641,2025-01-14,1165.0,PRD-164,EG,3,2600.79,1895
INV-2024-91134,2025-06-11,1068.0,PRD-161,EG,1,1720.65,1261
INV-2024-54944,2025-07-29,1330.0,PRD-156,SA,6,2430.63,1755
INV-2024-49515,2024-04-18,1082.0,PRD-139,SA,3,964.48,657
INV-2024-72154,2024-11-22,1318.0,PRD-143,AE,3,217.04,163
INV-2024-36476,2024/09/04,1173.0,PRD-130,AE,4,152.5,113
INV-2024-79934,2025-04-22,1219.0,PRD-163,EG,7,1917.88,1296
INV-2024-30142,2024-05-05,1319.0,PRD-114,AE,5,1751.61,1194
INV-2024-15742,2024-09-30,1065.0,PRD-152,EG,10,2946.44,1975
INV-2024-26755,2025-04-05,1333.0,PRD-105,AE,6,1167.1,873
INV-2024-35127,2024-09-10,,PRD-101,AE,8,1787.33,1399
INV-2024-64815,2024-05-24,1230.0,PRD-101,SA,10,1145.74,886
INV-2024-82154,2024-04-09,1293.0,PRD-156,AE,6,1243.24,1033
INV-2024-43099,2024-02-21,1435.0,PRD-138,EG,1,845.95,684
INV-2024-83445,2024-10-24,1252.0,PRD-140,SA,5,414.04,296
INV-2024-55526,2025-01-28,1116.0,PRD-141,AE,2,1697.84,1394
INV-2024-57973,2025-09-22,1436.0,PRD-141,SA,7,286.31,248
INV-2024-68783,2025-03-04,1251.0,PRD-164,EG,8,621.42,452
INV-2024-92557,2024-09-11,1255.0,PRD-110,SA,6,217.54,177
INV-2024-25391,2024-06-12,1388.0,PRD-112,AE,10,2225.24,1610
INV-2024-67163,2024/12/01,1076.0,PRD-106,EG,6,2401.69,1756
INV-2024-18874,2025-08-14,1303.0,PRD-110,EG,4,1459.36,1106
INV-2024-73284,2024-11-16,1236.0,PRD-127,AE,1,549.42,438
INV-2024-64919,2024-07-13,1415.0,PRD-124,AE,5,2688.68,1794
INV-2024-78650,2024-06-12,1434.0,PRD-136,EG,8,853.82,636
INV-2024-76043,2025-05-25,1400.0,PRD-101,EG,5,1378.99,1060
INV-2024-12867,2025-06-11,1384.0,PRD-157,EG,9,1309.24,901
INV-2024-31880,2025-04-23,1162.0,PRD-129,EG,2,2888.73,1940
INV-2024-88532,2025-05-25,1355.0,PRD-101,SA,8,1131.18,896
INV-2024-45933,2024-11-11,1403.0,PRD-110,AE,8,1555.84,1339
INV-2024-26899,2025-05-24,1046.0,PRD-146,SA,8,1817.11,1473
INV-2024-47965,2024-01-24,1443.0,PRD-122,SA,9,1607.16,1264
INV-2024-15956,2024-04-02,1181.0,PRD-135,EG,7,661.59,444
INV-2024-84209,2025-02-06,1310.0,PRD-105,AE,2,1703.81,1193
INV-2024-17968,2025-06-01,1177.0,PRD-101,SA,6,1642.3,1165
INV-2024-34928,2025/04/13,1165.0,PRD-113,JO,8,725.8,583
INV-2024-62100,2024-09-03,1343.0,PRD-151,SA,6,760.69,559
INV-2024-74884,2024-08-08,1472.0,PRD-115,EG,7,200.94,146
INV-2024-99744,2025-08-20,1002.0,PRD-161,SA,1,730.46,633
INV-2024-79791,2024-12-27,1457.0,PRD-132,EG,1,1911.19,1518
INV-2024-77303,2024-02-19,1061.0,PRD-140,SA,9,919.21,615
INV-2024-19828,2024-02-21,1310.0,PRD-132,EG,9,431.61,356
INV-2024-31694,2024-10-15,1349.0,PRD-104,EG,4,1611.32,1255
INV-2024-67376,2025-05-21,1393.0,PRD-121,AE,1,715.44,538
INV-2024-76752,2025-09-03,1351.0,PRD-152,EG,5,1990.95,1336
INV-2024-60351,31-Oct-2025,1338.0,PRD-103,AE,8,1530.67,1143
INV-2024-83727,2025-11-19,1201.0,PRD-120,EG,6,506.97,372
INV-2024-61150,2025-04-26,1047.0,PRD-144,SA,7,874.31,628
INV-2024-62540,2024-10-19,1444.0,PRD-127,SA,4,1885.04,1529
INV-2024-89589,2025-07-03,1068.0,PRD-154,SA,4,240.65,163
INV-2024-45585,2024/01/09,,PRD-160,EG,5,2071.45,1790
INV-2024-37122,2024-04-20,1461.0,PRD-165,EG,1,2284.62,1610
INV-2024-34125,2025-03-17,1250.0,PRD-156,EG,1,1521.11,1085
INV-2024-10471,2024-05-17,1497.0,PRD-162,EG,1,1536.47,1271
INV-2024-30971,2024-09-27,1307.0,PRD-116,SA,10,320.09,239
INV-2024-84959,2025-01-09,1444.0,PRD-137,JO,4,249.44,211
INV-2024-38548,2025-02-16,1416.0,PRD-119,AE,7,977.7,825
INV-2024-87609,2025-01-09,1276.0,PRD-143,AE,5,1500.61,1183
INV-2024-11161,2024-02-16,1176.0,PRD-107,AE,3,2178.42,1689
INV-2024-77213,2025-02-14,1337.0,PRD-124,SA,2,377.5,278
INV-2024-69695,2024-02-22,1017.0,PRD-152,EG,5,1402.39,981
INV-2024-76036,2025-08-06,1076.0,PRD-121,JO,1,850.51,692
INV-2024-78822,2025-07-29,1348.0,PRD-161,SA,1,1348.7,1024
INV-2024-43925,2024-07-18,1187.0,PRD-135,SA,5,864.66,656
INV-2024-49768,2025-01-06,1443.0,PRD-108,EG,9,2105.42,1440
INV-2024-38879,2025/07/20,1471.0,PRD-118,SA,4,278.03,213
INV-2024-48844,2024-10-22,1149.0,PRD-109,SA,7,1854.08,1577
INV-2024-45194,2024-03-16,1374.0,PRD-144,AE,4,1531.72,1230
INV-2024-82371,2025-01-30,1412.0,PRD-163,SA,7,1058.72,885
INV-2024-25611,2025-05-31,1093.0,PRD-153,EG,4,1003.79,719
INV-2024-32427,06-Apr-2025,1473.0,PRD-149,JO,1,977.6,794
INV-2024-39350,2025-07-17,1071.0,PRD-102,EG,7,281.79,200
INV-2024-15978,2024-10-13,1009.0,PRD-139,SA,3,1075.93,815
INV-2024-79935,2025-09-30,1004.0,PRD-158,EG,4,2452.2,1907
INV-2024-41223,2025-11-27,1025.0,PRD-152,AE,6,2797.1,1950
INV-2024-48252,2025-09-17,1122.0,PRD-151,JO,1,1109.43,861
INV-2024-15123,2024-05-01,1425.0,PRD-156,EG,1,942.81,809
INV-2024-93835,2024-05-11,1332.0,PRD-112,AE,7,857.2,594
INV-2024-29416,2024-04-09,1006.0,PRD-116,EG,4,1457.83,1251
INV-2024-46406,2025-02-07,1085.0,PRD-116,JO,1,2394.35,1699
INV-2024-27428,2025/01/17,1074.0,PRD-104,AE,6,378.72,327
INV-2024-45446,2024-12-13,1174.0,PRD-134,AE,3,1781.22,1460
INV-2024-16752,2025-07-25,1388.0,PRD-159,EG,6,1594.74,1214
INV-2024-94202,2025-01-09,1119.0,PRD-147,JO,2,1688.5,1226
INV-2024-42637,2024-05-27,1497.0,PRD-124,AE,7,157.59,135
INV-2024-37521,2024-07-22,1023.0,PRD-156,EG,3,2704.52,1817
INV-2024-80070,2025-09-08,1470.0,PRD-145,AE,8,2460.32,1963
INV-2024-25228,2025-06-05,1132.0,PRD-142,EG,5,1817.96,1340
INV-2024-10183,2025-02-15,1023.0,PRD-118,AE,6,896.31,635
INV-2024-95019,2025-05-27,1356.0,PRD-137,EG,5,2460.97,1945
INV-2024-55542,2024-02-11,,PRD-112,AE,9,113.77,83
INV-2024-92927,2024-02-16,1368.0,PRD-116,SA,9,1632.25,1269
INV-2024-89319,2024-02-09,1272.0,PRD-145,EG,4,919.93,630
INV-2024-58380,2024-05-20,1391.0,PRD-137,EG,6,1291.55,865
INV-2024-52540,2025-12-31,1444.0,PRD-121,EG,3,1816.38,1272
INV-2024-20911,2024/12/07,1077.0,PRD-148,SA,2,1447.73,1060
INV-2024-81994,2025-04-30,1162.0,PRD-107,EG,7,955.7,828
INV-2024-44608,2025-06-15,1053.0,PRD-153,SA,7,2123.14,1771
INV-2024-27512,2025-04-12,1016.0,PRD-155,EG,8,89.01,71
INV-2024-63522,2024-06-01,1388.0,PRD-120,EG,7,2791.91,1896
INV-2024-90148,2025-09-12,1068.0,PRD-103,AE,4,1105.33,773
INV-2024-48652,2025-06-11,1188.0,PRD-109,EG,9,924.13,797
INV-2024-52550,2024-05-23,1489.0,PRD-148,JO,4,1662.81,1444
INV-2024-17505,2024-12-01,1118.0,PRD-157,AE,2,1212.75,916
INV-2024-92045,2025-09-19,1162.0,PRD-113,SA,7,203.42,160
INV-2024-11364,2024-11-22,1293.0,PRD-157,SA,1,972.84,814
INV-2024-56593,2024-06-15,1155.0,PRD-133,AE,2,590.74,478
INV-2024-38741,2025-02-06,1158.0,PRD-142,EG,8,1505.12,1211
INV-2024-46659,2025-09-23,1496.0,PRD-149,EG,5,2184.02,1548
INV-2024-33165,2024-11-02,1050.0,PRD-128,EG,6,2176.56,1472
INV-2024-43552,2025/08/30,1299.0,PRD-160,AE,1,986.27,703
INV-2024-12049,2024-12-10,1294.0,PRD-116,EG,2,2204.2,1603
INV-2024-80436,2025-06-03,1223.0,PRD-151,SA,5,2501.64,1785
INV-2024-96155,2025-06-05,1220.0,PRD-128,JO,6,1233.54,845
INV-2024-86449,2025-06-29,1100.0,PRD-131,AE,6,2058.81,1511
INV-2024-23951,2025-05-16,1322.0,PRD-134,SA,9,1278.29,992
INV-2024-60067,2025-12-26,1192.0,PRD-101,EG,8,213.03,150
INV-2024-95698,2025-07-30,1382.0,PRD-132,AE,8,2348.91,1785
INV-2024-43730,2024-11-02,1278.0,PRD-112,SA,5,797.19,550
INV-2024-92081,2025-05-01,1289.0,PRD-113,EG,3,446.19,385
INV-2024-93139,18-Jan-2024,1222.0,PRD-147,EG,8,668.15,545
INV-2024-89212,2025-01-12,1354.0,PRD-119,JO,10,1950.15,1480
INV-2024-82204,2024-12-05,1108.0,PRD-118,SA,10,2340.57,1812
INV-2024-37021,2025-11-20,1021.0,PRD-134,AE,3,2460.92,1828
INV-2024-67958,2024-04-22,1165.0,PRD-118,AE,4,1946.25,1612
INV-2024-38919,2025/03/02,1479.0,PRD-151,SA,8,1120.17,820
INV-2024-52501,2025-08-20,1133.0,PRD-124,SA,3,1248.59,949
INV-2024-45231,2024-11-11,1319.0,PRD-131,SA,3,712.38,508
INV-2024-36728,2025-12-05,1334.0,PRD-144,EG,3,173.69,145
INV-2024-86239,2025-10-06,1012.0,PRD-124,SA,10,299.59,242
INV-2024-92549,2024-01-28,,PRD-101,AE,7,1596.76,1313
INV-2024-61834,2025-09-03,1265.0,PRD-123,SA,5,778.96,650
INV-2024-30400,2025-04-30,1254.0,PRD-139,AE,2,1747.62,1288
INV-2024-68465,2024-09-28,1456.0,PRD-120,SA,10,97.23,68
INV-2024-40372,2025-11-02,1170.0,PRD-162,SA,6,2140.68,1815
INV-2024-66872,2025-08-15,1354.0,PRD-135,SA,6,452.33,309
INV-2024-58318,2025-08-14,1469.0,PRD-108,SA,8,927.56,712
INV-2024-29442,2024-08-21,1104.0,PRD-109,AE,9,599.14,502
INV-2024-72784,2024-02-22,1367.0,PRD-101,EG,7,2080.45,1665
INV-2024-22280,2025-08-20,1110.0,PRD-132,SA,3,606.64,427
INV-2024-75006,2025/05/06,1321.0,PRD-156,EG,3,2295.4,1921
INV-2024-33791,2024-06-23,1240.0,PRD-158,EG,8,606.99,497
INV-2024-70213,2025-06-20,1213.0,PRD-110,SA,9,2203.78,1483
INV-2024-34251,2025-10-06,1206.0,PRD-151,SA,5,2035.31,1545
INV-2024-33083,2025-09-26,1002.0,PRD-157,JO,4,1522.9,1193
INV-2024-34754,24-Jan-2025,1194.0,PRD-131,SA,1,1004.66,736
INV-2024-84666,2024-05-31,1320.0,PRD-122,AE,9,2110.89,1680
INV-2024-74293,2025-11-28,1044.0,PRD-137,SA,1,1790.42,1361
INV-2024-33646,2024-09-05,1373.0,PRD-139,SA,1,468.55,320
INV-2024-94877,2024-02-02,1010.0,PRD-135,EG,7,1450.57,1019
INV-2024-46968,2025-08-09,1260.0,PRD-147,EG,3,1211.86,926
INV-2024-12758,2025-12-18,1191.0,PRD-118,EG,10,2239.55,1946
INV-2024-50653,2024-04-22,1426.0,PRD-156,SA,3,112.71,78
INV-2024-31354,2024-07-14,1362.0,PRD-132,EG,7,629.95,440
INV-2024-33295,2024-01-20,1325.0,PRD-146,EG,7,2757.87,1858
INV-2024-61668,2025/03/27,1485.0,PRD-134,EG,7,1811.6,1542
INV-2024-89668,2024-11-17,1137.0,PRD-158,JO,6,1673.75,1268
INV-2024-34621,2025-03-04,1054.0,PRD-127,EG,9,2384.87,1945
INV-2024-19103,2024-06-04,1384.0,PRD-163,SA,10,2367.05,1767
INV-2024-28811,2025-02-26,1432.0,PRD-136,EG,10,1962.2,1667
INV-2024-19443,2025-12-08,1219.0,PRD-165,SA,1,1769.74,1256
INV-2024-65888,2024-07-27,1417.0,PRD-141,EG,6,114.82,79
INV-2024-42145,2025-02-24,1074.0,PRD-127,EG,7,2382.39,1637
INV-2024-69640,2025-05-28,1111.0,PRD-138,SA,3,450.06,319
INV-2024-94557,2025-09-18,1458.0,PRD-133,EG,7,307.31,257
INV-2024-62757,2025-04-27,1368.0,PRD-121,EG,9,1744.05,1249
INV-2024-23137,2024-03-04,1339.0,PRD-110,EG,2,988.67,724
INV-2024-79045,2025-12-23,1117.0,PRD-144,EG,5,95.57,83
INV-2024-27995,2024-05-21,1094.0,PRD-110,EG,8,1330.53,944
INV-2024-11545,2025-06-15,1071.0,PRD-121,EG,4,2336.84,1722
INV-2024-89074,2024/07/31,,PRD-139,AE,8,803.72,664
INV-2024-23071,2025-07-28,1175.0,PRD-121,SA,7,1985.43,1514
INV-2024-59528,2024-11-28,1357.0,PRD-165,SA,8,261.82,181
INV-2024-60330,2025-11-09,1270.0,PRD-165,EG,3,2843.22,1911
INV-2024-12715,2025-05-04,1231.0,PRD-127,JO,9,1831.96,1366
INV-2024-24422,2025-06-22,1030.0,PRD-162,EG,6,1872.5,1396
INV-2024-11776,2025-01-20,1035.0,PRD-138,EG,7,1306.23,1119
INV-2024-94473,2024-11-17,1375.0,PRD-110,SA,4,2075.29,1479
INV-2024-15733,2024-06-26,1206.0,PRD-148,EG,5,1421.54,1007
INV-2024-27324,2025-04-15,1201.0,PRD-135,EG,1,2209.39,1592
INV-2024-42550,2025-06-29,1352.0,PRD-155,SA,8,1649.9,1326
INV-2024-20957,2024-12-16,1099.0,PRD-150,AE,9,810.49,544
INV-2024-45082,2025-07-13,1079.0,PRD-157,SA,4,1228.14,858
INV-2024-28695,2024-12-28,1430.0,PRD-107,AE,9,231.0,171
INV-2024-92232,2025-11-23,1214.0,PRD-119,JO,2,1078.67,836
INV-2024-88595,2025/11/28,1051.0,PRD-101,EG,7,905.05,710
INV-2024-11769,2025-10-20,1376.0,PRD-141,EG,8,1925.91,1451
INV-2024-11231,2025-12-10,1170.0,PRD-136,EG,8,2081.82,1412
INV-2024-23938,2024-09-27,1166.0,PRD-152,SA,6,2249.27,1589
INV-2024-81089,2025-09-16,1181.0,PRD-164,SA,2,498.15,402
INV-2024-54353,2025-05-10,1141.0,PRD-156,JO,1,74.77,64
INV-2024-21136,2024-07-15,1173.0,PRD-158,AE,9,2380.63,1661
INV-2024-36518,2024-09-09,1150.0,PRD-117,SA,1,917.64,781
INV-2024-28249,2024-10-12,1181.0,PRD-149,EG,5,848.9,715
INV-2024-72970,2025-07-25,1457.0,PRD-123,AE,5,2278.18,1814
INV-2024-83774,01-Nov-2024,1395.0,PRD-109,JO,9,1711.91,1255
INV-2024-68238,2024-08-18,1003.0,PRD-138,AE,3,2446.56,1691
INV-2024-31383,2024-10-31,1104.0,PRD-126,EG,9,1295.88,882
INV-2024-50289,2024-10-22,1009.0,PRD-155,SA,9,2017.5,1638
INV-2024-53483,2025-12-22,1421.0,PRD-141,EG,8,2126.68,1826
INV-2024-72771,2024/07/31,1232.0,PRD-109,EG,1,713.67,552
INV-2024-30252,2025-12-07,1452.0,PRD-106,EG,10,946.08,660
INV-2024-41956,2025-12-22,1079.0,PRD-135,SA,4,1511.18,1099
INV-2024-17323,2025-05-15,1089.0,PRD-108,SA,1,2342.67,1682
INV-2024-81241,2024-11-20,1277.0,PRD-107,EG,10,2081.92,1557
INV-2024-45056,2025-05-06,1312.0,PRD-104,EG,5,1854.07,1579
INV-2024-92245,2024-12-23,1343.0,PRD-135,SA,10,100.22,74
INV-2024-81252,2025-07-27,1327.0,PRD-156,EG,2,2365.46,1736
INV-2024-26131,2024-10-07,1445.0,PRD-163,EG,10,2438.86,1847
INV-2024-12779,2024-10-21,1173.0,PRD-135,SA,3,1476.69,1187
INV-2024-15836,2024-05-04,,PRD-127,AE,7,1615.5,1298
INV-2024-23476,2025-08-10,1153.0,PRD-102,EG,6,2238.71,1922
INV-2024-81387,2025-11-23,1182.0,PRD-127,EG,7,2211.82,1589
INV-2024-48894,2025-07-10,1261.0,PRD-139,EG,1,1544.23,1223
INV-2024-23443,2025-01-23,1294.0,PRD-129,JO,5,1660.87,1436
INV-2024-77048,2025/02/08,1300.0,PRD-144,SA,9,170.28,142
INV-2024-64432,2024-12-19,1001.0,PRD-156,SA,3,2073.51,1518
INV-2024-28590,2024-05-29,1076.0,PRD-135,EG,1,2082.71,1691
INV-2024-10158,2024-10-24,1182.0,PRD-112,SA,9,1907.29,1279
INV-2024-39401,2024-02-13,1171.0,PRD-118,EG,9,850.94,624
INV-2024-13145,21-Oct-2024,1240.0,PRD-103,SA,4,2240.23,1779
INV-2024-39710,2024-03-21,1117.0,PRD-106,JO,2,1698.16,1204
INV-2024-65985,2024-12-20,1242.0,PRD-159,SA,5,1485.28,1140
INV-2024-60512,2025-03-28,1313.0,PRD-147,AE,6,2370.06,1992
INV-2024-29316,2025-11-02,1035.0,PRD-140,AE,9,2456.17,1891
INV-2024-56309,2024-09-19,1466.0,PRD-135,EG,9,1841.01,1527
INV-2024-95899,2025-05-05,1257.0,PRD-101,JO,9,2238.37,1595
INV-2024-47597,2024-08-07,1403.0,PRD-141,EG,9,2370.01,1839
INV-2024-39607,2024-07-25,1055.0,PRD-136,SA,10,1097.2,910
INV-2024-99707,2025-07-05,1087.0,PRD-129,EG,7,159.09,113
INV-2024-60429,2024/10/04,1370.0,PRD-147,EG,9,1150.02,821
INV-2024-24733,2025-07-29,1085.0,PRD-136,SA,8,1313.61,910
INV-2024-74463,2025-12-13,1476.0,PRD-138,EG,9,567.39,479
INV-2024-32224,2024-10-05,1099.0,PRD-157,SA,1,1079.28,836
INV-2024-24435,2024-05-20,1337.0,PRD-128,SA,2,957.66,810
INV-2024-39428,2024-04-21,1240.0,PRD-112,EG,9,1292.53,1075
INV-2024-23334,2025-09-22,1454.0,PRD-119,EG,7,2216.24,1736
INV-2024-46937,2025-08-23,1289.0,PRD-144,SA,5,1228.46,898
INV-2024-56833,2024-09-02,1478.0,PRD-103,EG,7,2346.76,1950
INV-2024-19999,2024-09-05,1236.0,PRD-118,AE,3,689.41,500
INV-2024-90700,2024-02-21,1231.0,PRD-116,SA,10,1598.05,1079
INV-2024-53741,2025-11-16,1078.0,PRD-104,AE,3,678.56,516
INV-2024-25512,2025-06-27,1019.0,PRD-108,SA,7,1002.55,697
INV-2024-57250,2024-08-19,1029.0,PRD-158,SA,9,894.49,624
INV-2024-21115,2025-10-15,1298.0,PRD-158,SA,6,1848.82,1490
INV-2024-15681,2024/08/26,1216.0,PRD-157,EG,8,871.82,692
INV-2024-89233,2024-02-23,1420.0,PRD-110,EG,9,1583.37,1157
INV-2024-29805,2024-04-12,1432.0,PRD-106,AE,8,1936.87,1583
INV-2024-33339,2025-02-27,1181.0,PRD-109,SA,10,229.71,182
INV-2024-66181,2024-12-04,1286.0,PRD-108,AE,10,855.89,669
INV-2024-79531,2025-04-28,,PRD-150,AE,7,2339.93,1743
INV-2024-53888,2024-04-12,1135.0,PRD-165,AE,9,1433.06,1098
INV-2024-88592,2025-11-28,1269.0,PRD-127,JO,1,2183.66,1813
INV-2024-33771,2024-05-20,1351.0,PRD-103,SA,8,1019.93,866
INV-2024-99054,2024-01-06,1304.0,PRD-131,EG,7,1716.76,1445
INV-2024-65737,2025-07-17,1480.0,PRD-115,SA,10,146.72,107
INV-2024-29689,2024-06-10,1378.0,PRD-143,EG,2,1705.24,1170
INV-2024-97460,2025-02-20,1080.0,PRD-113,SA,10,1961.01,1375
INV-2024-49526,2025-10-30,1434.0,PRD-150,AE,2,1554.63,1096
INV-2024-91888,2025-05-02,1333.0,PRD-104,SA,8,94.11,64
INV-2024-47618,2025/05/03,1367.0,PRD-150,EG,10,181.95,125
INV-2024-55663,2025-10-28,1233.0,PRD-107,EG,10,392.58,320
INV-2024-23621,2024-07-23,1302.0,PRD-119,SA,9,442.27,344
INV-2024-45532,2024-10-21,1115.0,PRD-130,EG,5,2660.37,1904
INV-2024-75437,2024-11-24,1339.0,PRD-156,AE,5,1896.67,1294
INV-2024-96734,2024-10-19,1125.0,PRD-106,EG,6,181.62,140
INV-2024-58380,2025-10-23,1236.0,PRD-142,EG,9,1692.33,1307
INV-2024-44786,2024-03-01,1499.0,PRD-129,EG,4,945.32,742
INV-2024-20009,2024-04-01,1007.0,PRD-158,SA,8,1177.17,955
INV-2024-10285,2025-10-29,1393.0,PRD-113,SA,3,2534.44,1770
INV-2024-29482,10-Aug-2025,1052.0,PRD-128,EG,6,918.82,724
INV-2024-95964,2024-08-25,1349.0,PRD-106,EG,6,1318.7,951
INV-2024-29213,2025-07-01,1184.0,PRD-105,SA,3,1618.02,1368
INV-2024-51976,2024-02-08,1317.0,PRD-162,EG,10,2087.9,1433
INV-2024-29369,2024-06-28,1265.0,PRD-129,SA,5,2163.83,1505
INV-2024-61196,2025/03/03,1023.0,PRD-134,SA,5,1197.91,802
INV-2024-68549,2024-06-29,1054.0,PRD-127,EG,2,805.41,687
INV-2024-72709,2024-02-07,1487.0,PRD-162,EG,1,2037.13,1384
INV-2024-18822,2025-02-10,1386.0,PRD-114,JO,3,2418.21,1967
INV-2024-24832,2025-05-22,1436.0,PRD-142,SA,1,588.34,456
INV-2024-85739,2024-07-09,1059.0,PRD-157,SA,6,1885.71,1335
INV-2024-66027,2024-10-23,1381.0,PRD-110,EG,1,1707.39,1243
INV-2024-46500,2024-02-08,1317.0,PRD-158,SA,8,1345.18,1151
INV-2024-28961,2024-01-10,1119.0,PRD-119,EG,5,2413.63,1697
INV-2024-21855,2024-11-01,1183.0,PRD-135,SA,7,1376.14,1099
INV-2024-52343,2025-08-04,1500.0,PRD-153,JO,8,1757.56,1226
INV-2024-26716,2025-09-09,1469.0,PRD-104,EG,4,2454.2,1728
INV-2024-33838,2024-04-19,1489.0,PRD-155,EG,5,1987.56,1717
INV-2024-60465,2024-12-09,1112.0,PRD-156,EG,3,1646.59,1305
INV-2024-56217,2024-10-18,1389.0,PRD-128,EG,8,1500.49,1086
INV-2024-51853,2025/04/10,,PRD-116,EG,10,2628.89,1985
INV-2024-74776,2025-10-18,1362.0,PRD-158,EG,3,1881.15,1281
INV-2024-65552,2025-07-10,1340.0,PRD-119,AE,8,626.5,528
INV-2024-73083,2025-06-20,1493.0,PRD-151,SA,9,2305.45,1635
INV-2024-64256,2025-05-20,1070.0,PRD-105,EG,10,2065.66,1749
INV-2024-88871,17-May-2024,1472.0,PRD-148,JO,5,1647.95,1365
INV-2024-93440,2025-05-31,1117.0,PRD-130,EG,3,784.63,664
INV-2024-53707,2025-04-24,1036.0,PRD-148,JO,9,1040.74,760
INV-2024-28116,2024-10-06,1276.0,PRD-133,EG,4,1619.07,1244
INV-2024-95715,2024-07-16,1013.0,PRD-150,AE,8,2339.97,1914
INV-2024-42231,2024-04-25,1407.0,PRD-138,SA,7,2344.34,1783
INV-2024-60224,2024-12-04,1200.0,PRD-133,AE,3,1835.74,1539
INV-2024-64874,2024-06-15,1279.0,PRD-146,JO,5,1627.94,1381
INV-2024-82002,2025-04-14,1138.0,PRD-163,EG,10,370.11,285
INV-2024-75156,2025-10-25,1002.0,PRD-157,JO,6,112.62,76
INV-2024-80614,2024/09/20,1040.0,PRD-122,EG,9,1667.91,1410
INV-2024-79962,2024-07-09,1331.0,PRD-110,EG,5,2811.47,1875
INV-2024-74566,2024-01-15,1404.0,PRD-130,EG,5,2198.68,1765
INV-2024-79792,2024-12-11,1198.0,PRD-162,SA,1,2027.03,1494
INV-2024-80282,2024-10-29,1356.0,PRD-127,EG,8,2235.67,1710
INV-2024-40161,2025-08-04,1377.0,PRD-104,SA,3,1807.8,1261
INV-2024-60413,2025-11-21,1275.0,PRD-117,SA,7,886.22,641
INV-2024-20959,2024-07-16,1498.0,PRD-131,AE,4,2404.53,1628
INV-2024-86148,2024-06-28,1218.0,PRD-120,AE,6,2767.88,1960
INV-2024-65291,2025-09-17,1363.0,PRD-150,SA,3,387.43,288
INV-2024-79067,2025-10-16,1213.0,PRD-125,EG,7,1279.43,976
INV-2024-85743,2025-02-19,1213.0,PRD-149,EG,7,1395.87,941
INV-2024-38748,2025-03-13,1072.0,PRD-101,EG,6,2033.68,1579
INV-2024-21436,2025-06-11,1143.0,PRD-131,EG,3,2536.64,1711
INV-2024-40827,2024-12-01,1069.0,PRD-105,EG,3,448.33,323
INV-2024-57409,2024/03/29,1138.0,PRD-129,EG,10,1682.3,1255
INV-2024-10375,2025-02-14,1461.0,PRD-110,JO,4,2000.41,1535
INV-2024-36644,2025-11-16,1284.0,PRD-155,SA,4,2431.22,1874
INV-2024-12248,2024-04-07,1317.0,PRD-146,EG,1,318.48,242
INV-2024-57500,2024-07-08,1315.0,PRD-158,SA,2,865.73,720
INV-2024-83187,2024-05-23,1142.0,PRD-139,EG,7,368.82,296
INV-2024-72118,2025-05-03,1316.0,PRD-104,SA,3,595.68,482
INV-2024-27510,2024-11-27,1033.0,PRD-145,SA,8,973.06,672
INV-2024-24438,2024-09-11,1223.0,PRD-147,SA,5,488.54,336
INV-2024-17808,2024-01-07,1417.0,PRD-149,SA,1,369.15,275
INV-2024-55789,2024-09-24,,PRD-132,JO,3,1014.2,827
INV-2024-57298,2025-01-27,1377.0,PRD-146,AE,7,2564.92,1880
INV-2024-28264,2024-08-29,1183.0,PRD-143,SA,10,1930.86,1602
INV-2024-48626,2025-04-02,1249.0,PRD-124,SA,8,1185.73,819
INV-2024-70344,2024-09-30,1416.0,PRD-134,SA,2,900.78,661
INV-2024-28892,2024/12/03,1111.0,PRD-104,EG,9,819.42,712
INV-2024-82286,2024-11-05,1381.0,PRD-123,EG,6,882.7,753
INV-2024-65191,2025-08-19,1426.0,PRD-127,EG,5,2059.13,1646
INV-2024-41784,2025-08-09,1449.0,PRD-133,SA,9,1143.04,867
INV-2024-37621,2024-01-12,1274.0,PRD-124,SA,9,699.52,518
INV-2024-39437,2024-09-24,1241.0,PRD-139,EG,4,619.42,528
INV-2024-17322,2025-10-31,1142.0,PRD-147,JO,7,2179.15,1547
INV-2024-28061,2025-01-03,1192.0,PRD-111,JO,8,876.8,648
INV-2024-25366,2025-12-10,1077.0,PRD-126,AE,6,285.61,240
INV-2024-28753,2024-08-29,1270.0,PRD-159,SA,9,1363.16,1005
INV-2024-59474,04-Mar-2024,1110.0,PRD-141,AE,2,471.81,324
INV-2024-13453,2025-11-14,1149.0,PRD-102,EG,1,1570.9,1244
INV-2024-65667,2024-05-01,1226.0,PRD-132,AE,8,1799.93,1382
INV-2024-58717,2025-04-21,1264.0,PRD-113,EG,4,217.53,156
INV-2024-17088,2024-11-10,1258.0,PRD-148,AE,1,203.81,172
INV-2024-23894,2024/06/12,1495.0,PRD-162,EG,4,283.32,225
INV-2024-96867,2025-02-19,1167.0,PRD-111,AE,2,2311.44,1971
INV-2024-86232,2025-12-03,1222.0,PRD-130,JO,8,1482.08,1145
INV-2024-19669,2025-05-29,1484.0,PRD-114,EG,1,1493.78,1045
INV-2024-72498,2025-12-21,1281.0,PRD-110,SA,8,290.3,249
INV-2024-87847,2024-11-14,1324.0,PRD-152,JO,9,915.19,705
INV-2024-30732,2025-12-07,1170.0,PRD-117,SA,8,2065.92,1768
INV-2024-13956,2024-04-30,1074.0,PRD-101,AE,7,2343.65,1733
INV-2024-29252,2025-10-16,1126.0,PRD-126,SA,2,1201.54,812
INV-2024-57873,2024-10-29,1362.0,PRD-123,EG,4,96.86,75
INV-2024-28517,2025-01-11,1095.0,PRD-107,EG,4,195.58,161
INV-2024-20353,2025-09-21,1222.0,PRD-165,EG,6,1913.98,1375
INV-2024-42118,2024-08-14,1466.0,PRD-143,AE,1,1810.41,1432
INV-2024-20101,2024-08-12,1087.0,PRD-118,EG,5,1854.47,1567
INV-2024-11635,2024-05-16,1404.0,PRD-138,SA,3,135.59,105
INV-2024-84603,2025/05/04,1019.0,PRD-162,SA,2,817.59,695
INV-2024-64590,2024-06-05,1379.0,PRD-141,SA,10,1450.3,1209
INV-2024-29623,2025-04-10,1441.0,PRD-113,AE,7,1344.03,919
INV-2024-33910,2025-09-12,1435.0,PRD-127,JO,9,403.93,338
INV-2024-71573,2025-01-17,1143.0,PRD-118,SA,1,170.65,114
INV-2024-28364,01-Mar-2025,,PRD-130,AE,10,384.99,317
INV-2024-79133,2025-12-19,1025.0,PRD-123,AE,6,986.73,823
INV-2024-49257,2025-07-16,1049.0,PRD-104,SA,10,1867.13,1601
INV-2024-71628,2025-04-27,1059.0,PRD-110,JO,4,767.42,574
INV-2024-63939,2025-07-04,1115.0,PRD-127,EG,10,311.64,256
INV-2024-54215,2025-11-11,1187.0,PRD-123,EG,3,1421.11,1108
INV-2024-68192,2024-08-11,1408.0,PRD-115,AE,4,461.94,374
INV-2024-94521,2024-09-10,1172.0,PRD-133,SA,7,1800.04,1441
INV-2024-11731,2025-11-27,1111.0,PRD-117,AE,5,569.84,430
INV-2024-47587,2025-09-02,1396.0,PRD-139,AE,5,1693.83,1298
INV-2024-24583,2024/03/24,1089.0,PRD-101,EG,5,1654.85,1245
INV-2024-30432,2025-06-22,1099.0,PRD-155,AE,5,572.82,406
INV-2024-17864,2025-04-02,1127.0,PRD-146,SA,7,2075.81,1586
INV-2024-94207,2025-06-24,1321.0,PRD-161,SA,4,851.1,616
INV-2024-14209,2025-12-21,1091.0,PRD-147,SA,10,1463.68,1016
INV-2024-89190,2025-01-05,1208.0,PRD-146,JO,2,1022.33,735
INV-2024-32751,2024-03-20,1492.0,PRD-150,EG,7,1160.86,809
INV-2024-75967,2025-07-31,1137.0,PRD-109,SA,8,2362.94,1614
INV-2024-31017,2024-04-24,1190.0,PRD-121,SA,4,2522.39,1836
INV-2024-11424,2024-03-04,1318.0,PRD-108,AE,7,1132.06,902
INV-2024-61955,2025-07-14,1243.0,PRD-135,SA,6,616.14,498
INV-2024-65524,2025-06-01,1082.0,PRD-148,EG,5,2410.78,1848
INV-2024-99116,2024-07-26,1473.0,PRD-135,EG,7,1316.37,939
INV-2024-69545,2025-08-09,1174.0,PRD-130,EG,4,1622.48,1199
INV-2024-82634,2025-07-03,1066.0,PRD-153,AE,10,1722.38,1179
INV-2024-43823,2024/06/02,1079.0,PRD-132,EG,5,676.09,464
INV-2024-84981,2024-06-17,1253.0,PRD-150,EG,10,449.02,358
INV-2024-75781,2024-12-01,1244.0,PRD-144,JO,2,508.5,370
INV-2024-50112,2025-06-16,1487.0,PRD-154,EG,4,2155.94,1575
INV-2024-39794,2025-03-28,1166.0,PRD-129,JO,5,717.35,485
INV-2024-65531,2024-04-29,1211.0,PRD-137,SA,9,956.7,722
INV-2024-30552,2025-11-27,1127.0,PRD-155,AE,10,133.34,103
INV-2024-45628,2024-07-29,1202.0,PRD-113,EG,9,440.02,351
INV-2024-22050,2025-08-20,1303.0,PRD-161,EG,4,1786.82,1311
INV-2024-78354,2025-05-15,1213.0,PRD-110,AE,2,1124.65,775
INV-2024-59487,2024-04-03,1043.0,PRD-165,AE,2,1253.12,856
INV-2024-26401,2025-06-06,1356.0,PRD-126,AE,8,268.01,231
INV-2024-37769,2025-04-01,1255.0,PRD-103,EG,4,1219.7,1020
INV-2024-62481,2024-02-26,1242.0,PRD-108,AE,3,2358.15,1637
INV-2024-91139,2025-04-09,1483.0,PRD-101,AE,2,816.0,610
INV-2024-17339,2024/05/15,,PRD-155,SA,8,1736.15,1184
INV-2024-38692,2025-06-09,1285.0,PRD-103,AE,3,1182.59,841
INV-2024-61418,2025-03-01,1061.0,PRD-127,AE,3,447.8,300
INV-2024-34077,2025-04-12,1402.0,PRD-151,SA,4,1790.62,1262
INV-2024-83307,2025-07-31,1204.0,PRD-157,EG,3,978.9,712
INV-2024-89309,2024-02-29,1384.0,PRD-119,SA,10,2402.85,1752
INV-2024-20119,2025-07-26,1432.0,PRD-150,EG,5,1066.61,755
INV-2024-71398,2025-04-18,1470.0,PRD-127,SA,4,1513.65,1274
INV-2024-72575,2025-11-19,1384.0,PRD-118,SA,10,2595.3,1812
INV-2024-51050,2024-11-11,1006.0,PRD-139,EG,4,1234.58,859
INV-2024-95550,23-Jan-2024,1259.0,PRD-134,EG,2,1684.02,1417
INV-2024-94133,2025-02-09,1360.0,PRD-153,EG,7,1904.67,1521
INV-2024-63097,2024-09-17,1046.0,PRD-159,AE,10,1162.83,889
INV-2024-59868,2024-01-04,1211.0,PRD-104,JO,9,624.27,509
INV-2024-31603,2024-08-11,1308.0,PRD-129,EG,2,138.84,117
INV-2024-17165,2025/08/15,1056.0,PRD-150,JO,3,1091.43,766
INV-2024-58690,2024-03-15,1059.0,PRD-104,SA,7,2296.97,1639
INV-2024-94757,2024-02-16,1375.0,PRD-135,EG,10,168.56,119
INV-2024-65603,2025-03-09,1100.0,PRD-111,EG,4,652.52,524
INV-2024-35523,2024-12-18,1111.0,PRD-135,SA,8,2667.92,1929
INV-2024-45378,2025-12-18,1337.0,PRD-162,AE,4,1811.35,1454
INV-2024-24208,2024-03-06,1145.0,PRD-113,AE,1,2344.08,1740
INV-2024-23683,2025-07-08,1046.0,PRD-134,EG,1,283.28,195
INV-2024-20198,2024-03-02,1308.0,PRD-164,EG,4,149.34,127
INV-2024-57540,2024-03-11,1466.0,PRD-133,SA,9,279.97,236
INV-2024-89061,2025-04-28,1500.0,PRD-102,EG,5,1701.76,1234
INV-2024-53970,2024-02-02,1396.0,PRD-111,EG,1,212.7,147
INV-2024-13676,2024-10-20,1458.0,PRD-121,EG,1,478.06,358
INV-2024-41395,2025-02-22,1437.0,PRD-154,AE,7,2319.0,1946
INV-2024-46989,2024-07-03,1383.0,PRD-105,JO,2,2521.29,1844
INV-2024-31333,2024/05/18,1127.0,PRD-106,SA,5,411.48,345
INV-2024-80984,2025-10-18,1133.0,PRD-126,JO,9,2654.94,1883
INV-2024-23954,2025-10-23,1155.0,PRD-143,EG,9,853.14,584
INV-2024-18561,2025-03-06,1108.0,PRD-108,SA,6,533.97,454
INV-2024-37775,2025-01-18,1357.0,PRD-108,EG,8,1805.39,1208
INV-2024-88264,26-Jan-2025,1249.0,PRD-113,SA,10,310.36,254
INV-2024-11438,2025-04-04,1031.0,PRD-149,JO,2,1016.4,713
INV-2024-50516,2025-01-21,1438.0,PRD-113,SA,2,2208.8,1669
INV-2024-34607,2025-01-19,1449.0,PRD-127,EG,3,2307.68,1652
INV-2024-82311,2024-03-23,1475.0,PRD-140,SA,1,410.78,327
INV-2024-36440,2025-11-30,,PRD-160,EG,1,566.1,380
INV-2024-93674,2025-11-08,1149.0,PRD-112,AE,2,351.74,294
INV-2024-14242,2025-07-06,1436.0,PRD-159,SA,5,837.3,699
INV-2024-41501,2024-05-16,1479.0,PRD-163,SA,2,2407.69,1632
INV-2024-45280,2025-10-31,1497.0,PRD-128,SA,7,1483.38,1025
INV-2024-21146,2024/12/22,1252.0,PRD-148,SA,7,947.55,653
INV-2024-84727,2024-05-01,1310.0,PRD-125,EG,2,724.38,539
INV-2024-84029,2024-07-01,1020.0,PRD-111,SA,8,910.54,667
INV-2024-15881,2025-07-04,1337.0,PRD-115,EG,7,427.16,300
INV-2024-83890,2025-02-06,1087.0,PRD-137,AE,4,1639.84,1363
INV-2024-73413,2025-06-25,1146.0,PRD-145,AE,1,286.69,205
INV-2024-15987,2024-05-10,1472.0,PRD-111,AE,6,627.95,496
INV-2024-16297,2024-08-16,1306.0,PRD-153,SA,7,1706.99,1405
INV-2024-51232,2024-01-04,1209.0,PRD-109,SA,9,815.05,568
INV-2024-22217,2024-01-24,1086.0,PRD-144,EG,6,578.81,409
INV-2024-50449,2024-11-01,1379.0,PRD-164,AE,5,2210.21,1879
INV-2024-11111,2025-04-19,1325.0,PRD-118,EG,6,830.47,629
INV-2024-56746,2025-11-20,1479.0,PRD-109,SA,8,1668.28,1245
INV-2024-47015,2025-07-11,1267.0,PRD-136,EG,9,2823.81,1923
INV-2024-62184,2025-03-10,1200.0,PRD-155,EG,10,833.57,628
INV-2024-75564,2025/06/28,1030.0,PRD-129,SA,1,956.79,806
INV-2024-35543,2025-01-23,1222.0,PRD-144,EG,8,1126.75,762
INV-2024-51218,2024-08-23,1107.0,PRD-152,AE,6,1130.81,795
INV-2024-61202,2024-09-10,1454.0,PRD-138,EG,3,2685.05,1794
INV-2024-56640,2025-04-16,1327.0,PRD-158,EG,2,1184.14,983
INV-2024-26976,2024-12-20,1069.0,PRD-152,SA,6,1123.74,879
INV-2024-98432,2024-06-07,1196.0,PRD-134,EG,1,1186.84,1025
INV-2024-22763,2024-10-09,1043.0,PRD-106,EG,5,2712.83,1809
INV-2024-53426,2024-07-12,1057.0,PRD-136,AE,4,89.72,60
INV-2024-63383,2024-04-25,1261.0,PRD-149,EG,7,2199.19,1813
INV-2024-76005,2024-02-02,1404.0,PRD-106,AE,9,1366.84,961
INV-2024-23238,2025-11-07,1449.0,PRD-114,EG,1,84.87,57
INV-2024-75821,2025-03-05,1210.0,PRD-153,EG,9,1494.92,1277
INV-2024-29685,2025-09-21,1498.0,PRD-135,AE,2,1251.34,1045
INV-2024-13104,2024-01-17,1004.0,PRD-119,EG,8,1068.73,884
INV-2024-86962,2024/09/03,1369.0,PRD-165,EG,2,380.6,299
INV-2024-60084,2024-07-30,1072.0,PRD-121,EG,4,459.4,342
INV-2024-72515,2024-03-09,1090.0,PRD-124,EG,9,458.52,367
INV-2024-86855,2024-04-13,1242.0,PRD-136,AE,6,2196.9,1824
INV-2024-14903,2025-08-31,1184.0,PRD-125,EG,10,1711.61,1260
INV-2024-48026,2024-02-04,,PRD-105,AE,5,276.95,238
INV-2024-31131,2025-04-02,1232.0,PRD-135,AE,10,2015.58,1693
INV-2024-29862,2025-09-04,1456.0,PRD-148,SA,2,1776.09,1492
INV-2024-99440,2025-11-19,1178.0,PRD-132,JO,1,2521.92,1741
INV-2024-70700,2025-12-21,1100.0,PRD-141,EG,6,2436.55,1646
INV-2024-20322,19-Feb-2024,1085.0,PRD-119,JO,9,1509.27,1262
INV-2024-92044,2024-09-07,1406.0,PRD-101,EG,7,764.74,642
INV-2024-22227,2024-02-15,1490.0,PRD-147,SA,8,1775.4,1189
INV-2024-40352,2025-02-15,1269.0,PRD-160,SA,4,130.22,109
INV-2024-38265,2025-03-25,1436.0,PRD-103,EG,2,143.4,98
INV-2024-99320,2024/08/27,1319.0,PRD-114,SA,5,2780.26,1913
INV-2024-95749,2025-07-06,1125.0,PRD-143,AE,5,283.85,208
INV-2024-28463,2024-08-10,1403.0,PRD-117,EG,9,2359.32,1608
INV-2024-31108,2024-02-27,1148.0,PRD-134,EG,8,1536.67,1188
INV-2024-75748,2024-05-23,1148.0,PRD-159,AE,3,1368.55,1177
INV-2024-77672,2025-05-30,1329.0,PRD-111,SA,9,1922.51,1430
INV-2024-89788,2024-10-23,1012.0,PRD-129,JO,7,712.96,504
INV-2024-95379,2024-08-27,1468.0,PRD-164,AE,9,1909.13,1365
INV-2024-78588,2025-08-12,1345.0,PRD-104,JO,4,1346.75,1001
INV-2024-54749,2024-11-22,1342.0,PRD-115,AE,3,305.69,249
INV-2024-68652,2025-08-14,1129.0,PRD-157,EG,4,2429.97,1733
INV-2024-27196,2025-09-04,1164.0,PRD-102,EG,6,1491.73,1181
INV-2024-54436,2025-11-19,1469.0,PRD-145,AE,8,2120.06,1656
INV-2024-48121,2024-11-24,1358.0,PRD-140,SA,1,1649.46,1165
INV-2024-57227,2024-08-30,1295.0,PRD-124,EG,1,2279.57,1758
INV-2024-91719,2024/11/05,1291.0,PRD-156,EG,1,1833.81,1462
INV-2024-66479,2024-05-26,1267.0,PRD-120,JO,10,2264.82,1690
INV-2024-15244,2025-11-07,1194.0,PRD-102,SA,2,1797.13,1540
INV-2024-99505,2025-06-17,1216.0,PRD-143,SA,8,667.6,542
INV-2024-60807,2024-08-14,1191.0,PRD-135,SA,8,2190.45,1880
INV-2024-41340,27-Feb-2025,1163.0,PRD-152,EG,3,1241.93,959
INV-2024-37370,2024-11-03,1215.0,PRD-129,EG,9,239.63,191
INV-2024-90004,2024-10-08,1072.0,PRD-108,EG,6,686.13,500
INV-2024-89544,2024-03-03,1100.0,PRD-136,EG,8,1972.88,1530
INV-2024-19830,2025-07-24,1328.0,PRD-121,AE,10,2305.12,1788
INV-2024-29975,2025-08-28,1155.0,PRD-135,SA,8,2357.99,1634
INV-2024-84304,2024-06-28,1166.0,PRD-124,AE,1,1421.01,1138
INV-2024-92285,2025-10-03,1124.0,PRD-124,AE,3,2345.42,1895
INV-2024-75211,2025-11-26,1155.0,PRD-128,EG,9,83.68,59
INV-2024-22767,2025-03-13,1041.0,PRD-136,SA,8,1793.55,1502
INV-2024-11958,2025/07/23,,PRD-115,SA,6,927.23,750
INV-2024-28693,2025-05-22,1308.0,PRD-151,AE,2,962.71,720
INV-2024-50572,2024-02-18,1235.0,PRD-141,EG,5,2645.99,1782
INV-2024-81714,2024-12-18,1197.0,PRD-104,SA,3,2328.73,1758
INV-2024-21425,2025-10-20,1008.0,PRD-149,SA,3,746.29,618
INV-2024-75393,2025-11-18,1032.0,PRD-158,EG,4,1973.92,1612
INV-2024-22335,2025-01-25,1318.0,PRD-119,EG,6,1948.77,1433
INV-2024-69612,2025-06-21,1093.0,PRD-146,SA,4,2106.69,1787
INV-2024-51119,2024-11-22,1269.0,PRD-118,AE,7,598.23,513
INV-2024-32245,2025-12-14,1467.0,PRD-103,EG,3,1678.64,1289
INV-2024-48745,2025-03-02,1464.0,PRD-124,SA,10,1510.25,1278
INV-2024-31164,2025-02-22,1051.0,PRD-121,EG,8,971.33,655
INV-2024-18934,2024-06-01,1425.0,PRD-118,AE,3,130.59,104
INV-2024-46715,2024-11-03,1238.0,PRD-153,EG,9,2765.99,1949
INV-2024-85564,2025-01-20,1184.0,PRD-116,AE,4,1525.45,1259
INV-2024-57622,2024/07/07,1196.0,PRD-152,EG,10,630.46,479
INV-2024-56316,2025-07-04,1203.0,PRD-101,EG,4,442.53,308
INV-2024-21695,2025-04-29,1498.0,PRD-105,EG,4,430.21,298
INV-2024-19323,2024-09-03,1257.0,PRD-121,EG,1,892.5,668
INV-2024-33486,2024-08-18,1004.0,PRD-146,SA,3,418.51,359
INV-2024-70390,2024-11-03,1344.0,PRD-113,EG,10,176.89,149
INV-2024-43809,2025-12-25,1330.0,PRD-131,AE,4,618.62,483
INV-2024-72031,2024-05-27,1251.0,PRD-129,EG,10,1235.11,1047
INV-2024-43557,2025-04-19,1002.0,PRD-108,EG,1,1589.37,1373
INV-2024-67939,2024-02-29,1221.0,PRD-144,EG,2,986.17,821
INV-2024-95235,2025-07-29,1193.0,PRD-144,EG,5,1960.94,1483
INV-2024-28408,2025-02-26,1182.0,PRD-148,EG,10,786.04,683
INV-2024-26248,2025-03-02,1297.0,PRD-158,SA,10,2507.19,1712
INV-2024-84545,2025-07-24,1001.0,PRD-130,SA,5,2383.31,1675
INV-2024-73997,2025-06-26,1070.0,PRD-128,SA,4,325.62,219
INV-2024-15189,2024/05/17,1239.0,PRD-160,SA,9,1909.32,1623
INV-2024-57641,2025-02-01,1193.0,PRD-143,SA,5,1340.75,953
INV-2024-47568,2024-09-05,1228.0,PRD-132,EG,1,2327.72,1652
INV-2024-62551,2024-09-18,1484.0,PRD-138,SA,6,625.62,451
INV-2024-63612,2024-07-27,1472.0,PRD-114,JO,2,1859.94,1422
INV-2024-91223,2024-12-04,1220.0,PRD-164,SA,7,1958.8,1507
INV-2024-99205,2025-10-24,1177.0,PRD-108,SA,3,1839.44,1399
INV-2024-26906,2024-03-21,1035.0,PRD-154,EG,3,148.13,104
INV-2024-67780,2025-04-05,1284.0,PRD-121,AE,2,2416.32,1732
INV-2024-58068,2025-01-14,1245.0,PRD-142,AE,9,209.36,162
INV-2024-77171,04-Apr-2024,,PRD-110,SA,10,207.18,172
INV-2024-91871,2025-07-02,1036.0,PRD-132,JO,2,1119.84,850
INV-2024-51110,2024-07-14,1013.0,PRD-157,EG,7,1925.47,1338
INV-2024-58979,2024-02-22,1105.0,PRD-155,EG,6,662.17,553
INV-2024-20943,2024-10-01,1351.0,PRD-126,AE,8,404.29,302
INV-2024-99417,2025/01/21,1037.0,PRD-120,AE,3,1185.16,825
INV-2024-64158,2025-11-20,1332.0,PRD-137,EG,9,1038.53,802
INV-2024-76314,2025-09-11,1043.0,PRD-164,EG,2,918.23,635
INV-2024-68994,2025-09-09,1099.0,PRD-140,EG,1,153.14,132
INV-2024-44449,2024-02-10,1233.0,PRD-132,EG,6,2395.64,1632
INV-2024-99463,2024-03-15,1448.0,PRD-120,AE,4,2075.74,1489
INV-2024-15593,2024-07-11,1074.0,PRD-127,SA,5,1200.72,945
INV-2024-91345,2025-08-24,1436.0,PRD-165,EG,7,1129.73,828
INV-2024-94392,2025-11-18,1498.0,PRD-117,EG,8,2374.14,1596
INV-2024-17478,2025-07-26,1053.0,PRD-134,EG,8,1879.99,1399
INV-2024-42088,2024-08-10,1212.0,PRD-164,EG,6,1430.04,1217
INV-2024-83505,2025-05-05,1459.0,PRD-144,SA,4,2575.99,1932
INV-2024-11041,2024-08-01,1049.0,PRD-106,JO,2,2049.96,1645
INV-2024-30258,2024-12-06,1418.0,PRD-104,AE,7,2160.0,1696
INV-2024-23801,2024-11-06,1202.0,PRD-155,EG,5,554.17,426
INV-2024-48097,2024/01/16,1447.0,PRD-129,AE,6,257.75,180
INV-2024-59259,2024-08-04,1094.0,PRD-163,AE,5,1031.61,697
INV-2024-30736,2024-07-13,1493.0,PRD-129,AE,4,1558.17,1051
INV-2024-84728,2024-04-30,1345.0,PRD-147,SA,7,1022.61,693
INV-2024-62334,2025-05-05,1315.0,PRD-150,EG,8,1105.79,891
INV-2024-19565,05-Sep-2024,1262.0,PRD-157,EG,5,1630.31,1255
INV-2024-39235,2025-12-13,1143.0,PRD-122,EG,10,893.23,639
INV-2024-60885,2025-09-10,1012.0,PRD-116,EG,5,1208.75,883
INV-2024-70591,2025-12-21,1003.0,PRD-141,EG,7,1475.08,1234
INV-2024-97706,2024-07-28,1168.0,PRD-154,SA,7,1686.02,1143
INV-2024-22255,2025-02-10,1074.0,PRD-115,AE,1,2366.81,1824
INV-2024-55735,2024-09-02,1385.0,PRD-117,SA,8,2389.01,1843
INV-2024-71063,2025-07-19,1092.0,PRD-164,EG,10,2442.29,1984
INV-2024-71405,2024-11-25,1360.0,PRD-141,JO,1,1704.72,1307
INV-2024-94211,2024-10-16,1132.0,PRD-128,JO,5,2186.01,1824
INV-2024-80138,2025/01/24,1295.0,PRD-117,AE,2,867.78,666
INV-2024-70929,2025-04-22,1462.0,PRD-148,JO,1,517.88,431
INV-2024-24302,2025-06-30,1150.0,PRD-126,SA,8,1335.82,995
INV-2024-21248,2025-10-26,1147.0,PRD-101,JO,6,1485.84,1059
INV-2024-33628,2025-01-02,1440.0,PRD-160,EG,3,970.4,815
INV-2024-24201,2024-11-11,,PRD-138,EG,1,1145.74,989
INV-2024-62028,2024-09-24,1333.0,PRD-130,EG,10,1357.27,1134
INV-2024-66769,2025-01-03,1232.0,PRD-138,EG,9,2084.13,1443
INV-2024-36145,2025-06-09,1397.0,PRD-119,EG,4,581.01,445
INV-2024-62628,2025-05-24,1356.0,PRD-120,SA,1,2625.7,1947
INV-2024-53086,2025-04-22,1163.0,PRD-135,AE,2,2237.31,1519
INV-2024-18450,2024-04-10,1205.0,PRD-163,SA,8,95.34,74
INV-2024-51587,2025-04-25,1323.0,PRD-153,EG,4,1707.69,1424
INV-2024-54882,2024-11-23,1103.0,PRD-155,AE,1,329.78,281
INV-2024-89215,2024-07-27,1453.0,PRD-118,SA,3,150.95,105
INV-2024-73739,2025/01/14,1457.0,PRD-107,EG,9,859.37,648
INV-2024-37870,2024-11-16,1065.0,PRD-135,SA,7,2134.1,1723
INV-2024-72419,2025-02-27,1105.0,PRD-127,EG,4,1325.63,916
INV-2024-24984,2024-02-16,1012.0,PRD-149,EG,9,576.61,390
INV-2024-46487,2025-07-30,1256.0,PRD-152,JO,2,1806.7,1478
INV-2024-69582,2024-08-14,1437.0,PRD-102,EG,6,1886.34,1360
INV-2024-15017,2024-05-29,1457.0,PRD-137,SA,7,2713.24,1845
INV-2024-81444,2024-01-17,1013.0,PRD-118,AE,9,1188.59,808
INV-2024-30413,2024-09-24,1291.0,PRD-136,AE,1,409.88,282
INV-2024-71599,2025-07-20,1134.0,PRD-119,EG,10,1142.31,806
INV-2024-29072,2025-08-21,1465.0,PRD-112,EG,10,2395.47,1955
INV-2024-93914,2025-08-16,1423.0,PRD-107,EG,1,247.08,208
INV-2024-37979,2025-03-03,1150.0,PRD-143,SA,7,360.67,274
INV-2024-51967,2024-10-29,1277.0,PRD-108,SA,1,731.16,493
INV-2024-84475,2024-06-05,1147.0,PRD-105,EG,5,1591.74,1356
INV-2024-14105,2024/07/19,1032.0,PRD-137,JO,5,638.93,545
INV-2024-88784,2024-12-03,1198.0,PRD-152,SA,9,877.7,746
INV-2024-59844,2024-08-23,1427.0,PRD-128,EG,6,587.79,441
INV-2024-18178,2025-01-23,1141.0,PRD-114,SA,9,1682.12,1372
INV-2024-57381,2025-08-06,1235.0,PRD-140,SA,6,1023.11,771
INV-2024-66375,2024-09-08,1022.0,PRD-126,EG,10,1568.57,1359
INV-2024-72050,2025-05-26,1265.0,PRD-152,EG,6,1037.62,831
INV-2024-37973,2025-07-17,1250.0,PRD-115,AE,8,1457.86,1174
INV-2024-17088,2025-11-01,1493.0,PRD-112,SA,10,151.73,126
INV-2024-37720,2025-12-02,1405.0,PRD-160,SA,2,1286.95,879
INV-2024-13007,11-Dec-2024,1248.0,PRD-127,SA,2,1114.1,942
INV-2024-99610,2024-09-20,1265.0,PRD-147,EG,7,1370.88,918
INV-2024-65433,2025-05-15,1058.0,PRD-155,EG,2,1638.84,1214
INV-2024-45369,2025-10-19,1225.0,PRD-150,SA,6,1739.73,1236
INV-2024-43039,2025-05-17,1340.0,PRD-126,EG,4,488.15,377
INV-2024-93320,2025/04/16,,PRD-161,EG,1,1922.48,1523
INV-2024-33082,2024-06-21,1171.0,PRD-104,AE,9,607.3,474
INV-2024-20956,2024-12-26,1183.0,PRD-133,JO,9,253.54,187
INV-2024-28577,2024-06-22,1168.0,PRD-155,AE,8,1797.71,1495
INV-2024-19077,2024-05-23,1127.0,PRD-148,AE,6,2466.36,1999
INV-2024-45901,2025-07-13,1297.0,PRD-132,EG,10,2304.45,1627
INV-2024-63093,2025-05-15,1145.0,PRD-121,JO,3,1088.81,844
INV-2024-20709,2024-07-07,1049.0,PRD-119,EG,8,2707.24,1904
INV-2024-49103,2025-07-09,1172.0,PRD-162,JO,9,161.91,138
INV-2024-69168,2025-10-19,1277.0,PRD-143,JO,5,2535.38,1952
INV-2024-65013,2024-03-01,1310.0,PRD-163,AE,4,83.24,58
INV-2024-78783,2025-06-20,1004.0,PRD-126,JO,3,2215.12,1665
INV-2024-38063,2024-02-04,1081.0,PRD-127,SA,8,548.14,416
INV-2024-97771,2024-03-17,1221.0,PRD-150,EG,10,1716.37,1197
INV-2024-44006,2025-11-15,1131.0,PRD-129,SA,6,263.67,192
INV-2024-34127,2024/02/19,1085.0,PRD-108,SA,6,447.05,307
INV-2024-17044,2024-01-07,1484.0,PRD-148,EG,5,1095.85,923
INV-2024-22116,2025-02-26,1003.0,PRD-131,SA,9,1444.98,1006
INV-2024-66168,2024-05-20,1275.0,PRD-101,JO,10,2554.05,1942
INV-2024-54829,2025-10-07,1328.0,PRD-102,EG,8,2328.53,1617
INV-2024-48915,24-Aug-2024,1487.0,PRD-122,AE,8,2203.47,1674
INV-2024-31565,2024-03-10,1471.0,PRD-159,JO,2,432.9,297
INV-2024-36031,2025-12-25,1150.0,PRD-165,JO,3,840.01,703
INV-2024-55780,2024-06-03,1335.0,PRD-162,JO,9,2491.91,1937
INV-2024-64932,2024-01-10,1400.0,PRD-101,SA,10,201.78,175
INV-2024-73127,2024-08-11,1075.0,PRD-111,JO,2,213.05,148
INV-2024-72324,2025-06-01,1073.0,PRD-136,AE,4,906.64,654
INV-2024-80189,2025-04-11,1111.0,PRD-163,EG,1,1076.17,764
INV-2024-31061,2025-01-17,1435.0,PRD-162,SA,8,1195.89,1011
INV-2024-67250,2024-03-02,1479.0,PRD-155,AE,2,1945.42,1438
INV-2024-56490,2025/09/24,1056.0,PRD-161,EG,7,1114.54,797
INV-2024-84752,2025-10-15,1180.0,PRD-156,SA,7,1240.54,874
INV-2024-61005,2025-11-13,1152.0,PRD-153,SA,1,1762.73,1293
INV-2024-11301,2025-09-23,1269.0,PRD-149,EG,4,560.29,448
INV-2024-83519,2025-05-09,1009.0,PRD-135,SA,1,1832.19,1309
INV-2024-88266,2025-11-06,1083.0,PRD-120,AE,5,2378.91,1985
INV-2024-36025,2025-05-14,1350.0,PRD-149,SA,6,641.83,451
INV-2024-20198,2024-01-17,1491.0,PRD-126,EG,3,447.4,310
INV-2024-97551,2024-01-07,1390.0,PRD-110,EG,5,820.44,549
INV-2024-85823,2025-06-28,1235.0,PRD-102,EG,1,1101.58,791
INV-2024-90807,2025-07-18,,PRD-162,JO,4,1064.78,912
INV-2024-28955,2025-02-25,1172.0,PRD-115,EG,8,2288.02,1665
INV-2024-52432,2024-01-13,1043.0,PRD-115,SA,6,177.76,126
INV-2024-97040,2024-01-18,1023.0,PRD-113,EG,2,1205.16,862
INV-2024-51486,2025-06-26,1215.0,PRD-120,EG,1,148.55,112
INV-2024-11859,2024/10/08,1206.0,PRD-118,AE,6,1616.11,1197
INV-2024-29727,2025-07-02,1343.0,PRD-127,AE,5,2337.7,1779
INV-2024-70117,2024-10-20,1307.0,PRD-144,EG,8,2444.68,1818
INV-2024-29331,2024-01-18,1113.0,PRD-127,SA,6,851.03,641
INV-2024-75463,2025-05-29,1184.0,PRD-127,EG,8,2221.91,1881
INV-2024-51472,2025-12-15,1056.0,PRD-124,SA,5,1572.46,1218
INV-2024-24890,2025-11-21,1419.0,PRD-112,SA,5,1033.58,837
INV-2024-98335,2025-03-16,1474.0,PRD-165,EG,7,1731.66,1347
INV-2024-63265,2024-07-02,1348.0,PRD-137,EG,4,2063.34,1713
INV-2024-44446,2024-04-19,1047.0,PRD-127,EG,8,1759.47,1468
INV-2024-78248,2024-04-08,1217.0,PRD-153,JO,6,496.47,349
INV-2024-10481,2025-06-20,1159.0,PRD-119,JO,7,1460.36,1153
INV-2024-69055,2024-06-01,1369.0,PRD-122,EG,8,1698.08,1421
INV-2024-26478,2024-09-03,1021.0,PRD-101,AE,1,2130.43,1461
INV-2024-93138,2024-07-15,1011.0,PRD-119,EG,9,1176.44,851
INV-2024-68894,2025/09/26,1156.0,PRD-112,EG,7,1927.24,1667
INV-2024-93744,2025-06-23,1302.0,PRD-112,AE,1,1694.5,1195
INV-2024-85809,2024-09-15,1107.0,PRD-136,JO,3,1550.35,1064
INV-2024-22772,2024-12-28,1489.0,PRD-152,JO,4,1806.41,1544
INV-2024-14782,2024-09-30,1121.0,PRD-126,SA,6,2451.86,1890
INV-2024-38655,2025-02-10,1196.0,PRD-128,EG,10,2138.13,1509
INV-2024-34596,2024-03-21,1416.0,PRD-126,AE,1,341.92,233
INV-2024-65073,2025-01-17,1370.0,PRD-108,EG,1,1467.44,1256
INV-2024-81576,2025-02-19,1034.0,PRD-131,SA,9,1276.41,958
INV-2024-31771,2025-04-15,1415.0,PRD-101,EG,5,2586.21,1798
INV-2024-88766,01-Aug-2025,1089.0,PRD-106,SA,9,2043.57,1368
INV-2024-59487,2024-09-06,1172.0,PRD-130,EG,5,230.65,182
INV-2024-38329,2025-12-14,1320.0,PRD-124,EG,1,1863.92,1323
INV-2024-55624,2024-08-19,1473.0,PRD-107,JO,5,1835.92,1496
INV-2024-37494,2024-11-03,1214.0,PRD-157,EG,7,285.25,231
INV-2024-35055,2025/12/01,1202.0,PRD-154,SA,3,1680.97,1143
INV-2024-99080,2024-03-23,1263.0,PRD-104,EG,2,503.74,337
INV-2024-85607,2025-10-31,1267.0,PRD-155,EG,2,1106.71,764
INV-2024-11883,2025-10-27,1400.0,PRD-139,EG,8,2622.29,1881
INV-2024-58530,2024-02-02,1394.0,PRD-133,EG,8,2053.94,1784
INV-2024-57683,2024-04-05,,PRD-145,AE,4,299.55,200
INV-2024-12122,2025-02-19,1019.0,PRD-112,EG,6,1937.8,1444
INV-2024-49576,2025-01-23,1346.0,PRD-128,JO,4,97.26,67
INV-2024-50234,2025-01-21,1255.0,PRD-156,SA,4,1683.1,1288
INV-2024-75809,2025-07-19,1149.0,PRD-165,SA,3,326.88,243
INV-2024-26350,2025-05-02,1383.0,PRD-116,SA,5,464.87,336
INV-2024-75422,2024-02-27,1243.0,PRD-130,SA,7,2253.86,1552
INV-2024-95054,2025-10-14,1388.0,PRD-104,AE,2,1262.19,880
INV-2024-69768,2024-01-10,1246.0,PRD-155,EG,2,1445.08,1092
INV-2024-64270,2025-12-20,1446.0,PRD-151,EG,3,1866.07,1397
INV-2024-63790,2024/06/24,1210.0,PRD-128,AE,4,1253.52,935
INV-2024-56101,2024-03-25,1013.0,PRD-146,JO,2,2126.66,1542
INV-2024-56165,2025-05-26,1236.0,PRD-121,AE,7,545.61,402
INV-2024-81102,2025-03-20,1218.0,PRD-124,SA,7,1227.03,940
INV-2024-65816,2025-10-22,1292.0,PRD-102,AE,4,1328.49,966
INV-2024-78572,05-Dec-2024,1487.0,PRD-111,SA,7,2177.36,1723
INV-2024-54017,2025-08-02,1282.0,PRD-124,SA,10,2096.79,1434
INV-2024-24860,2024-04-07,1238.0,PRD-101,EG,5,1677.99,1239
INV-2024-33044,2025-06-24,1290.0,PRD-141,SA,9,319.72,267
INV-2024-70138,2024-02-13,1319.0,PRD-144,EG,8,1356.02,1033
INV-2024-66149,2024-08-23,1166.0,PRD-156,EG,10,2332.19,1762
INV-2024-58905,2024-08-04,1013.0,PRD-138,AE,9,2148.29,1767
INV-2024-33186,2025-12-09,1492.0,PRD-148,EG,9,126.1,100
INV-2024-82450,2025-08-03,1471.0,PRD-110,EG,5,433.29,305
INV-2024-87973,2025-05-01,1457.0,PRD-114,EG,7,956.27,725
INV-2024-31319,2024/10/04,1293.0,PRD-125,JO,2,2079.7,1735
INV-2024-81141,2024-02-17,1445.0,PRD-146,SA,7,1098.63,768
INV-2024-67131,2024-03-17,1042.0,PRD-157,SA,2,2645.22,1773
INV-2024-60012,2025-12-01,1021.0,PRD-155,AE,1,2531.42,1837
INV-2024-47359,2024-10-14,1003.0,PRD-106,AE,10,528.95,426
INV-2024-96455,2025-07-10,1268.0,PRD-124,EG,8,1729.37,1199
INV-2024-99165,2025-07-31,1179.0,PRD-163,SA,8,206.76,151
INV-2024-67343,2025-11-04,1397.0,PRD-103,AE,3,1531.86,1257
INV-2024-93113,2024-02-03,1053.0,PRD-116,SA,3,1023.34,746
INV-2024-47125,2024-07-02,1330.0,PRD-109,EG,9,1227.54,851
INV-2024-91313,2024-11-18,1253.0,PRD-105,AE,5,540.03,400
INV-2024-23005,2024-01-17,1206.0,PRD-103,SA,10,907.69,755
INV-2024-21484,2024-07-31,1083.0,PRD-124,EG,4,2179.36,1792
INV-2024-23606,2025-08-24,1421.0,PRD-127,SA,2,1814.78,1348
INV-2024-21749,2024-05-27,1087.0,PRD-150,EG,1,109.64,77
INV-2024-95147,2025/12/30,,PRD-164,EG,4,133.12,90
INV-2024-12153,2025-02-11,1403.0,PRD-134,AE,3,2443.52,1902
INV-2024-90774,2024-03-19,1072.0,PRD-155,EG,5,2128.98,1487
INV-2024-63907,2024-11-02,1187.0,PRD-158,SA,4,1497.11,1011
INV-2024-23588,2024-06-15,1013.0,PRD-137,SA,6,1551.39,1063
INV-2024-75064,2025-07-31,1414.0,PRD-112,EG,5,867.34,674
INV-2024-91766,2024-09-03,1462.0,PRD-148,JO,7,2046.17,1439
INV-2024-81399,2025-08-03,1131.0,PRD-164,EG,1,1956.8,1525
INV-2024-23068,2025-02-02,1404.0,PRD-164,EG,4,1088.48,791
INV-2024-93037,2025-11-24,1482.0,PRD-133,EG,6,617.04,498
INV-2024-68209,2025-07-07,1144.0,PRD-109,EG,7,1809.88,1392
INV-2024-75976,2024-12-05,1182.0,PRD-154,EG,9,630.73,456
INV-2024-86183,2025-01-28,1260.0,PRD-135,AE,4,2081.37,1660
INV-2024-14277,2024-05-23,1339.0,PRD-130,JO,6,1865.97,1391
INV-2024-97518,2025-12-06,1323.0,PRD-155,EG,3,2332.39,1800
INV-2024-47998,2024/03/21,1111.0,PRD-164,SA,7,1227.27,852
INV-2024-65134,2025-05-27,1124.0,PRD-141,AE,3,159.64,110
INV-2024-37770,2024-12-20,1243.0,PRD-159,AE,6,1477.89,1124
INV-2024-39213,2024-02-24,1125.0,PRD-138,SA,3,2383.1,1633
INV-2024-69589,2024-04-10,1395.0,PRD-153,EG,10,1469.29,1198
INV-2024-82297,2025-03-23,1154.0,PRD-133,EG,4,2735.21,1834
INV-2024-59948,2024-08-25,1306.0,PRD-156,AE,6,2439.51,1824
INV-2024-25007,2024-03-18,1013.0,PRD-146,AE,5,1005.22,703
INV-2024-35632,2024-12-14,1370.0,PRD-147,EG,1,1538.23,1270
INV-2024-71548,2025-09-11,1206.0,PRD-135,EG,8,545.72,388
INV-2024-26310,20-Sep-2025,1027.0,PRD-102,JO,8,565.4,453
INV-2024-55955,2025-09-01,1291.0,PRD-126,AE,1,1940.19,1477
INV-2024-70810,2025-02-10,1469.0,PRD-130,JO,8,2287.75,1907
INV-2024-64124,2024-11-30,1139.0,PRD-141,AE,6,1938.71,1415
INV-2024-94523,2024-01-31,1124.0,PRD-101,EG,9,2256.2,1945
INV-2024-61879,2025/10/11,1071.0,PRD-154,SA,6,1789.49,1195
INV-2024-10996,2024-10-06,1182.0,PRD-115,SA,1,1716.88,1435
INV-2024-59105,2025-04-06,1154.0,PRD-101,EG,6,133.89,97
INV-2024-39351,2025-05-17,1160.0,PRD-113,SA,4,925.77,753
INV-2024-76527,2024-08-21,1072.0,PRD-109,AE,8,1579.46,1271
INV-2024-47172,2024-12-30,1423.0,PRD-130,EG,4,2098.04,1587
INV-2024-45076,2025-07-20,1097.0,PRD-143,AE,2,2360.48,1683
INV-2024-96334,2025-01-19,1058.0,PRD-113,SA,3,743.76,539
INV-2024-44668,2025-03-18,1141.0,PRD-104,JO,3,1110.78,871
INV-2024-50291,2024-07-09,1419.0,PRD-159,EG,5,476.76,355
INV-2024-64357,2025-11-27,,PRD-149,EG,3,2352.36,1700
INV-2024-98250,2025-08-22,1355.0,PRD-115,SA,1,1433.04,1122
INV-2024-41661,2025-11-07,1271.0,PRD-129,EG,4,1657.86,1184
INV-2024-10544,2025-01-24,1179.0,PRD-145,AE,5,1113.07,750
INV-2024-64336,2024-03-28,1324.0,PRD-134,AE,7,190.11,133
INV-2024-14282,2025/09/25,1300.0,PRD-111,EG,4,843.35,713
INV-2024-12035,2024-10-29,1341.0,PRD-162,SA,5,1085.82,754
INV-2024-13440,2024-09-09,1387.0,PRD-141,SA,4,1910.87,1460
INV-2024-30103,2025-12-31,1473.0,PRD-105,EG,7,430.29,327
INV-2024-59074,2024-03-16,1213.0,PRD-114,JO,8,567.6,459
INV-2024-78021,25-Mar-2024,1198.0,PRD-133,AE,2,2130.87,1777
INV-2024-88636,2024-10-01,1342.0,PRD-112,SA,6,2303.82,1750
INV-2024-51611,2024-06-06,1369.0,PRD-155,AE,3,2088.62,1608
INV-2024-53920,2025-01-24,1089.0,PRD-113,SA,7,143.62,108
INV-2024-32336,2025-12-29,1262.0,PRD-116,JO,8,1028.65,853
INV-2024-84997,2025-10-11,1218.0,PRD-108,SA,10,623.87,529
INV-2024-66363,2024-06-06,1124.0,PRD-156,AE,1,2410.98,1668
INV-2024-41697,2025-02-02,1487.0,PRD-144,AE,2,1328.84,942
INV-2024-82841,2024-11-20,1160.0,PRD-108,EG,6,162.32,116
INV-2024-61296,2025-01-04,1470.0,PRD-119,AE,3,2665.84,1922
INV-2024-35252,2024/04/19,1226.0,PRD-154,EG,4,2053.97,1435
INV-2024-90775,2024-04-03,1488.0,PRD-123,EG,4,888.31,624
INV-2024-94467,2024-01-06,1158.0,PRD-105,EG,9,1091.47,754
INV-2024-61552,2024-11-11,1337.0,PRD-112,JO,5,1661.74,1381
INV-2024-16760,2025-03-31,1190.0,PRD-119,AE,10,2123.86,1720
INV-2024-85740,2025-01-03,1188.0,PRD-139,AE,1,2510.59,1809
INV-2024-66243,2024-10-03,1403.0,PRD-123,AE,4,332.54,269
INV-2024-26891,2024-04-14,1242.0,PRD-117,SA,6,2074.69,1621
INV-2024-93397,2024-05-15,1239.0,PRD-149,JO,3,1760.11,1291
INV-2024-61172,2024-03-30,1368.0,PRD-115,SA,6,880.48,649
INV-2024-32769,2024-07-10,1322.0,PRD-137,EG,5,654.12,447
INV-2024-62837,2025-03-17,1332.0,PRD-126,EG,5,728.13,559
INV-2024-51697,2025-04-04,1116.0,PRD-148,AE,2,2169.64,1865
INV-2024-77800,2025-07-24,1341.0,PRD-121,AE,10,1372.05,1040
INV-2024-30767,2025-07-22,1165.0,PRD-114,EG,1,1063.31,885
INV-2024-67331,2025/06/08,1486.0,PRD-115,EG,8,1538.23,1288
INV-2024-40273,2025-02-21,1415.0,PRD-144,AE,2,2502.53,1913
INV-2024-23051,2024-04-15,1261.0,PRD-121,EG,2,2305.45,1774
INV-2024-26558,2024-01-27,1381.0,PRD-111,AE,1,2051.63,1547
INV-2024-76093,2024-04-01,1420.0,PRD-130,JO,10,443.39,368
INV-2024-25515,2024-12-28,,PRD-132,SA,10,2225.81,1892
INV-2024-92764,2025-07-21,1227.0,PRD-142,EG,4,1889.41,1441
INV-2024-85619,2024-04-05,1059.0,PRD-162,AE,1,940.37,785
INV-2024-61381,2025-09-03,1250.0,PRD-158,AE,1,1313.33,955
INV-2024-92223,2025-09-04,1436.0,PRD-145,SA,10,2140.04,1566
INV-2024-44108,2024-11-28,1192.0,PRD-111,JO,4,204.44,165
INV-2024-82470,2025-01-29,1027.0,PRD-141,EG,1,2551.95,1706
INV-2024-30847,2024-01-13,1068.0,PRD-101,SA,7,2248.9,1570
INV-2024-52258,2024-10-25,1287.0,PRD-132,AE,8,1618.32,1186
INV-2024-36707,2025-02-27,1382.0,PRD-128,AE,5,1723.72,1356
INV-2024-22223,2025/02/01,1088.0,PRD-108,EG,10,924.26,697
INV-2024-22224,2024-03-27,1390.0,PRD-158,AE,7,180.05,146
INV-2024-13360,2025-07-26,1140.0,PRD-107,SA,1,1833.22,1288
INV-2024-67333,2024-09-05,1140.0,PRD-127,EG,7,2020.34,1452
INV-2024-11512,2025-08-08,1153.0,PRD-145,EG,2,1605.87,1148
INV-2024-92430,2025-06-17,1123.0,PRD-119,AE,7,1537.7,1159
INV-2024-87763,2024-06-22,1039.0,PRD-106,EG,4,2349.04,1750
INV-2024-30060,2025-12-02,1229.0,PRD-117,EG,3,228.72,196
INV-2024-13646,2025-01-24,1052.0,PRD-141,EG,4,686.56,550
INV-2024-91015,2024-06-22,1052.0,PRD-108,AE,9,826.03,685
INV-2024-81260,22-May-2024,1051.0,PRD-101,SA,4,1581.64,1146
INV-2024-20324,2024-10-02,1186.0,PRD-122,AE,4,470.22,405
INV-2024-84946,2024-11-04,1351.0,PRD-126,EG,2,2621.66,1855
INV-2024-60122,2024-10-01,1268.0,PRD-150,SA,2,2179.89,1532
INV-2024-13314,2025-05-19,1114.0,PRD-153,SA,7,2043.41,1772
INV-2024-27111,2024/05/29,1333.0,PRD-112,AE,8,777.44,552
INV-2024-69468,2024-03-05,1239.0,PRD-102,JO,9,1764.73,1263
INV-2024-93160,2024-06-20,1220.0,PRD-163,EG,8,497.95,427
INV-2024-92772,2025-03-21,1182.0,PRD-103,SA,3,266.59,215
INV-2024-56939,2024-10-09,1400.0,PRD-113,EG,1,1499.06,1020
INV-2024-34452,2025-03-07,1059.0,PRD-159,SA,7,676.82,544
INV-2024-41420,2024-11-02,1447.0,PRD-147,EG,1,2312.54,1677
INV-2024-95527,2025-05-10,1054.0,PRD-142,EG,3,646.11,493
INV-2024-39065,2024-03-19,1042.0,PRD-148,EG,2,2641.79,1856
INV-2024-48918,2025-01-04,1319.0,PRD-111,SA,5,2316.71,1685
INV-2024-35405,2024-09-14,1133.0,PRD-147,EG,6,1239.35,910
INV-2024-80178,2024-09-09,1316.0,PRD-119,AE,7,956.41,754
INV-2024-42145,2025-10-02,1308.0,PRD-115,SA,3,1271.13,978
INV-2024-59559,2025-05-22,1121.0,PRD-111,EG,8,1354.97,963
INV-2024-44141,2025-08-31,1353.0,PRD-115,AE,9,1391.2,1074
INV-2024-96410,2025/09/23,,PRD-119,EG,7,734.21,542
INV-2024-16782,2024-07-19,1055.0,PRD-152,SA,3,2024.96,1569
INV-2024-46040,2025-04-13,1473.0,PRD-149,SA,8,1426.5,1163
INV-2024-20874,2024-04-19,1191.0,PRD-104,EG,6,1298.42,1062
INV-2024-28844,2024-05-18,1101.0,PRD-113,EG,9,2580.74,1782
INV-2024-92239,07-Nov-2024,1383.0,PRD-162,EG,5,2598.1,1735
INV-2024-13033,2024-01-07,1374.0,PRD-122,JO,3,688.34,495
INV-2024-93674,2025-02-09,1342.0,PRD-137,SA,7,238.58,190
INV-2024-85937,2024-12-06,1454.0,PRD-151,SA,7,542.42,410
INV-2024-23555,2025-09-27,1373.0,PRD-127,SA,4,63.95,51
INV-2024-24540,2025-01-24,1037.0,PRD-115,EG,8,1283.27,902
INV-2024-70178,2024-12-03,1090.0,PRD-139,SA,2,992.61,817
INV-2024-88105,2025-03-26,1058.0,PRD-130,AE,10,1290.09,862
INV-2024-26080,2024-12-08,1107.0,PRD-154,EG,7,772.18,586
INV-2024-24034,2025-03-16,1199.0,PRD-133,EG,6,1100.27,822
INV-2024-28590,2025/10/28,1304.0,PRD-150,EG,9,2503.58,1898
INV-2024-47022,2025-08-31,1111.0,PRD-103,SA,7,1585.07,1178
INV-2024-44340,2024-05-19,1002.0,PRD-130,JO,1,829.12,619
INV-2024-33675,2024-11-03,1350.0,PRD-163,EG,10,2659.16,1935
INV-2024-22160,2024-11-24,1374.0,PRD-152,SA,4,2114.08,1463
INV-2024-20142,2025-09-09,1296.0,PRD-145,EG,3,2342.02,1579
INV-2024-74781,2025-12-12,1339.0,PRD-115,JO,3,1533.4,1038
INV-2024-57369,2024-07-24,1169.0,PRD-150,EG,10,631.52,506
INV-2024-37259,2025-05-05,1465.0,PRD-106,SA,5,194.86,152
INV-2024-61222,2024-11-17,1297.0,PRD-119,AE,2,290.81,217
INV-2024-23195,2024-06-30,1066.0,PRD-122,AE,9,463.11,371
INV-2024-74361,2025-02-11,1266.0,PRD-116,SA,4,107.44,91
INV-2024-12877,2024-11-22,1229.0,PRD-115,EG,10,2441.66,1632
INV-2024-64230,2024-10-25,1334.0,PRD-152,EG,1,2571.1,1786
INV-2024-19643,2025-12-12,1347.0,PRD-143,EG,8,1536.41,1126
INV-2024-73768,2025/10/10,1427.0,PRD-133,EG,10,1502.54,1027
INV-2024-92009,2025-05-17,1320.0,PRD-158,SA,10,209.24,166
INV-2024-20002,2025-08-12,1055.0,PRD-118,EG,8,361.34,304
INV-2024-37563,2024-09-05,1405.0,PRD-153,EG,6,1153.5,905
INV-2024-65038,2024-11-29,1284.0,PRD-113,SA,10,1581.03,1144
INV-2024-59185,2025-01-20,1222.0,PRD-102,JO,2,1294.93,1058
INV-2024-51102,2024-10-14,1209.0,PRD-141,SA,4,363.92,243
INV-2024-93040,2025-02-06,1425.0,PRD-126,EG,2,535.34,394
INV-2024-69097,2025-01-08,1427.0,PRD-147,EG,6,1390.33,968
INV-2024-31116,2024-04-26,1053.0,PRD-154,JO,7,1598.63,1272
INV-2024-33567,2025-07-31,,PRD-153,EG,8,2586.04,1921
INV-2024-49158,2024-07-23,1046.0,PRD-110,EG,10,2584.94,1768
INV-2024-11329,2025-08-29,1201.0,PRD-107,SA,9,2405.81,1991
INV-2024-33419,2025-07-12,1059.0,PRD-107,SA,4,1964.52,1366
INV-2024-96463,2024-07-03,1040.0,PRD-164,SA,7,1349.4,1061
INV-2024-84356,2025/11/29,1059.0,PRD-122,EG,7,721.16,504
INV-2024-92734,2025-07-17,1216.0,PRD-125,EG,2,2443.26,1693
INV-2024-89515,2024-01-28,1241.0,PRD-110,JO,10,2419.28,1813
INV-2024-14122,2025-04-17,1297.0,PRD-135,EG,1,2306.13,1594
INV-2024-25362,2025-12-26,1353.0,PRD-140,SA,10,2057.5,1759
INV-2024-54932,2024-08-02,1345.0,PRD-161,AE,3,1633.33,1281
INV-2024-55453,2025-03-24,1191.0,PRD-138,SA,9,2077.09,1640
INV-2024-73427,2024-10-25,1175.0,PRD-129,EG,7,2828.51,1900
INV-2024-90478,2025-12-10,1349.0,PRD-131,EG,10,2612.63,1928
INV-2024-88642,2024-03-11,1079.0,PRD-116,SA,8,2235.44,1792
INV-2024-81628,22-Feb-2025,1310.0,PRD-128,AE,3,509.66,347
INV-2024-10657,2025-11-20,1055.0,PRD-144,JO,8,2124.51,1706
INV-2024-30760,2025-05-26,1166.0,PRD-124,EG,9,2700.49,1853
INV-2024-78386,2024-05-22,1427.0,PRD-133,EG,8,2368.94,1826
INV-2024-43357,2025-10-10,1464.0,PRD-123,JO,2,2411.11,1727
INV-2024-25937,2024/11/06,1362.0,PRD-124,AE,4,1263.25,881
INV-2024-35276,2024-09-04,1357.0,PRD-116,AE,9,1057.98,859
INV-2024-89444,2024-09-15,1184.0,PRD-134,EG,5,359.67,250
INV-2024-13873,2025-11-05,1163.0,PRD-133,SA,4,304.89,242
INV-2024-80248,2024-06-06,1398.0,PRD-128,AE,1,1586.75,1285
INV-2024-13019,2025-03-09,1307.0,PRD-161,SA,7,1543.15,1117
INV-2024-77894,2025-01-21,1397.0,PRD-144,SA,10,198.39,144
INV-2024-77075,2024-03-16,1357.0,PRD-155,EG,5,1155.27,792
INV-2024-29968,2025-04-04,1070.0,PRD-160,SA,5,2702.36,1923
INV-2024-38351,2025-09-04,1360.0,PRD-123,EG,2,1309.97,993
INV-2024-57826,2025-05-05,1169.0,PRD-125,SA,2,1170.18,907
INV-2024-25045,2025-08-19,1035.0,PRD-109,JO,4,730.14,491
INV-2024-38437,2025-02-14,1099.0,PRD-161,EG,7,1133.39,977
INV-2024-13866,2025-07-01,1062.0,PRD-118,AE,8,1714.77,1395
INV-2024-52931,2025-06-02,1500.0,PRD-138,EG,1,2202.05,1496
INV-2024-28161,2025/12/09,1068.0,PRD-140,SA,3,1661.0,1373
INV-2024-38804,2025-03-04,1049.0,PRD-135,JO,10,1640.08,1125
INV-2024-20937,2025-07-10,1416.0,PRD-130,EG,1,1237.52,893
INV-2024-26591,2024-02-07,1095.0,PRD-132,EG,4,1181.35,938
INV-2024-45073,2025-01-03,1049.0,PRD-102,SA,9,349.78,254
INV-2024-45870,19-Dec-2025,,PRD-140,EG,5,493.99,394
INV-2024-73120,2025-07-03,1080.0,PRD-135,AE,1,518.05,372
INV-2024-36114,2025-08-31,1414.0,PRD-132,JO,6,89.23,64
INV-2024-22054,2025-10-15,1225.0,PRD-140,SA,7,1071.78,768
INV-2024-55685,2024-03-28,1061.0,PRD-112,EG,9,1272.43,922
INV-2024-82285,2024-04-21,1214.0,PRD-144,SA,5,90.05,66
INV-2024-95449,2024-09-11,1053.0,PRD-137,AE,5,1353.25,1063
INV-2024-48577,2025-11-04,1460.0,PRD-109,EG,4,1171.77,1007
INV-2024-71216,2025-11-11,1426.0,PRD-140,SA,3,958.53,664
INV-2024-74985,2024-12-29,1351.0,PRD-112,SA,10,217.79,164
INV-2024-67155,2024/06/19,1198.0,PRD-123,SA,2,2075.34,1416
INV-2024-77194,2025-10-24,1014.0,PRD-110,EG,4,900.2,701
INV-2024-62421,2025-09-19,1093.0,PRD-135,AE,10,1893.11,1265
INV-2024-35304,2024-02-15,1325.0,PRD-105,EG,3,718.36,545
INV-2024-42780,2025-07-30,1222.0,PRD-149,EG,10,2082.21,1409
INV-2024-32670,2025-10-22,1308.0,PRD-155,AE,3,1978.74,1637
INV-2024-35936,2025-11-24,1120.0,PRD-145,AE,4,1476.95,1150
INV-2024-46842,2025-10-24,1048.0,PRD-133,EG,2,1912.48,1330
INV-2024-61488,2025-02-13,1312.0,PRD-125,EG,1,2407.97,1761
INV-2024-23486,2024-12-05,1402.0,PRD-130,EG,5,385.68,309
INV-2024-86499,2025-03-16,1151.0,PRD-120,EG,1,1071.36,825
INV-2024-87015,2024-04-18,1263.0,PRD-123,EG,4,780.0,603
INV-2024-50840,2024-01-11,1413.0,PRD-126,EG,5,1904.79,1431
INV-2024-31712,2024-04-10,1488.0,PRD-130,SA,4,705.69,577
INV-2024-36978,2024-09-21,1053.0,PRD-148,AE,9,1081.21,830
INV-2024-73941,2024/08/15,1375.0,PRD-133,SA,1,1418.02,1089
INV-2024-66815,2025-06-06,1416.0,PRD-147,SA,5,511.04,409
INV-2024-68478,2025-06-15,1197.0,PRD-123,EG,10,2374.34,1984
INV-2024-65540,2025-07-25,1176.0,PRD-143,JO,1,1208.07,971
INV-2024-88162,2025-08-17,1421.0,PRD-144,AE,1,1788.48,1232
INV-2024-45608,2025-12-05,1499.0,PRD-121,AE,9,1974.97,1347
INV-2024-51779,2025-08-12,1312.0,PRD-148,AE,5,2765.61,1850
INV-2024-91646,2024-08-14,1432.0,PRD-162,JO,1,754.24,559
INV-2024-24097,2025-04-01,1146.0,PRD-155,SA,6,604.95,479
INV-2024-89599,2025-01-18,1430.0,PRD-113,EG,8,1111.8,879
INV-2024-60206,2025-02-04,1235.0,PRD-134,SA,2,2272.53,1693
INV-2024-66270,2025-04-19,1003.0,PRD-126,AE,1,2185.05,1610
INV-2024-36177,2025-11-26,1141.0,PRD-144,AE,3,1563.09,1177
INV-2024-84336,2025-08-25,1109.0,PRD-159,SA,5,891.8,633
INV-2024-56257,2025-12-08,1342.0,PRD-152,EG,7,1646.11,1107
INV-2024-59015,2025/05/27,,PRD-156,EG,10,1572.64,1153
INV-2024-92929,2024-06-03,1234.0,PRD-134,JO,1,1236.22,886
INV-2024-18423,2024-12-19,1359.0,PRD-159,SA,1,2666.15,1836
INV-2024-68904,2024-01-26,1300.0,PRD-156,SA,1,323.95,224
INV-2024-31921,2025-05-09,1465.0,PRD-157,EG,2,249.23,215
INV-2024-14424,2024-04-17,1409.0,PRD-128,EG,9,832.9,583
INV-2024-77024,2024-10-29,1053.0,PRD-158,AE,6,1124.38,853
INV-2024-43169,2025-03-01,1215.0,PRD-146,SA,7,1946.6,1540
INV-2024-86922,2024-03-28,1040.0,PRD-144,AE,9,2043.29,1540
INV-2024-63714,2024-04-28,1352.0,PRD-103,SA,2,1106.5,837
INV-2024-48466,25-May-2024,1134.0,PRD-138,SA,10,2618.22,1866
INV-2024-89152,2024-12-22,1105.0,PRD-124,EG,5,1798.47,1471
INV-2024-94554,2024-11-15,1313.0,PRD-148,AE,7,1634.46,1228
INV-2024-79533,2024-12-17,1453.0,PRD-103,SA,5,1009.48,713
INV-2024-56170,2025-04-11,1331.0,PRD-103,SA,6,2133.67,1650
INV-2024-62206,2024/07/30,1249.0,PRD-130,SA,6,799.84,686
INV-2024-13924,2025-06-17,1462.0,PRD-134,JO,3,2259.17,1678
INV-2024-25027,2025-05-09,1242.0,PRD-110,EG,9,1514.55,1253
INV-2024-33580,2024-12-22,1411.0,PRD-143,AE,8,381.59,304
INV-2024-52294,2025-05-02,1433.0,PRD-105,EG,3,849.05,726
INV-2024-66280,2024-04-09,1276.0,PRD-131,SA,6,2562.11,1834
INV-2024-34368,2025-03-24,1220.0,PRD-163,EG,3,2046.93,1597
INV-2024-56890,2025-12-14,1264.0,PRD-139,EG,2,1731.3,1338
INV-2024-42154,2025-04-08,1265.0,PRD-132,SA,5,1511.11,1223
INV-2024-19521,2024-11-22,1441.0,PRD-153,EG,9,2135.32,1828
INV-2024-38204,2024-03-09,1101.0,PRD-150,SA,6,1397.51,1098
INV-2024-96108,2024-11-03,1369.0,PRD-103,JO,2,133.43,94
INV-2024-58714,2024-02-15,1225.0,PRD-119,EG,9,1580.81,1233
INV-2024-58754,2025-12-28,1044.0,PRD-143,AE,10,1685.21,1378
INV-2024-29010,2024-04-27,1330.0,PRD-138,SA,9,2315.18,1810
INV-2024-51215,2024/01/24,1236.0,PRD-163,SA,6,1439.26,1123
INV-2024-26030,2024-12-17,1025.0,PRD-161,EG,4,1066.09,843
INV-2024-11262,2025-10-25,1027.0,PRD-119,EG,4,2050.62,1580
INV-2024-51758,2024-04-21,1156.0,PRD-133,EG,5,660.39,482
INV-2024-11428,2025-11-24,1207.0,PRD-134,EG,9,2241.34,1649
INV-2024-53105,17-Jun-2024,1120.0,PRD-132,EG,2,1351.46,1150
INV-2024-38019,2024-09-06,1101.0,PRD-120,SA,4,1054.86,809
INV-2024-70997,2025-06-12,1046.0,PRD-154,AE,8,2184.5,1512
INV-2024-84379,2024-06-27,1230.0,PRD-107,AE,4,2107.56,1766
INV-2024-52147,2025-07-19,1155.0,PRD-158,SA,5,2325.72,1824
INV-2024-40493,2024-06-12,,PRD-160,EG,7,560.07,404
INV-2024-83615,2024-12-04,1199.0,PRD-118,EG,4,2550.23,1981
INV-2024-18681,2025-07-27,1357.0,PRD-141,EG,1,1491.93,1093
INV-2024-60540,2025-03-12,1417.0,PRD-163,EG,8,843.15,592
INV-2024-47173,2025-04-18,1314.0,PRD-148,SA,5,1814.33,1451
INV-2024-88879,2024/08/25,1482.0,PRD-131,SA,5,2344.11,1768
INV-2024-37810,2025-02-18,1071.0,PRD-143,EG,10,1121.39,775
INV-2024-79109,2025-10-06,1384.0,PRD-158,EG,8,2058.91,1662
INV-2024-38503,2024-07-07,1493.0,PRD-104,AE,4,1318.41,1025
INV-2024-23489,2024-07-09,1286.0,PRD-154,AE,8,725.38,626
INV-2024-83525,2025-10-17,1012.0,PRD-120,EG,8,1197.94,912
INV-2024-46444,2025-11-04,1158.0,PRD-111,JO,10,1223.12,961
INV-2024-89679,2025-03-18,1046.0,PRD-139,JO,2,988.41,699
INV-2024-97994,2025-02-09,1334.0,PRD-127,EG,4,233.88,171
INV-2024-19807,2024-01-30,1404.0,PRD-108,EG,1,1915.4,1367
INV-2024-85228,2025-09-20,1379.0,PRD-136,SA,1,2172.52,1680
INV-2024-94707,2024-07-21,1183.0,PRD-151,JO,9,440.81,357
INV-2024-65279,2025-04-05,1370.0,PRD-138,AE,5,930.3,753
INV-2024-99408,2025-08-29,1336.0,PRD-143,EG,7,986.41,798
INV-2024-67043,2025-03-15,1468.0,PRD-124,EG,4,2525.53,1821
INV-2024-51652,2025/02/02,1221.0,PRD-153,SA,1,1864.36,1342
INV-2024-51958,2024-01-05,1442.0,PRD-102,SA,1,764.31,582
INV-2024-35971,2025-12-22,1036.0,PRD-111,EG,1,1923.11,1556
INV-2024-35837,2024-08-07,1300.0,PRD-140,AE,6,2255.05,1738
INV-2024-16509,2024-07-29,1308.0,PRD-111,SA,10,1452.54,1077
INV-2024-74740,2024-10-12,1427.0,PRD-152,AE,6,252.6,214
INV-2024-75359,2025-12-21,1350.0,PRD-114,AE,6,1320.83,1078
INV-2024-16133,2024-03-05,1404.0,PRD-158,AE,5,1132.93,872
INV-2024-45968,2025-08-14,1374.0,PRD-140,SA,5,1324.03,1013
INV-2024-65212,2024-04-14,1262.0,PRD-112,SA,7,1447.16,1096
INV-2024-25631,2025-07-03,1144.0,PRD-101,EG,8,2100.43,1551
INV-2024-26265,2024-07-10,1344.0,PRD-152,SA,7,1709.55,1171
INV-2024-69347,2025-01-09,1380.0,PRD-103,EG,6,1804.49,1508
INV-2024-32431,2024-11-29,1176.0,PRD-152,SA,10,1601.53,1250
INV-2024-88830,2024-07-20,1142.0,PRD-109,EG,3,1829.91,1486
INV-2024-52844,2025/04/13,1002.0,PRD-130,EG,3,1712.15,1226
INV-2024-87485,2024-04-26,1217.0,PRD-164,EG,5,2082.09,1801
INV-2024-60181,2024-09-25,1430.0,PRD-136,EG,8,1781.66,1443
INV-2024-40988,2025-11-17,1090.0,PRD-155,AE,3,231.63,187
INV-2024-85551,2025-05-16,1035.0,PRD-146,AE,4,2176.37,1843
INV-2024-12787,2025-06-24,,PRD-150,SA,1,898.64,681
INV-2024-47360,2025-10-16,1445.0,PRD-158,EG,4,652.75,486
INV-2024-12337,2024-11-16,1130.0,PRD-112,EG,8,2185.71,1551
INV-2024-94366,2025-09-03,1086.0,PRD-144,EG,5,1232.15,982
INV-2024-85465,2025-02-01,1424.0,PRD-139,EG,3,66.87,55
INV-2024-10609,17-Sep-2025,1145.0,PRD-134,AE,2,123.94,84
INV-2024-70525,2025-02-05,1470.0,PRD-122,EG,4,2192.86,1653
INV-2024-47272,2025-08-24,1430.0,PRD-129,EG,6,291.69,218
INV-2024-27178,2024-04-26,1212.0,PRD-153,EG,5,2827.0,1945
INV-2024-62797,2024-12-22,1246.0,PRD-164,EG,5,299.22,245
INV-2024-14850,2024/12/26,1471.0,PRD-127,SA,6,273.35,206
INV-2024-79922,2025-04-13,1005.0,PRD-125,SA,3,1033.36,777
INV-2024-79142,2025-09-24,1137.0,PRD-126,EG,7,2057.34,1631
INV-2024-15127,2024-06-25,1179.0,PRD-111,EG,4,2731.3,1997
INV-2024-54222,2025-11-20,1327.0,PRD-147,EG,3,1751.69,1470
INV-2024-94512,2025-12-23,1176.0,PRD-142,EG,10,2326.56,1702
INV-2024-12132,2024-10-31,1362.0,PRD-139,EG,2,2331.25,1927
INV-2024-19103,2025-09-21,1170.0,PRD-149,JO,6,2269.03,1704
INV-2024-71589,2025-08-27,1193.0,PRD-115,SA,8,1069.94,756
INV-2024-22467,2024-03-27,1111.0,PRD-123,SA,9,695.54,470
INV-2024-64405,2025-11-19,1301.0,PRD-113,SA,4,918.09,687
INV-2024-49452,2024-05-17,1281.0,PRD-112,SA,1,1811.43,1549
INV-2024-46002,2024-11-16,1492.0,PRD-126,SA,9,262.91,183
INV-2024-51574,2024-04-30,1097.0,PRD-150,SA,5,432.84,310
INV-2024-55327,2024-09-01,1160.0,PRD-123,AE,3,361.71,260
INV-2024-62473,2024/11/08,1295.0,PRD-148,EG,8,2273.51,1574
INV-2024-20455,2024-04-29,1431.0,PRD-107,SA,10,2292.47,1556
INV-2024-82935,2024-07-06,1033.0,PRD-123,SA,9,834.48,693
INV-2024-51048,2025-01-17,1152.0,PRD-125,AE,2,285.8,228
INV-2024-74725,2025-12-11,1046.0,PRD-152,SA,4,660.43,560
INV-2024-90258,24-May-2024,1186.0,PRD-146,SA,4,2089.98,1788
INV-2024-16169,2025-06-07,1165.0,PRD-109,EG,4,156.92,129
INV-2024-61554,2025-02-01,1152.0,PRD-140,SA,1,1266.51,971
INV-2024-49117,2025-03-04,1344.0,PRD-112,EG,2,2193.22,1880
INV-2024-69582,2025-09-02,1185.0,PRD-153,EG,10,1474.64,1174
INV-2024-74662,2024-05-21,1164.0,PRD-141,EG,8,1244.59,883
INV-2024-94029,2025-08-11,1122.0,PRD-156,SA,5,1070.98,716
INV-2024-25913,2025-01-27,1062.0,PRD-139,EG,9,2339.09,1569
INV-2024-59008,2025-03-09,1073.0,PRD-113,EG,7,2691.5,1972
INV-2024-90999,2024-07-09,1175.0,PRD-135,AE,3,209.94,162
INV-2024-23466,2025/05/13,,PRD-111,EG,10,2712.33,1928
INV-2024-13838,2025-10-12,1012.0,PRD-114,SA,7,388.4,264
INV-2024-39362,2025-07-04,1329.0,PRD-149,SA,7,1997.8,1463
INV-2024-16269,2025-12-11,1031.0,PRD-103,EG,9,1618.66,1353
INV-2024-11362,2025-10-22,1069.0,PRD-133,AE,2,1174.27,878
INV-2024-28184,2024-06-26,1423.0,PRD-154,EG,9,2321.29,1944
INV-2024-23780,2025-07-22,1325.0,PRD-111,SA,8,1147.36,778
INV-2024-52317,2024-06-19,1088.0,PRD-152,SA,7,2406.23,1761
INV-2024-67105,2025-05-16,1489.0,PRD-149,SA,3,149.54,112
INV-2024-39667,2024-10-22,1255.0,PRD-135,SA,10,2490.58,1687
INV-2024-32307,2024-05-23,1382.0,PRD-112,EG,1,91.5,72
INV-2024-21536,2024-07-10,1072.0,PRD-130,EG,6,1264.66,1058
INV-2024-35055,2024-11-18,1283.0,PRD-117,AE,8,209.43,150
INV-2024-58349,2025-04-06,1075.0,PRD-121,SA,1,215.48,145
INV-2024-80458,2025-09-26,1468.0,PRD-160,AE,5,1515.02,1194
INV-2024-10647,2024/02/24,1377.0,PRD-164,AE,3,816.11,570
INV-2024-16880,2025-01-02,1481.0,PRD-160,AE,2,471.78,346
INV-2024-44037,2024-01-10,1152.0,PRD-112,SA,6,631.56,431
INV-2024-15646,2025-05-11,1170.0,PRD-106,EG,9,2742.98,1861
INV-2024-24523,2024-05-19,1362.0,PRD-103,AE,3,2632.54,1920
INV-2024-16291,2024-07-18,1009.0,PRD-152,SA,7,173.86,139
INV-2024-49883,2025-01-28,1089.0,PRD-104,EG,3,676.52,586
INV-2024-19835,2025-07-29,1434.0,PRD-146,AE,5,2456.18,1865
INV-2024-44567,2025-06-01,1489.0,PRD-158,AE,7,2191.59,1468
INV-2024-53165,2025-10-30,1022.0,PRD-144,SA,10,120.28,97
INV-2024-90314,2025-05-21,1325.0,PRD-111,EG,9,2088.71,1542
INV-2024-59749,2025-02-22,1224.0,PRD-143,EG,7,1809.17,1458
INV-2024-45377,2025-12-02,1049.0,PRD-105,AE,7,991.48,724
INV-2024-32326,2025-05-18,1221.0,PRD-146,JO,3,666.42,501
INV-2024-28056,2025-03-01,1272.0,PRD-163,EG,9,2586.9,1947
INV-2024-86474,2025/12/28,1178.0,PRD-149,EG,7,2206.47,1477
INV-2024-70384,2025-03-30,1038.0,PRD-131,AE,4,1169.41,847
INV-2024-25715,2025-05-15,1214.0,PRD-107,EG,3,2745.74,1862
INV-2024-26552,2024-06-20,1453.0,PRD-103,SA,2,357.44,250
INV-2024-51855,2024-03-25,1285.0,PRD-125,JO,7,100.15,68
INV-2024-29398,2025-08-01,1426.0,PRD-162,EG,10,853.25,617
INV-2024-86563,2024-02-01,1463.0,PRD-158,SA,2,2153.89,1593
INV-2024-64171,2024-08-13,1110.0,PRD-102,EG,9,102.7,84
INV-2024-93480,2024-10-26,1390.0,PRD-116,EG,5,2702.7,1804
INV-2024-68560,2024-02-03,1374.0,PRD-142,AE,4,1447.14,1197
INV-2024-97586,08-Oct-2024,,PRD-138,SA,2,1757.09,1256
INV-2024-26039,2024-08-18,1133.0,PRD-116,JO,8,2298.28,1706
INV-2024-78388,2025-07-04,1491.0,PRD-107,SA,6,662.79,527
INV-2024-79152,2024-10-22,1288.0,PRD-117,EG,4,1600.68,1255
INV-2024-41525,2024-06-21,1491.0,PRD-112,EG,7,1251.0,1021
INV-2024-85744,2025/04/13,1420.0,PRD-108,EG,10,1022.88,728
INV-2024-72642,2025-08-02,1337.0,PRD-117,EG,7,1221.9,1060
INV-2024-96673,2025-05-22,1443.0,PRD-133,EG,9,2134.88,1604
INV-2024-74238,2025-07-16,1428.0,PRD-153,EG,6,1151.8,828
INV-2024-46771,2025-06-07,1304.0,PRD-120,SA,3,1139.65,802
INV-2024-52193,2024-04-25,1447.0,PRD-124,AE,3,1652.05,1126
INV-2024-73269,2025-08-09,1390.0,PRD-101,SA,2,1384.62,1129
INV-2024-39600,2024-04-26,1192.0,PRD-132,AE,4,175.89,135
INV-2024-22032,2024-10-01,1219.0,PRD-144,EG,9,1930.38,1539
INV-2024-44578,2025-07-10,1249.0,PRD-155,EG,7,1797.07,1358
INV-2024-48828,2025-01-10,1313.0,PRD-103,SA,7,783.3,620
INV-2024-20852,2025-07-09,1246.0,PRD-129,SA,5,1938.54,1553
INV-2024-56269,2024-02-12,1426.0,PRD-142,EG,10,1295.03,1022
INV-2024-83205,2025-03-27,1119.0,PRD-111,AE,6,1649.76,1352
INV-2024-41768,2025-07-13,1166.0,PRD-162,AE,6,2067.05,1450
INV-2024-96439,2024/08/11,1308.0,PRD-143,SA,3,2573.83,1941
INV-2024-94821,2025-03-11,1141.0,PRD-163,EG,9,1966.42,1501
INV-2024-36986,2024-04-14,1045.0,PRD-136,AE,2,2052.1,1495
INV-2024-20225,2025-10-31,1351.0,PRD-150,SA,3,1210.03,927
INV-2024-19849,2024-09-10,1430.0,PRD-116,AE,2,2277.09,1667
INV-2024-74828,31-Oct-2024,1218.0,PRD-164,AE,5,902.88,735
INV-2024-17899,2024-02-03,1183.0,PRD-153,AE,6,279.47,197
INV-2024-37849,2025-04-05,1160.0,PRD-156,SA,2,1681.08,1302
INV-2024-11720,2024-09-26,1122.0,PRD-155,EG,1,2751.61,1920
INV-2024-97883,2024-12-22,1180.0,PRD-127,SA,9,2094.65,1725
INV-2024-38329,2024-03-30,1203.0,PRD-115,SA,4,2051.84,1764
INV-2024-71361,2025-03-25,1295.0,PRD-142,AE,8,1902.65,1385
INV-2024-60470,2024-04-30,1473.0,PRD-123,EG,5,413.19,346
INV-2024-34630,2024-08-30,1389.0,PRD-136,EG,9,2357.43,1671
INV-2024-73916,2024-08-02,1396.0,PRD-140,AE,10,516.6,392
INV-2024-23701,2025/08/25,1284.0,PRD-153,AE,1,1660.38,1212
INV-2024-54623,2025-12-06,1224.0,PRD-133,JO,1,313.51,219
INV-2024-37349,2024-12-25,1498.0,PRD-165,AE,1,705.54,612
INV-2024-87401,2025-12-28,1101.0,PRD-127,SA,5,1362.52,1183
INV-2024-79159,2025-09-16,1446.0,PRD-143,SA,4,1338.3,948
INV-2024-77361,2025-10-09,,PRD-148,AE,9,1118.5,867
INV-2024-51072,2025-03-14,1054.0,PRD-163,SA,6,891.34,718
INV-2024-50871,2024-06-18,1451.0,PRD-154,SA,1,934.24,756
INV-2024-69509,2025-09-22,1457.0,PRD-120,EG,7,181.58,133
INV-2024-95890,2024-05-22,1249.0,PRD-156,SA,5,2762.71,1957
INV-2024-30184,2024-07-30,1325.0,PRD-152,AE,3,1275.46,1065
INV-2024-76127,2024-07-30,1384.0,PRD-143,EG,4,1266.01,859
INV-2024-23849,2024-03-01,1320.0,PRD-139,EG,10,211.37,178
INV-2024-27047,2025-08-06,1364.0,PRD-120,EG,9,2585.27,1731
INV-2024-38676,2024-12-25,1228.0,PRD-153,EG,3,2245.33,1694
INV-2024-57663,2025/06/29,1088.0,PRD-106,EG,2,2699.56,1851
INV-2024-60538,2024-10-14,1497.0,PRD-146,SA,6,2232.53,1529
INV-2024-69301,2025-09-03,1286.0,PRD-128,JO,4,2097.39,1813
INV-2024-91327,2025-07-05,1233.0,PRD-164,SA,6,2323.36,1841
INV-2024-77300,2024-06-21,1046.0,PRD-118,EG,3,1020.84,841
INV-2024-36610,2024-11-27,1112.0,PRD-134,EG,10,1042.95,809
INV-2024-62455,2025-12-21,1148.0,PRD-135,SA,7,71.83,55
INV-2024-34635,2024-10-26,1426.0,PRD-103,EG,8,2222.83,1750
INV-2024-18996,2024-10-23,1311.0,PRD-113,AE,9,238.35,182
INV-2024-46416,2025-08-09,1190.0,PRD-148,SA,2,490.2,363
INV-2024-65455,2024-09-30,1154.0,PRD-136,AE,2,2106.12,1675
INV-2024-31521,2025-06-10,1174.0,PRD-122,EG,4,1689.96,1426
INV-2024-99950,2025-11-26,1318.0,PRD-136,SA,9,551.45,414
INV-2024-50258,2024-04-07,1265.0,PRD-132,EG,6,1898.93,1407
INV-2024-85660,2024-05-18,1226.0,PRD-135,JO,8,1195.04,939
INV-2024-94984,2025/02/25,1299.0,PRD-141,SA,1,1197.04,1035
INV-2024-23377,2024-03-01,1156.0,PRD-142,EG,10,811.07,589
INV-2024-29305,2024-10-10,1327.0,PRD-127,EG,5,754.67,505
INV-2024-70418,2025-11-02,1275.0,PRD-156,EG,8,1846.1,1396
INV-2024-24047,2024-05-09,1441.0,PRD-144,SA,7,2275.57,1689
INV-2024-24444,2025-12-19,1372.0,PRD-119,EG,1,2367.78,1749
INV-2024-41531,2024-05-15,1250.0,PRD-107,SA,7,2946.84,1988
INV-2024-12174,2024-09-12,1153.0,PRD-131,EG,2,927.55,758
INV-2024-70404,2024-05-29,1239.0,PRD-160,SA,2,212.89,154
INV-2024-34514,2025-12-29,1064.0,PRD-115,AE,6,1692.74,1367
INV-2024-44964,25-Nov-2024,1440.0,PRD-159,AE,4,2024.9,1619
INV-2024-13746,2024-09-10,1124.0,PRD-134,AE,2,2525.23,1726
INV-2024-72421,2025-11-23,1356.0,PRD-134,EG,9,1244.59,1040
INV-2024-96754,2025-02-06,1483.0,PRD-146,EG,6,1500.05,1009
INV-2024-79584,2025-05-16,1206.0,PRD-144,SA,5,321.77,262
INV-2024-69328,2024/05/25,,PRD-135,EG,8,807.03,682
INV-2024-56131,2025-08-14,1449.0,PRD-143,SA,6,1233.47,1007
INV-2024-44809,2025-10-09,1078.0,PRD-141,EG,4,2175.48,1812
INV-2024-25509,2024-10-02,1495.0,PRD-147,EG,6,1027.73,765
INV-2024-82129,2025-10-04,1249.0,PRD-145,EG,10,961.48,667
INV-2024-21018,2025-02-28,1476.0,PRD-147,AE,9,344.69,250
INV-2024-56455,2025-01-19,1023.0,PRD-152,EG,3,2433.62,1662
INV-2024-66554,2025-04-07,1322.0,PRD-134,SA,2,1997.02,1640
INV-2024-37795,2024-03-18,1123.0,PRD-122,EG,4,2207.15,1568
INV-2024-29742,2025-10-10,1228.0,PRD-139,SA,1,769.0,665
INV-2024-62026,2024-04-05,1129.0,PRD-114,EG,7,2310.49,1702
INV-2024-75823,2025-02-16,1325.0,PRD-157,AE,2,802.45,571
INV-2024-66472,2025-06-11,1343.0,PRD-164,AE,10,1473.64,1051
INV-2024-76574,2024-10-11,1499.0,PRD-132,EG,5,408.76,304
INV-2024-53743,2025-12-12,1293.0,PRD-141,JO,6,179.74,135
INV-2024-16967,2025/01/12,1256.0,PRD-128,JO,5,1138.09,813
INV-2024-67847,2025-04-10,1019.0,PRD-152,AE,2,1153.09,995
INV-2024-45728,2025-05-14,1052.0,PRD-150,AE,1,274.01,209
INV-2024-58467,2024-12-01,1338.0,PRD-104,EG,1,1901.1,1602
INV-2024-22820,2025-08-18,1482.0,PRD-105,SA,7,1339.67,992
INV-2024-16440,03-Jan-2024,1295.0,PRD-135,EG,1,1408.39,1051
INV-2024-95016,2024-04-05,1484.0,PRD-123,EG,9,869.29,690
INV-2024-60137,2025-04-14,1204.0,PRD-113,JO,3,386.95,274
INV-2024-65389,2025-10-12,1297.0,PRD-147,EG,4,1894.11,1411
INV-2024-35419,2025-11-11,1228.0,PRD-155,AE,7,1777.04,1436
INV-2024-48535,2025-12-15,1405.0,PRD-126,AE,7,1568.95,1046
INV-2024-34831,2025-01-01,1451.0,PRD-148,AE,6,1988.43,1490
INV-2024-62781,2024-03-05,1024.0,PRD-153,JO,8,219.92,168
INV-2024-33153,2025-07-01,1274.0,PRD-118,EG,9,608.58,489
INV-2024-87863,2025-02-11,1496.0,PRD-111,EG,4,746.61,522
INV-2024-46166,2024/08/11,1386.0,PRD-114,SA,4,1501.78,1303
INV-2024-79410,2025-03-15,1098.0,PRD-135,EG,1,1689.59,1286
INV-2024-89619,2024-08-04,1085.0,PRD-140,EG,8,1698.86,1350
INV-2024-74699,2025-05-21,1222.0,PRD-130,EG,7,2482.51,1792
INV-2024-77976,2024-10-01,1161.0,PRD-129,AE,8,2141.6,1508
INV-2024-66828,2024-11-26,1227.0,PRD-153,SA,2,2781.97,1997
INV-2024-24311,2024-10-17,1101.0,PRD-103,EG,1,1646.94,1410
INV-2024-99281,2024-12-11,1345.0,PRD-159,SA,4,2167.87,1697
INV-2024-16536,2025-07-14,1432.0,PRD-156,EG,6,1718.91,1198
INV-2024-94717,2025-08-14,1423.0,PRD-150,EG,1,1333.24,1101
INV-2024-42629,2024-05-13,,PRD-144,AE,7,783.2,535
INV-2024-24559,2025-08-02,1415.0,PRD-161,SA,10,2468.94,1987
INV-2024-38780,2025-05-11,1073.0,PRD-109,AE,9,2577.99,1819
INV-2024-25097,2024-12-17,1220.0,PRD-150,EG,10,309.41,262
INV-2024-16964,2025-11-29,1345.0,PRD-117,AE,3,644.42,451
INV-2024-14677,2024/02/19,1039.0,PRD-122,SA,5,1839.79,1333
INV-2024-85396,2024-02-17,1444.0,PRD-142,SA,3,2177.11,1698
INV-2024-44888,2024-04-11,1300.0,PRD-114,SA,8,2291.57,1667
INV-2024-41295,2025-10-03,1432.0,PRD-119,AE,6,2334.06,1708
INV-2024-18630,2025-04-15,1202.0,PRD-140,SA,6,1448.65,974
INV-2024-79747,2024-01-17,1194.0,PRD-135,SA,6,1816.93,1483
INV-2024-23242,2024-05-07,1352.0,PRD-148,JO,6,778.9,623
INV-2024-46105,2024-06-10,1057.0,PRD-110,AE,9,355.83,249
INV-2024-39683,2025-03-27,1044.0,PRD-144,SA,4,1225.1,832
INV-2024-91293,2025-04-12,1262.0,PRD-125,AE,1,1847.98,1457
INV-2024-63026,2024-01-01,1106.0,PRD-108,EG,9,2395.67,1740
INV-2024-61368,2025-03-14,1354.0,PRD-113,EG,10,643.66,493
INV-2024-61496,2024-07-26,1263.0,PRD-155,SA,5,1952.72,1648
INV-2024-23278,2025-12-06,1442.0,PRD-136,JO,8,2324.38,1973
INV-2024-38821,2024-05-15,1344.0,PRD-149,JO,3,451.15,389
INV-2024-45162,2025/10/27,1134.0,PRD-110,EG,9,669.46,549
INV-2024-74903,2024-11-05,1137.0,PRD-142,SA,1,2239.14,1891
INV-2024-36962,2024-06-11,1227.0,PRD-124,EG,3,1416.84,1159
INV-2024-32417,2024-10-07,1006.0,PRD-150,JO,4,70.38,53
INV-2024-36683,2024-04-05,1472.0,PRD-151,JO,5,1480.99,1009
INV-2024-55564,2025-11-01,1375.0,PRD-106,SA,10,106.29,71
INV-2024-93479,2025-01-04,1223.0,PRD-162,AE,2,1434.02,1163
INV-2024-47747,2024-09-13,1194.0,PRD-160,AE,3,2131.79,1566
INV-2024-88159,2024-03-25,1248.0,PRD-101,SA,7,1832.05,1389
INV-2024-47745,2025-01-15,1326.0,PRD-109,EG,7,637.26,429
INV-2024-10407,11-Nov-2025,1076.0,PRD-164,SA,1,840.78,627
INV-2024-22352,2025-10-26,1288.0,PRD-151,SA,1,1750.63,1395
INV-2024-34258,2024-06-18,1200.0,PRD-165,SA,10,588.65,505
INV-2024-75960,2024-02-23,1199.0,PRD-121,EG,5,1758.32,1390
INV-2024-91542,2025-02-09,1132.0,PRD-152,JO,10,1220.28,929
INV-2024-72489,2025/10/02,1302.0,PRD-114,EG,10,283.9,220
INV-2024-50019,2024-11-08,1368.0,PRD-142,SA,4,1801.02,1297
INV-2024-41276,2025-12-17,1402.0,PRD-150,SA,5,2400.99,1680
INV-2024-32312,2024-08-27,1495.0,PRD-105,SA,10,2129.73,1523
INV-2024-51302,2025-03-15,1331.0,PRD-163,SA,1,651.05,519
INV-2024-99318,2025-11-02,,PRD-144,EG,2,2220.78,1494
INV-2024-19103,2024-04-03,1350.0,PRD-158,EG,1,405.68,302
INV-2024-31842,2025-12-21,1287.0,PRD-148,SA,10,308.8,254
INV-2024-34555,2024-04-07,1297.0,PRD-119,SA,7,1485.55,1001
INV-2024-53536,2024-01-02,1142.0,PRD-160,EG,3,432.5,291
INV-2024-69666,2024-08-06,1035.0,PRD-132,AE,10,767.6,559
INV-2024-28590,2025-05-03,1374.0,PRD-151,SA,3,2401.14,1649
INV-2024-11669,2024-03-20,1206.0,PRD-122,SA,1,408.1,337
INV-2024-97298,2024-05-15,1293.0,PRD-155,AE,1,1645.14,1177
INV-2024-72206,2025-08-30,1188.0,PRD-159,EG,5,1272.49,1103
INV-2024-66088,2024/08/19,1102.0,PRD-130,EG,6,1435.09,1166
INV-2024-53785,2025-06-15,1424.0,PRD-165,AE,5,615.26,443
INV-2024-12729,2025-11-27,1003.0,PRD-111,SA,7,1033.85,791
INV-2024-33267,2025-03-31,1436.0,PRD-142,SA,2,1300.57,1033
INV-2024-44581,2024-01-10,1194.0,PRD-133,AE,10,702.91,495
INV-2024-20089,09-Jan-2024,1063.0,PRD-145,AE,1,2225.75,1844
INV-2024-32377,2025-12-13,1156.0,PRD-111,JO,1,2733.65,1908
INV-2024-99024,2024-12-17,1078.0,PRD-112,SA,9,668.96,550
INV-2024-11275,2024-05-03,1189.0,PRD-143,SA,9,2741.61,1998
INV-2024-87857,2025-03-08,1290.0,PRD-162,SA,10,109.23,74
INV-2024-56156,2025-12-11,1414.0,PRD-144,EG,10,1160.1,979
INV-2024-72105,2024-05-15,1042.0,PRD-164,SA,8,1718.21,1482
INV-2024-86435,2025-05-04,1177.0,PRD-105,EG,7,1404.97,1074
INV-2024-10131,2024-03-13,1458.0,PRD-108,JO,10,788.96,671
INV-2024-74003,2024-08-22,1466.0,PRD-133,SA,7,74.66,59
INV-2024-42441,2025/01/27,1130.0,PRD-151,SA,9,2101.57,1707
INV-2024-71940,2024-04-01,1107.0,PRD-142,EG,4,1242.42,967
INV-2024-24337,2024-04-14,1060.0,PRD-134,EG,9,1386.2,978
INV-2024-15921,2024-04-15,1235.0,PRD-152,EG,8,2520.79,1822
INV-2024-12279,2024-11-16,1005.0,PRD-108,SA,7,765.39,623
INV-2024-84352,2025-01-11,1483.0,PRD-142,EG,10,2361.4,1686
INV-2024-99135,2024-11-02,1432.0,PRD-130,SA,2,1924.14,1358
INV-2024-48097,2024-05-20,1023.0,PRD-131,AE,4,620.53,512
INV-2024-39922,2025-01-26,1384.0,PRD-154,AE,8,1075.56,732
INV-2024-78848,2024-05-16,1459.0,PRD-164,SA,5,2319.91,1828
INV-2024-75948,2025-10-18,1155.0,PRD-101,EG,9,914.95,625
INV-2024-31928,2025-11-24,1301.0,PRD-106,AE,5,2161.62,1485
INV-2024-29212,2024-05-26,1372.0,PRD-157,AE,4,2116.36,1777
INV-2024-22308,2024-03-11,1177.0,PRD-112,EG,7,130.48,90
INV-2024-23106,2025-06-27,1084.0,PRD-138,AE,8,202.93,155
INV-2024-49924,2025/07/30,,PRD-147,EG,10,2221.36,1520
INV-2024-53997,2024-01-09,1212.0,PRD-162,AE,2,314.72,265
INV-2024-69325,2025-09-16,1489.0,PRD-162,JO,10,1310.44,1018
INV-2024-74312,2025-10-27,1186.0,PRD-158,EG,5,2015.05,1429
INV-2024-55977,2024-06-17,1175.0,PRD-154,AE,8,473.16,356
INV-2024-81527,2025-03-26,1078.0,PRD-159,SA,3,1171.01,843
INV-2024-43730,2024-12-25,1152.0,PRD-127,JO,9,921.75,741
INV-2024-96954,2024-08-06,1389.0,PRD-104,SA,4,1427.06,1237
INV-2024-73765,2025-10-05,1133.0,PRD-165,AE,7,1641.85,1132
INV-2024-43231,2024-06-04,1006.0,PRD-154,EG,7,1159.08,826
INV-2024-57748,2025-02-25,1473.0,PRD-124,EG,7,230.58,188
INV-2024-70129,2025-09-22,1477.0,PRD-117,EG,7,2215.23,1651
INV-2024-11777,2025-12-04,1320.0,PRD-105,JO,8,2423.29,1858
INV-2024-56219,2025-03-29,1225.0,PRD-159,AE,10,1073.49,817
INV-2024-49470,2024-08-10,1292.0,PRD-127,AE,10,2703.68,1879
INV-2024-53743,2024/03/29,1193.0,PRD-119,JO,4,1401.99,1067
INV-2024-77873,2024-04-12,1451.0,PRD-124,EG,8,265.83,192
INV-2024-97023,2024-05-23,1029.0,PRD-111,EG,8,1979.65,1605
INV-2024-88085,2024-05-06,1064.0,PRD-146,EG,3,1609.03,1184
INV-2024-73485,2025-08-26,1096.0,PRD-123,EG,1,1182.23,883
INV-2024-24779,2025-01-28,1148.0,PRD-122,EG,4,473.99,385
INV-2024-45381,2024-12-25,1027.0,PRD-131,SA,3,670.64,491
INV-2024-99887,2025-03-15,1130.0,PRD-130,EG,5,956.42,826
INV-2024-78066,2024-11-18,1417.0,PRD-152,EG,1,2545.02,1759
INV-2024-93859,2024-05-23,1290.0,PRD-149,EG,5,1842.72,1499
INV-2024-12716,10-Sep-2024,1205.0,PRD-101,EG,10,1039.79,754
INV-2024-29385,2024-10-10,1175.0,PRD-125,JO,8,1678.14,1151
INV-2024-63781,2025-10-22,1399.0,PRD-142,AE,3,1603.85,1276
INV-2024-38869,2024-03-27,1259.0,PRD-118,JO,6,720.09,546
INV-2024-96424,2024-09-11,1017.0,PRD-107,SA,7,2683.04,1814
INV-2024-28564,2025/07/20,1272.0,PRD-133,EG,9,922.9,738
INV-2024-56818,2025-09-07,1400.0,PRD-162,AE,6,655.4,552
INV-2024-75251,2025-09-06,1132.0,PRD-102,EG,3,1006.57,791
INV-2024-14050,2025-09-14,1464.0,PRD-140,EG,3,1622.48,1134
INV-2024-42029,2024-10-18,1127.0,PRD-142,EG,8,1260.28,890
INV-2024-85705,2025-12-08,1497.0,PRD-139,EG,3,1009.45,797
INV-2024-66455,2024-01-28,1246.0,PRD-104,EG,9,2696.58,1810
INV-2024-57109,2025-11-05,1282.0,PRD-155,EG,9,2013.81,1355
INV-2024-37041,2024-11-04,1015.0,PRD-151,SA,3,167.29,136
INV-2024-21701,2024-07-29,1087.0,PRD-117,EG,2,817.99,560
INV-2024-35407,2025-06-14,,PRD-162,EG,2,1968.58,1322
INV-2024-59516,2025-09-13,1287.0,PRD-142,AE,7,1324.12,899
INV-2024-93720,2025-06-05,1277.0,PRD-117,EG,8,1610.95,1208
INV-2024-24146,2024-07-12,1082.0,PRD-162,EG,9,1302.85,1067
INV-2024-45903,2025-02-05,1129.0,PRD-110,AE,3,2138.02,1699
INV-2024-92167,2024/10/29,1409.0,PRD-147,EG,7,547.44,405
INV-2024-98971,2025-10-23,1243.0,PRD-115,EG,10,1073.41,853
INV-2024-81423,2024-02-25,1219.0,PRD-115,SA,1,645.62,530
INV-2024-68886,2024-09-02,1278.0,PRD-124,EG,9,1252.57,1087
INV-2024-79062,2025-05-21,1010.0,PRD-101,SA,6,293.07,210
INV-2024-32931,30-Jan-2025,1270.0,PRD-123,AE,8,873.97,689
INV-2024-44774,2024-04-25,1077.0,PRD-111,EG,1,487.32,351
INV-2024-99006,2024-09-03,1043.0,PRD-101,SA,8,989.52,789
INV-2024-55723,2025-05-26,1035.0,PRD-135,SA,7,819.96,614
INV-2024-53410,2025-10-15,1338.0,PRD-118,EG,2,236.99,163
INV-2024-61252,2025-08-31,1208.0,PRD-135,SA,7,464.48,319
INV-2024-87220,2024-03-13,1333.0,PRD-141,EG,1,1950.35,1647
INV-2024-64695,2025-06-24,1208.0,PRD-122,SA,10,1196.39,966
INV-2024-46208,2024-01-13,1423.0,PRD-122,EG,1,755.93,520
INV-2024-50543,2025-01-04,1029.0,PRD-151,SA,8,1679.38,1144
INV-2024-34978,2024/11/20,1150.0,PRD-144,EG,9,2895.09,1958
INV-2024-15387,2024-05-15,1104.0,PRD-125,AE,1,1820.63,1223
INV-2024-85958,2025-01-31,1488.0,PRD-165,EG,8,498.35,340
INV-2024-78167,2025-08-05,1204.0,PRD-128,SA,9,2060.49,1498
INV-2024-54993,2025-03-06,1026.0,PRD-155,SA,2,2258.38,1820
INV-2024-90264,2025-01-09,1305.0,PRD-158,AE,3,621.3,519
INV-2024-26116,2025-07-13,1039.0,PRD-163,SA,5,2167.42,1568
INV-2024-66814,2025-11-30,1257.0,PRD-144,SA,2,1812.4,1321
INV-2024-69641,2024-06-25,1049.0,PRD-101,AE,6,196.4,140
INV-2024-84273,2025-04-27,1255.0,PRD-156,AE,10,2660.66,1784
INV-2024-55481,2024-03-15,1015.0,PRD-117,EG,10,399.61,314
INV-2024-47802,2024-01-18,1024.0,PRD-117,SA,2,2406.77,1787
INV-2024-24442,2025-08-24,1065.0,PRD-146,AE,4,717.94,514
INV-2024-11092,2024-03-10,1431.0,PRD-158,JO,1,2179.54,1752
INV-2024-75395,2024-01-15,1387.0,PRD-126,AE,8,1585.18,1249
INV-2024-99853,2024/09/25,1304.0,PRD-121,EG,2,1007.09,753
INV-2024-29284,2024-08-08,1469.0,PRD-148,EG,6,2041.25,1710
INV-2024-71121,2024-02-10,1432.0,PRD-155,SA,4,2303.7,1692
INV-2024-99249,2024-03-02,1043.0,PRD-157,AE,5,1547.07,1281
INV-2024-29690,2025-02-11,1463.0,PRD-103,SA,8,1057.45,734
INV-2024-78575,2025-06-02,,PRD-159,SA,2,2484.96,1671
INV-2024-47982,2024-10-20,1154.0,PRD-124,AE,9,2246.44,1710
INV-2024-91762,2025-10-05,1299.0,PRD-131,EG,7,480.56,374
INV-2024-83156,2025-12-30,1308.0,PRD-145,AE,2,1634.65,1109
INV-2024-97073,2025-05-28,1355.0,PRD-131,SA,2,519.62,414
INV-2024-31313,2025-03-01,1373.0,PRD-161,EG,8,753.26,532
INV-2024-49799,2025-03-09,1363.0,PRD-156,SA,8,1250.08,1033
INV-2024-73809,2025-12-19,1153.0,PRD-134,AE,4,1698.21,1351
INV-2024-47782,2025-02-15,1441.0,PRD-144,EG,5,1939.61,1325
INV-2024-18469,2024-03-25,1085.0,PRD-164,EG,10,2339.17,1825
INV-2024-48630,2025/10/17,1057.0,PRD-161,JO,6,2456.35,1901
INV-2024-12043,2025-07-03,1115.0,PRD-140,EG,9,2529.38,1824
INV-2024-69488,2025-07-04,1428.0,PRD-106,SA,3,1920.51,1306
INV-2024-15367,2025-09-22,1391.0,PRD-107,SA,4,889.32,603
INV-2024-38485,2024-06-05,1329.0,PRD-103,SA,5,383.28,306
INV-2024-47095,2024-10-11,1493.0,PRD-154,SA,1,1547.21,1333
INV-2024-87735,2024-03-26,1291.0,PRD-107,EG,5,93.87,69
INV-2024-26178,2024-11-13,1358.0,PRD-154,SA,6,1277.78,1039
INV-2024-16972,2024-03-21,1066.0,PRD-154,EG,5,2236.15,1850
INV-2024-74011,2025-06-07,1356.0,PRD-149,SA,3,392.37,307
INV-2024-50084,27-Jul-2024,1473.0,PRD-120,EG,1,649.79,502
INV-2024-10667,2024-06-08,1028.0,PRD-130,SA,10,1895.59,1607
INV-2024-66403,2025-07-03,1473.0,PRD-135,EG,1,2273.0,1918
INV-2024-56170,2024-11-30,1076.0,PRD-143,EG,8,647.49,545
INV-2024-96540,2025-02-04,1386.0,PRD-115,EG,8,613.54,427
INV-2024-10084,2025/08/23,1160.0,PRD-151,EG,2,765.42,579
INV-2024-16540,2025-10-11,1216.0,PRD-143,AE,10,1919.87,1663
INV-2024-42955,2025-10-27,1325.0,PRD-102,EG,2,1389.74,1118
INV-2024-28051,2025-11-28,1112.0,PRD-129,JO,6,1735.01,1300
INV-2024-55903,2025-10-20,1230.0,PRD-135,JO,5,464.03,385
INV-2024-47128,2024-03-08,1428.0,PRD-132,SA,6,1700.4,1312
INV-2024-75797,2024-11-13,1467.0,PRD-154,EG,8,2188.58,1662
INV-2024-97205,2025-12-16,1181.0,PRD-111,EG,4,2468.02,1817
INV-2024-83498,2025-03-23,1086.0,PRD-122,AE,7,2387.89,1625
INV-2024-30321,2024-09-01,1239.0,PRD-139,EG,4,1104.35,874
INV-2024-21272,2024-02-29,1369.0,PRD-106,EG,4,467.09,343
INV-2024-45477,2024-09-07,1295.0,PRD-103,SA,1,2220.08,1490
INV-2024-28696,2024-03-29,1222.0,PRD-108,AE,5,2322.85,1775
INV-2024-35785,2025-03-20,1443.0,PRD-109,AE,5,799.85,666
INV-2024-66629,2024-04-28,1251.0,PRD-165,EG,4,2498.04,1774
INV-2024-86706,2025/04/09,,PRD-142,SA,5,2066.83,1398
INV-2024-20579,2025-09-18,1091.0,PRD-137,EG,4,393.51,305
INV-2024-48116,2025-09-15,1307.0,PRD-164,EG,3,2140.0,1532
INV-2024-38686,2024-02-26,1377.0,PRD-108,AE,7,1418.87,957
INV-2024-14212,2024-11-12,1485.0,PRD-135,EG,10,697.52,510
INV-2024-72020,13-Nov-2025,1490.0,PRD-140,EG,4,1959.09,1450
INV-2024-56482,2025-11-04,1142.0,PRD-103,EG,6,2201.12,1798
INV-2024-42601,2024-06-28,1406.0,PRD-124,AE,6,541.18,407
INV-2024-98932,2024-05-02,1172.0,PRD-129,AE,8,562.76,455
INV-2024-93498,2024-01-13,1457.0,PRD-113,SA,4,640.92,554
INV-2024-60625,2025-12-25,1120.0,PRD-162,AE,5,924.03,747
INV-2024-65386,2024-05-20,1026.0,PRD-127,EG,3,676.3,521
INV-2024-62312,2025-12-19,1433.0,PRD-113,SA,3,453.44,362
INV-2024-22863,2024-01-12,1478.0,PRD-161,EG,5,128.94,94
INV-2024-44243,2024-06-16,1098.0,PRD-148,EG,8,434.96,372
INV-2024-49586,2025/05/23,1178.0,PRD-130,SA,1,1048.5,713
INV-2024-88255,2024-12-21,1025.0,PRD-152,JO,3,803.58,559
INV-2024-50728,2025-06-19,1050.0,PRD-142,EG,1,1465.15,1048
INV-2024-32715,2025-06-13,1485.0,PRD-147,EG,6,954.63,714
INV-2024-83912,2024-09-22,1028.0,PRD-164,EG,10,817.66,596
INV-2024-67123,2024-06-19,1140.0,PRD-107,EG,3,528.28,361
INV-2024-98987,2025-01-15,1485.0,PRD-139,JO,6,1074.69,855
INV-2024-52268,2024-05-09,1304.0,PRD-111,SA,10,473.59,370
INV-2024-85781,2024-10-02,1439.0,PRD-148,SA,2,402.66,319
INV-2024-28242,2024-04-30,1482.0,PRD-105,AE,8,2166.71,1628
INV-2024-99564,2024-01-31,1433.0,PRD-112,EG,4,2587.2,1734
INV-2024-36149,2024-12-09,1463.0,PRD-145,SA,1,1071.32,765
INV-2024-42770,2025-03-15,1374.0,PRD-129,SA,5,1933.74,1301
INV-2024-27785,2024-10-05,1316.0,PRD-109,SA,8,348.32,275
INV-2024-64566,2025-06-20,1440.0,PRD-164,JO,6,1036.43,783
INV-2024-82651,2024/03/06,1458.0,PRD-116,AE,7,1336.25,935
INV-2024-36151,2024-09-26,1491.0,PRD-123,EG,9,1849.79,1343
INV-2024-49460,2025-12-30,1210.0,PRD-136,AE,4,122.74,85
INV-2024-49976,2025-08-13,1062.0,PRD-156,EG,7,468.47,324
INV-2024-21219,2025-10-04,1344.0,PRD-110,EG,9,1782.31,1395
INV-2024-48972,2024-03-19,1122.0,PRD-156,EG,6,367.88,319
INV-2024-84273,2025-05-23,1235.0,PRD-101,EG,7,2320.64,1974
INV-2024-92355,2025-04-11,1149.0,PRD-106,SA,3,204.13,162
INV-2024-70444,2025-06-07,1257.0,PRD-150,SA,6,1952.97,1417
INV-2024-81543,2025-01-03,1236.0,PRD-158,JO,2,822.32,676
INV-2024-34034,2024-02-26,,PRD-128,SA,7,145.48,99
INV-2024-59278,2025-05-26,1022.0,PRD-165,SA,10,150.91,127
INV-2024-67264,2025-08-03,1470.0,PRD-111,EG,5,2286.45,1617
INV-2024-22588,2024-06-19,1435.0,PRD-113,EG,1,1899.98,1550
INV-2024-28167,2025-01-11,1249.0,PRD-120,SA,9,1489.63,1124
INV-2024-79018,2024/06/10,1276.0,PRD-113,SA,10,551.45,474
INV-2024-67920,2024-09-18,1337.0,PRD-151,AE,2,1241.85,840
INV-2024-51059,2024-04-15,1209.0,PRD-115,EG,9,1422.86,1018
INV-2024-76036,2025-08-10,1046.0,PRD-146,EG,9,2394.57,1723
INV-2024-99805,2025-11-21,1477.0,PRD-154,SA,10,214.15,143
INV-2024-56865,2024-04-28,1339.0,PRD-105,EG,10,1052.81,831
INV-2024-71391,2024-08-21,1389.0,PRD-152,EG,9,1625.03,1148
INV-2024-56424,2025-06-05,1246.0,PRD-149,AE,3,1304.92,1123
INV-2024-66055,2024-01-03,1487.0,PRD-162,EG,3,1998.52,1513
INV-2024-71151,2024-02-15,1371.0,PRD-101,SA,9,386.59,279
INV-2024-65116,13-Jan-2024,1230.0,PRD-138,EG,3,1636.46,1344
INV-2024-63773,2024-09-07,1181.0,PRD-127,EG,7,727.26,629
INV-2024-70461,2024-02-17,1373.0,PRD-129,EG,1,1402.01,1142
INV-2024-13627,2025-04-28,1310.0,PRD-152,AE,8,2919.02,2000
INV-2024-83257,2025-01-07,1053.0,PRD-148,EG,5,1132.37,759
INV-2024-13463,2025/01/27,1211.0,PRD-127,AE,8,2209.55,1876
INV-2024-65170,2024-06-02,1247.0,PRD-150,EG,5,1400.65,1205
INV-2024-21590,2024-07-02,1195.0,PRD-156,AE,9,1549.05,1104
INV-2024-28426,2024-02-06,1191.0,PRD-158,EG,2,2461.25,1828
INV-2024-90636,2025-07-20,1458.0,PRD-163,SA,2,288.32,222
INV-2024-49634,2025-11-02,1221.0,PRD-146,SA,1,1064.37,769
INV-2024-41804,2025-03-05,1421.0,PRD-147,JO,7,710.49,474
INV-2024-86064,2024-08-17,1475.0,PRD-132,EG,2,1261.62,1081
INV-2024-77135,2024-11-25,1108.0,PRD-157,EG,10,2352.13,1958
INV-2024-58904,2024-09-11,1069.0,PRD-105,EG,6,1634.03,1133
INV-2024-26682,2025-03-02,1220.0,PRD-145,AE,6,2287.24,1603
INV-2024-91381,2024-11-23,1395.0,PRD-131,SA,8,1962.16,1490
INV-2024-81207,2024-10-04,1010.0,PRD-131,AE,4,324.47,253
INV-2024-84130,2024-03-20,1056.0,PRD-162,EG,10,1994.03,1653
INV-2024-48449,2025-08-08,1056.0,PRD-154,EG,6,843.88,629
INV-2024-17017,2025/01/16,1007.0,PRD-120,EG,2,427.22,344
INV-2024-61466,2024-05-02,1071.0,PRD-108,JO,6,2158.88,1725
INV-2024-26506,2025-05-29,1013.0,PRD-142,SA,1,940.14,750
INV-2024-62814,2025-11-20,1260.0,PRD-105,JO,1,1903.67,1413
INV-2024-97828,2024-02-23,1291.0,PRD-127,EG,8,1195.41,872
INV-2024-10780,02-Jul-2024,,PRD-131,SA,9,1232.01,1029
INV-2024-70661,2024-08-16,1050.0,PRD-149,SA,7,564.61,489
INV-2024-77896,2025-06-12,1128.0,PRD-137,EG,9,710.18,500
INV-2024-70322,2024-02-17,1015.0,PRD-108,AE,1,1458.13,1238
INV-2024-17123,2025-02-14,1161.0,PRD-129,JO,3,1646.1,1309
INV-2024-21096,2024-03-11,1010.0,PRD-129,AE,8,2185.48,1466
INV-2024-17168,2025-04-21,1055.0,PRD-136,AE,8,1635.41,1213
INV-2024-45412,2024-10-16,1161.0,PRD-153,EG,5,1267.04,896
INV-2024-95181,2024-11-14,1263.0,PRD-120,EG,10,1484.53,1066
INV-2024-24031,2024-12-01,1052.0,PRD-146,JO,9,1844.0,1290
INV-2024-53710,2024/03/29,1075.0,PRD-121,EG,6,480.15,367
INV-2024-87901,2025-07-20,1324.0,PRD-142,AE,7,188.84,164
INV-2024-22766,2025-04-12,1128.0,PRD-117,AE,1,387.0,315
INV-2024-48086,2024-01-09,1020.0,PRD-137,SA,6,1173.32,832
INV-2024-84113,2025-01-12,1437.0,PRD-158,JO,2,544.77,427
INV-2024-73106,2024-07-24,1266.0,PRD-148,EG,10,1815.41,1558
INV-2024-53425,2024-10-25,1053.0,PRD-134,EG,9,2455.33,1792
INV-2024-17977,2025-07-31,1452.0,PRD-165,EG,1,867.81,739
INV-2024-25917,2024-11-07,1221.0,PRD-152,SA,1,2013.71,1503
INV-2024-86626,2025-09-29,1436.0,PRD-115,EG,3,669.58,495
INV-2024-98396,2024-09-05,1270.0,PRD-163,EG,9,924.4,651
INV-2024-76954,2025-04-20,1326.0,PRD-163,AE,10,159.81,118
INV-2024-16949,2025-01-12,1410.0,PRD-149,JO,4,1063.47,902
INV-2024-36878,2025-08-28,1243.0,PRD-118,EG,7,1644.47,1302
INV-2024-77667,2025-05-20,1156.0,PRD-137,EG,5,425.11,368
INV-2024-28894,2024/07/19,1410.0,PRD-121,JO,5,1977.56,1471
INV-2024-83668,2025-07-13,1275.0,PRD-133,EG,9,2268.59,1762
INV-2024-74920,2024-09-08,1126.0,PRD-110,EG,8,695.21,530
INV-2024-27878,2024-06-03,1188.0,PRD-139,EG,1,759.27,513
INV-2024-39300,2024-01-07,1468.0,PRD-115,SA,9,158.85,114
INV-2024-98562,2025-02-23,1348.0,PRD-149,EG,7,1819.09,1342
INV-2024-93842,2024-01-25,1472.0,PRD-116,JO,5,1983.18,1663
INV-2024-30286,2024-08-26,1343.0,PRD-132,SA,10,1022.04,887
INV-2024-49438,2025-07-08,1013.0,PRD-111,SA,5,1446.22,980
INV-2024-92344,2024-12-20,1448.0,PRD-112,EG,9,1747.29,1212
INV-2024-50749,2025-10-13,1426.0,PRD-116,SA,2,2324.55,1718
INV-2024-10845,2025-12-11,1376.0,PRD-117,SA,6,2643.54,1784
INV-2024-73564,2024-01-10,1455.0,PRD-119,AE,5,2029.1,1537
INV-2024-91744,2024-12-09,1149.0,PRD-128,AE,2,174.26,142
INV-2024-36306,2024-01-02,1144.0,PRD-111,SA,2,643.58,455
INV-2024-25035,2025/11/04,,PRD-114,JO,9,1597.88,1347
INV-2024-18800,2025-01-20,1486.0,PRD-102,AE,6,2285.8,1937
INV-2024-10004,2024-11-10,1081.0,PRD-130,AE,6,1609.62,1352
INV-2024-30056,2024-04-16,1159.0,PRD-101,EG,5,1130.92,972
INV-2024-89140,2024-07-29,1213.0,PRD-147,EG,1,1723.87,1222
INV-2024-25864,2025-06-26,1414.0,PRD-107,EG,7,1158.96,978
INV-2024-78134,2024-08-31,1235.0,PRD-165,SA,9,569.5,485
INV-2024-22696,2025-03-05,1054.0,PRD-126,SA,5,2445.34,1707
INV-2024-42401,2025-05-18,1140.0,PRD-150,SA,6,1217.68,1020
INV-2024-36777,2024-03-02,1235.0,PRD-120,AE,6,2094.56,1404
INV-2024-23579,25-May-2024,1405.0,PRD-135,AE,1,1377.3,981
INV-2024-72094,2025-12-29,1114.0,PRD-104,JO,4,2704.66,1806
INV-2024-13231,2024-10-13,1136.0,PRD-158,EG,5,1802.37,1316
INV-2024-76296,2024-04-05,1002.0,PRD-158,SA,10,2436.16,1980
INV-2024-68171,2024-02-14,1363.0,PRD-114,EG,4,1207.03,855
INV-2024-61211,2024/08/25,1046.0,PRD-137,EG,3,2357.3,1720
INV-2024-17294,2025-06-16,1037.0,PRD-139,EG,1,2256.21,1756
INV-2024-25966,2025-02-26,1086.0,PRD-129,EG,7,2298.81,1604
INV-2024-49311,2025-12-18,1120.0,PRD-145,SA,2,2048.96,1489
INV-2024-63026,2025-01-16,1179.0,PRD-106,AE,8,2882.07,1945
INV-2024-73402,2025-04-14,1045.0,PRD-131,EG,1,250.42,216
INV-2024-34123,2024-03-27,1330.0,PRD-152,AE,6,845.26,654
INV-2024-40792,2025-08-17,1085.0,PRD-113,SA,6,659.79,512
INV-2024-81659,2024-04-07,1477.0,PRD-150,EG,5,108.95,93
INV-2024-44114,2025-06-01,1149.0,PRD-157,SA,9,1140.44,869
INV-2024-90315,2024-05-16,1449.0,PRD-139,EG,9,1172.5,825
INV-2024-99302,2025-10-14,1261.0,PRD-135,SA,5,1301.09,1108
INV-2024-67557,2025-02-07,1460.0,PRD-102,SA,4,1260.9,880
INV-2024-96266,2024-03-17,1028.0,PRD-104,EG,8,2212.75,1684
INV-2024-90892,2025-08-29,1228.0,PRD-110,EG,8,2960.12,1994
INV-2024-26147,2025/08/04,1335.0,PRD-129,SA,8,933.5,691
INV-2024-66669,2024-03-04,1305.0,PRD-140,JO,4,2082.51,1706
INV-2024-29168,2025-03-21,1228.0,PRD-105,EG,9,310.26,261
INV-2024-93387,2025-11-09,1227.0,PRD-110,AE,2,1710.37,1225
INV-2024-12838,2024-05-13,1427.0,PRD-155,SA,1,154.67,124
INV-2024-34223,30-Aug-2024,1088.0,PRD-104,JO,2,747.69,598
INV-2024-28571,2024-10-25,1484.0,PRD-112,AE,6,1062.26,734
INV-2024-96175,2024-09-24,1230.0,PRD-155,SA,5,634.13,515
INV-2024-41546,2024-11-18,1340.0,PRD-139,SA,10,1996.92,1545
INV-2024-32383,2025-02-06,1192.0,PRD-144,AE,3,698.6,518
INV-2024-77045,2025-12-18,,PRD-114,EG,1,2112.44,1726
INV-2024-81654,2024-11-30,1185.0,PRD-130,EG,4,2193.89,1907
INV-2024-36260,2024-11-21,1160.0,PRD-108,EG,10,2103.4,1472
INV-2024-72411,2025-04-08,1197.0,PRD-124,AE,7,933.49,762
INV-2024-72975,2024-10-05,1368.0,PRD-150,AE,2,2134.39,1564
INV-2024-48015,2024/08/27,1121.0,PRD-159,EG,2,1201.24,980
INV-2024-47938,2024-03-17,1391.0,PRD-139,SA,7,2163.2,1472
INV-2024-97495,2024-07-26,1260.0,PRD-135,SA,8,2131.11,1519
INV-2024-23109,2024-05-19,1406.0,PRD-126,EG,9,2205.91,1734
INV-2024-87170,2025-08-21,1440.0,PRD-149,JO,6,1734.31,1404
INV-2024-74613,2024-04-21,1444.0,PRD-120,EG,8,2006.48,1399
INV-2024-58147,2024-06-08,1340.0,PRD-159,EG,2,814.94,584
INV-2024-97516,2024-04-18,1141.0,PRD-131,SA,10,657.78,461
INV-2024-46068,2024-06-17,1470.0,PRD-162,AE,10,1107.19,849
INV-2024-61273,2025-04-05,1221.0,PRD-105,EG,1,1019.32,798
INV-2024-60570,2025-04-22,1245.0,PRD-113,SA,4,2194.27,1739
INV-2024-24068,2024-11-17,1061.0,PRD-117,SA,2,1012.05,845
INV-2024-70812,2025-02-20,1202.0,PRD-104,EG,10,1624.91,1191
INV-2024-64643,2024-05-03,1385.0,PRD-148,EG,5,1073.7,855
INV-2024-65683,2025-07-02,1420.0,PRD-127,SA,10,1594.86,1145
INV-2024-29420,2025/01/01,1008.0,PRD-158,EG,2,2472.08,1972
INV-2024-13666,2024-07-31,1185.0,PRD-142,JO,8,86.79,60
INV-2024-47148,2025-04-07,1307.0,PRD-130,AE,4,777.78,563
INV-2024-69910,2024-11-11,1357.0,PRD-161,JO,2,2053.23,1533
INV-2024-25745,2025-04-19,1204.0,PRD-151,EG,10,458.35,359
INV-2024-83952,2024-09-28,1310.0,PRD-117,JO,1,838.64,724
INV-2024-61043,2024-05-02,1200.0,PRD-123,SA,1,74.67,64
INV-2024-11444,2024-04-02,1402.0,PRD-111,EG,2,2010.37,1416
INV-2024-86092,2024-06-10,1043.0,PRD-108,EG,6,1079.41,918
INV-2024-49683,2025-12-03,1434.0,PRD-110,EG,10,1206.43,991
INV-2024-14467,2024-11-07,1404.0,PRD-134,SA,5,2299.24,1629
INV-2024-94555,2025-12-22,1072.0,PRD-111,SA,2,2216.75,1801
INV-2024-95252,2025-12-14,1345.0,PRD-107,EG,9,1316.48,1098
INV-2024-96139,2025-09-09,1272.0,PRD-125,SA,5,2105.41,1413
INV-2024-91248,2024-02-11,1392.0,PRD-107,EG,9,2319.91,1796
INV-2024-68258,2024/08/08,1101.0,PRD-117,SA,4,234.3,200
INV-2024-15587,2024-12-01,1271.0,PRD-134,EG,2,1471.28,1061
INV-2024-56494,2024-05-31,1486.0,PRD-160,AE,4,2000.19,1336
INV-2024-28258,2024-04-03,1497.0,PRD-147,AE,6,1989.06,1534
INV-2024-71329,2025-12-29,1065.0,PRD-118,SA,2,2441.54,1631
INV-2024-70076,2024-09-11,,PRD-118,EG,3,119.02,92
INV-2024-46294,2024-12-30,1270.0,PRD-111,EG,7,2167.29,1733
INV-2024-11195,2025-02-09,1197.0,PRD-162,AE,2,1858.25,1356
INV-2024-30750,2025-06-09,1425.0,PRD-129,EG,1,447.62,368
INV-2024-56890,2024-02-20,1392.0,PRD-134,EG,2,2003.91,1463
INV-2024-75619,24-Nov-2025,1217.0,PRD-131,EG,9,551.01,437
INV-2024-75956,2024-11-02,1212.0,PRD-109,SA,8,1169.87,939
INV-2024-37627,2024-09-23,1076.0,PRD-132,SA,4,2230.95,1650
INV-2024-55722,2024-06-27,1366.0,PRD-109,AE,10,1909.94,1553
INV-2024-78820,2024-02-01,1176.0,PRD-123,EG,3,2437.58,1664
INV-2024-61199,2025/02/18,1454.0,PRD-120,EG,7,2222.64,1698
INV-2024-77245,2025-04-08,1090.0,PRD-114,AE,7,2542.12,1868
INV-2024-18226,2025-07-23,1299.0,PRD-160,AE,5,1863.89,1289
INV-2024-32871,2025-07-17,1433.0,PRD-142,EG,3,2390.45,1967
INV-2024-95972,2024-09-12,1465.0,PRD-124,SA,10,1272.07,898
INV-2024-29844,2024-04-06,1155.0,PRD-134,EG,9,877.95,620
INV-2024-56119,2025-04-18,1411.0,PRD-132,JO,7,2261.87,1620
INV-2024-95974,2024-04-14,1260.0,PRD-156,EG,2,2736.0,1836
INV-2024-83812,2024-05-23,1039.0,PRD-115,JO,5,2462.78,1653
INV-2024-54471,2024-05-04,1024.0,PRD-129,SA,7,668.46,577
INV-2024-70225,2024-01-13,1165.0,PRD-104,SA,9,1413.8,1073
INV-2024-28355,2024-03-04,1163.0,PRD-143,EG,6,1754.91,1266
INV-2024-46482,2024-08-15,1395.0,PRD-108,SA,7,2162.39,1480
INV-2024-96303,2024-05-13,1272.0,PRD-162,SA,8,2661.38,1952
INV-2024-49705,2024-07-21,1473.0,PRD-122,EG,6,1457.86,1231
INV-2024-61633,2025/02/14,1009.0,PRD-120,SA,5,1259.75,849
INV-2024-18940,2025-01-16,1087.0,PRD-160,JO,2,1083.98,894
INV-2024-94559,2025-12-03,1203.0,PRD-151,SA,1,592.1,493
INV-2024-73405,2025-10-07,1261.0,PRD-142,AE,5,264.79,198
INV-2024-59351,2025-10-22,1090.0,PRD-101,EG,10,894.53,704
INV-2024-71833,27-Mar-2024,1240.0,PRD-163,SA,4,1999.42,1527
INV-2024-89408,2025-08-19,1309.0,PRD-126,EG,6,1522.32,1051
INV-2024-96372,2025-08-23,1391.0,PRD-141,SA,6,253.33,188
INV-2024-33642,2024-09-22,1131.0,PRD-119,JO,8,834.65,601
INV-2024-85502,2024-03-17,1033.0,PRD-110,SA,8,1756.57,1433
INV-2024-76450,2024-01-23,1494.0,PRD-151,EG,8,90.76,74
INV-2024-96364,2024-03-07,1076.0,PRD-155,EG,6,1268.4,854
INV-2024-78869,2024-07-21,1442.0,PRD-160,SA,7,311.97,263
INV-2024-43977,2025-10-23,1486.0,PRD-147,SA,9,909.42,647
INV-2024-26963,2025-03-30,1106.0,PRD-121,AE,4,160.02,112
INV-2024-52477,2024/05/11,,PRD-106,AE,7,650.29,560
INV-2024-87182,2024-04-04,1296.0,PRD-119,SA,3,1654.58,1336
INV-2024-86116,2024-12-05,1262.0,PRD-118,EG,8,753.68,507
INV-2024-55625,2024-05-05,1410.0,PRD-122,EG,2,189.9,130
INV-2024-86610,2024-02-13,1043.0,PRD-126,EG,3,1764.96,1353
INV-2024-90933,2025-04-17,1181.0,PRD-155,EG,5,1482.03,1165
INV-2024-62923,2024-02-21,1002.0,PRD-124,SA,8,372.19,323
INV-2024-18856,2024-06-21,1433.0,PRD-158,SA,1,1475.05,1177
INV-2024-15888,2025-08-10,1130.0,PRD-161,SA,2,1310.89,944
INV-2024-13869,2025-03-19,1251.0,PRD-121,EG,10,1923.38,1479
INV-2024-30863,2025-02-08,1323.0,PRD-127,EG,7,842.34,718
INV-2024-40369,2025-05-23,1181.0,PRD-142,EG,6,329.32,237
INV-2024-22653,2024-01-31,1010.0,PRD-103,EG,6,2193.93,1862
INV-2024-97197,2025-01-26,1317.0,PRD-115,AE,5,1953.8,1460
INV-2024-23922,2025-11-30,1364.0,PRD-133,EG,3,406.98,313
INV-2024-75461,2025/03/12,1107.0,PRD-123,SA,1,92.98,76
INV-2024-99040,2024-06-25,1232.0,PRD-102,EG,3,387.54,314
INV-2024-72444,2024-12-28,1079.0,PRD-105,AE,9,600.82,522
INV-2024-52422,2024-08-07,1343.0,PRD-125,SA,5,1737.34,1448
INV-2024-40347,2024-07-10,1102.0,PRD-136,EG,8,1041.36,727
INV-2024-41013,2024-10-08,1223.0,PRD-115,SA,10,490.63,339
INV-2024-23819,2024-10-13,1443.0,PRD-104,AE,10,405.92,279
INV-2024-32806,2025-04-01,1114.0,PRD-151,JO,2,1319.89,914
INV-2024-60342,2024-06-01,1314.0,PRD-155,EG,7,2370.51,1762
INV-2024-65057,2024-02-05,1005.0,PRD-140,AE,4,684.56,472
INV-2024-18437,2025-09-20,1192.0,PRD-133,JO,5,2369.16,1913
INV-2024-18116,2025-09-26,1200.0,PRD-103,JO,2,1212.2,942
INV-2024-90203,2025-09-23,1003.0,PRD-160,SA,1,1950.26,1454
INV-2024-42831,2024-09-08,1404.0,PRD-138,SA,6,1369.5,1181
INV-2024-25004,2025-10-24,1374.0,PRD-143,SA,2,1361.03,1053
INV-2024-14904,2024/10/29,1298.0,PRD-119,AE,7,2437.14,1750
INV-2024-19552,2025-05-25,1301.0,PRD-101,SA,3,775.23,655
INV-2024-67872,2025-02-25,1004.0,PRD-146,SA,6,1994.71,1725
INV-2024-59063,2025-07-17,1316.0,PRD-153,SA,10,1935.47,1494
INV-2024-89499,2025-05-05,1063.0,PRD-125,AE,6,2127.68,1763
INV-2024-92744,2024-03-03,1191.0,PRD-143,AE,3,1827.44,1479
INV-2024-13861,2024-03-30,1069.0,PRD-121,EG,9,2292.76,1965
INV-2024-32815,2024-10-13,1429.0,PRD-165,AE,9,665.02,445
INV-2024-52094,2025-01-27,1326.0,PRD-157,SA,5,675.67,531
INV-2024-24111,2024-05-20,1379.0,PRD-135,AE,1,2145.63,1482
INV-2024-68918,05-Mar-2025,,PRD-140,SA,7,601.73,407
INV-2024-59496,2024-07-23,1306.0,PRD-126,EG,6,205.91,145
INV-2024-27460,2025-10-20,1060.0,PRD-112,JO,6,1976.15,1639
INV-2024-93544,2025-06-22,1164.0,PRD-142,EG,9,1893.68,1454
INV-2024-85206,2024-09-12,1238.0,PRD-124,AE,8,1999.51,1492
INV-2024-82937,2025/10/07,1206.0,PRD-123,SA,1,591.79,502
INV-2024-36179,2025-07-10,1142.0,PRD-157,SA,9,1449.14,1253
INV-2024-35653,2024-01-20,1011.0,PRD-131,EG,5,2840.83,1910
INV-2024-43095,2025-01-26,1004.0,PRD-165,SA,10,1207.88,1014
INV-2024-74369,2025-12-31,1035.0,PRD-156,EG,5,2554.16,1743
INV-2024-67345,2025-01-02,1312.0,PRD-123,EG,4,1192.49,803
INV-2024-98978,2025-05-06,1492.0,PRD-143,EG,5,1972.33,1403
INV-2024-47498,2025-07-11,1024.0,PRD-124,EG,6,2224.37,1558
INV-2024-39556,2025-05-11,1227.0,PRD-153,JO,6,1271.95,961
INV-2024-36370,2024-12-18,1055.0,PRD-112,JO,4,2167.38,1658
INV-2024-31245,2025-08-02,1010.0,PRD-129,EG,5,2029.36,1603
INV-2024-66893,2025-05-29,1498.0,PRD-153,AE,3,1390.4,955
INV-2024-79275,2024-11-25,1393.0,PRD-142,EG,2,343.29,229
INV-2024-35204,2025-02-01,1282.0,PRD-101,SA,10,2716.21,1877
INV-2024-21274,2024-10-03,1467.0,PRD-160,AE,1,2382.49,1684
INV-2024-86298,2024/07/03,1338.0,PRD-145,JO,3,501.28,421
INV-2024-13177,2024-01-27,1104.0,PRD-127,SA,7,2001.55,1502
INV-2024-92459,2024-11-22,1032.0,PRD-149,AE,1,2558.74,1924
INV-2024-97642,2025-09-03,1235.0,PRD-135,EG,7,2038.81,1444
INV-2024-22609,2024-08-12,1344.0,PRD-117,JO,9,1826.85,1351
INV-2024-36678,31-Jan-2024,1004.0,PRD-130,EG,8,804.15,625
INV-2024-14356,2024-10-14,1380.0,PRD-114,SA,2,1954.5,1581
INV-2024-28423,2024-02-29,1296.0,PRD-162,SA,10,405.81,309
INV-2024-10686,2025-04-28,1357.0,PRD-143,SA,7,2292.03,1964
INV-2024-57128,2025-06-26,1109.0,PRD-129,EG,9,1895.54,1436
INV-2024-63480,2025-01-01,1452.0,PRD-146,JO,3,1406.99,1101
INV-2024-84487,2025-08-21,1263.0,PRD-151,EG,2,1659.19,1168
INV-2024-81641,2024-08-26,1398.0,PRD-134,SA,4,1613.09,1228
INV-2024-19432,2024-06-12,1027.0,PRD-132,EG,10,92.18,67
INV-2024-54657,2024-04-12,1122.0,PRD-161,EG,8,1564.5,1252
INV-2024-34288,2024/09/10,1401.0,PRD-139,SA,5,905.21,690
INV-2024-99438,2025-11-03,1446.0,PRD-133,SA,5,733.37,617
INV-2024-94178,2024-09-03,1232.0,PRD-106,EG,7,1819.04,1240
INV-2024-79226,2024-09-29,1381.0,PRD-122,EG,7,420.18,327
INV-2024-75034,2025-06-30,1146.0,PRD-144,SA,4,935.13,659
INV-2024-34921,2024-02-27,,PRD-146,AE,2,1880.09,1461
INV-2024-37194,2024-08-12,1128.0,PRD-134,AE,6,1704.95,1237
INV-2024-84759,2025-08-12,1472.0,PRD-127,EG,10,1399.41,1106
INV-2024-72093,2025-02-01,1237.0,PRD-107,EG,10,2123.16,1491
INV-2024-75647,2024-12-29,1187.0,PRD-155,EG,9,2269.22,1801
INV-2024-56151,2024-06-26,1388.0,PRD-165,EG,4,2684.47,1938
INV-2024-56725,2024-06-29,1214.0,PRD-143,SA,9,252.64,197
INV-2024-91065,2024-08-30,1422.0,PRD-140,SA,4,939.01,677
INV-2024-83229,2025-08-29,1431.0,PRD-163,EG,4,248.77,166
INV-2024-28071,2024-11-21,1413.0,PRD-113,EG,8,1489.51,1003
INV-2024-18802,2025/12/15,1451.0,PRD-113,EG,4,961.97,697
INV-2024-67524,2025-01-02,1252.0,PRD-101,AE,9,1402.85,1144
INV-2024-66034,2025-08-28,1077.0,PRD-121,JO,4,635.79,454
INV-2024-91981,2024-01-29,1165.0,PRD-165,EG,5,94.92,77
INV-2024-59298,2025-12-21,1210.0,PRD-125,EG,10,1705.84,1253
INV-2024-19288,2025-12-18,1489.0,PRD-117,AE,9,1016.56,732
INV-2024-84599,2024-12-26,1373.0,PRD-106,JO,3,600.85,509
INV-2024-20242,2025-08-04,1477.0,PRD-118,SA,7,846.82,695
INV-2024-26671,2025-07-31,1122.0,PRD-159,EG,6,2038.48,1472
INV-2024-77796,2024-05-25,1415.0,PRD-143,EG,2,865.99,633
INV-2024-49089,2025-07-30,1135.0,PRD-120,SA,10,1709.91,1463
INV-2024-23226,2024-07-11,1496.0,PRD-118,EG,3,687.79,553
INV-2024-25456,2025-05-19,1039.0,PRD-163,EG,5,1310.24,918
INV-2024-75367,2025-07-09,1454.0,PRD-143,SA,1,1541.35,1248
INV-2024-40221,2024-11-12,1161.0,PRD-146,EG,6,1051.87,755
INV-2024-16747,2024/06/28,1468.0,PRD-106,AE,3,145.54,125
INV-2024-88838,2025-05-17,1241.0,PRD-115,EG,5,243.62,200
INV-2024-80849,2024-02-08,1136.0,PRD-140,EG,6,1500.1,1204
INV-2024-53374,2024-04-02,1410.0,PRD-161,SA,7,392.81,277
INV-2024-12954,2024-02-27,1283.0,PRD-114,EG,10,825.73,560
INV-2024-39362,2024-08-26,1490.0,PRD-112,JO,3,1425.78,1028
INV-2024-47997,2025-09-08,1432.0,PRD-102,SA,7,829.67,715
INV-2024-42949,2024-08-12,1053.0,PRD-152,EG,3,574.43,395
INV-2024-61173,2024-01-21,1336.0,PRD-131,AE,1,1023.0,796
INV-2024-56911,2025-06-23,1215.0,PRD-137,EG,9,1875.79,1473
INV-2024-18906,04-May-2025,1480.0,PRD-101,JO,5,1035.04,809
INV-2024-30691,2024-01-01,1298.0,PRD-144,EG,6,183.9,154
INV-2024-47757,2024-12-05,1109.0,PRD-153,SA,6,1068.2,927
INV-2024-19801,2025-09-20,1250.0,PRD-164,EG,9,1845.61,1290
INV-2024-80047,2024-07-25,1473.0,PRD-140,SA,4,722.48,525
INV-2024-85413,2024/05/13,,PRD-163,AE,4,1725.83,1230
INV-2024-41640,2024-12-14,1135.0,PRD-108,AE,7,141.55,122
INV-2024-77863,2024-06-30,1356.0,PRD-123,EG,4,1171.37,869
INV-2024-90117,2024-11-27,1486.0,PRD-119,EG,7,2761.57,1872
INV-2024-75542,2024-03-01,1095.0,PRD-103,AE,3,417.13,356
INV-2024-50925,2024-01-23,1192.0,PRD-157,JO,6,1661.98,1435
INV-2024-62326,2024-05-31,1235.0,PRD-114,EG,10,163.94,126
INV-2024-91087,2025-08-23,1013.0,PRD-160,SA,2,1036.37,747
INV-2024-17424,2025-12-22,1020.0,PRD-123,EG,1,641.99,474
INV-2024-81557,2024-05-25,1130.0,PRD-127,AE,5,1512.41,1302
INV-2024-24532,2024-04-23,1307.0,PRD-156,EG,8,2270.85,1881
INV-2024-86385,2025-06-22,1196.0,PRD-115,EG,3,1812.0,1541
INV-2024-71732,2025-01-08,1352.0,PRD-125,AE,4,2218.74,1596
INV-2024-44478,2024-03-15,1302.0,PRD-130,EG,2,2127.71,1566
INV-2024-95620,2025-01-17,1401.0,PRD-149,SA,10,416.28,350
INV-2024-13929,2025/12/22,1115.0,PRD-144,SA,1,1218.7,1033
INV-2024-14230,2025-11-09,1471.0,PRD-123,EG,7,197.62,136
INV-2024-54308,2025-02-09,1453.0,PRD-117,EG,3,1349.85,1096
INV-2024-65234,2025-08-23,1228.0,PRD-160,SA,5,552.36,422
INV-2024-44194,2024-04-13,1162.0,PRD-107,EG,5,1776.56,1320
INV-2024-36281,10-Dec-2024,1377.0,PRD-163,SA,9,1674.53,1146
INV-2024-53848,2024-11-05,1457.0,PRD-122,AE,9,2354.87,1961
INV-2024-17784,2024-11-26,1100.0,PRD-152,AE,3,522.2,375
INV-2024-28256,2024-05-19,1492.0,PRD-104,EG,2,508.61,392
INV-2024-36769,2024-06-10,1462.0,PRD-107,EG,5,750.14,579
INV-2024-81707,2025-03-23,1188.0,PRD-154,EG,9,1562.84,1237
INV-2024-53202,2025-10-16,1252.0,PRD-135,EG,7,109.87,76
INV-2024-96944,2025-05-13,1420.0,PRD-154,SA,1,1785.25,1374
INV-2024-18169,2025-10-26,1226.0,PRD-134,SA,3,2016.15,1472
INV-2024-40882,2024-11-20,1091.0,PRD-144,EG,6,1218.77,994
INV-2024-74691,2024/06/27,1356.0,PRD-160,EG,5,1337.74,1011
INV-2024-19556,2025-12-25,1008.0,PRD-134,EG,8,81.72,57
INV-2024-83905,2025-07-29,1214.0,PRD-135,SA,6,1353.25,1030
INV-2024-89954,2025-12-11,1223.0,PRD-107,EG,2,500.15,341
INV-2024-14634,2025-09-20,1311.0,PRD-165,SA,8,2330.18,1936
INV-2024-55330,2024-12-31,1080.0,PRD-140,EG,7,1310.86,1119
INV-2024-19275,2024-08-16,1263.0,PRD-118,AE,3,2425.89,1880
INV-2024-64557,2025-11-12,1363.0,PRD-110,AE,7,686.5,576
INV-2024-88400,2025-08-26,1001.0,PRD-104,EG,6,655.3,451
INV-2024-90272,2024-06-28,1331.0,PRD-110,EG,9,2568.4,1978
INV-2024-20563,2025-01-22,,PRD-143,SA,7,1544.55,1161
INV-2024-82276,2024-11-10,1039.0,PRD-126,EG,7,1035.74,824
INV-2024-72753,2025-12-06,1497.0,PRD-161,SA,10,2258.16,1766
INV-2024-26969,2024-10-28,1074.0,PRD-109,AE,8,1657.28,1243
INV-2024-45456,2024-05-10,1451.0,PRD-116,SA,3,2277.91,1608
INV-2024-15471,2024/06/30,1069.0,PRD-134,AE,9,1853.24,1452
INV-2024-23639,2024-01-02,1345.0,PRD-148,EG,5,317.56,220
INV-2024-14666,2025-12-19,1044.0,PRD-103,EG,10,1517.43,1286
INV-2024-75089,2025-08-09,1285.0,PRD-134,AE,1,1459.17,1119
INV-2024-76532,2025-02-04,1242.0,PRD-116,EG,1,1951.19,1467
INV-2024-39523,2025-08-04,1249.0,PRD-152,SA,2,968.96,801
INV-2024-95240,2024-02-03,1240.0,PRD-162,EG,2,2272.16,1533
INV-2024-55908,2024-07-05,1424.0,PRD-161,EG,5,211.21,169
INV-2024-66559,2025-09-08,1218.0,PRD-129,JO,9,1581.47,1235
INV-2024-72599,2024-11-21,1306.0,PRD-157,EG,7,1362.71,977
INV-2024-49769,2025-09-18,1212.0,PRD-138,JO,2,1660.86,1421
INV-2024-39852,2024-08-14,1047.0,PRD-109,JO,1,2803.75,1947
INV-2024-12810,2025-10-16,1027.0,PRD-101,AE,8,221.04,154
INV-2024-17255,2025-08-02,1285.0,PRD-164,SA,6,150.26,107
INV-2024-13454,2024-04-16,1191.0,PRD-102,SA,1,450.22,354
INV-2024-35712,2025/05/23,1290.0,PRD-137,AE,8,533.81,384
INV-2024-80016,2024-05-24,1361.0,PRD-130,EG,10,475.04,409
INV-2024-89709,2024-12-05,1346.0,PRD-102,SA,3,1932.9,1319
INV-2024-59727,2024-03-20,1187.0,PRD-161,SA,10,2271.62,1669
INV-2024-99383,2024-08-31,1332.0,PRD-135,SA,8,1992.65,1431
INV-2024-99600,2024-12-21,1328.0,PRD-143,SA,4,2484.17,1827
INV-2024-12371,2024-11-23,1305.0,PRD-142,EG,8,1990.52,1582
INV-2024-82416,2024-06-20,1178.0,PRD-122,SA,3,1154.04,835
INV-2024-73199,2025-10-13,1343.0,PRD-134,AE,3,205.99,165
INV-2024-16834,2024-03-31,1146.0,PRD-152,EG,2,1088.21,765
INV-2024-60741,26-Dec-2025,1226.0,PRD-128,JO,5,192.32,130
INV-2024-59444,2025-11-17,1048.0,PRD-147,SA,4,705.05,538
INV-2024-26415,2025-10-16,1445.0,PRD-130,AE,8,2162.99,1666
INV-2024-66324,2024-12-09,1380.0,PRD-151,SA,10,2319.99,1629
INV-2024-65945,2025-04-02,1195.0,PRD-158,AE,9,401.92,285
INV-2024-82029,2024/01/12,1393.0,PRD-149,EG,1,2357.28,1765
INV-2024-28057,2024-09-28,1255.0,PRD-144,AE,2,2435.59,1705
INV-2024-25149,2024-08-02,1307.0,PRD-139,EG,1,2155.76,1688
INV-2024-67403,2024-09-12,1316.0,PRD-139,AE,7,1470.32,1107
INV-2024-25465,2025-12-10,1140.0,PRD-136,JO,10,1514.35,1303
INV-2024-90694,2024-03-10,,PRD-108,EG,6,1393.49,1080
INV-2024-58196,2024-12-24,1377.0,PRD-137,EG,1,1822.42,1430
INV-2024-56109,2024-09-19,1136.0,PRD-133,AE,6,140.16,104
INV-2024-35381,2024-04-20,1108.0,PRD-156,EG,3,741.62,579
INV-2024-54974,2024-01-02,1163.0,PRD-132,AE,3,1341.66,953
INV-2024-67216,2024-02-19,1050.0,PRD-114,EG,2,327.12,235
INV-2024-17592,2025-01-30,1467.0,PRD-108,EG,9,1159.92,811
INV-2024-41217,2025-03-24,1493.0,PRD-110,JO,9,727.02,562
INV-2024-40413,2025-03-05,1460.0,PRD-155,SA,9,1744.34,1298
INV-2024-22057,2024-06-19,1306.0,PRD-142,AE,4,2085.15,1726
INV-2024-87151,2025/02/27,1183.0,PRD-132,EG,10,1063.76,893
INV-2024-11317,2025-05-19,1027.0,PRD-127,SA,8,2132.77,1531
INV-2024-39769,2025-01-22,1355.0,PRD-136,SA,9,97.63,67
INV-2024-64141,2024-12-25,1453.0,PRD-106,SA,3,485.7,352
INV-2024-80283,2025-07-13,1136.0,PRD-154,SA,3,1035.18,758
INV-2024-84455,19-Jan-2025,1340.0,PRD-164,SA,3,84.9,67
INV-2024-16000,2024-04-13,1152.0,PRD-143,SA,9,2103.27,1742
INV-2024-11952,2025-05-05,1472.0,PRD-162,EG,9,2157.96,1820
INV-2024-42757,2025-08-14,1496.0,PRD-119,AE,2,2545.15,1798
INV-2024-17455,2025-10-28,1241.0,PRD-137,EG,5,1821.0,1296
INV-2024-20041,2025-12-04,1229.0,PRD-136,SA,5,968.6,841
INV-2024-17425,2024-08-18,1299.0,PRD-123,EG,4,2573.14,1965
INV-2024-26608,2024-06-15,1247.0,PRD-114,SA,9,2391.01,1931
INV-2024-67482,2025-04-07,1407.0,PRD-161,AE,3,266.98,215
INV-2024-33670,2024-03-16,1235.0,PRD-111,EG,3,1358.85,1072
INV-2024-47040,2024/02/04,1415.0,PRD-107,EG,5,1078.38,754
INV-2024-15730,2024-10-28,1217.0,PRD-124,EG,8,2693.53,1820
INV-2024-51173,2024-01-21,1318.0,PRD-155,SA,9,1530.03,1111
INV-2024-55831,2024-11-22,1302.0,PRD-159,AE,9,1473.97,1124
INV-2024-88959,2024-09-24,1170.0,PRD-161,EG,5,784.48,620
INV-2024-95879,2024-04-17,1453.0,PRD-134,AE,8,2008.91,1603
INV-2024-42013,2024-03-16,1121.0,PRD-109,EG,5,69.05,58
INV-2024-48327,2024-12-16,1370.0,PRD-118,SA,10,2192.14,1467
INV-2024-27002,2024-06-23,1456.0,PRD-154,JO,1,1853.08,1465
INV-2024-89445,2025-01-19,1094.0,PRD-156,EG,8,1010.4,731
INV-2024-62142,2024-06-13,1358.0,PRD-109,SA,10,590.48,477
INV-2024-72744,2024-03-17,1265.0,PRD-132,EG,10,124.82,105
INV-2024-96190,2025-07-14,1431.0,PRD-136,EG,9,906.73,636
INV-2024-26040,2024-04-05,1310.0,PRD-162,EG,4,1281.03,914
INV-2024-96060,2024-12-12,1209.0,PRD-145,EG,2,2827.49,1936
INV-2024-20066,2025/08/31,,PRD-147,SA,9,2187.77,1695
INV-2024-20011,2025-09-20,1360.0,PRD-117,SA,4,2674.16,1827
INV-2024-42794,2025-05-09,1015.0,PRD-160,SA,7,1004.38,736
INV-2024-81256,2025-12-22,1444.0,PRD-104,EG,6,622.52,525
INV-2024-36982,2024-02-01,1068.0,PRD-105,EG,3,1331.31,970
INV-2024-74871,2025-03-17,1124.0,PRD-139,SA,4,193.49,158
INV-2024-56787,2025-10-31,1492.0,PRD-157,JO,3,2488.85,1705
INV-2024-38873,2024-06-17,1035.0,PRD-163,EG,9,1231.14,897
INV-2024-68135,2025-09-13,1146.0,PRD-121,AE,5,1433.44,985
INV-2024-49677,2025-03-20,1215.0,PRD-146,SA,4,2125.86,1814
INV-2024-58094,2024-06-09,1067.0,PRD-114,SA,2,641.99,479
INV-2024-82273,2024-02-24,1252.0,PRD-102,SA,9,2168.96,1785
INV-2024-48362,2024-04-13,1277.0,PRD-163,EG,1,2454.18,1905
INV-2024-95674,2024-12-05,1164.0,PRD-110,EG,5,1039.61,760
INV-2024-42008,2024-07-29,1263.0,PRD-143,SA,7,1010.71,821
INV-2024-79054,2024/07/13,1167.0,PRD-156,EG,5,283.93,213
INV-2024-45066,2025-02-23,1085.0,PRD-104,JO,9,1923.21,1443
INV-2024-51793,2025-12-14,1072.0,PRD-144,SA,2,2384.86,1971
INV-2024-80964,2025-07-21,1222.0,PRD-149,EG,10,196.84,134
INV-2024-75987,2025-07-07,1428.0,PRD-141,AE,10,782.22,608
INV-2024-23681,2024-09-28,1090.0,PRD-140,EG,9,1574.25,1077
INV-2024-17077,2025-11-07,1230.0,PRD-137,SA,1,869.24,722
INV-2024-55434,2024-10-15,1041.0,PRD-132,SA,4,2451.97,1769
INV-2024-63848,2024-10-31,1047.0,PRD-159,JO,3,675.88,479
INV-2024-91509,2024-08-31,1107.0,PRD-103,AE,7,2546.61,1984
INV-2024-73728,08-Apr-2024,1151.0,PRD-156,SA,3,2170.02,1663
INV-2024-46671,2024-02-20,1280.0,PRD-162,SA,7,426.27,328
INV-2024-20282,2025-02-06,1096.0,PRD-144,JO,8,459.31,344
INV-2024-36680,2025-08-08,1015.0,PRD-149,EG,4,410.18,356
INV-2024-27974,2025-07-16,1230.0,PRD-162,EG,9,739.19,513
INV-2024-78287,2025/05/17,1497.0,PRD-157,EG,2,1811.79,1572
INV-2024-40216,2024-06-06,1341.0,PRD-124,EG,9,742.19,516
INV-2024-49968,2024-02-25,1327.0,PRD-135,SA,6,2494.52,1715
INV-2024-82478,2025-01-04,1246.0,PRD-148,SA,4,1096.31,750
INV-2024-37625,2024-01-04,1099.0,PRD-123,SA,3,2588.11,1808
INV-2024-26088,2025-03-13,1256.0,PRD-158,EG,1,203.22,164
INV-2024-58809,2024-03-30,1174.0,PRD-128,AE,9,1089.66,780
INV-2024-28607,2024-10-28,1112.0,PRD-161,EG,1,2361.81,1978
INV-2024-14701,2025-11-08,1113.0,PRD-160,SA,3,534.42,398
INV-2024-40815,2025-10-02,1473.0,PRD-158,SA,1,963.37,689
INV-2024-67708,2025-09-06,,PRD-133,EG,3,924.39,728
INV-2024-95184,2025-05-06,1466.0,PRD-138,EG,7,1520.54,1117
INV-2024-69475,2024-07-23,1297.0,PRD-129,EG,8,2759.99,1877
INV-2024-24973,2024-04-09,1333.0,PRD-159,AE,1,771.22,650
INV-2024-12790,2024-01-27,1245.0,PRD-154,JO,9,1666.16,1150
INV-2024-75392,2024/07/30,1185.0,PRD-109,SA,10,1252.33,912
INV-2024-14424,2024-06-23,1205.0,PRD-137,EG,8,702.04,526
INV-2024-45428,2025-10-15,1195.0,PRD-144,SA,10,87.78,70
INV-2024-46433,2024-10-25,1264.0,PRD-136,AE,5,2185.36,1578
INV-2024-87101,2024-03-24,1383.0,PRD-164,AE,4,576.19,474
INV-2024-60354,29-Apr-2025,1320.0,PRD-123,EG,2,1764.72,1462
INV-2024-49375,2024-04-28,1181.0,PRD-143,EG,9,1474.25,1002
INV-2024-21074,2024-11-11,1015.0,PRD-157,AE,1,2026.02,1400
INV-2024-17827,2025-02-11,1123.0,PRD-121,EG,10,866.7,586
INV-2024-46581,2025-04-27,1491.0,PRD-136,EG,3,1137.69,913
INV-2024-89920,2025-05-15,1212.0,PRD-163,EG,1,1817.5,1352
INV-2024-60323,2025-11-07,1106.0,PRD-142,SA,1,267.7,224
INV-2024-74927,2024-09-28,1116.0,PRD-107,AE,4,1633.44,1229
INV-2024-12470,2024-04-03,1124.0,PRD-116,JO,9,1265.81,1071
INV-2024-60146,2025-10-19,1074.0,PRD-149,SA,9,628.25,508
INV-2024-60418,2025/07/11,1282.0,PRD-155,SA,10,200.68,159
INV-2024-68198,2025-01-31,1020.0,PRD-110,EG,9,1651.81,1429
INV-2024-15821,2024-07-08,1188.0,PRD-115,SA,4,619.61,473
INV-2024-39418,2025-01-14,1167.0,PRD-126,EG,7,1143.52,988
INV-2024-36965,2025-01-25,1252.0,PRD-158,SA,3,1556.02,1097
INV-2024-59719,2025-01-13,1164.0,PRD-110,EG,7,1088.92,799
INV-2024-34173,2024-07-10,1237.0,PRD-148,EG,10,2074.9,1417
INV-2024-96497,2025-04-01,1492.0,PRD-146,EG,8,1007.64,747
INV-2024-66503,2024-02-15,1500.0,PRD-148,EG,6,149.11,102
INV-2024-79794,2024-09-26,1460.0,PRD-142,EG,4,1999.15,1459
INV-2024-16849,2025-03-26,1289.0,PRD-118,EG,2,1138.98,957
INV-2024-96560,2025-04-21,1449.0,PRD-147,JO,5,2220.3,1888
INV-2024-49996,2024-09-26,1320.0,PRD-129,SA,6,2386.99,1979
INV-2024-14103,2024-08-19,1068.0,PRD-141,SA,6,491.57,343
INV-2024-80981,2024-10-02,1483.0,PRD-108,AE,8,2603.41,1881
INV-2024-55587,2025/07/31,1084.0,PRD-165,JO,2,1180.55,857
INV-2024-13406,2024-03-04,1448.0,PRD-113,SA,2,1779.89,1299
INV-2024-89788,2024-06-03,1048.0,PRD-124,AE,5,2574.32,1754
INV-2024-54068,2025-12-14,1152.0,PRD-163,EG,5,846.3,704
INV-2024-44410,2025-11-14,1021.0,PRD-127,EG,3,1396.78,1019
INV-2024-87458,2024-04-09,,PRD-134,SA,4,135.61,102
INV-2024-38382,2024-03-28,1154.0,PRD-119,SA,1,626.92,436
INV-2024-13584,2025-11-15,1350.0,PRD-147,SA,4,564.1,402
INV-2024-54688,2024-12-18,1403.0,PRD-112,EG,3,2337.14,1561
INV-2024-91465,2025-07-08,1005.0,PRD-137,EG,3,1516.58,1243
INV-2024-66895,2025-02-27,1120.0,PRD-156,SA,5,1973.24,1368
INV-2024-66039,2025-08-26,1295.0,PRD-103,EG,5,283.52,234
INV-2024-17486,2024-08-20,1422.0,PRD-112,SA,9,2204.97,1895
INV-2024-24314,2025-07-20,1182.0,PRD-122,SA,8,1538.35,1220
INV-2024-82521,2024-03-03,1363.0,PRD-108,AE,1,925.53,628
INV-2024-60870,2025/01/31,1312.0,PRD-162,AE,5,276.67,231
INV-2024-98862,2025-06-19,1463.0,PRD-131,AE,3,897.95,715
INV-2024-47672,2025-03-04,1045.0,PRD-102,SA,9,2570.73,1893
INV-2024-80092,2025-07-02,1105.0,PRD-115,AE,5,2330.33,1567
INV-2024-70752,2025-12-04,1135.0,PRD-130,SA,9,1922.73,1504
INV-2024-65552,2025-05-01,1104.0,PRD-109,EG,4,1815.68,1280
INV-2024-85052,2025-08-09,1355.0,PRD-156,EG,3,2461.85,1877
INV-2024-84488,2024-08-29,1045.0,PRD-154,EG,3,1307.75,1060
INV-2024-78014,2025-05-02,1060.0,PRD-117,SA,2,414.95,358
INV-2024-44091,2024-11-02,1318.0,PRD-122,SA,2,2589.18,1858
INV-2024-31305,21-Mar-2024,1258.0,PRD-127,AE,2,591.21,508
INV-2024-59976,2025-02-08,1304.0,PRD-138,EG,5,1390.95,1197
INV-2024-71254,2024-02-05,1285.0,PRD-107,EG,9,1828.82,1370
INV-2024-41224,2025-05-29,1297.0,PRD-109,JO,7,1859.85,1437
INV-2024-27284,2025-08-07,1081.0,PRD-147,EG,4,415.75,289
INV-2024-11990,2025/06/13,1347.0,PRD-114,SA,10,2481.1,1829
INV-2024-46791,2025-08-08,1036.0,PRD-120,SA,4,559.21,443
INV-2024-99469,2025-11-24,1049.0,PRD-127,SA,8,443.42,360
INV-2024-45965,2025-09-27,1452.0,PRD-156,EG,7,1228.45,1051
INV-2024-21211,2024-05-30,1499.0,PRD-139,EG,2,2528.14,1916
INV-2024-42759,2024-05-03,1440.0,PRD-102,EG,4,1964.32,1464
INV-2024-81146,2025-04-04,1317.0,PRD-112,SA,2,2479.14,1868
INV-2024-48774,2024-06-26,1149.0,PRD-162,SA,1,1014.26,707
INV-2024-54241,2024-06-20,1058.0,PRD-104,EG,4,1868.56,1529
INV-2024-84852,2024-08-04,1012.0,PRD-121,SA,4,900.45,607
INV-2024-61721,2024-07-16,1304.0,PRD-134,AE,6,1078.55,930
INV-2024-15060,2024-05-09,1040.0,PRD-164,EG,5,2504.99,1881
INV-2024-90681,2024-02-13,1177.0,PRD-151,SA,1,2439.58,1742
INV-2024-45949,2025-03-09,1178.0,PRD-159,SA,3,1094.34,783
INV-2024-57408,2024-03-21,1078.0,PRD-159,EG,4,293.54,204
INV-2024-45225,2025/11/30,,PRD-127,EG,7,148.56,103
INV-2024-96406,2025-03-21,1492.0,PRD-164,SA,9,1813.59,1541
INV-2024-42835,2024-07-25,1162.0,PRD-108,AE,8,2657.92,1784
INV-2024-95594,2025-10-04,1389.0,PRD-125,AE,10,1671.35,1303
INV-2024-89691,2024-05-31,1031.0,PRD-127,SA,7,1260.94,867
INV-2024-11617,01-Sep-2025,1007.0,PRD-103,AE,6,1725.1,1266
INV-2024-26293,2024-09-21,1468.0,PRD-152,EG,10,2620.59,1816
INV-2024-50225,2024-11-23,1204.0,PRD-151,SA,10,801.2,552
INV-2024-84506,2024-03-09,1393.0,PRD-118,SA,4,690.19,496
INV-2024-96609,2024-03-30,1015.0,PRD-108,EG,8,382.05,271
INV-2024-52072,2025-02-01,1268.0,PRD-141,AE,1,1912.76,1650
INV-2024-44670,2025-07-23,1444.0,PRD-164,SA,2,842.93,611
INV-2024-33433,2025-02-10,1102.0,PRD-154,EG,4,518.46,423
INV-2024-68170,2025-07-19,1433.0,PRD-128,JO,1,2383.03,1686
INV-2024-70650,2024-11-29,1456.0,PRD-144,EG,9,2171.75,1643
INV-2024-12263,2024/10/09,1452.0,PRD-137,EG,9,1961.2,1470
INV-2024-67659,2025-06-16,1320.0,PRD-125,EG,3,719.99,548
INV-2024-11162,2025-04-14,1431.0,PRD-101,AE,10,1286.98,1059
INV-2024-71137,2024-01-13,1468.0,PRD-142,AE,9,2460.3,1767
INV-2024-14850,2025-12-18,1282.0,PRD-148,EG,6,1957.5,1571
INV-2024-57018,2025-09-30,1446.0,PRD-141,SA,2,660.3,483
INV-2024-72941,2025-08-24,1458.0,PRD-115,EG,10,1296.9,911
INV-2024-93590,2025-06-19,1471.0,PRD-128,AE,5,1615.72,1113
INV-2024-82955,2025-03-05,1220.0,PRD-131,SA,8,1563.03,1161
INV-2024-38553,2024-04-25,1281.0,PRD-127,SA,8,579.93,450
INV-2024-63557,2025-02-28,1075.0,PRD-125,JO,4,1316.62,1139
INV-2024-17678,2024-06-02,1356.0,PRD-134,EG,4,1105.52,892
INV-2024-85965,2024-05-31,1266.0,PRD-147,EG,5,1162.45,896
INV-2024-20426,2025-08-03,1265.0,PRD-136,SA,7,2057.18,1561
INV-2024-46234,2025-08-25,1051.0,PRD-135,JO,7,690.02,522
INV-2024-89996,2025/08/19,1067.0,PRD-112,EG,1,1068.69,869
INV-2024-82279,2024-04-12,1171.0,PRD-159,EG,6,2264.51,1873
INV-2024-51160,2024-04-18,1247.0,PRD-157,EG,7,150.27,126
INV-2024-18394,2025-07-30,1263.0,PRD-146,SA,5,78.44,59
INV-2024-67729,2024-04-13,1384.0,PRD-115,EG,5,812.09,568
INV-2024-33567,2024-10-19,1225.0,PRD-148,SA,3,1384.53,1164
INV-2024-43817,2025-07-02,1365.0,PRD-140,JO,4,1909.99,1489
INV-2024-46194,2024-12-18,1038.0,PRD-109,SA,7,1479.79,1153
INV-2024-44018,2025-02-24,1158.0,PRD-114,EG,7,2238.15,1928
INV-2024-74871,2024-09-27,1450.0,PRD-126,SA,7,242.16,205
INV-2024-26675,2025-01-27,,PRD-122,EG,1,2092.25,1652
INV-2024-39808,2025-11-01,1364.0,PRD-144,AE,5,1230.72,826
INV-2024-92619,2025-05-12,1090.0,PRD-134,SA,7,1601.13,1075
INV-2024-32871,2025-08-08,1260.0,PRD-149,EG,5,2813.46,1944
INV-2024-29254,2025-09-15,1256.0,PRD-130,SA,8,348.57,233
INV-2024-90995,2025/04/29,1102.0,PRD-104,SA,5,2639.33,1846
INV-2024-95980,2024-02-08,1324.0,PRD-135,SA,6,935.72,625
INV-2024-16498,2024-06-25,1346.0,PRD-146,EG,7,2159.23,1663
INV-2024-40496,2024-10-09,1119.0,PRD-102,AE,1,2116.07,1793
INV-2024-25000,2025-02-16,1330.0,PRD-153,JO,3,477.89,361
INV-2024-95799,2024-05-27,1490.0,PRD-120,SA,4,1435.55,1120
INV-2024-15046,2025-09-25,1465.0,PRD-161,JO,5,1738.46,1456
INV-2024-34150,2025-09-15,1334.0,PRD-113,EG,8,2289.19,1573
INV-2024-99711,2025-11-28,1200.0,PRD-127,SA,9,700.73,524
INV-2024-76416,2025-12-11,1483.0,PRD-108,SA,10,1031.89,715
INV-2024-67712,15-Feb-2025,1011.0,PRD-158,SA,10,553.27,446
INV-2024-86007,2024-02-09,1209.0,PRD-111,SA,6,156.81,117
INV-2024-51593,2025-02-09,1097.0,PRD-109,EG,7,2360.48,1695
INV-2024-15499,2024-12-05,1439.0,PRD-134,EG,1,675.49,542
INV-2024-82536,2025-12-08,1288.0,PRD-133,EG,5,634.41,436
INV-2024-39878,2024/08/31,1417.0,PRD-161,EG,8,137.5,119
INV-2024-17970,2024-02-20,1089.0,PRD-154,AE,8,2631.81,1950
INV-2024-43954,2025-05-01,1449.0,PRD-143,EG,2,966.49,674
INV-2024-43743,2024-10-02,1131.0,PRD-146,EG,5,1842.79,1305
INV-2024-12112,2025-01-16,1295.0,PRD-155,SA,6,780.14,651
INV-2024-98917,2024-01-21,1380.0,PRD-111,SA,8,2473.21,1775
INV-2024-56312,2024-12-11,1433.0,PRD-146,AE,7,417.21,317
INV-2024-80836,2024-11-06,1257.0,PRD-122,SA,1,88.01,74
INV-2024-15863,2024-11-14,1332.0,PRD-109,EG,8,583.82,469
INV-2024-88719,2024-10-14,1297.0,PRD-160,AE,5,2086.91,1477
INV-2024-40762,2025-05-18,1120.0,PRD-124,SA,6,1703.33,1430
INV-2024-55839,2025-12-13,1365.0,PRD-153,EG,4,1448.69,1178
INV-2024-24308,2025-12-02,1217.0,PRD-121,SA,5,2688.84,1912
INV-2024-20155,2024-04-10,1368.0,PRD-163,JO,2,2161.35,1456
INV-2024-76445,2024-08-21,1028.0,PRD-106,EG,2,1109.44,961
INV-2024-68171,2024/05/17,1065.0,PRD-114,EG,10,866.17,631
INV-2024-24835,2024-11-03,1230.0,PRD-144,EG,7,2351.25,1999
INV-2024-76982,2025-03-29,1021.0,PRD-131,EG,5,2757.9,1839
INV-2024-20151,2024-11-24,1287.0,PRD-139,SA,5,326.34,234
INV-2024-41061,2024-10-02,1089.0,PRD-137,SA,4,967.24,691
INV-2024-36744,02-Mar-2025,,PRD-120,EG,9,636.15,463
INV-2024-52701,2025-09-11,1087.0,PRD-162,JO,9,2246.29,1708
INV-2024-84758,2025-10-23,1441.0,PRD-146,AE,7,1848.41,1398
INV-2024-58674,2024-04-01,1338.0,PRD-116,SA,4,217.77,148
INV-2024-99262,2024-07-11,1454.0,PRD-154,AE,6,1026.6,824
INV-2024-64521,2025-03-28,1487.0,PRD-159,EG,8,354.19,246
INV-2024-19357,2024-08-04,1266.0,PRD-144,SA,9,461.12,316
INV-2024-94133,2025-02-20,1428.0,PRD-109,SA,9,2725.29,1822
INV-2024-65898,2025-05-11,1492.0,PRD-160,AE,1,2092.92,1432
INV-2024-47104,2025-06-12,1038.0,PRD-136,AE,1,1472.13,1048
INV-2024-28753,2025/01/17,1060.0,PRD-116,EG,7,345.93,294
INV-2024-13236,2024-02-27,1132.0,PRD-152,JO,5,1162.9,831
INV-2024-52800,2025-06-11,1496.0,PRD-111,EG,2,1801.97,1243
INV-2024-89556,2024-06-11,1031.0,PRD-131,AE,10,1259.25,986
INV-2024-57223,2024-03-08,1089.0,PRD-139,JO,5,2704.45,1838
INV-2024-53907,2024-11-14,1492.0,PRD-128,EG,9,2586.06,1928
INV-2024-63495,2025-12-27,1497.0,PRD-144,AE,3,718.91,543
INV-2024-95456,2025-06-02,1497.0,PRD-162,EG,5,1656.44,1195
INV-2024-59114,2025-02-17,1235.0,PRD-164,SA,1,216.82,165
INV-2024-71693,2024-05-18,1324.0,PRD-116,SA,3,922.39,747
INV-2024-48543,2025-06-20,1477.0,PRD-143,SA,2,437.89,371
INV-2024-91515,2025-08-05,1282.0,PRD-104,JO,3,1928.13,1596
INV-2024-14083,2024-01-30,1293.0,PRD-162,SA,10,236.16,173
INV-2024-31012,2024-06-26,1211.0,PRD-152,SA,1,472.81,353
INV-2024-58274,2024-07-16,1467.0,PRD-147,AE,4,1758.02,1174
INV-2024-15847,2024/07/24,1236.0,PRD-147,JO,2,1118.01,889
INV-2024-48125,2024-02-29,1500.0,PRD-118,EG,2,2273.9,1623
INV-2024-29669,2024-09-12,1097.0,PRD-102,JO,8,99.44,69
INV-2024-87493,2024-02-03,1229.0,PRD-103,EG,1,2113.71,1710
INV-2024-13346,2025-04-12,1271.0,PRD-108,AE,9,2235.11,1589
INV-2024-23924,2024-02-21,1385.0,PRD-156,EG,10,615.81,510
INV-2024-89827,2025-01-04,1410.0,PRD-164,EG,1,1811.61,1218
INV-2024-37719,2025-12-22,1140.0,PRD-131,SA,9,821.5,605
INV-2024-51039,2024-07-22,1252.0,PRD-156,SA,5,1508.83,1157
INV-2024-76951,2024-10-07,1479.0,PRD-153,EG,3,1694.41,1310
INV-2024-76608,2025-01-12,1437.0,PRD-108,EG,8,2106.65,1685
INV-2024-86216,2025-04-20,1416.0,PRD-135,SA,6,1081.79,858
INV-2024-55095,2025-06-01,1219.0,PRD-118,JO,8,1096.22,859
INV-2024-38163,2025-02-10,1046.0,PRD-136,EG,10,1319.43,1094
INV-2024-59655,2025-10-12,1229.0,PRD-114,EG,10,801.29,605
INV-2024-86373,2024/05/06,,PRD-145,SA,1,560.87,446
INV-2024-14272,2025-11-28,1387.0,PRD-117,EG,3,211.42,174
INV-2024-96122,2024-02-01,1204.0,PRD-123,AE,10,599.26,512
INV-2024-29670,2024-09-04,1433.0,PRD-117,AE,7,2088.36,1408
INV-2024-59950,2025-01-16,1177.0,PRD-133,SA,3,2492.02,1947
INV-2024-95093,2025-05-15,1115.0,PRD-157,EG,4,95.49,70
INV-2024-20281,2025-08-31,1237.0,PRD-105,AE,5,2319.75,1638
INV-2024-20133,2025-04-01,1117.0,PRD-149,SA,6,295.43,227
INV-2024-39436,2024-06-30,1076.0,PRD-144,AE,3,795.52,606
INV-2024-84108,2025-04-30,1189.0,PRD-162,SA,2,388.59,306
INV-2024-75994,23-Aug-2025,1247.0,PRD-126,AE,10,1890.17,1265
INV-2024-85292,2025-07-18,1369.0,PRD-108,SA,6,2556.26,1771
INV-2024-92617,2024-12-24,1205.0,PRD-127,SA,7,1887.48,1279
INV-2024-81857,2024-12-18,1070.0,PRD-125,JO,8,1155.62,939
INV-2024-64798,2024-06-16,1067.0,PRD-134,SA,3,1689.01,1141
INV-2024-80643,2024/09/21,1082.0,PRD-152,SA,9,685.32,522
INV-2024-25891,2025-12-06,1255.0,PRD-129,EG,3,546.49,431
INV-2024-79174,2024-04-02,1053.0,PRD-127,SA,1,755.44,527
INV-2024-16741,2024-10-18,1423.0,PRD-161,SA,1,85.77,64
INV-2024-89574,2024-01-29,1073.0,PRD-140,EG,4,833.29,564
INV-2024-71909,2025-01-30,1105.0,PRD-105,EG,8,89.53,72
INV-2024-96402,2024-02-20,1120.0,PRD-125,SA,4,1727.94,1448
INV-2024-78740,2024-06-15,1274.0,PRD-127,AE,5,1032.9,801
INV-2024-78201,2025-08-08,1066.0,PRD-111,SA,6,1811.59,1372
INV-2024-67805,2024-08-07,1138.0,PRD-102,EG,8,649.37,498
INV-2024-51541,2024-08-14,1386.0,PRD-148,SA,2,1522.34,1027
INV-2024-45282,2025-10-24,1277.0,PRD-150,EG,1,2805.03,1880
INV-2024-35562,2024-08-18,1152.0,PRD-150,SA,6,2484.06,1778
INV-2024-85398,2025-11-24,1155.0,PRD-140,EG,3,314.55,246
INV-2024-48412,2024-07-30,1238.0,PRD-129,EG,10,1709.99,1419
INV-2024-41985,2024/10/02,1016.0,PRD-138,EG,6,660.64,472
INV-2024-53081,2025-10-29,1102.0,PRD-158,EG,10,1235.54,927
INV-2024-41860,2025-02-23,1316.0,PRD-147,EG,4,825.58,588
INV-2024-57443,2025-06-09,1270.0,PRD-117,EG,9,668.4,487
INV-2024-40263,2024-01-21,1114.0,PRD-105,SA,10,1344.29,985
INV-2024-69745,29-Nov-2025,1468.0,PRD-160,SA,9,2226.77,1816
INV-2024-51263,2024-01-10,1042.0,PRD-128,EG,6,118.4,96
INV-2024-25127,2025-04-30,1305.0,PRD-113,AE,9,1154.76,816
INV-2024-41594,2024-05-15,1494.0,PRD-154,EG,6,2150.44,1684
INV-2024-68328,2025-10-24,1349.0,PRD-111,SA,1,393.75,311
INV-2024-63729,2024-06-26,,PRD-151,EG,7,2710.36,1845
INV-2024-57432,2025-09-07,1327.0,PRD-152,EG,1,1204.16,875
INV-2024-20445,2024-01-09,1153.0,PRD-129,SA,8,1189.95,905
INV-2024-56135,2024-08-17,1425.0,PRD-139,SA,10,1708.0,1231
INV-2024-83460,2024-09-15,1127.0,PRD-155,AE,3,1618.33,1195
INV-2024-76275,2025/09/14,1456.0,PRD-112,SA,1,698.05,523
INV-2024-20019,2024-11-08,1159.0,PRD-124,JO,3,2371.17,1804
INV-2024-57486,2025-12-30,1079.0,PRD-122,EG,2,911.73,716
INV-2024-95633,2025-12-27,1124.0,PRD-152,EG,8,799.23,654
INV-2024-73459,2025-10-20,1117.0,PRD-154,EG,10,1594.65,1286
INV-2024-89327,2024-10-08,1470.0,PRD-144,EG,10,738.77,641
INV-2024-40192,2025-03-09,1165.0,PRD-145,SA,5,1147.85,899
INV-2024-68847,2025-01-20,1102.0,PRD-148,SA,2,1184.42,1012
INV-2024-64899,2024-12-23,1112.0,PRD-163,EG,1,191.18,159
INV-2024-40115,2025-04-15,1009.0,PRD-112,JO,3,2230.14,1557
INV-2024-84624,2024-09-15,1482.0,PRD-160,AE,4,1146.8,828
INV-2024-26420,2024-08-11,1350.0,PRD-129,EG,3,1080.99,768
INV-2024-80466,2025-04-22,1105.0,PRD-160,EG,3,589.63,398
INV-2024-42105,2024-11-05,1146.0,PRD-127,EG,9,1212.67,975
INV-2024-63427,2025-11-24,1307.0,PRD-128,EG,2,1275.71,922
INV-2024-98356,2025/06/17,1409.0,PRD-101,EG,2,1477.36,1238
INV-2024-86645,2025-09-30,1155.0,PRD-102,SA,9,1447.76,1113
INV-2024-97281,2025-02-10,1383.0,PRD-103,EG,8,708.54,475
INV-2024-28106,2025-08-21,1212.0,PRD-120,EG,5,991.59,673
INV-2024-89370,2024-04-14,1397.0,PRD-158,JO,9,2517.48,1865
INV-2024-44115,2024-01-08,1341.0,PRD-126,SA,8,1405.15,1102
INV-2024-47602,2025-06-07,1323.0,PRD-147,JO,5,312.73,237
INV-2024-54770,2025-11-09,1408.0,PRD-156,EG,1,2384.58,1661
INV-2024-51136,2025-01-18,1307.0,PRD-103,EG,4,1260.81,1065
INV-2024-25461,2025-07-28,1150.0,PRD-154,SA,6,2011.56,1357
INV-2024-20683,2025-10-24,1008.0,PRD-114,EG,5,1082.3,766
INV-2024-63543,2025-08-31,1367.0,PRD-132,EG,5,1181.25,907
INV-2024-65184,2025-09-15,1131.0,PRD-139,SA,8,2048.91,1673
INV-2024-76194,2024-10-16,1277.0,PRD-130,SA,8,2178.37,1623
INV-2024-29450,2024-11-01,1382.0,PRD-108,SA,6,420.16,317
INV-2024-85499,2025/12/01,1338.0,PRD-104,SA,6,1102.22,846
INV-2024-74775,2024-04-20,1284.0,PRD-112,SA,4,1280.86,956
INV-2024-92920,2025-05-08,1379.0,PRD-139,EG,8,1129.71,956
INV-2024-35965,2024-03-06,1122.0,PRD-165,EG,8,753.92,610
INV-2024-33581,2024-12-10,1182.0,PRD-134,EG,1,1854.9,1291
INV-2024-69515,2024-10-10,,PRD-141,EG,4,1257.34,1080
INV-2024-12033,2025-10-17,1383.0,PRD-121,JO,6,202.01,168
INV-2024-31859,2024-11-28,1262.0,PRD-106,SA,10,1859.22,1370
INV-2024-25832,2024-10-10,1144.0,PRD-150,AE,7,2306.01,1692
INV-2024-64870,2024-09-24,1136.0,PRD-122,EG,4,937.92,660
INV-2024-44521,02-Nov-2025,1184.0,PRD-130,EG,5,1462.54,1132
INV-2024-82689,2025-12-29,1091.0,PRD-143,EG,2,620.82,432
INV-2024-71585,2025-10-29,1200.0,PRD-146,EG,1,2136.8,1734
INV-2024-23237,2024-11-01,1033.0,PRD-158,EG,1,1497.97,1117
INV-2024-26567,2024-07-11,1170.0,PRD-127,AE,5,1243.21,909
INV-2024-14466,2024/06/02,1219.0,PRD-149,SA,1,2386.78,1902
INV-2024-66547,2025-06-13,1109.0,PRD-108,SA,8,1084.5,874
INV-2024-13136,2024-09-03,1236.0,PRD-136,SA,7,2284.23,1554
INV-2024-31880,2024-02-28,1337.0,PRD-116,JO,2,1086.46,922
INV-2024-19570,2025-09-06,1060.0,PRD-123,EG,6,209.27,140
INV-2024-27351,2025-02-17,1373.0,PRD-131,EG,10,2389.1,1721
INV-2024-77488,2025-11-07,1180.0,PRD-141,EG,9,2152.96,1665
INV-2024-79377,2024-11-23,1365.0,PRD-165,AE,2,1827.96,1357
INV-2024-60870,2025-11-28,1022.0,PRD-106,JO,5,379.21,301
INV-2024-65359,2024-05-23,1111.0,PRD-129,EG,4,972.23,813
INV-2024-56447,2024-01-27,1366.0,PRD-154,AE,7,61.63,52
INV-2024-26705,2025-11-02,1264.0,PRD-129,AE,6,982.91,696
INV-2024-62732,2025-05-24,1086.0,PRD-104,EG,10,1058.69,743
INV-2024-82999,2024-10-29,1099.0,PRD-162,EG,9,86.66,73
INV-2024-41645,2024-09-22,1036.0,PRD-104,SA,3,2257.92,1802
INV-2024-48455,2025/03/04,1439.0,PRD-146,JO,8,361.36,243
INV-2024-25601,2025-02-18,1467.0,PRD-112,EG,6,1396.0,1194
INV-2024-54146,2025-02-01,1307.0,PRD-112,AE,5,1745.44,1294
INV-2024-54124,2024-02-06,1098.0,PRD-115,EG,7,1894.64,1330
INV-2024-87526,2025-08-20,1019.0,PRD-148,AE,6,879.91,738
INV-2024-89791,26-Dec-2025,1344.0,PRD-113,SA,10,728.04,505
INV-2024-90822,2025-08-08,1273.0,PRD-153,SA,8,286.33,216
INV-2024-24125,2024-07-13,1040.0,PRD-164,AE,8,86.95,65
INV-2024-15929,2024-12-17,1313.0,PRD-140,AE,3,1842.97,1273
INV-2024-19666,2025-12-31,1385.0,PRD-121,AE,9,2670.54,1907
INV-2024-56525,2024-08-15,1009.0,PRD-147,EG,8,2835.41,1930
INV-2024-68837,2025-12-03,1308.0,PRD-113,SA,7,266.04,221
INV-2024-63592,2025-07-01,1107.0,PRD-129,EG,3,286.2,202
INV-2024-92684,2025-10-15,1296.0,PRD-136,SA,6,570.86,384
INV-2024-68950,2025-05-02,1289.0,PRD-106,SA,5,185.32,134
INV-2024-67106,2025/11/18,,PRD-128,SA,2,2900.09,1966
INV-2024-47917,2025-01-02,1186.0,PRD-164,SA,9,1511.21,1188
INV-2024-72535,2025-06-03,1367.0,PRD-120,JO,8,766.09,572
INV-2024-27643,2024-11-03,1205.0,PRD-150,EG,2,263.03,189
INV-2024-34045,2024-06-23,1464.0,PRD-124,SA,7,2483.71,1665
INV-2024-87274,2025-11-04,1370.0,PRD-117,EG,1,1697.87,1380
INV-2024-76764,2025-07-25,1199.0,PRD-108,EG,10,2239.49,1750
INV-2024-20982,2024-07-04,1220.0,PRD-110,EG,6,1460.66,1054
INV-2024-29956,2024-10-27,1057.0,PRD-122,JO,2,1541.77,1185
INV-2024-11020,2024-04-09,1278.0,PRD-109,AE,2,2255.02,1891
INV-2024-87798,2025-04-27,1443.0,PRD-117,JO,4,2555.02,1841
INV-2024-87732,2024-05-11,1101.0,PRD-129,JO,1,533.24,422
INV-2024-58480,2024-09-21,1298.0,PRD-164,EG,3,222.34,171
INV-2024-98330,2025-07-26,1114.0,PRD-120,EG,2,2085.53,1669
INV-2024-95118,2024-07-06,1308.0,PRD-144,SA,7,1637.08,1186
INV-2024-69444,2025/11/27,1359.0,PRD-165,SA,10,2559.34,1783
INV-2024-59725,2024-12-09,1452.0,PRD-103,SA,10,1916.56,1491
INV-2024-52000,2025-11-01,1293.0,PRD-114,EG,7,2429.73,1811
INV-2024-67486,2024-04-01,1184.0,PRD-137,SA,1,910.19,754
INV-2024-33163,2024-08-15,1073.0,PRD-109,SA,1,2176.16,1775
INV-2024-76672,2024-12-29,1004.0,PRD-155,EG,9,387.52,300
INV-2024-87080,2024-08-16,1398.0,PRD-136,SA,2,2751.72,1978
INV-2024-46608,2024-11-10,1130.0,PRD-102,SA,5,2257.32,1580
INV-2024-22700,2025-03-06,1430.0,PRD-153,SA,1,2469.84,1844
INV-2024-40443,2024-12-05,1355.0,PRD-110,EG,10,1574.59,1073
INV-2024-48974,2025-01-15,1020.0,PRD-133,AE,9,2182.99,1771
INV-2024-74656,2024-09-23,1289.0,PRD-155,EG,6,735.17,589
INV-2024-54710,2025-08-22,1016.0,PRD-146,EG,7,99.04,73
INV-2024-16329,2024-10-28,1425.0,PRD-143,AE,9,156.68,121
INV-2024-83941,2025-04-19,1355.0,PRD-117,SA,8,745.0,587
INV-2024-77853,2024/04/30,1305.0,PRD-156,EG,9,696.13,501
INV-2024-78838,2025-04-26,1293.0,PRD-145,SA,1,1298.55,1047
INV-2024-85999,2024-02-24,1041.0,PRD-136,SA,5,474.3,343
INV-2024-76614,2025-10-11,1149.0,PRD-103,AE,10,1027.57,785
INV-2024-65927,2025-08-20,1465.0,PRD-157,AE,7,524.44,416
INV-2024-47389,2025-08-17,1346.0,PRD-125,SA,9,836.42,639
INV-2024-52310,2025-09-27,1310.0,PRD-150,SA,2,2513.65,1848
INV-2024-60340,2024-03-13,1100.0,PRD-145,EG,1,316.54,246
INV-2024-51756,2025-04-28,1254.0,PRD-137,EG,3,1678.29,1124
INV-2024-33385,2024-07-18,1064.0,PRD-152,SA,8,901.83,651
INV-2024-28769,27-May-2025,,PRD-149,SA,9,954.47,705
INV-2024-15496,2024-05-02,1069.0,PRD-102,SA,7,429.36,315
INV-2024-37614,2025-11-28,1491.0,PRD-158,EG,7,265.89,223
INV-2024-66431,2025-01-25,1199.0,PRD-150,EG,3,2276.37,1624
INV-2024-78044,2025-06-26,1223.0,PRD-152,SA,1,1972.96,1622
INV-2024-46471,2024/11/01,1139.0,PRD-117,EG,7,2474.53,1844
INV-2024-85384,2025-02-27,1248.0,PRD-153,AE,1,393.01,305
INV-2024-90671,2024-02-25,1081.0,PRD-149,EG,8,2084.6,1577
INV-2024-51204,2024-06-03,1023.0,PRD-138,SA,3,260.57,178
INV-2024-23037,2024-05-20,1488.0,PRD-164,JO,3,557.13,472
INV-2024-55527,2024-07-24,1166.0,PRD-119,EG,3,739.78,610
INV-2024-47328,2024-12-16,1175.0,PRD-126,SA,3,1078.36,749
INV-2024-31704,2025-02-23,1426.0,PRD-150,EG,1,67.95,51
INV-2024-25538,2025-08-06,1308.0,PRD-140,SA,7,2166.81,1849
INV-2024-47728,2025-04-13,1056.0,PRD-124,SA,6,2092.77,1789
INV-2024-45893,2024-05-26,1005.0,PRD-120,SA,6,2684.54,1909
INV-2024-73784,2024-11-19,1170.0,PRD-130,SA,4,1913.88,1621
INV-2024-67529,2024-07-03,1264.0,PRD-116,AE,5,1191.91,810
INV-2024-39312,2024-03-23,1169.0,PRD-103,EG,10,2391.77,1748
INV-2024-32193,2025-05-14,1340.0,PRD-137,EG,3,656.45,546
INV-2024-47811,2024/12/06,1004.0,PRD-116,AE,10,326.84,224
INV-2024-44003,2025-10-08,1470.0,PRD-135,SA,5,2637.56,1870
INV-2024-89451,2024-06-30,1406.0,PRD-114,AE,5,2664.74,1911
INV-2024-23909,2024-11-16,1144.0,PRD-110,SA,1,2496.89,1703
INV-2024-40366,2025-10-11,1263.0,PRD-163,AE,4,826.13,593
INV-2024-97350,29-Feb-2024,1349.0,PRD-126,SA,8,2657.73,1843
INV-2024-46520,2024-01-05,1353.0,PRD-120,AE,5,200.89,142
INV-2024-28481,2025-04-07,1476.0,PRD-113,JO,2,1363.54,924
INV-2024-22579,2024-10-07,1117.0,PRD-119,SA,2,653.18,494
INV-2024-37111,2024-08-02,1258.0,PRD-111,EG,2,1602.57,1387
INV-2024-82373,2024-06-21,1412.0,PRD-106,EG,10,1003.06,834
INV-2024-76676,2025-08-13,1084.0,PRD-140,EG,7,1129.25,754
INV-2024-32131,2024-06-11,1416.0,PRD-156,EG,4,1824.84,1441
INV-2024-13584,2025-05-16,1243.0,PRD-165,EG,8,892.83,628
INV-2024-88432,2024-03-31,1444.0,PRD-145,SA,3,1107.06,904
INV-2024-15209,2024/05/12,1258.0,PRD-139,SA,9,2667.88,1996
INV-2024-80756,2025-09-21,1384.0,PRD-126,SA,8,2378.41,1737
INV-2024-80505,2025-03-20,1160.0,PRD-141,SA,5,1920.9,1581
INV-2024-35576,2025-10-10,1104.0,PRD-142,EG,6,339.19,289
INV-2024-10873,2025-03-15,1497.0,PRD-160,EG,9,1938.12,1441
INV-2024-74011,2025-02-17,,PRD-124,EG,1,848.94,728
INV-2024-13378,2025-03-15,1129.0,PRD-132,SA,6,982.05,798
INV-2024-58436,2025-05-03,1262.0,PRD-124,EG,8,432.18,375
INV-2024-36626,2025-01-27,1226.0,PRD-134,EG,7,1325.74,1018
INV-2024-46941,2024-01-05,1363.0,PRD-149,SA,1,1362.27,1140
INV-2024-84863,2024-02-08,1154.0,PRD-164,AE,6,2086.37,1497
INV-2024-65902,2025-06-30,1229.0,PRD-165,EG,2,2115.68,1530
INV-2024-68304,2024-07-23,1321.0,PRD-108,SA,8,844.86,691
INV-2024-78274,2025-01-17,1367.0,PRD-128,SA,7,1514.57,1187
INV-2024-26538,2024-01-15,1053.0,PRD-125,AE,6,2317.95,1641
INV-2024-69486,2024/11/25,1203.0,PRD-118,JO,3,338.06,245
INV-2024-48658,2025-06-27,1247.0,PRD-105,EG,5,2206.95,1507
INV-2024-24367,2024-07-14,1132.0,PRD-111,EG,5,575.66,500
INV-2024-25720,2024-01-19,1008.0,PRD-116,AE,7,270.62,217
INV-2024-68249,2025-11-23,1183.0,PRD-137,SA,3,1796.71,1260
INV-2024-66657,2024-01-05,1477.0,PRD-149,SA,5,1077.66,771
INV-2024-74651,2025-10-03,1139.0,PRD-140,SA,4,571.83,487
INV-2024-44479,2024-09-11,1050.0,PRD-162,SA,2,2098.08,1449
INV-2024-21385,2024-08-19,1117.0,PRD-130,JO,4,2326.57,1866
INV-2024-27933,2025-12-11,1085.0,PRD-158,JO,10,1350.79,935
INV-2024-46497,2024-12-18,1015.0,PRD-160,AE,2,142.66,101
INV-2024-97649,2024-11-15,1406.0,PRD-127,EG,5,642.83,513
INV-2024-25264,2024-05-12,1187.0,PRD-164,AE,9,1892.75,1485
INV-2024-56362,2024-04-15,1321.0,PRD-153,EG,2,2073.07,1552
INV-2024-20363,2025-01-27,1048.0,PRD-165,EG,8,1417.75,1098
INV-2024-39155,2025/05/30,1060.0,PRD-117,AE,6,1657.97,1222
INV-2024-19745,2025-08-25,1311.0,PRD-164,EG,5,648.31,495
INV-2024-52875,2024-11-09,1264.0,PRD-129,EG,3,1546.69,1055
INV-2024-30542,2024-06-20,1488.0,PRD-106,EG,4,582.46,489
INV-2024-76461,2024-03-07,1096.0,PRD-122,AE,4,2494.22,1833
INV-2024-53953,2024-02-16,1286.0,PRD-134,SA,1,2847.36,1953
INV-2024-46190,2024-11-01,1149.0,PRD-102,SA,8,657.48,473
INV-2024-69436,2024-10-24,1375.0,PRD-140,EG,9,710.28,497
INV-2024-92657,2025-04-11,1159.0,PRD-160,AE,8,1424.12,1015
INV-2024-77219,2025-06-16,1131.0,PRD-164,AE,1,1144.74,990
INV-2024-98091,02-Sep-2025,1198.0,PRD-152,EG,7,2713.74,1810
INV-2024-19710,2025-06-20,1206.0,PRD-146,SA,1,78.96,57
INV-2024-51262,2024-12-11,1194.0,PRD-158,EG,3,552.14,381
INV-2024-15027,2025-03-20,1062.0,PRD-120,JO,3,2311.18,1662
INV-2024-66803,2025-12-04,1062.0,PRD-117,SA,10,2576.43,1747
INV-2024-23164,2024/05/17,,PRD-165,JO,9,510.17,387
INV-2024-78327,2024-12-16,1391.0,PRD-134,EG,8,419.68,323
INV-2024-51618,2025-05-16,1307.0,PRD-128,AE,4,657.24,454
INV-2024-34955,2025-01-02,1370.0,PRD-139,AE,6,1853.89,1368
INV-2024-83160,2024-07-11,1292.0,PRD-156,SA,3,1991.14,1406
INV-2024-96655,2024-06-17,1206.0,PRD-152,JO,7,169.43,116
INV-2024-92061,2025-02-17,1119.0,PRD-146,EG,2,515.19,422
INV-2024-14670,2024-01-20,1106.0,PRD-134,EG,6,1601.76,1117
INV-2024-93164,2024-08-21,1297.0,PRD-136,SA,9,281.88,237
INV-2024-92219,2024-08-17,1441.0,PRD-140,AE,7,910.75,769
INV-2024-11044,2024-05-14,1093.0,PRD-134,SA,2,158.65,109
INV-2024-42232,2024-08-04,1240.0,PRD-131,EG,9,1708.79,1447
INV-2024-27940,2024-01-23,1158.0,PRD-103,SA,9,2111.68,1504
INV-2024-86853,2025-08-26,1405.0,PRD-129,EG,7,774.89,566
INV-2024-59310,2025-05-31,1043.0,PRD-113,SA,7,1950.67,1538
INV-2024-38863,2024/06/22,1474.0,PRD-145,SA,6,2333.23,1561
INV-2024-98257,2024-05-06,1294.0,PRD-148,AE,5,459.67,391
INV-2024-35647,2025-01-10,1256.0,PRD-132,EG,10,1944.41,1595
INV-2024-44771,2025-12-29,1107.0,PRD-114,SA,7,654.89,446
INV-2024-71618,2025-10-28,1173.0,PRD-151,EG,10,1292.04,1066
INV-2024-29848,08-Feb-2024,1237.0,PRD-152,EG,7,1473.08,1114
INV-2024-73505,2025-01-19,1188.0,PRD-163,AE,10,611.35,479
INV-2024-34524,2025-10-17,1037.0,PRD-155,JO,4,2496.06,1756
INV-2024-75106,2024-09-18,1249.0,PRD-112,EG,5,1491.76,1269
INV-2024-47040,2025-07-01,1113.0,PRD-145,AE,9,145.63,98
INV-2024-27274,2025-09-30,1092.0,PRD-139,AE,7,2195.82,1661
INV-2024-36027,2024-02-19,1099.0,PRD-117,AE,4,1762.98,1294
INV-2024-93200,2025-08-31,1435.0,PRD-163,EG,7,363.99,285
INV-2024-21627,2024-02-19,1017.0,PRD-104,JO,2,239.28,203
INV-2024-77673,2025-11-08,1172.0,PRD-114,EG,5,1676.0,1126
INV-2024-38074,2024/04/20,1145.0,PRD-140,EG,3,1931.82,1584
INV-2024-10419,2025-10-31,1256.0,PRD-133,EG,10,523.68,370
INV-2024-66927,2024-01-21,1300.0,PRD-134,SA,10,89.72,76
INV-2024-18816,2024-02-19,1050.0,PRD-151,EG,7,2357.7,1641
INV-2024-74315,2025-12-07,1423.0,PRD-133,EG,8,2030.68,1491
INV-2024-83103,2024-04-28,1430.0,PRD-140,EG,10,1808.12,1218
INV-2024-90113,2025-03-02,1464.0,PRD-144,AE,8,679.83,509
INV-2024-37334,2025-03-30,1196.0,PRD-104,AE,8,1929.46,1305
INV-2024-33345,2025-01-24,1237.0,PRD-149,EG,4,1101.53,842
INV-2024-15087,2024-05-06,1300.0,PRD-105,AE,7,340.4,292
INV-2024-64808,2025-07-14,,PRD-124,AE,4,1198.86,988
INV-2024-44481,2024-09-15,1115.0,PRD-140,AE,3,213.32,167
INV-2024-90396,2025-04-30,1291.0,PRD-150,EG,10,1415.67,948
INV-2024-59845,2025-12-19,1467.0,PRD-135,SA,6,1972.69,1320
INV-2024-92709,2024-06-05,1341.0,PRD-114,JO,6,1162.97,791
INV-2024-86532,2024/07/29,1317.0,PRD-157,SA,4,526.4,371
INV-2024-40764,2025-12-12,1240.0,PRD-163,EG,1,347.62,292
INV-2024-93586,2025-12-03,1158.0,PRD-143,SA,10,354.67,246
INV-2024-55705,2025-10-07,1347.0,PRD-160,SA,8,644.74,471
INV-2024-73469,2024-01-10,1374.0,PRD-124,SA,7,84.72,59
INV-2024-79528,2024-11-04,1261.0,PRD-155,EG,6,1171.24,882
INV-2024-96106,2025-03-06,1387.0,PRD-154,EG,2,178.45,121
INV-2024-33601,2025-11-08,1345.0,PRD-144,AE,10,1245.79,1021
INV-2024-49334,2024-04-13,1257.0,PRD-145,AE,7,1495.25,1030
INV-2024-40394,2025-11-09,1425.0,PRD-138,EG,4,2778.05,1993
INV-2024-48288,2025-06-16,1438.0,PRD-125,JO,7,759.47,610
INV-2024-97552,2024-10-03,1027.0,PRD-164,EG,3,1016.48,833
INV-2024-73577,2025-09-29,1203.0,PRD-163,SA,8,1814.01,1397
INV-2024-74254,2025-09-12,1305.0,PRD-145,AE,7,2481.04,1705
INV-2024-92578,2025-12-18,1377.0,PRD-134,AE,6,1450.47,1111
INV-2024-61407,2024/05/20,1198.0,PRD-150,JO,10,834.75,581
INV-2024-88360,2025-03-04,1498.0,PRD-134,EG,8,1853.24,1574
INV-2024-56809,2024-04-17,1432.0,PRD-146,AE,4,888.1,613
INV-2024-81226,2025-06-07,1443.0,PRD-133,EG,6,1599.78,1376
INV-2024-73040,2025-09-24,1130.0,PRD-117,AE,1,2090.14,1636
INV-2024-48720,2024-04-30,1254.0,PRD-157,AE,3,1760.68,1279
INV-2024-22652,2024-10-16,1348.0,PRD-135,SA,9,1677.54,1301
INV-2024-38695,2024-04-26,1329.0,PRD-130,EG,10,733.29,579
INV-2024-24728,2024-04-18,1122.0,PRD-104,AE,8,2436.9,1698
INV-2024-47653,2025-05-24,1284.0,PRD-136,EG,1,2429.63,1632
INV-2024-64997,22-Jul-2024,1192.0,PRD-101,EG,4,1395.92,1139
INV-2024-68611,2025-09-15,1474.0,PRD-148,AE,7,1505.37,1238
INV-2024-52650,2024-07-23,1127.0,PRD-116,SA,7,1642.14,1280
INV-2024-42426,2024-09-26,1357.0,PRD-106,AE,5,2435.23,1711
INV-2024-96824,2025-06-19,1114.0,PRD-161,EG,8,558.96,478
INV-2024-65687,2024/07/25,1045.0,PRD-136,EG,6,72.94,52
INV-2024-25180,2025-01-01,1112.0,PRD-150,AE,3,2558.68,1710
INV-2024-33094,2025-12-21,1430.0,PRD-133,SA,1,822.02,693
INV-2024-70913,2025-02-23,1209.0,PRD-119,EG,6,1362.34,1107
INV-2024-51799,2024-10-29,1324.0,PRD-158,AE,10,1141.43,934
INV-2024-96587,2024-06-13,,PRD-138,SA,7,1255.89,1006
INV-2024-24881,2024-02-10,1137.0,PRD-155,SA,7,2365.51,1818
INV-2024-55557,2025-07-15,1127.0,PRD-105,SA,4,2598.38,1792
INV-2024-62178,2025-05-23,1463.0,PRD-118,AE,8,649.88,452
INV-2024-26784,2024-07-31,1136.0,PRD-161,AE,2,1000.94,737
INV-2024-73404,2025-12-05,1363.0,PRD-107,AE,10,904.9,630
INV-2024-74117,2025-05-07,1028.0,PRD-109,EG,2,112.78,93
INV-2024-88781,2024-12-04,1224.0,PRD-163,AE,1,1487.3,1039
INV-2024-64002,2024-08-28,1350.0,PRD-115,SA,10,858.17,721
INV-2024-40783,2024-01-03,1266.0,PRD-139,SA,5,1840.5,1262
INV-2024-13796,2024/01/14,1290.0,PRD-161,EG,8,617.78,464
INV-2024-48132,2025-11-18,1442.0,PRD-131,AE,1,1090.8,924
INV-2024-45117,2024-04-01,1111.0,PRD-133,AE,6,1400.96,965
INV-2024-76517,2024-04-23,1139.0,PRD-148,EG,8,1534.22,1131
INV-2024-38194,2025-08-10,1012.0,PRD-144,SA,6,2008.01,1419
INV-2024-63609,16-Nov-2025,1210.0,PRD-124,AE,1,608.96,430
INV-2024-17969,2025-05-20,1372.0,PRD-104,EG,7,2418.57,1812
INV-2024-83696,2024-06-01,1222.0,PRD-143,JO,8,228.07,173
INV-2024-52361,2024-04-02,1483.0,PRD-116,SA,3,1551.26,1278
INV-2024-44289,2025-06-07,1473.0,PRD-152,SA,2,2227.23,1816
INV-2024-98472,2024-03-17,1066.0,PRD-115,EG,4,1386.36,1057
INV-2024-51630,2024-04-13,1307.0,PRD-147,EG,10,1660.48,1116
INV-2024-63900,2024-09-19,1359.0,PRD-114,JO,4,2810.03,1912
INV-2024-61298,2025-10-21,1211.0,PRD-164,EG,9,1110.48,963
INV-2024-67927,2024-08-24,1399.0,PRD-165,AE,1,1422.91,1052
INV-2024-65731,2025/04/12,1322.0,PRD-106,EG,7,2446.46,1780
INV-2024-62255,2024-10-30,1454.0,PRD-116,EG,1,2243.04,1726
INV-2024-44170,2024-09-27,1254.0,PRD-106,EG,1,1309.34,981
INV-2024-17160,2025-04-20,1226.0,PRD-139,SA,9,1923.4,1546
INV-2024-45168,2024-02-21,1413.0,PRD-126,JO,1,639.33,516
INV-2024-73636,2024-04-12,1237.0,PRD-145,EG,4,1380.97,936
INV-2024-38697,2024-06-27,1338.0,PRD-143,EG,5,2029.82,1463
INV-2024-54543,2024-02-10,1450.0,PRD-138,EG,5,1577.73,1320
INV-2024-93396,2024-10-24,1264.0,PRD-124,SA,1,1508.73,1308
INV-2024-15980,2025-01-03,1444.0,PRD-116,SA,8,1721.77,1184
INV-2024-50437,2025-11-24,1126.0,PRD-165,AE,7,2534.21,1695
INV-2024-68672,2024-11-16,1379.0,PRD-132,SA,2,1224.5,926
INV-2024-63714,2025-03-12,1383.0,PRD-142,SA,10,1553.78,1079
INV-2024-39007,2024-04-28,1137.0,PRD-134,EG,1,1586.4,1178
INV-2024-85039,2024-04-07,1381.0,PRD-141,JO,10,568.77,491
INV-2024-31828,2024/02/16,,PRD-124,EG,1,1361.0,994
INV-2024-80256,2024-01-10,1224.0,PRD-148,EG,1,2491.35,1780
INV-2024-37027,2024-05-21,1080.0,PRD-144,SA,7,1804.01,1318
INV-2024-91957,2025-11-10,1064.0,PRD-107,SA,6,458.38,375
INV-2024-24459,2025-10-24,1461.0,PRD-105,SA,3,1915.78,1293
INV-2024-90386,2024-06-23,1196.0,PRD-152,SA,4,576.42,498
INV-2024-90052,2024-12-02,1467.0,PRD-122,AE,4,1133.31,783
INV-2024-53212,2025-01-01,1181.0,PRD-152,EG,5,83.58,56
INV-2024-26936,2025-03-24,1226.0,PRD-104,AE,10,1854.49,1366
INV-2024-89293,2025-09-28,1141.0,PRD-146,SA,1,2058.46,1697
INV-2024-80748,2024-10-01,1107.0,PRD-160,SA,3,121.49,102
INV-2024-12610,2024-04-05,1111.0,PRD-146,SA,2,1779.64,1193
INV-2024-12767,2025-01-16,1003.0,PRD-142,EG,1,774.24,648
INV-2024-59700,2024-12-16,1341.0,PRD-111,AE,9,468.69,336
INV-2024-21829,2024-07-06,1478.0,PRD-150,SA,9,441.28,308
INV-2024-53684,2024/04/26,1155.0,PRD-108,EG,9,2196.14,1840
INV-2024-56229,2025-02-14,1291.0,PRD-105,SA,4,2847.88,1913
INV-2024-82468,2025-02-13,1153.0,PRD-145,JO,9,893.38,639
INV-2024-18318,2025-04-12,1469.0,PRD-128,SA,9,1024.59,785
INV-2024-95843,2024-10-05,1308.0,PRD-163,JO,8,2274.62,1862
INV-2024-16450,2025-01-29,1139.0,PRD-120,EG,6,1882.08,1356
INV-2024-77980,2025-12-07,1270.0,PRD-131,EG,2,1184.9,817
INV-2024-37585,2025-05-04,1249.0,PRD-121,EG,3,2511.32,1810
INV-2024-57460,2025-03-07,1224.0,PRD-118,SA,5,2145.67,1794
INV-2024-80185,2025-10-26,1445.0,PRD-146,EG,2,1375.58,1083
INV-2024-36009,19-Jun-2024,1187.0,PRD-147,EG,8,1885.23,1454
INV-2024-30577,2024-04-25,1173.0,PRD-111,JO,6,1468.25,1261
INV-2024-80215,2024-05-15,1480.0,PRD-107,AE,9,409.45,303
INV-2024-61842,2025-12-13,1433.0,PRD-143,AE,5,826.03,586
INV-2024-40059,2024-03-01,1199.0,PRD-159,EG,2,2047.36,1432
INV-2024-48035,2024/06/12,1423.0,PRD-102,EG,5,1477.1,1099
INV-2024-31155,2024-04-16,1454.0,PRD-115,EG,6,1809.46,1559
INV-2024-59005,2025-03-02,1336.0,PRD-118,AE,5,827.22,640
INV-2024-53450,2025-08-27,1022.0,PRD-138,JO,4,2441.53,1928
INV-2024-64184,2025-05-09,1478.0,PRD-157,SA,7,1872.53,1269
INV-2024-38261,2025-08-05,1402.0,PRD-145,EG,6,1785.99,1281
INV-2024-82476,2025-11-25,1189.0,PRD-127,SA,6,1449.69,1091
INV-2024-42598,2025-03-24,1260.0,PRD-108,EG,3,1695.58,1409
INV-2024-11787,2024-07-04,1398.0,PRD-157,EG,6,867.49,664
INV-2024-14728,2025-09-17,1322.0,PRD-158,SA,8,2594.95,1962
INV-2024-12625,2025-01-23,,PRD-148,AE,3,1008.23,807
INV-2024-79016,2025-01-02,1065.0,PRD-116,EG,4,1441.16,1103
INV-2024-23437,2025-09-18,1378.0,PRD-137,EG,10,2456.44,1713
INV-2024-75732,2024-01-30,1306.0,PRD-162,JO,8,1524.17,1310
INV-2024-62158,2025-12-01,1032.0,PRD-164,EG,5,2329.12,1840
INV-2024-73556,2024/05/13,1308.0,PRD-147,EG,5,1687.7,1171
INV-2024-15542,2025-05-09,1237.0,PRD-154,EG,5,2716.82,1938
INV-2024-30571,2025-05-14,1224.0,PRD-114,EG,7,391.34,321
INV-2024-47105,2024-04-25,1404.0,PRD-144,EG,7,2022.83,1399
INV-2024-49513,2025-02-25,1079.0,PRD-116,AE,6,1077.34,795
INV-2024-13177,27-Mar-2025,1462.0,PRD-144,EG,1,2362.51,1954
INV-2024-40147,2024-02-17,1221.0,PRD-158,SA,8,806.0,589
INV-2024-92779,2024-03-05,1193.0,PRD-103,SA,5,431.41,303
INV-2024-42415,2024-09-24,1252.0,PRD-120,SA,3,1900.59,1441
INV-2024-14427,2025-11-01,1102.0,PRD-147,AE,2,2471.89,1979
INV-2024-45711,2024-11-17,1486.0,PRD-148,AE,2,2013.41,1470
INV-2024-26206,2024-01-13,1053.0,PRD-136,EG,8,2811.56,1906
INV-2024-59526,2025-12-22,1029.0,PRD-107,AE,6,934.78,629
INV-2024-95888,2025-11-25,1285.0,PRD-144,SA,4,2087.38,1668
INV-2024-62527,2025-06-21,1319.0,PRD-146,JO,6,2691.36,1868
INV-2024-27195,2025/08/13,1411.0,PRD-156,SA,3,390.81,301
INV-2024-45389,2025-08-01,1105.0,PRD-128,JO,6,2496.45,1676
INV-2024-21130,2024-08-17,1359.0,PRD-162,AE,7,1194.0,899
INV-2024-20030,2025-11-16,1389.0,PRD-146,EG,1,997.82,667
INV-2024-19684,2024-12-12,1016.0,PRD-112,SA,9,1279.79,904
INV-2024-76127,2025-06-15,1151.0,PRD-107,JO,4,278.94,212
INV-2024-64444,2025-06-19,1467.0,PRD-148,AE,6,1897.61,1443
INV-2024-12641,2025-12-05,1393.0,PRD-142,EG,3,329.93,241
INV-2024-11932,2025-12-18,1299.0,PRD-159,AE,4,651.14,506
INV-2024-81001,2025-09-25,1455.0,PRD-150,EG,1,2430.4,1644
INV-2024-89281,2024-04-07,1446.0,PRD-132,EG,2,1968.17,1418
INV-2024-29902,2025-03-19,1269.0,PRD-105,SA,10,2474.66,1859
INV-2024-22524,2025-11-08,1280.0,PRD-165,EG,6,1905.35,1373
INV-2024-87095,2024-09-11,1018.0,PRD-112,AE,6,1156.91,811
INV-2024-61265,2025-05-08,1306.0,PRD-126,EG,2,285.07,240
INV-2024-35465,2024/12/20,1089.0,PRD-127,AE,1,492.28,381
INV-2024-89389,2025-11-10,1017.0,PRD-107,EG,10,1824.68,1500
INV-2024-50919,2025-11-23,1363.0,PRD-131,EG,4,2667.07,1976
INV-2024-52431,2025-10-18,1256.0,PRD-132,EG,10,166.42,137
INV-2024-65725,2025-01-29,1341.0,PRD-101,EG,4,1564.26,1162
INV-2024-77155,2024-06-01,,PRD-158,EG,3,2733.59,1982
INV-2024-13071,2025-07-25,1287.0,PRD-109,EG,9,1602.14,1309
INV-2024-49603,2025-09-19,1146.0,PRD-139,SA,8,1319.83,1114
INV-2024-45920,2024-02-25,1396.0,PRD-153,EG,8,1207.52,935
INV-2024-70149,2024-01-12,1451.0,PRD-135,SA,3,1801.77,1563
INV-2024-36563,2025-10-20,1154.0,PRD-130,EG,9,1752.39,1482
INV-2024-23065,2024-06-09,1096.0,PRD-138,AE,7,1177.1,940
INV-2024-44638,2025-06-01,1077.0,PRD-136,JO,7,844.91,678
INV-2024-95989,2025-04-25,1132.0,PRD-104,SA,8,1852.87,1377
INV-2024-85523,2025-05-22,1390.0,PRD-122,EG,8,1835.24,1277
INV-2024-71787,2024/06/18,1123.0,PRD-153,EG,8,1803.69,1266
INV-2024-59359,2024-03-17,1266.0,PRD-142,JO,2,2016.44,1448
INV-2024-48173,2025-05-18,1228.0,PRD-161,EG,5,828.88,608
INV-2024-66299,2024-11-24,1160.0,PRD-122,EG,7,1473.23,1128
INV-2024-22197,2024-09-03,1157.0,PRD-112,EG,5,1200.0,836
INV-2024-39131,2024-12-04,1407.0,PRD-128,EG,10,1831.68,1312
INV-2024-63258,2024-10-11,1048.0,PRD-132,EG,6,1040.23,726
INV-2024-83530,2024-02-21,1160.0,PRD-152,AE,3,615.74,451
INV-2024-46511,2025-06-03,1483.0,PRD-102,EG,3,1709.7,1333
INV-2024-73353,2024-08-16,1434.0,PRD-102,SA,9,2658.0,1972
INV-2024-47279,17-Jul-2025,1138.0,PRD-149,EG,10,1087.23,845
INV-2024-79888,2025-10-20,1491.0,PRD-109,EG,2,2099.29,1404
INV-2024-76400,2025-01-22,1430.0,PRD-124,JO,3,1750.94,1230
INV-2024-42062,2025-02-16,1125.0,PRD-119,EG,3,764.16,595
INV-2024-60123,2024-08-28,1071.0,PRD-163,AE,3,2218.71,1899
INV-2024-12256,2024/03/21,1107.0,PRD-160,SA,4,1460.34,1045
INV-2024-75147,2025-04-15,1028.0,PRD-135,EG,7,2005.2,1433
INV-2024-61595,2025-03-30,1264.0,PRD-127,JO,7,1555.87,1057
INV-2024-58855,2025-08-09,1254.0,PRD-142,EG,9,642.41,550
INV-2024-81641,2025-04-03,1404.0,PRD-134,AE,6,976.55,721
INV-2024-24195,2024-03-31,1346.0,PRD-142,EG,8,1813.44,1406
INV-2024-69279,2025-05-25,1423.0,PRD-148,AE,8,1385.1,1078
INV-2024-39368,2025-04-02,1028.0,PRD-101,EG,6,868.38,740
INV-2024-85743,2024-11-19,1470.0,PRD-117,SA,7,1911.87,1354
INV-2024-13262,2024-05-01,1134.0,PRD-155,AE,5,2688.5,1976
INV-2024-62081,2025-05-24,1496.0,PRD-128,JO,7,2363.57,1924
INV-2024-40423,2025-10-31,1019.0,PRD-160,JO,6,1058.13,891
INV-2024-68600,2024-01-19,1182.0,PRD-156,AE,4,2298.89,1857
INV-2024-58473,2024-04-15,1091.0,PRD-133,AE,1,219.13,175
INV-2024-72495,2025-02-17,1351.0,PRD-112,EG,9,1217.64,933
INV-2024-83813,2025/02/26,,PRD-159,EG,2,2330.39,1822
INV-2024-24280,2024-02-06,1128.0,PRD-107,EG,6,300.26,219
INV-2024-94255,2025-07-24,1293.0,PRD-112,EG,9,1053.78,761
INV-2024-50712,2025-07-16,1412.0,PRD-103,EG,6,1136.18,887
INV-2024-53572,2024-01-01,1121.0,PRD-113,SA,4,1017.47,698
INV-2024-28844,03-Apr-2024,1026.0,PRD-141,EG,9,313.52,229
INV-2024-92564,2025-09-10,1468.0,PRD-125,SA,3,2132.38,1755
INV-2024-20962,2025-09-25,1445.0,PRD-165,EG,8,2454.82,1891
INV-2024-22502,2025-10-14,1096.0,PRD-127,EG,8,1933.53,1425
INV-2024-83516,2024-11-07,1400.0,PRD-107,SA,5,382.65,313
INV-2024-32184,2025-06-04,1001.0,PRD-113,AE,7,195.78,133
INV-2024-37221,2025-07-29,1316.0,PRD-165,AE,2,2240.74,1558
INV-2024-74200,2024-07-30,1020.0,PRD-106,SA,6,428.8,359
INV-2024-87779,2025-11-01,1271.0,PRD-111,EG,5,1002.68,765
INV-2024-42763,2025-11-18,1298.0,PRD-138,SA,7,1080.78,791
INV-2024-20995,2025/04/12,1171.0,PRD-103,EG,3,1177.45,1018
INV-2024-28524,2024-12-15,1180.0,PRD-124,EG,10,1716.3,1320
INV-2024-62847,2025-01-07,1411.0,PRD-115,SA,5,619.05,491
INV-2024-90804,2024-02-25,1421.0,PRD-165,EG,4,177.55,141
INV-2024-72064,2024-08-16,1322.0,PRD-101,EG,8,1449.64,1031
INV-2024-78603,2025-04-10,1064.0,PRD-147,JO,4,171.58,132
INV-2024-84270,2024-12-05,1305.0,PRD-102,JO,3,2757.48,1887
INV-2024-40465,2025-07-27,1056.0,PRD-118,EG,7,1592.93,1175
INV-2024-17724,2025-09-26,1174.0,PRD-137,EG,4,2274.53,1735
INV-2024-74673,2025-09-06,1229.0,PRD-137,EG,4,2117.07,1758
INV-2024-43033,2025-04-29,1126.0,PRD-137,EG,2,1550.06,1298
INV-2024-63983,2025-11-03,1128.0,PRD-137,JO,2,539.94,417
INV-2024-50823,2025-01-07,1180.0,PRD-153,EG,7,2099.57,1802
INV-2024-54285,2025-04-08,1104.0,PRD-129,AE,7,332.9,227
INV-2024-29741,2024-04-26,1174.0,PRD-146,EG,9,123.17,95
INV-2024-14785,2024/04/09,1129.0,PRD-119,JO,8,907.8,717
INV-2024-52132,2025-11-05,1216.0,PRD-120,EG,8,2367.23,1975
INV-2024-84096,2024-08-15,1346.0,PRD-107,AE,4,1204.38,879
INV-2024-88476,2024-01-03,1383.0,PRD-161,EG,1,450.35,344
INV-2024-63285,2024-12-15,1058.0,PRD-141,SA,1,94.98,65
INV-2024-10730,2024-12-29,1463.0,PRD-146,EG,7,1553.03,1176
INV-2024-45146,2025-10-10,1297.0,PRD-155,EG,1,922.21,703
INV-2024-37423,2024-10-25,1396.0,PRD-110,JO,2,488.16,414
INV-2024-83716,2025-07-14,1435.0,PRD-112,JO,7,1423.78,979
INV-2024-74058,2025-06-18,1415.0,PRD-126,AE,3,693.81,543
INV-2024-81511,2025-01-17,,PRD-125,SA,4,2238.27,1606
INV-2024-75511,2025-12-19,1009.0,PRD-130,AE,6,811.93,608
INV-2024-51027,2024-04-18,1496.0,PRD-141,EG,2,2666.5,1833
INV-2024-95460,2024-02-16,1243.0,PRD-143,EG,1,2459.6,1885
INV-2024-40898,2024-06-17,1097.0,PRD-138,EG,3,2152.47,1812
INV-2024-52183,2025/05/19,1017.0,PRD-130,SA,3,733.15,605
INV-2024-70472,2024-05-23,1212.0,PRD-134,EG,9,2096.91,1655
INV-2024-73307,2025-02-23,1379.0,PRD-143,EG,2,1418.12,1224
INV-2024-77427,2024-04-19,1156.0,PRD-105,SA,2,2562.4,1803
INV-2024-82719,2024-09-17,1166.0,PRD-109,AE,5,1544.1,1164
INV-2024-20673,2025-09-17,1051.0,PRD-141,EG,1,1585.9,1292
INV-2024-23768,2024-07-19,1201.0,PRD-137,EG,6,1893.44,1531
INV-2024-65797,2024-07-11,1104.0,PRD-154,EG,4,79.41,63
INV-2024-20158,2024-05-03,1359.0,PRD-148,EG,5,585.56,446
INV-2024-59241,2025-02-06,1002.0,PRD-107,EG,10,2313.95,1728
INV-2024-26683,08-Aug-2024,1062.0,PRD-137,SA,7,2438.29,1629
INV-2024-11785,2025-04-13,1231.0,PRD-130,SA,8,160.75,117
INV-2024-31245,2024-07-14,1050.0,PRD-119,SA,8,102.24,71
INV-2024-78149,2024-12-12,1226.0,PRD-135,EG,1,397.94,277
INV-2024-25922,2024-04-20,1361.0,PRD-144,AE,10,533.22,397
INV-2024-31783,2025/02/28,1442.0,PRD-129,EG,4,2842.33,1935
INV-2024-35869,2024-02-17,1048.0,PRD-161,SA,8,1969.89,1364
INV-2024-67357,2025-10-10,1195.0,PRD-148,AE,9,356.02,272
INV-2024-24898,2025-11-19,1192.0,PRD-157,EG,1,1056.53,776
INV-2024-15119,2025-08-25,1488.0,PRD-164,EG,4,2076.05,1461
INV-2024-65598,2024-05-06,1016.0,PRD-131,AE,2,232.13,167
INV-2024-74904,2025-04-06,1457.0,PRD-147,EG,10,314.05,221
INV-2024-32376,2025-04-13,1127.0,PRD-125,SA,2,1422.55,1049
INV-2024-92072,2025-11-05,1148.0,PRD-149,EG,8,142.49,107
INV-2024-78758,2025-08-26,1371.0,PRD-133,SA,5,177.33,138
INV-2024-73857,2025-05-31,1476.0,PRD-138,EG,6,2097.9,1745
INV-2024-28332,2024-05-17,1293.0,PRD-143,EG,4,2826.55,1957
INV-2024-81707,2025-05-25,1011.0,PRD-160,SA,8,2655.12,1795
INV-2024-64807,2024-01-05,1443.0,PRD-149,EG,6,85.16,63
INV-2024-62350,2025-06-27,1093.0,PRD-151,EG,1,1351.68,1010
INV-2024-11213,2024/02/19,1218.0,PRD-142,EG,3,2050.76,1386
INV-2024-48895,2025-07-20,1231.0,PRD-124,EG,2,1711.77,1239
INV-2024-25411,2025-03-19,1211.0,PRD-121,EG,1,1919.23,1606
INV-2024-67079,2025-08-22,1404.0,PRD-150,EG,2,401.22,298
INV-2024-48564,2025-05-09,1379.0,PRD-103,JO,2,155.63,104
INV-2024-98694,04-Jun-2025,,PRD-129,EG,1,1725.72,1253
INV-2024-45534,2024-06-30,1433.0,PRD-136,SA,10,81.8,57
INV-2024-78482,2025-12-09,1335.0,PRD-109,EG,8,175.07,150
INV-2024-52255,2025-08-15,1070.0,PRD-126,EG,8,1890.45,1463
INV-2024-90622,2024-06-26,1271.0,PRD-122,JO,1,1113.76,755
INV-2024-58710,2024-05-11,1239.0,PRD-160,EG,8,2373.07,1793
INV-2024-83899,2024-04-16,1044.0,PRD-107,JO,5,1930.99,1424
INV-2024-95225,2025-01-31,1358.0,PRD-118,EG,7,1299.3,1087
INV-2024-31750,2025-11-04,1054.0,PRD-113,AE,10,957.64,737
INV-2024-28548,2025-09-06,1157.0,PRD-152,SA,7,159.16,107
INV-2024-48036,2025/09/12,1104.0,PRD-158,AE,6,1617.59,1267
INV-2024-78583,2024-11-25,1304.0,PRD-115,SA,3,412.84,355
INV-2024-99787,2025-05-31,1498.0,PRD-116,SA,4,1037.52,804
INV-2024-36799,2025-01-28,1409.0,PRD-159,EG,5,2065.03,1546
INV-2024-90478,2025-03-04,1181.0,PRD-123,EG,1,197.22,149
INV-2024-58660,2025-09-15,1218.0,PRD-114,JO,8,1962.68,1579
INV-2024-78076,2025-12-10,1328.0,PRD-154,EG,8,558.09,437
INV-2024-89235,2024-09-11,1283.0,PRD-116,EG,3,1839.05,1546
INV-2024-42930,2024-10-07,1135.0,PRD-164,AE,9,1435.94,970
INV-2024-71880,2025-02-11,1256.0,PRD-137,EG,8,1595.0,1293
INV-2024-70670,2024-12-17,1336.0,PRD-143,JO,9,830.99,678
INV-2024-37606,2024-10-28,1191.0,PRD-131,AE,7,1740.72,1287
INV-2024-53276,2025-04-08,1385.0,PRD-161,SA,2,525.64,413
INV-2024-27739,2024-05-16,1432.0,PRD-105,AE,2,1588.51,1302
INV-2024-31527,2024-05-21,1457.0,PRD-149,EG,5,1266.96,922
INV-2024-78731,2025/02/26,1077.0,PRD-116,EG,7,2257.66,1708
INV-2024-72111,2025-09-08,1292.0,PRD-112,SA,7,1686.45,1248
INV-2024-11287,2025-12-17,1190.0,PRD-127,EG,4,1673.77,1439
INV-2024-51640,2025-06-08,1126.0,PRD-110,AE,9,1383.89,1029
INV-2024-64565,2024-11-02,1165.0,PRD-106,JO,7,1359.12,1136
INV-2024-33491,2025-12-19,1192.0,PRD-162,SA,4,673.14,532
INV-2024-29706,2025-07-14,1092.0,PRD-143,EG,7,1769.14,1462
INV-2024-71668,2024-11-17,1307.0,PRD-118,JO,5,2198.36,1638
INV-2024-18788,2025-12-29,1130.0,PRD-163,SA,8,1291.22,1082
INV-2024-10734,2025-07-20,1286.0,PRD-124,SA,3,1187.21,875
INV-2024-50873,2025-10-09,1149.0,PRD-126,EG,6,392.47,300
INV-2024-34598,2024-08-10,1410.0,PRD-122,JO,3,447.73,331
INV-2024-36118,2024-07-24,1226.0,PRD-111,SA,8,1424.62,1095
INV-2024-22300,2024-08-02,1407.0,PRD-102,AE,4,1669.96,1212
INV-2024-80481,2025-10-01,1192.0,PRD-157,AE,1,880.99,697
INV-2024-70108,2024/10/24,,PRD-162,EG,8,2023.16,1534
INV-2024-53389,2025-12-04,1235.0,PRD-111,SA,5,549.17,467
INV-2024-22414,2024-12-19,1343.0,PRD-117,AE,5,606.47,483
INV-2024-18009,2025-11-19,1106.0,PRD-141,EG,6,738.59,557
INV-2024-91916,2024-05-15,1036.0,PRD-110,AE,6,1353.31,1063
INV-2024-71432,2025-12-28,1461.0,PRD-119,JO,8,435.5,373
INV-2024-87916,2025-10-27,1264.0,PRD-135,SA,1,2210.99,1551
INV-2024-30506,2024-07-01,1303.0,PRD-149,AE,6,1338.15,973
INV-2024-18751,2025-05-30,1096.0,PRD-154,AE,10,700.91,575
INV-2024-55934,2025-07-09,1209.0,PRD-113,AE,9,1202.79,823
INV-2024-93406,11-Dec-2025,1500.0,PRD-159,EG,1,2266.24,1701
INV-2024-83289,2025-10-14,1167.0,PRD-141,EG,1,1172.17,868
INV-2024-39626,2024-11-26,1117.0,PRD-135,SA,10,2010.25,1367
INV-2024-55214,2025-12-28,1411.0,PRD-135,SA,2,246.53,173
INV-2024-92420,2024-04-28,1009.0,PRD-109,SA,5,504.72,348
INV-2024-11851,2024/12/26,1134.0,PRD-161,AE,10,566.08,445
INV-2024-35249,2025-07-29,1059.0,PRD-120,EG,1,388.01,268
INV-2024-45989,2025-05-06,1259.0,PRD-110,SA,9,2536.65,1846
INV-2024-47249,2025-08-19,1313.0,PRD-154,EG,10,1621.65,1363
INV-2024-65858,2025-08-07,1391.0,PRD-120,AE,10,706.23,552
INV-2024-86607,2025-11-14,1108.0,PRD-142,SA,9,968.73,678
INV-2024-50075,2025-12-28,1052.0,PRD-110,EG,2,1001.59,715
INV-2024-58139,2025-03-03,1438.0,PRD-105,EG,4,868.74,663
INV-2024-91854,2025-11-21,1028.0,PRD-151,AE,2,2735.18,1833
INV-2024-62857,2025-06-30,1147.0,PRD-153,SA,3,1017.44,837
INV-2024-43390,2024-10-19,1466.0,PRD-143,EG,6,817.57,631
INV-2024-83546,2025-03-08,1002.0,PRD-121,JO,3,435.09,302
INV-2024-80912,2024-01-14,1364.0,PRD-144,AE,5,2153.24,1674
INV-2024-94095,2025-06-19,1074.0,PRD-122,JO,4,1519.48,1216
INV-2024-96424,2024-04-19,1429.0,PRD-163,SA,2,2072.13,1587
INV-2024-36553,2024/01/26,1118.0,PRD-138,SA,5,1076.04,838
INV-2024-20154,2025-01-25,1471.0,PRD-108,AE,10,2469.83,1946
INV-2024-87678,2024-05-28,1242.0,PRD-134,SA,1,2108.47,1526
INV-2024-29978,2024-02-24,1026.0,PRD-154,AE,4,2627.94,1947
INV-2024-23497,2025-11-17,1027.0,PRD-110,EG,8,1847.43,1233
INV-2024-38369,27-Feb-2024,1056.0,PRD-146,SA,7,555.41,438
INV-2024-46698,2024-07-23,1133.0,PRD-110,EG,2,1896.88,1565
INV-2024-33373,2024-09-30,1085.0,PRD-122,EG,5,1598.16,1346
INV-2024-44463,2024-06-13,1205.0,PRD-144,EG,2,1109.31,834
INV-2024-83880,2024-10-20,1224.0,PRD-144,EG,5,2031.11,1410
INV-2024-23411,2025-11-30,,PRD-143,JO,2,542.08,442
INV-2024-26607,2024-09-13,1223.0,PRD-126,EG,7,1104.95,786
INV-2024-78461,2024-05-29,1072.0,PRD-102,SA,9,1115.41,747
INV-2024-86980,2024-03-04,1169.0,PRD-109,AE,7,2089.51,1476
INV-2024-94519,2025-12-08,1283.0,PRD-141,SA,2,1306.18,949
INV-2024-60193,2024/10/29,1342.0,PRD-113,EG,6,2023.55,1538
INV-2024-53274,2024-07-27,1290.0,PRD-122,AE,1,1886.44,1491
INV-2024-85452,2025-07-08,1304.0,PRD-139,SA,3,469.63,398
INV-2024-87616,2024-02-03,1330.0,PRD-115,AE,2,1726.25,1382
INV-2024-89269,2025-01-02,1258.0,PRD-135,AE,2,765.43,644
INV-2024-46338,2025-04-08,1385.0,PRD-101,JO,2,707.68,493
INV-2024-90725,2024-04-14,1356.0,PRD-147,SA,7,2562.11,1895
INV-2024-97621,2025-09-22,1298.0,PRD-125,EG,2,915.86,632
INV-2024-72050,2025-11-22,1165.0,PRD-153,SA,3,89.49,61
INV-2024-37434,2025-07-29,1421.0,PRD-121,EG,1,354.35,271
INV-2024-32033,2024-08-17,1078.0,PRD-106,AE,1,1931.87,1318
INV-2024-10350,2025-10-24,1360.0,PRD-139,EG,5,1287.14,942
INV-2024-40386,2025-07-28,1263.0,PRD-165,EG,9,1097.47,850
INV-2024-38369,2025-02-02,1279.0,PRD-139,AE,2,1962.9,1465
INV-2024-21971,2024-08-31,1096.0,PRD-160,SA,10,377.15,305
INV-2024-90599,2025/06/07,1235.0,PRD-150,EG,6,2716.5,1994
INV-2024-29200,2025-12-13,1468.0,PRD-114,SA,7,1023.03,689
INV-2024-28786,2024-10-21,1466.0,PRD-116,AE,6,630.0,441
INV-2024-31603,2025-12-10,1287.0,PRD-115,EG,1,2221.03,1877
INV-2024-72320,2025-11-11,1032.0,PRD-125,AE,9,1012.5,694
INV-2024-10032,2024-02-18,1053.0,PRD-128,EG,6,1258.64,874
INV-2024-52380,2025-01-25,1455.0,PRD-122,AE,4,780.64,643
INV-2024-20195,2025-01-31,1479.0,PRD-133,AE,1,1837.39,1539
INV-2024-16840,2025-03-02,1203.0,PRD-133,EG,3,2549.39,1980
INV-2024-27953,2025-12-02,1323.0,PRD-111,SA,4,1986.39,1648
INV-2024-77070,2024-11-16,1161.0,PRD-118,EG,4,2839.81,1969
INV-2024-67630,2025-07-19,1082.0,PRD-133,AE,4,1491.83,1149
INV-2024-65758,2024-02-25,1417.0,PRD-106,SA,8,1310.4,1020
INV-2024-97142,2024-01-14,1396.0,PRD-140,SA,3,1938.03,1317
INV-2024-71825,2024-09-14,1334.0,PRD-126,EG,10,2123.7,1588
INV-2024-52872,2024/07/26,1363.0,PRD-155,EG,7,2514.48,1913
INV-2024-49656,2025-09-27,1498.0,PRD-107,EG,9,2163.32,1485
INV-2024-75585,2025-03-29,1250.0,PRD-164,EG,3,236.27,203
INV-2024-25374,2024-08-18,1092.0,PRD-144,SA,5,2470.15,1776
INV-2024-41558,2025-10-10,1124.0,PRD-103,AE,4,1721.7,1481
INV-2024-83419,2025-12-22,,PRD-148,SA,2,122.39,88
INV-2024-61543,2025-12-27,1495.0,PRD-164,SA,3,900.52,630
INV-2024-59454,2025-10-25,1177.0,PRD-118,JO,5,551.75,424
INV-2024-60532,2025-01-11,1454.0,PRD-138,AE,2,1331.73,944
INV-2024-72190,2025-08-25,1304.0,PRD-127,JO,3,1565.3,1044
INV-2024-56529,13-Jul-2025,1386.0,PRD-156,SA,4,1663.75,1239
INV-2024-50863,2025-09-09,1113.0,PRD-124,EG,9,1655.92,1396
INV-2024-78417,2024-07-20,1408.0,PRD-122,EG,9,1496.61,1230
INV-2024-51546,2024-07-17,1332.0,PRD-149,AE,4,1948.51,1423
INV-2024-79558,2024-10-28,1282.0,PRD-159,EG,7,1280.16,1106
INV-2024-20249,2025/04/04,1141.0,PRD-106,EG,3,2013.22,1382
INV-2024-89348,2024-06-30,1463.0,PRD-146,SA,8,2249.71,1633
INV-2024-38036,2025-11-30,1267.0,PRD-111,SA,10,1640.35,1283
INV-2024-31773,2024-03-17,1037.0,PRD-131,SA,2,1994.32,1535
INV-2024-93069,2024-07-10,1346.0,PRD-124,EG,2,1681.77,1382
INV-2024-46403,2024-06-26,1160.0,PRD-132,EG,8,1783.02,1524
INV-2024-28728,2025-06-10,1418.0,PRD-101,SA,8,2697.9,1800
INV-2024-67310,2024-05-02,1254.0,PRD-101,JO,8,941.3,817
INV-2024-83464,2025-01-21,1290.0,PRD-139,AE,5,1890.45,1398
INV-2024-67887,2024-02-11,1102.0,PRD-152,JO,6,1261.74,984
INV-2024-74237,2025-03-14,1361.0,PRD-154,AE,7,434.23,306
INV-2024-42838,2024-10-12,1280.0,PRD-131,SA,1,2163.75,1712
INV-2024-99832,2025-07-23,1038.0,PRD-146,EG,10,2371.46,1649
INV-2024-25760,2024-09-27,1379.0,PRD-136,SA,6,873.96,619
INV-2024-83125,2024-05-13,1461.0,PRD-121,SA,6,1574.24,1243
INV-2024-67070,2024/06/13,1101.0,PRD-113,SA,4,1741.99,1499
INV-2024-95471,2025-08-21,1314.0,PRD-142,SA,2,962.27,768
INV-2024-55636,2024-09-18,1107.0,PRD-153,SA,6,403.4,274
INV-2024-33332,2024-01-06,1014.0,PRD-113,EG,10,1179.92,891
INV-2024-13315,2024-12-04,1055.0,PRD-144,SA,4,2595.4,1812
INV-2024-57931,22-Apr-2025,1118.0,PRD-155,EG,7,2036.52,1598
INV-2024-71089,2025-12-27,1483.0,PRD-102,AE,6,1802.49,1553
INV-2024-97823,2024-06-07,1252.0,PRD-109,EG,4,1556.77,1067
INV-2024-55349,2024-02-10,1073.0,PRD-119,EG,4,699.05,584
INV-2024-65584,2024-06-06,1432.0,PRD-163,SA,9,2380.95,1661
INV-2024-38020,2024-11-26,1364.0,PRD-106,SA,4,2759.77,1859
INV-2024-90868,2025-09-03,1111.0,PRD-123,SA,9,334.51,279
INV-2024-83373,2024-02-22,1226.0,PRD-111,EG,2,2663.45,1866
INV-2024-35032,2025-10-02,1181.0,PRD-130,SA,5,1867.59,1431
INV-2024-60129,2025-09-22,1450.0,PRD-141,EG,3,2063.36,1731
INV-2024-59047,2025/11/08,,PRD-121,JO,6,2694.76,1991
INV-2024-33462,2024-11-04,1388.0,PRD-132,JO,8,2692.24,1875
INV-2024-11398,2025-05-17,1045.0,PRD-110,SA,5,1864.77,1291
INV-2024-35668,2025-08-09,1123.0,PRD-127,EG,2,2181.87,1888
INV-2024-67944,2025-07-17,1207.0,PRD-165,AE,3,634.68,543
INV-2024-57315,2025-01-01,1375.0,PRD-156,EG,6,2458.3,1650
INV-2024-78944,2024-03-15,1345.0,PRD-134,SA,1,128.15,104
INV-2024-35544,2025-12-25,1261.0,PRD-113,EG,1,765.42,548
INV-2024-10735,2024-11-21,1281.0,PRD-139,JO,6,1790.21,1514
INV-2024-86832,2025-06-22,1470.0,PRD-105,EG,1,368.54,314
INV-2024-50683,2024-08-13,1156.0,PRD-120,SA,2,1852.78,1496
INV-2024-53050,2024-07-07,1230.0,PRD-112,AE,1,432.65,325
INV-2024-22334,2025-06-17,1033.0,PRD-155,SA,7,1811.1,1349
INV-2024-58348,2024-03-10,1329.0,PRD-158,EG,4,603.14,426
INV-2024-43260,2025-06-01,1291.0,PRD-137,JO,10,1613.8,1225
INV-2024-75902,2024/06/12,1108.0,PRD-102,SA,3,114.82,92
INV-2024-11703,2025-03-01,1341.0,PRD-140,SA,8,701.68,573
INV-2024-89531,2025-07-10,1158.0,PRD-127,EG,5,373.77,315
INV-2024-45786,2025-07-03,1185.0,PRD-153,SA,2,2136.81,1833
INV-2024-14394,2025-02-17,1151.0,PRD-103,SA,7,62.17,53
INV-2024-94832,2024-04-04,1057.0,PRD-138,EG,4,368.38,299
INV-2024-46038,2024-12-23,1171.0,PRD-147,EG,8,1531.32,1219
INV-2024-94105,2024-08-14,1370.0,PRD-107,AE,8,2395.38,1606
INV-2024-72748,2024-08-06,1351.0,PRD-119,EG,3,1772.94,1440
INV-2024-62205,2025-11-10,1217.0,PRD-146,EG,8,437.44,317
INV-2024-15756,2024-12-05,1194.0,PRD-163,SA,2,2006.1,1505
INV-2024-43166,2024-12-05,1367.0,PRD-164,AE,9,2756.82,1905
INV-2024-45936,2025-01-04,1252.0,PRD-159,EG,7,1442.63,1025
INV-2024-91955,2024-10-27,1443.0,PRD-148,SA,2,655.89,495
INV-2024-17500,2024-08-11,1337.0,PRD-160,EG,2,446.48,313
INV-2024-84996,2025/09/25,1273.0,PRD-111,EG,10,692.13,507
INV-2024-13988,2025-06-27,1022.0,PRD-121,EG,5,1431.35,1087
INV-2024-71709,2025-05-01,1141.0,PRD-105,AE,6,391.72,289
INV-2024-89632,2025-07-28,1175.0,PRD-141,EG,9,1311.53,889
INV-2024-92868,2025-10-26,1331.0,PRD-111,EG,8,2450.45,1746
INV-2024-69569,2024-01-10,1059.0,PRD-136,SA,9,1738.47,1187
INV-2024-74264,2024-04-27,1256.0,PRD-104,AE,10,1802.18,1396
INV-2024-32776,2025-11-15,1373.0,PRD-140,EG,1,762.66,557
INV-2024-72055,2024-12-20,1179.0,PRD-114,SA,8,2142.28,1698
INV-2024-94875,2025-04-01,1318.0,PRD-143,EG,4,2572.65,1907
INV-2024-81511,03-Sep-2024,,PRD-142,SA,7,1828.59,1525
INV-2024-23616,2025-10-19,1462.0,PRD-147,SA,5,2192.18,1744
INV-2024-15006,2025-09-20,1393.0,PRD-125,SA,4,1511.36,1245
INV-2024-58435,2025-09-28,1346.0,PRD-111,EG,10,862.94,697
INV-2024-13779,2024-09-06,1117.0,PRD-153,EG,9,1002.5,693
INV-2024-90336,2024/02/10,1005.0,PRD-159,EG,3,226.79,161
INV-2024-30079,2025-11-29,1394.0,PRD-110,EG,6,593.67,453
INV-2024-33187,2024-11-24,1096.0,PRD-136,EG,1,2130.66,1456
INV-2024-27255,2025-01-25,1350.0,PRD-146,AE,6,1929.59,1522
INV-2024-20855,2024-04-26,1345.0,PRD-129,JO,6,744.31,596
INV-2024-64994,2025-01-30,1231.0,PRD-105,JO,9,2036.58,1500
INV-2024-25653,2024-09-19,1234.0,PRD-153,AE,8,2203.26,1480
INV-2024-17346,2025-07-07,1330.0,PRD-122,SA,3,2001.36,1686
INV-2024-68114,2024-10-16,1380.0,PRD-105,AE,1,1397.26,982
INV-2024-93555,2024-01-26,1474.0,PRD-102,EG,5,133.4,94
INV-2024-18169,2025-06-13,1254.0,PRD-140,SA,2,434.26,305
INV-2024-51187,2025-01-18,1207.0,PRD-138,SA,2,1904.37,1459
INV-2024-22776,2025-06-10,1276.0,PRD-163,SA,1,2778.44,1877
INV-2024-81314,2025-06-04,1483.0,PRD-113,AE,1,2785.84,2000
INV-2024-46369,2025-04-01,1283.0,PRD-140,EG,7,1170.14,887
INV-2024-35451,2025/05/13,1132.0,PRD-154,EG,5,527.52,355
INV-2024-95865,2024-02-14,1395.0,PRD-117,JO,5,956.47,665
INV-2024-90478,2024-10-30,1031.0,PRD-164,EG,5,1613.1,1202
INV-2024-12185,2025-10-29,1043.0,PRD-161,SA,2,1963.17,1699
INV-2024-53603,2024-07-16,1258.0,PRD-116,JO,8,1428.2,1004
INV-2024-98079,24-Nov-2024,1125.0,PRD-130,SA,3,942.11,718
INV-2024-51481,2025-06-10,1355.0,PRD-107,SA,5,1753.94,1400
INV-2024-32179,2024-03-25,1238.0,PRD-104,EG,4,408.78,325
INV-2024-86919,2024-04-08,1338.0,PRD-149,EG,7,2179.6,1632
INV-2024-58005,2024-06-20,1337.0,PRD-162,AE,5,1835.46,1280
INV-2024-77677,2025-07-04,1387.0,PRD-108,SA,4,1930.44,1358
INV-2024-11857,2025-06-30,1409.0,PRD-134,SA,4,1644.8,1101
INV-2024-97096,2024-01-08,1227.0,PRD-160,EG,10,1848.01,1268
INV-2024-62844,2025-10-03,1478.0,PRD-165,EG,10,1468.75,1224
INV-2024-64575,2024-03-08,1431.0,PRD-152,JO,10,473.47,379
INV-2024-97519,2024/08/03,1145.0,PRD-103,EG,9,353.68,298
INV-2024-97771,2025-11-17,1031.0,PRD-125,SA,2,1425.11,1097
INV-2024-18058,2025-10-06,1126.0,PRD-137,EG,3,655.7,556
INV-2024-18513,2024-08-06,1473.0,PRD-134,SA,6,1873.93,1461
INV-2024-35289,2025-12-02,1050.0,PRD-148,JO,9,1983.84,1662
INV-2024-75735,2025-03-10,,PRD-160,SA,10,314.79,215
INV-2024-29334,2024-04-16,1030.0,PRD-161,EG,1,688.45,553
INV-2024-44948,2024-07-29,1139.0,PRD-159,SA,4,2228.2,1542
INV-2024-21005,2025-07-04,1455.0,PRD-146,AE,7,2361.17,1700
INV-2024-32621,2025-12-20,1015.0,PRD-138,SA,6,615.83,480
INV-2024-68117,2025-03-21,1047.0,PRD-141,AE,3,560.81,470
INV-2024-15833,2025-10-24,1133.0,PRD-144,SA,2,1588.6,1354
INV-2024-46113,2024-03-14,1328.0,PRD-104,AE,3,135.97,106
INV-2024-89761,2025-12-03,1053.0,PRD-163,SA,4,2012.21,1559
INV-2024-36041,2024-06-06,1028.0,PRD-127,EG,1,1146.46,788
INV-2024-76252,2024/01/25,1039.0,PRD-123,EG,5,714.77,592
INV-2024-63641,2025-04-15,1402.0,PRD-155,EG,8,2076.86,1389
INV-2024-32671,2024-12-05,1384.0,PRD-132,JO,6,2099.72,1721
INV-2024-93270,2024-02-08,1343.0,PRD-134,AE,3,990.6,697
INV-2024-10422,2024-03-30,1064.0,PRD-116,SA,7,404.51,272
INV-2024-50784,2024-03-16,1343.0,PRD-141,EG,10,1707.09,1219
INV-2024-45882,2024-02-25,1139.0,PRD-140,EG,3,1278.8,896
INV-2024-83473,2024-07-01,1274.0,PRD-111,AE,5,2579.51,1792
INV-2024-55964,2024-09-14,1108.0,PRD-141,SA,8,2291.9,1613
INV-2024-25429,2025-07-25,1275.0,PRD-141,EG,3,1164.55,872
INV-2024-54754,2024-03-13,1031.0,PRD-148,SA,9,333.5,268
INV-2024-71112,2025-08-11,1496.0,PRD-140,EG,1,606.18,424
INV-2024-84471,2024-08-21,1100.0,PRD-118,EG,6,1517.67,1186
INV-2024-21284,2024-09-21,1423.0,PRD-130,SA,6,1281.87,1096
INV-2024-84211,2025-02-21,1486.0,PRD-127,EG,6,2535.4,1843
INV-2024-70687,2025/02/01,1173.0,PRD-104,JO,1,2786.77,1946
INV-2024-21555,2025-04-06,1024.0,PRD-141,EG,8,2096.6,1516
INV-2024-25238,2025-10-07,1300.0,PRD-112,EG,8,2087.15,1705
INV-2024-21870,2025-02-18,1404.0,PRD-134,EG,5,2292.79,1917
INV-2024-33920,2025-03-19,1144.0,PRD-124,AE,8,1397.65,1058
INV-2024-21326,2024-11-19,1147.0,PRD-133,SA,5,1554.31,1208
INV-2024-34334,2024-01-18,1018.0,PRD-132,SA,5,1153.9,924
INV-2024-51615,2025-02-02,1025.0,PRD-107,EG,7,86.11,67
INV-2024-87483,2025-11-20,1200.0,PRD-118,EG,5,1520.78,1168
INV-2024-92132,2024-05-01,1187.0,PRD-159,SA,6,2070.14,1693
INV-2024-12635,01-Jul-2025,1304.0,PRD-160,AE,4,2420.83,1658
INV-2024-32195,2024-01-07,1463.0,PRD-146,AE,5,1985.58,1387
INV-2024-11368,2025-10-18,1299.0,PRD-103,EG,2,400.66,336
INV-2024-38511,2025-09-25,1013.0,PRD-133,SA,8,538.28,371
INV-2024-93616,2024-03-05,1415.0,PRD-133,JO,6,1886.32,1547
INV-2024-59090,2025/08/22,,PRD-156,EG,2,2079.21,1597
INV-2024-70338,2024-02-16,1073.0,PRD-129,AE,5,1171.33,1009
INV-2024-20652,2025-12-18,1204.0,PRD-119,EG,3,1090.55,788
INV-2024-42339,2024-03-15,1362.0,PRD-114,JO,8,801.84,657
INV-2024-50341,2025-01-01,1397.0,PRD-151,AE,1,592.07,495
INV-2024-99245,2025-05-29,1333.0,PRD-108,JO,4,2200.2,1585
INV-2024-94189,2024-04-18,1127.0,PRD-139,SA,10,1611.46,1091
INV-2024-35046,2024-10-23,1486.0,PRD-134,EG,5,2372.07,1970
INV-2024-27397,2025-12-03,1080.0,PRD-146,JO,4,1093.15,925
INV-2024-50696,2024-11-04,1303.0,PRD-164,EG,5,1575.95,1217
INV-2024-16990,2025-09-13,1173.0,PRD-134,EG,5,1796.15,1288
INV-2024-59716,2024-03-29,1365.0,PRD-146,AE,10,1119.84,775
INV-2024-47627,2024-10-15,1449.0,PRD-165,AE,2,528.04,404
INV-2024-33331,2025-03-24,1372.0,PRD-125,JO,2,1480.87,1059
INV-2024-46564,2025-01-25,1349.0,PRD-137,EG,3,1333.6,949
INV-2024-28405,2025/02/08,1068.0,PRD-130,AE,3,2719.61,1958
INV-2024-84060,2025-11-07,1083.0,PRD-104,AE,4,1901.34,1278
INV-2024-51358,2024-02-01,1442.0,PRD-151,EG,3,1316.47,1024
INV-2024-64261,2025-04-30,1210.0,PRD-160,EG,5,1746.76,1505
INV-2024-39617,2024-06-09,1021.0,PRD-136,EG,5,2269.98,1541
INV-2024-34673,30-Jun-2025,1340.0,PRD-144,EG,6,298.1,253
INV-2024-45756,2024-08-13,1119.0,PRD-149,JO,9,314.81,212
INV-2024-36112,2024-05-19,1180.0,PRD-103,SA,1,2359.17,1970
INV-2024-33214,2025-02-04,1273.0,PRD-117,AE,10,443.2,381
INV-2024-48657,2025-07-12,1348.0,PRD-138,JO,6,1597.3,1253
INV-2024-43994,2024-10-29,1227.0,PRD-118,EG,7,1389.73,1054
INV-2024-67619,2025-10-11,1094.0,PRD-135,AE,4,1626.12,1329
INV-2024-44674,2024-05-27,1112.0,PRD-134,SA,4,2374.89,1729
INV-2024-22112,2024-11-01,1100.0,PRD-159,AE,3,1975.81,1515
INV-2024-74210,2025-11-24,1312.0,PRD-128,EG,7,2294.55,1626
INV-2024-56550,2025/10/25,1041.0,PRD-124,JO,6,343.49,295
INV-2024-85850,2025-01-17,1195.0,PRD-118,EG,1,1372.18,1052
INV-2024-57659,2024-01-12,1035.0,PRD-122,EG,5,652.46,446
INV-2024-55725,2025-07-20,1489.0,PRD-133,AE,9,1245.7,839
INV-2024-94125,2025-07-22,1498.0,PRD-149,EG,6,717.86,493
INV-2024-78556,2024-05-24,1185.0,PRD-109,SA,6,1267.94,1025
INV-2024-68939,2024-05-06,1183.0,PRD-104,SA,3,78.07,58
INV-2024-92709,2024-02-12,1034.0,PRD-125,AE,9,1200.68,978
INV-2024-32344,2024-01-06,1027.0,PRD-147,EG,8,1620.95,1325
INV-2024-14814,2025-08-09,1240.0,PRD-130,EG,8,2578.25,1790
INV-2024-86706,2025-09-02,,PRD-130,EG,3,1715.68,1303
INV-2024-60551,2025-02-07,1456.0,PRD-125,SA,5,2332.81,1977
INV-2024-30408,2025-07-04,1265.0,PRD-140,EG,6,226.73,155
INV-2024-80510,2025-07-14,1351.0,PRD-121,EG,8,2087.96,1421
INV-2024-84542,2024-03-28,1311.0,PRD-148,EG,1,1353.77,1126
INV-2024-37611,2024/11/08,1001.0,PRD-103,EG,10,223.59,170
INV-2024-66866,2024-08-03,1015.0,PRD-123,SA,9,1905.52,1391
INV-2024-55471,2024-12-18,1447.0,PRD-111,AE,3,2801.78,1982
INV-2024-94673,2024-08-04,1178.0,PRD-136,EG,3,749.99,552
INV-2024-99393,2025-02-26,1292.0,PRD-142,SA,7,1897.23,1631
INV-2024-47839,2025-10-23,1108.0,PRD-131,SA,2,2167.78,1714
INV-2024-37190,2025-06-08,1485.0,PRD-160,SA,6,373.66,285
INV-2024-54850,2024-05-25,1405.0,PRD-158,AE,10,134.11,110
INV-2024-76029,2024-06-13,1008.0,PRD-126,SA,9,1507.09,1126
INV-2024-82300,2024-07-07,1443.0,PRD-156,SA,1,2538.31,1864
INV-2024-45251,2024-08-14,1239.0,PRD-109,EG,6,89.48,74
INV-2024-21895,2025-09-23,1063.0,PRD-136,SA,4,2270.48,1960
INV-2024-77275,2024-09-15,1263.0,PRD-157,SA,9,1211.66,916
INV-2024-37619,2024-07-17,1265.0,PRD-145,EG,8,906.23,714
INV-2024-43844,2024-04-27,1487.0,PRD-144,EG,1,1589.52,1253
INV-2024-38607,2024/07/04,1156.0,PRD-113,JO,6,173.03,138
INV-2024-71300,2025-11-18,1091.0,PRD-157,SA,4,1100.16,850
INV-2024-44189,2025-08-03,1347.0,PRD-138,SA,7,407.43,312
INV-2024-14121,2024-02-25,1220.0,PRD-165,JO,6,352.17,263
INV-2024-25112,2025-07-16,1148.0,PRD-116,AE,3,163.54,130
INV-2024-77768,2025-04-17,1334.0,PRD-129,SA,9,854.99,603
INV-2024-96288,2025-10-22,1468.0,PRD-142,AE,1,2145.94,1446
INV-2024-92721,2025-07-16,1465.0,PRD-134,AE,7,414.3,349
INV-2024-34435,2024-03-15,1134.0,PRD-150,SA,4,2446.95,1952
INV-2024-72286,2024-10-24,1440.0,PRD-126,SA,10,2376.8,1901
INV-2024-28325,18-Nov-2025,1402.0,PRD-155,EG,7,1201.31,969
INV-2024-71242,2024-03-09,1227.0,PRD-105,JO,9,2610.03,1881
INV-2024-86915,2024-09-13,1289.0,PRD-154,SA,9,2243.57,1556
INV-2024-52335,2024-04-10,1273.0,PRD-147,EG,6,1199.95,964
INV-2024-58795,2024-07-21,1491.0,PRD-110,AE,2,207.42,161
INV-2024-83894,2025/08/17,1235.0,PRD-156,SA,3,1161.29,928
INV-2024-59533,2025-05-13,1259.0,PRD-112,EG,8,1638.2,1329
INV-2024-96285,2024-12-04,1276.0,PRD-158,SA,10,2368.08,1878
INV-2024-87121,2024-12-31,1243.0,PRD-159,SA,1,294.71,198
INV-2024-14436,2024-05-11,1295.0,PRD-136,AE,4,2672.23,1849
INV-2024-52253,2025-11-18,,PRD-156,EG,5,1080.1,779
INV-2024-23711,2025-11-02,1475.0,PRD-119,AE,5,829.89,555
INV-2024-92506,2024-08-28,1280.0,PRD-157,SA,1,786.4,603
INV-2024-57039,2024-04-12,1021.0,PRD-138,EG,8,1811.9,1336
INV-2024-11035,2024-10-18,1177.0,PRD-150,JO,2,2247.21,1692
INV-2024-30807,2025-09-26,1192.0,PRD-158,SA,7,2245.92,1660
INV-2024-65234,2024-03-12,1461.0,PRD-156,EG,10,473.99,335
INV-2024-72324,2024-07-17,1343.0,PRD-129,SA,3,1499.81,1011
INV-2024-53871,2024-11-21,1398.0,PRD-144,AE,8,349.01,291
INV-2024-54128,2025-05-12,1457.0,PRD-150,EG,8,640.35,428
INV-2024-94919,2025/04/06,1437.0,PRD-120,EG,4,68.4,59
INV-2024-23134,2024-12-02,1235.0,PRD-144,EG,9,2454.57,1816
INV-2024-34525,2025-09-23,1189.0,PRD-115,EG,4,474.97,340
INV-2024-56924,2025-11-06,1175.0,PRD-124,AE,7,959.07,829
INV-2024-50144,2024-11-09,1449.0,PRD-101,SA,6,2547.28,1927
INV-2024-31331,11-Dec-2025,1209.0,PRD-128,EG,10,200.77,144
INV-2024-71189,2025-08-21,1016.0,PRD-127,EG,4,2785.77,1897
INV-2024-81667,2024-06-05,1421.0,PRD-110,EG,4,2379.25,1733
INV-2024-34400,2025-08-02,1335.0,PRD-144,JO,4,414.91,306
INV-2024-12850,2025-08-03,1223.0,PRD-142,EG,9,814.01,596
INV-2024-67541,2025-01-08,1444.0,PRD-157,JO,8,2560.59,1721
INV-2024-90820,2024-11-19,1411.0,PRD-164,SA,1,1074.49,922
INV-2024-69827,2025-03-14,1140.0,PRD-164,EG,7,364.59,253
INV-2024-87801,2024-06-21,1127.0,PRD-131,AE,8,170.72,114
INV-2024-85492,2024-01-05,1376.0,PRD-136,SA,10,297.93,212
INV-2024-67012,2024/11/16,1159.0,PRD-163,AE,5,582.39,453
INV-2024-62341,2024-09-09,1043.0,PRD-157,JO,7,713.55,538
INV-2024-72072,2024-08-14,1224.0,PRD-159,EG,3,2168.27,1841
INV-2024-41927,2025-12-30,1457.0,PRD-146,EG,8,1980.82,1499
INV-2024-43105,2025-10-18,1427.0,PRD-139,AE,1,1975.26,1563
INV-2024-58918,2025-03-22,1427.0,PRD-148,EG,9,1228.67,945
INV-2024-88766,2024-10-10,1149.0,PRD-120,EG,9,2030.94,1533
INV-2024-54286,2025-01-03,1141.0,PRD-109,EG,3,1394.75,1051
INV-2024-73249,2024-05-17,1322.0,PRD-130,EG,2,668.89,563
INV-2024-98939,2025-11-26,1257.0,PRD-165,AE,8,523.74,404
INV-2024-62579,2024-12-05,1352.0,PRD-134,EG,10,473.86,402
INV-2024-49344,2025-05-06,1070.0,PRD-121,SA,4,1853.36,1511
INV-2024-15259,2025-04-18,1063.0,PRD-121,SA,6,1714.18,1203
INV-2024-40710,2025-04-01,1237.0,PRD-102,SA,2,701.03,483
INV-2024-76448,2025-01-02,1339.0,PRD-118,EG,1,899.72,642
INV-2024-24136,2024/11/08,,PRD-134,AE,6,1189.59,909
INV-2024-65179,2025-05-13,1037.0,PRD-162,EG,6,2517.98,1749
INV-2024-65822,2025-07-18,1057.0,PRD-135,AE,8,1924.43,1381
INV-2024-45305,2024-04-21,1004.0,PRD-150,AE,5,902.15,696
INV-2024-85692,2024-06-28,1296.0,PRD-130,SA,2,2222.23,1876
INV-2024-62527,2025-10-23,1190.0,PRD-140,SA,8,1789.56,1387
INV-2024-87735,2025-09-13,1385.0,PRD-158,SA,7,2508.22,1959
INV-2024-13742,2024-03-24,1369.0,PRD-161,EG,7,1081.28,838
INV-2024-31499,2024-10-14,1247.0,PRD-133,AE,7,195.28,145
INV-2024-77135,2024-05-23,1005.0,PRD-117,AE,9,2005.12,1424
INV-2024-31808,2025-07-05,1436.0,PRD-144,EG,3,1628.16,1250
INV-2024-49397,2024-07-20,1451.0,PRD-143,SA,6,2365.15,1947
INV-2024-88230,2024-09-26,1187.0,PRD-163,JO,1,861.7,638
INV-2024-78692,2025-10-03,1271.0,PRD-164,JO,3,1701.94,1265
INV-2024-36012,2024-03-19,1074.0,PRD-163,SA,8,988.69,788
INV-2024-84447,2024/03/18,1073.0,PRD-136,SA,3,78.05,60
INV-2024-28290,2024-01-20,1355.0,PRD-147,EG,1,1312.56,898
INV-2024-27025,2025-06-03,1305.0,PRD-122,JO,9,1434.24,1007
INV-2024-96954,2025-10-08,1331.0,PRD-130,EG,9,1330.76,934
INV-2024-53666,2024-02-01,1018.0,PRD-136,SA,1,1184.16,828
INV-2024-17051,2025-08-18,1157.0,PRD-118,EG,7,2694.18,1813
INV-2024-21848,2025-08-15,1300.0,PRD-126,EG,1,667.35,553
INV-2024-50537,2025-02-18,1132.0,PRD-112,SA,4,198.52,163
INV-2024-28541,2025-08-27,1291.0,PRD-125,JO,4,783.32,545
INV-2024-55364,2024-08-05,1056.0,PRD-111,EG,2,2457.43,1690
INV-2024-70124,07-Feb-2024,1343.0,PRD-134,SA,1,1108.18,870
INV-2024-61903,2025-07-18,1273.0,PRD-165,EG,6,1002.47,752
INV-2024-31671,2024-09-23,1191.0,PRD-141,EG,3,1846.98,1476
INV-2024-70370,2025-07-10,1292.0,PRD-120,SA,7,334.08,263
INV-2024-10110,2025-07-06,1099.0,PRD-136,SA,7,1697.9,1296
INV-2024-96325,2025/04/28,1178.0,PRD-133,EG,8,2222.72,1498
INV-2024-29331,2025-10-31,1163.0,PRD-128,EG,2,2576.58,1969
INV-2024-36267,2024-06-01,1333.0,PRD-126,EG,9,1377.03,984
INV-2024-32553,2025-01-09,1337.0,PRD-112,EG,4,918.52,722
INV-2024-49489,2025-02-05,1490.0,PRD-151,JO,7,2624.41,1921
INV-2024-50308,2024-08-16,1337.0,PRD-132,JO,4,2461.16,1704
INV-2024-20534,2025-08-26,1364.0,PRD-146,EG,9,1306.47,945
INV-2024-34195,2024-10-24,1238.0,PRD-109,SA,9,2327.85,1941
INV-2024-40957,2024-05-17,1463.0,PRD-150,JO,1,1751.23,1468
INV-2024-36649,2025-04-20,1397.0,PRD-115,EG,7,390.08,314
INV-2024-67219,2025-05-28,,PRD-155,AE,10,928.73,677
INV-2024-21818,2025-06-06,1361.0,PRD-154,JO,3,1537.84,1262
INV-2024-42077,2024-04-02,1071.0,PRD-137,EG,7,1632.38,1125
INV-2024-30203,2025-02-10,1249.0,PRD-115,EG,10,1201.11,987
INV-2024-99746,2025-01-07,1290.0,PRD-162,JO,10,2788.76,1865
INV-2024-82790,2025/05/29,1417.0,PRD-112,SA,1,438.6,318
INV-2024-59054,2024-01-11,1417.0,PRD-164,EG,2,1829.02,1292
INV-2024-10648,2025-11-09,1439.0,PRD-141,EG,3,2033.02,1763
INV-2024-72566,2024-09-01,1082.0,PRD-159,SA,2,2299.2,1924
INV-2024-30883,2025-09-20,1327.0,PRD-147,SA,2,1421.87,1221
INV-2024-55182,01-Dec-2025,1461.0,PRD-136,AE,6,2210.32,1547
INV-2024-23095,2024-06-18,1424.0,PRD-122,JO,5,2571.71,1720
INV-2024-71708,2025-06-10,1214.0,PRD-135,EG,3,416.17,358
INV-2024-82067,2024-05-23,1173.0,PRD-151,SA,7,1084.99,885
INV-2024-61648,2025-04-01,1309.0,PRD-131,SA,4,1831.27,1438
INV-2024-37851,2024-06-12,1148.0,PRD-120,SA,4,1851.43,1548
INV-2024-71906,2024-07-02,1166.0,PRD-117,EG,4,1912.66,1429
INV-2024-97613,2025-08-02,1008.0,PRD-136,JO,4,218.64,159
INV-2024-59321,2025-08-02,1161.0,PRD-141,AE,10,2133.82,1599
INV-2024-70749,2025-11-06,1034.0,PRD-137,SA,5,2267.03,1880
INV-2024-41816,2024/05/29,1453.0,PRD-119,SA,5,1420.93,1133
INV-2024-22559,2025-05-10,1026.0,PRD-145,EG,8,796.93,623
INV-2024-60800,2025-01-02,1378.0,PRD-128,SA,4,2402.15,1978
INV-2024-26843,2024-02-11,1438.0,PRD-107,SA,10,2011.56,1360
INV-2024-51727,2024-08-12,1013.0,PRD-160,SA,3,736.71,592
INV-2024-27501,2025-05-14,1476.0,PRD-139,JO,4,261.8,226
INV-2024-62413,2024-08-25,1240.0,PRD-102,SA,8,341.91,247
INV-2024-52875,2024-03-05,1121.0,PRD-123,EG,6,2070.27,1488
INV-2024-47118,2024-09-27,1388.0,PRD-117,AE,8,1400.51,1022
INV-2024-98440,2025-01-13,1251.0,PRD-129,EG,7,985.6,776
INV-2024-65652,2024-08-27,1204.0,PRD-157,EG,2,1130.04,946
INV-2024-88241,2024-02-13,1244.0,PRD-146,EG,4,935.27,741
INV-2024-61622,2025-11-15,1148.0,PRD-114,SA,8,2332.6,1970
INV-2024-80007,2024-07-30,1209.0,PRD-150,AE,7,337.52,266
INV-2024-19392,2025-06-14,1298.0,PRD-132,SA,4,2392.98,1685
INV-2024-55464,2025/01/04,1311.0,PRD-117,AE,5,547.08,417
INV-2024-74003,2025-02-01,1427.0,PRD-107,SA,3,242.76,191
INV-2024-97802,2025-04-25,1107.0,PRD-113,EG,5,2535.58,1750
INV-2024-86864,2025-04-10,1292.0,PRD-132,AE,1,1137.67,944
INV-2024-13525,2024-02-17,1259.0,PRD-143,EG,3,2346.51,1876
INV-2024-39057,2024-02-10,,PRD-158,EG,4,684.38,490
INV-2024-89760,2025-10-26,1426.0,PRD-109,SA,3,1865.27,1284
INV-2024-33351,2024-11-27,1114.0,PRD-106,EG,8,2297.48,1932
INV-2024-40822,2024-04-15,1076.0,PRD-115,EG,8,1032.1,759
INV-2024-58382,2025-12-21,1162.0,PRD-147,SA,8,2085.87,1417
INV-2024-57484,2025-06-17,1411.0,PRD-137,SA,3,316.67,222
INV-2024-54544,2025-10-10,1216.0,PRD-112,SA,3,479.81,413
INV-2024-75726,2024-10-07,1439.0,PRD-151,JO,6,1504.71,1274
INV-2024-10208,2024-09-26,1368.0,PRD-101,SA,5,2176.4,1758
INV-2024-90028,2025-08-15,1129.0,PRD-151,AE,4,1060.68,853
INV-2024-88534,2025/07/11,1108.0,PRD-133,EG,3,2251.58,1583
INV-2024-62190,2025-08-06,1302.0,PRD-154,SA,2,681.29,567
INV-2024-20127,2024-06-27,1324.0,PRD-101,AE,1,1368.87,999
INV-2024-94617,2025-01-20,1471.0,PRD-122,SA,8,1212.06,865
INV-2024-40156,2025-10-31,1164.0,PRD-131,AE,3,1321.37,995
INV-2024-28098,2025-01-22,1463.0,PRD-165,EG,8,2597.28,1937
INV-2024-75529,2025-01-09,1055.0,PRD-162,EG,1,1885.31,1282
INV-2024-34637,2025-08-24,1277.0,PRD-125,SA,6,577.26,496
INV-2024-15799,2025-10-31,1302.0,PRD-106,EG,1,2215.53,1892
INV-2024-37686,2024-03-20,1109.0,PRD-155,AE,3,997.55,750
INV-2024-49575,13-Jun-2025,1331.0,PRD-155,EG,8,2557.31,1958
INV-2024-67068,2024-09-14,1146.0,PRD-143,JO,7,1083.83,807
INV-2024-22170,2025-01-20,1246.0,PRD-116,JO,3,1631.54,1182
INV-2024-54510,2024-08-16,1335.0,PRD-160,EG,1,680.68,544
INV-2024-60340,2025-06-12,1327.0,PRD-154,EG,4,608.38,501
INV-2024-95726,2025/02/19,1420.0,PRD-137,AE,7,1065.78,774
INV-2024-33576,2024-12-27,1439.0,PRD-153,JO,9,935.82,633
INV-2024-65798,2024-12-19,1172.0,PRD-109,SA,5,2048.06,1583
INV-2024-29758,2025-05-13,1171.0,PRD-126,EG,2,1263.19,1003
INV-2024-47350,2025-05-08,1161.0,PRD-127,SA,2,2579.56,1724
INV-2024-50775,2025-09-10,1056.0,PRD-147,SA,8,1160.23,860
INV-2024-60700,2024-01-07,1184.0,PRD-150,EG,10,1159.51,789
INV-2024-98509,2025-05-28,1168.0,PRD-153,AE,7,87.35,75
INV-2024-73000,2024-05-22,1362.0,PRD-130,EG,4,1362.43,966
INV-2024-14564,2025-03-26,1094.0,PRD-120,EG,10,2288.03,1776
INV-2024-44212,2024-06-18,1265.0,PRD-135,EG,5,1624.49,1355
INV-2024-65277,2024-08-23,1289.0,PRD-102,EG,3,634.64,426
INV-2024-33529,2024-03-19,1167.0,PRD-117,EG,2,1925.33,1549
INV-2024-31435,2025-06-10,1246.0,PRD-146,SA,10,1723.95,1348
INV-2024-62194,2025-10-20,1233.0,PRD-126,EG,3,686.21,520
INV-2024-99435,2024/10/14,,PRD-153,EG,5,241.18,193
INV-2024-77809,2024-08-04,1158.0,PRD-155,EG,4,202.86,167
INV-2024-23950,2024-06-02,1024.0,PRD-161,JO,9,255.27,208
INV-2024-70938,2024-07-10,1080.0,PRD-163,SA,3,1694.42,1259
INV-2024-20831,2024-06-10,1009.0,PRD-116,SA,10,2007.08,1645
INV-2024-55388,05-Jan-2025,1160.0,PRD-120,SA,4,1553.71,1291
INV-2024-99923,2025-09-08,1017.0,PRD-148,JO,2,2268.3,1516
INV-2024-23291,2024-05-01,1291.0,PRD-140,EG,7,2259.14,1888
INV-2024-95966,2025-11-07,1014.0,PRD-134,SA,8,2211.05,1699
INV-2024-63015,2024-08-23,1102.0,PRD-143,AE,10,237.06,161
INV-2024-11602,2025-02-28,1276.0,PRD-160,SA,4,2099.37,1400
INV-2024-31087,2024-12-04,1385.0,PRD-138,EG,8,1146.48,875
INV-2024-51815,2024-04-26,1026.0,PRD-104,SA,8,1306.93,1085
INV-2024-26874,2025-05-08,1205.0,PRD-139,EG,7,1093.59,853
INV-2024-85324,2025-11-22,1353.0,PRD-140,SA,9,655.7,504
INV-2024-76449,2025/05/05,1349.0,PRD-101,AE,10,1694.87,1347
INV-2024-60330,2025-05-05,1259.0,PRD-153,EG,3,2567.89,1849
INV-2024-99954,2024-08-03,1464.0,PRD-146,AE,1,1433.88,1134
INV-2024-69597,2025-08-27,1172.0,PRD-124,EG,7,523.72,388
INV-2024-11518,2024-06-14,1194.0,PRD-124,AE,7,1706.63,1208
INV-2024-73719,2025-10-24,1108.0,PRD-119,SA,3,940.88,720
INV-2024-95697,2025-02-24,1250.0,PRD-121,EG,4,1990.35,1344
INV-2024-97843,2024-01-23,1472.0,PRD-153,EG,9,2422.61,1729
INV-2024-62652,2024-09-06,1243.0,PRD-122,JO,1,2138.61,1540
INV-2024-65372,2024-02-14,1091.0,PRD-160,EG,4,2284.18,1649
INV-2024-17144,2024-05-10,1130.0,PRD-131,EG,5,2684.22,1842
INV-2024-49708,2025-08-10,1214.0,PRD-156,EG,7,309.01,265
INV-2024-65703,2025-08-29,1480.0,PRD-113,SA,5,1794.32,1277
INV-2024-43901,2024-06-13,1045.0,PRD-150,SA,9,220.98,148
INV-2024-93115,2024-05-17,1087.0,PRD-151,EG,9,2303.07,1716
INV-2024-25198,2025/10/06,1483.0,PRD-161,EG,10,493.08,396
INV-2024-89119,2025-06-08,1310.0,PRD-133,EG,5,2164.1,1871
INV-2024-69017,2024-02-10,1349.0,PRD-132,EG,10,928.02,787
INV-2024-75806,2025-08-09,1319.0,PRD-155,SA,6,1292.72,904
INV-2024-58866,2024-05-30,1342.0,PRD-130,AE,5,710.38,609
INV-2024-72068,2024-02-27,1357.0,PRD-130,EG,4,2168.32,1829
INV-2024-53917,2024-06-19,1279.0,PRD-132,EG,1,383.9,298
INV-2024-80126,2024-09-21,1138.0,PRD-125,EG,8,1234.37,911
INV-2024-57823,2024-07-03,1331.0,PRD-118,JO,4,1578.71,1061
INV-2024-24637,2025-06-13,1324.0,PRD-132,JO,10,1687.45,1178
INV-2024-33440,2025-02-19,,PRD-112,AE,3,556.31,377
INV-2024-65583,2025-09-05,1040.0,PRD-104,EG,7,579.93,490
INV-2024-79692,2025-07-31,1093.0,PRD-147,EG,1,84.91,62
INV-2024-60262,2025-10-14,1297.0,PRD-131,EG,2,956.52,795
INV-2024-98436,2024-01-20,1476.0,PRD-110,EG,4,783.4,546
INV-2024-20486,2025/11/08,1327.0,PRD-151,SA,4,1689.55,1440
INV-2024-29711,2024-10-17,1304.0,PRD-101,AE,9,486.45,413
INV-2024-10911,2024-03-28,1024.0,PRD-163,AE,3,656.02,550
INV-2024-54186,2024-08-09,1248.0,PRD-155,AE,3,174.46,121
INV-2024-87352,2025-04-04,1319.0,PRD-124,EG,6,1488.23,1287
INV-2024-43795,2025-09-13,1051.0,PRD-132,SA,8,1434.22,1045
INV-2024-35901,2025-04-27,1463.0,PRD-152,EG,10,2056.25,1478
INV-2024-77488,2025-05-08,1358.0,PRD-101,EG,1,1736.32,1463
INV-2024-90546,2024-06-23,1488.0,PRD-111,AE,8,1192.35,820
INV-2024-69636,2024-08-12,1421.0,PRD-128,EG,3,2471.99,1973
INV-2024-67001,24-Feb-2025,1272.0,PRD-140,SA,4,862.22,576
INV-2024-16362,2025-09-07,1059.0,PRD-162,EG,6,2256.87,1920
INV-2024-70917,2024-05-26,1369.0,PRD-137,SA,8,876.5,673
INV-2024-46924,2025-08-19,1059.0,PRD-115,AE,8,1559.11,1332
INV-2024-15222,2024-07-05,1006.0,PRD-158,EG,3,1244.79,1038
INV-2024-25931,2025/09/30,1464.0,PRD-124,AE,1,2203.09,1778
INV-2024-74175,2025-11-06,1320.0,PRD-106,EG,4,2088.23,1395
INV-2024-70325,2025-06-07,1441.0,PRD-102,SA,9,2752.78,1960
INV-2024-58117,2024-09-27,1322.0,PRD-137,AE,10,1621.85,1363
INV-2024-16563,2024-06-20,1086.0,PRD-127,SA,2,1146.61,829
INV-2024-88555,2025-12-03,1013.0,PRD-102,JO,6,2465.87,1813
INV-2024-99966,2024-12-16,1092.0,PRD-128,EG,5,1740.23,1479
INV-2024-58404,2025-04-09,1072.0,PRD-130,SA,6,604.36,432
INV-2024-43072,2025-09-02,1083.0,PRD-150,SA,6,485.56,352
INV-2024-65797,2025-08-27,1453.0,PRD-106,JO,3,282.23,230
INV-2024-54231,2024-03-11,1224.0,PRD-113,EG,8,1531.81,1205
INV-2024-98473,2024-08-23,1085.0,PRD-138,AE,9,2686.14,1904
INV-2024-48816,2025-01-22,1456.0,PRD-122,SA,7,1472.53,1061
INV-2024-13084,2025-01-29,1384.0,PRD-113,EG,2,1137.59,871
INV-2024-81139,2024-05-15,1058.0,PRD-115,SA,7,2548.96,1940
INV-2024-45027,2024/04/21,1378.0,PRD-153,EG,3,1468.25,1274
INV-2024-33426,2024-01-17,1050.0,PRD-141,SA,6,578.8,436
INV-2024-48435,2024-07-26,1387.0,PRD-133,AE,3,1220.03,935
INV-2024-56777,2025-06-19,1088.0,PRD-103,SA,3,181.57,133
INV-2024-64664,2025-05-31,1043.0,PRD-139,SA,8,2082.74,1454
INV-2024-12296,01-Dec-2025,,PRD-144,SA,1,931.49,629
INV-2024-68559,2025-03-05,1185.0,PRD-102,EG,4,283.49,208
INV-2024-52550,2024-06-02,1400.0,PRD-136,EG,2,240.58,174
INV-2024-49017,2025-09-12,1230.0,PRD-104,SA,6,2117.48,1678
INV-2024-93359,2024-04-08,1257.0,PRD-134,EG,6,516.56,385
INV-2024-14668,2024-06-30,1476.0,PRD-153,EG,8,1129.61,964
INV-2024-88089,2025-05-02,1259.0,PRD-164,SA,5,1233.66,943
INV-2024-24638,2025-09-21,1026.0,PRD-163,EG,1,1648.23,1195
INV-2024-56824,2025-09-06,1013.0,PRD-130,EG,8,1063.58,854
INV-2024-14798,2024-02-09,1426.0,PRD-138,SA,1,1100.23,745
INV-2024-79634,2025/06/28,1165.0,PRD-130,EG,6,2224.56,1520
INV-2024-61932,2025-05-30,1255.0,PRD-111,JO,3,1152.86,954
INV-2024-42588,2024-04-30,1125.0,PRD-157,AE,3,1425.89,1173
INV-2024-32968,2024-04-05,1061.0,PRD-104,AE,9,2353.21,1909
INV-2024-21016,2025-05-08,1185.0,PRD-102,EG,2,330.64,234
INV-2024-80121,2025-11-06,1424.0,PRD-109,AE,4,664.5,573
INV-2024-22395,2024-05-13,1436.0,PRD-126,AE,7,1326.87,1143
INV-2024-26522,2025-09-09,1187.0,PRD-106,AE,1,522.49,416
INV-2024-28958,2025-07-06,1162.0,PRD-152,EG,2,256.42,185
INV-2024-92958,2024-01-02,1439.0,PRD-135,SA,8,1991.78,1692
INV-2024-74677,2025-11-25,1236.0,PRD-112,AE,1,1825.68,1418
INV-2024-66505,2025-10-26,1481.0,PRD-146,SA,8,1575.99,1210
INV-2024-46004,2025-03-17,1488.0,PRD-152,SA,4,1850.68,1341
INV-2024-55270,2025-06-18,1458.0,PRD-121,SA,5,2044.47,1748
INV-2024-70035,2025-03-06,1158.0,PRD-104,SA,5,1614.78,1162
INV-2024-90903,2025/01/14,1278.0,PRD-132,EG,9,400.23,296
INV-2024-41994,2024-02-14,1052.0,PRD-116,SA,5,2541.24,1731
INV-2024-78623,2025-12-15,1256.0,PRD-153,EG,7,1304.95,1001
INV-2024-84588,2025-06-26,1300.0,PRD-110,SA,6,390.55,314
INV-2024-70085,2025-03-15,1378.0,PRD-152,EG,1,325.89,247
INV-2024-15326,2024-08-22,1405.0,PRD-120,SA,2,1260.12,971
INV-2024-20031,2025-05-08,1039.0,PRD-143,EG,8,2712.94,1831
INV-2024-52806,2025-01-25,1067.0,PRD-106,SA,3,1725.43,1412
INV-2024-58863,2024-12-24,1129.0,PRD-101,AE,6,654.83,521
INV-2024-15018,2025-08-26,1448.0,PRD-165,EG,3,1246.91,951
INV-2024-29234,2025-12-14,1166.0,PRD-118,EG,4,1853.59,1542
INV-2024-89869,2025-08-12,1326.0,PRD-146,EG,10,1904.83,1369
INV-2024-93599,2024-04-10,1269.0,PRD-135,AE,10,1562.1,1187
INV-2024-23254,2025-03-11,1185.0,PRD-131,SA,9,1297.12,1071
INV-2024-60058,2024-05-17,1491.0,PRD-159,SA,3,1796.02,1318
INV-2024-77191,2024/09/17,,PRD-125,EG,6,1952.07,1484
INV-2024-20323,2025-05-03,1084.0,PRD-103,SA,5,162.39,111
INV-2024-54272,2024-08-26,1295.0,PRD-132,AE,9,1204.67,871
INV-2024-93458,2024-03-26,1366.0,PRD-126,AE,10,2253.44,1688
INV-2024-49581,2024-10-17,1147.0,PRD-150,SA,9,789.49,635
INV-2024-65381,2025-09-04,1128.0,PRD-159,EG,10,1466.58,1191
INV-2024-62525,2025-07-10,1408.0,PRD-151,EG,6,444.74,318
INV-2024-12933,2025-02-22,1284.0,PRD-110,EG,9,1246.14,902
INV-2024-34108,2024-09-20,1086.0,PRD-152,EG,3,1260.63,1019
INV-2024-43666,2024-07-12,1426.0,PRD-129,EG,4,2271.43,1804
INV-2024-95576,06-Jan-2024,1481.0,PRD-101,EG,7,1616.32,1341
INV-2024-20391,2025-12-27,1211.0,PRD-114,EG,7,553.75,448
INV-2024-66811,2024-01-08,1060.0,PRD-108,JO,5,2134.7,1465
INV-2024-25260,2025-08-14,1192.0,PRD-112,SA,7,1781.72,1462
INV-2024-35119,2025-06-19,1091.0,PRD-144,AE,7,623.26,483
INV-2024-84828,2024/04/30,1094.0,PRD-154,AE,4,573.62,449
INV-2024-44206,2025-06-16,1146.0,PRD-105,EG,5,760.01,595
INV-2024-49741,2024-01-08,1379.0,PRD-116,AE,5,580.08,466
INV-2024-90685,2025-01-19,1479.0,PRD-138,EG,3,261.32,222
INV-2024-77376,2025-11-01,1174.0,PRD-160,SA,5,2528.75,1871
INV-2024-80668,2024-07-29,1291.0,PRD-138,EG,6,1414.4,1029
INV-2024-41949,2025-12-05,1392.0,PRD-122,JO,2,1804.96,1343
INV-2024-16400,2024-11-19,1092.0,PRD-139,EG,5,1017.37,825
INV-2024-59051,2025-02-22,1461.0,PRD-115,EG,6,243.71,202
INV-2024-85148,2025-01-05,1063.0,PRD-115,JO,7,860.73,609
INV-2024-71986,2024-04-19,1462.0,PRD-123,EG,5,1802.39,1402
INV-2024-38207,2024-06-07,1301.0,PRD-123,SA,10,2450.64,1849
INV-2024-67271,2025-03-12,1089.0,PRD-157,AE,5,1338.92,953
INV-2024-46016,2025-10-29,1110.0,PRD-142,AE,10,1756.74,1316
INV-2024-34341,2025-08-22,1192.0,PRD-164,JO,10,2039.66,1712
INV-2024-46287,2024/09/16,1438.0,PRD-131,JO,1,229.71,175
INV-2024-75740,2024-09-24,1134.0,PRD-116,EG,6,2732.22,1983
INV-2024-98006,2025-07-02,1439.0,PRD-129,AE,5,1507.36,1033
INV-2024-15995,2025-03-09,1470.0,PRD-123,SA,4,189.06,149
INV-2024-89249,2025-08-01,1417.0,PRD-160,SA,9,497.65,401
INV-2024-62254,09-Jan-2025,1040.0,PRD-126,EG,1,2032.93,1533
INV-2024-33758,2025-09-18,1129.0,PRD-118,SA,7,973.71,664
INV-2024-98894,2024-10-09,1381.0,PRD-131,JO,8,1573.21,1145
INV-2024-47344,2025-11-27,1482.0,PRD-150,JO,3,832.15,681
INV-2024-45740,2025-02-10,1419.0,PRD-107,SA,2,2408.44,1936
INV-2024-10662,2024-07-27,,PRD-154,EG,7,1282.45,911
INV-2024-63370,2025-02-27,1059.0,PRD-150,EG,1,1179.48,823
INV-2024-37149,2025-07-19,1125.0,PRD-153,AE,8,2415.99,1920
INV-2024-12453,2025-07-24,1452.0,PRD-114,AE,3,2445.38,1686
INV-2024-64306,2025-05-09,1266.0,PRD-109,SA,8,1891.27,1274
INV-2024-96142,2024/07/02,1198.0,PRD-105,EG,6,88.31,68
INV-2024-27008,2025-01-14,1225.0,PRD-135,SA,2,1036.75,766
INV-2024-46014,2025-07-26,1056.0,PRD-114,SA,3,807.85,702
INV-2024-45003,2025-07-22,1042.0,PRD-125,JO,7,161.08,140
INV-2024-70613,2025-05-10,1390.0,PRD-133,SA,1,635.92,433
INV-2024-88522,2024-09-16,1085.0,PRD-162,EG,9,2797.68,1951
INV-2024-93211,2024-11-10,1405.0,PRD-154,SA,9,706.03,514
INV-2024-51701,2025-08-14,1474.0,PRD-115,EG,3,232.51,173
INV-2024-22733,2024-12-18,1136.0,PRD-111,JO,10,1468.96,1172
INV-2024-39009,2025-12-23,1019.0,PRD-148,EG,8,1695.35,1316
INV-2024-39468,2025-02-11,1317.0,PRD-149,SA,10,2357.14,1717
INV-2024-12368,2024-05-21,1259.0,PRD-158,EG,5,447.12,385
INV-2024-52547,2025-11-06,1332.0,PRD-108,SA,2,749.09,635
INV-2024-38974,2024-05-01,1070.0,PRD-135,SA,5,985.08,853
INV-2024-18352,2024-08-23,1115.0,PRD-161,AE,8,490.83,397
INV-2024-90135,2025/04/02,1035.0,PRD-155,EG,6,1579.41,1235
INV-2024-47726,2025-12-17,1379.0,PRD-142,EG,10,2181.7,1501
INV-2024-89864,2024-06-14,1234.0,PRD-135,EG,6,1841.88,1401
INV-2024-70377,2024-04-12,1110.0,PRD-156,SA,8,2109.55,1488
INV-2024-87059,2024-08-07,1088.0,PRD-165,EG,10,603.23,520
INV-2024-65150,2025-06-04,1256.0,PRD-141,SA,8,1612.56,1227
INV-2024-93200,2025-02-14,1200.0,PRD-127,AE,8,1085.07,939
INV-2024-88018,2024-12-12,1369.0,PRD-140,AE,2,168.85,132
INV-2024-53090,2025-07-17,1310.0,PRD-128,SA,5,2139.1,1544
INV-2024-80969,2025-09-20,1163.0,PRD-114,SA,1,2034.66,1630
INV-2024-60992,2025-12-14,1292.0,PRD-130,EG,1,677.83,534
INV-2024-72338,2025-12-01,1380.0,PRD-156,SA,1,2203.09,1841
INV-2024-83093,2025-12-24,1393.0,PRD-146,AE,9,1739.67,1345
INV-2024-11647,2024-02-23,1218.0,PRD-150,EG,1,2458.96,1800
INV-2024-54951,2024-06-13,1183.0,PRD-128,SA,5,1885.3,1435
INV-2024-54642,2025/02/02,1009.0,PRD-151,AE,8,1038.11,718
INV-2024-51896,2025-10-13,1045.0,PRD-122,AE,1,306.11,231
INV-2024-55398,2024-01-06,1200.0,PRD-117,EG,3,1686.6,1408
INV-2024-68246,2024-04-03,1430.0,PRD-140,SA,5,2281.3,1923
INV-2024-29893,2024-05-28,1449.0,PRD-103,EG,3,2244.78,1800
INV-2024-70548,2025-04-27,,PRD-138,EG,9,1141.37,764
INV-2024-75401,2025-09-06,1165.0,PRD-130,JO,7,1004.59,814
INV-2024-37608,2025-03-21,1411.0,PRD-121,AE,5,1682.7,1362
INV-2024-79761,2024-03-31,1392.0,PRD-159,AE,10,845.74,727
INV-2024-32283,2024-03-06,1371.0,PRD-158,EG,7,2688.39,1936
INV-2024-98209,26-Sep-2024,1397.0,PRD-147,AE,6,1447.52,989
INV-2024-61126,2024-08-15,1449.0,PRD-163,SA,5,1716.91,1197
INV-2024-43514,2025-01-14,1373.0,PRD-146,EG,3,854.22,726
INV-2024-62813,2024-03-22,1483.0,PRD-122,SA,6,2830.79,1971
INV-2024-14229,2025-09-15,1215.0,PRD-138,EG,8,2272.29,1674
INV-2024-96599,2024/02/08,1043.0,PRD-107,AE,8,2146.89,1699
INV-2024-84883,2025-01-28,1437.0,PRD-122,SA,3,2364.68,1794
INV-2024-20303,2025-02-14,1319.0,PRD-123,EG,5,1670.75,1202
INV-2024-92756,2025-09-20,1168.0,PRD-155,EG,3,681.29,478
INV-2024-73771,2025-11-02,1255.0,PRD-151,EG,5,2094.75,1439
INV-2024-83574,2025-06-17,1073.0,PRD-107,EG,1,2123.95,1729
INV-2024-55259,2024-10-20,1138.0,PRD-144,SA,1,1088.21,946
INV-2024-20891,2025-12-29,1389.0,PRD-134,AE,2,1013.57,751
INV-2024-37204,2025-09-03,1482.0,PRD-111,EG,3,754.94,629
INV-2024-79414,2024-02-28,1241.0,PRD-141,EG,6,725.83,503
INV-2024-58390,2024-06-28,1036.0,PRD-144,SA,4,2120.2,1433
INV-2024-49850,2025-10-17,1193.0,PRD-162,AE,4,884.26,733
INV-2024-48249,2025-05-21,1214.0,PRD-137,EG,2,823.9,689
INV-2024-51331,2025-03-25,1383.0,PRD-156,EG,3,117.02,94
INV-2024-69178,2024-01-11,1073.0,PRD-146,SA,1,1232.68,864
INV-2024-98408,2024/07/25,1135.0,PRD-127,EG,7,241.87,206
INV-2024-71260,2025-11-03,1270.0,PRD-164,EG,8,569.89,436
INV-2024-13875,2025-06-14,1334.0,PRD-123,AE,7,2413.49,1897
INV-2024-30434,2024-10-19,1338.0,PRD-125,SA,4,1946.34,1466
INV-2024-91902,2024-07-18,1053.0,PRD-137,SA,10,243.89,185
INV-2024-86668,04-Feb-2024,1025.0,PRD-150,AE,4,693.63,464
INV-2024-31854,2025-09-05,1032.0,PRD-130,SA,9,2201.69,1719
INV-2024-91823,2025-06-06,1045.0,PRD-137,EG,9,1733.81,1381
INV-2024-56088,2025-06-12,1335.0,PRD-154,EG,7,222.62,161
INV-2024-84041,2025-12-16,1323.0,PRD-103,EG,10,2354.07,1930
INV-2024-66561,2024-08-25,1242.0,PRD-129,EG,9,1348.93,1156
INV-2024-64446,2025-09-21,1351.0,PRD-121,SA,2,154.26,114
INV-2024-13068,2024-06-22,1249.0,PRD-154,AE,7,1583.84,1071
INV-2024-47209,2025-11-21,1233.0,PRD-160,JO,4,2328.22,1797
INV-2024-82933,2024-02-06,1194.0,PRD-159,SA,5,993.44,781
INV-2024-74324,2025/01/03,,PRD-143,EG,1,589.08,476
INV-2024-40765,2024-09-01,1057.0,PRD-165,EG,10,1041.12,727
INV-2024-59189,2025-11-01,1104.0,PRD-133,AE,6,2296.14,1630
INV-2024-80463,2024-01-01,1056.0,PRD-115,SA,1,431.3,336
INV-2024-27261,2024-06-10,1294.0,PRD-127,SA,6,989.74,810
INV-2024-59601,2024-03-29,1276.0,PRD-107,AE,10,2187.15,1548
INV-2024-89576,2024-10-09,1354.0,PRD-125,AE,4,601.02,436
INV-2024-26186,2025-02-13,1106.0,PRD-111,AE,6,2031.58,1440
INV-2024-22711,2024-12-27,1160.0,PRD-109,EG,9,879.8,694
INV-2024-61871,2025-11-16,1238.0,PRD-104,AE,1,439.65,343
INV-2024-38613,2025-02-08,1222.0,PRD-103,AE,3,2411.27,1688
INV-2024-37696,2025-02-19,1198.0,PRD-102,EG,8,877.06,626
INV-2024-24500,2025-08-23,1324.0,PRD-141,SA,2,2270.29,1578
INV-2024-84808,2024-07-24,1418.0,PRD-140,EG,9,1338.12,1027
INV-2024-47925,2025-06-14,1478.0,PRD-114,JO,7,855.26,635
INV-2024-33412,2024/01/16,1377.0,PRD-132,EG,5,1680.14,1403
INV-2024-30855,2025-12-21,1128.0,PRD-159,SA,1,549.76,406
INV-2024-62575,2024-03-11,1224.0,PRD-107,EG,10,1035.91,720
INV-2024-82098,2024-04-02,1177.0,PRD-122,AE,3,1643.88,1415
INV-2024-63545,2025-07-16,1380.0,PRD-130,EG,6,1487.3,1088
INV-2024-56140,2024-10-18,1237.0,PRD-159,EG,2,485.49,379
INV-2024-38541,2025-07-26,1275.0,PRD-124,SA,5,1698.58,1136
INV-2024-64811,2025-08-19,1303.0,PRD-111,JO,10,956.53,664
INV-2024-88544,2024-12-22,1488.0,PRD-146,EG,2,1159.99,836
INV-2024-46553,2024-12-21,1320.0,PRD-143,EG,10,264.08,187
INV-2024-51864,2024-10-10,1161.0,PRD-136,AE,7,2092.39,1395
INV-2024-57602,2024-08-19,1222.0,PRD-139,SA,5,2046.51,1621
INV-2024-92611,2025-09-12,1423.0,PRD-131,JO,10,71.95,62
INV-2024-23846,2024-07-18,1496.0,PRD-110,EG,6,498.67,397
INV-2024-97062,2025-04-10,1449.0,PRD-120,SA,9,1083.89,819
INV-2024-92984,2025/02/17,1170.0,PRD-147,EG,5,1550.87,1061
INV-2024-93389,2025-08-11,1258.0,PRD-109,EG,10,1433.73,1012
INV-2024-51651,2024-01-05,1392.0,PRD-145,SA,1,446.11,305
INV-2024-75838,2024-09-24,1193.0,PRD-139,SA,8,2297.82,1972
INV-2024-80205,2024-06-28,1217.0,PRD-130,AE,8,485.54,343
INV-2024-79796,2025-02-20,1463.0,PRD-144,EG,1,1877.13,1571
INV-2024-61402,2025-06-02,1358.0,PRD-165,SA,1,238.66,167
INV-2024-39504,2024-04-19,1342.0,PRD-140,SA,2,1312.65,995
INV-2024-62948,2025-07-26,1425.0,PRD-105,JO,8,676.98,544
INV-2024-74858,2024-03-15,1022.0,PRD-155,EG,4,344.41,266
INV-2024-70806,30-May-2025,,PRD-129,EG,5,105.85,75
INV-2024-47523,2024-10-28,1411.0,PRD-117,EG,2,1224.8,839
INV-2024-68911,2024-12-14,1247.0,PRD-145,SA,6,2152.73,1776
INV-2024-30574,2024-04-29,1148.0,PRD-145,EG,3,2014.18,1519
INV-2024-33281,2025-06-09,1446.0,PRD-126,JO,3,2163.89,1607
INV-2024-62435,2024/09/20,1251.0,PRD-152,EG,9,1093.81,743
INV-2024-47802,2025-07-04,1349.0,PRD-146,AE,1,1344.27,916
INV-2024-10437,2025-08-11,1267.0,PRD-151,EG,9,245.43,193
INV-2024-79817,2024-09-13,1057.0,PRD-160,SA,6,1149.71,797
INV-2024-53785,2025-12-11,1042.0,PRD-154,JO,7,1209.95,899
INV-2024-70820,2025-03-29,1023.0,PRD-139,EG,10,700.49,540
INV-2024-96008,2025-01-21,1199.0,PRD-131,JO,5,1214.38,884
INV-2024-32579,2025-07-30,1292.0,PRD-144,SA,6,824.72,692
INV-2024-99568,2025-05-10,1060.0,PRD-153,JO,2,608.79,498
INV-2024-22887,2024-09-06,1213.0,PRD-143,SA,4,517.91,433
INV-2024-60246,2024-12-13,1477.0,PRD-148,EG,2,1317.4,1096
INV-2024-86042,2025-04-14,1311.0,PRD-151,EG,7,253.89,187
INV-2024-95603,2025-11-28,1486.0,PRD-111,EG,3,1905.69,1363
INV-2024-64801,2025-04-16,1433.0,PRD-158,EG,5,1721.04,1192
INV-2024-64823,2025-08-23,1297.0,PRD-150,EG,8,1486.39,1183
INV-2024-63778,2024/01/29,1293.0,PRD-162,EG,9,1818.65,1335
INV-2024-34756,2025-05-08,1379.0,PRD-153,SA,4,302.42,224
INV-2024-93416,2024-04-29,1030.0,PRD-129,AE,6,504.11,381
INV-2024-13806,2024-09-21,1134.0,PRD-107,EG,4,1141.89,846
INV-2024-91117,2024-03-10,1093.0,PRD-124,EG,6,2311.78,1716
INV-2024-39385,26-Jan-2025,1217.0,PRD-111,SA,5,396.79,322
INV-2024-28162,2025-10-10,1069.0,PRD-116,EG,8,808.72,626
INV-2024-89915,2024-08-13,1057.0,PRD-102,EG,8,1036.91,849
INV-2024-91254,2025-11-24,1386.0,PRD-114,EG,10,317.19,235
INV-2024-75976,2025-12-19,1442.0,PRD-165,JO,7,721.02,549
INV-2024-20552,2024-08-23,1429.0,PRD-103,AE,9,1097.17,793
INV-2024-88586,2024-11-19,1416.0,PRD-129,EG,7,76.52,59
INV-2024-84787,2025-02-26,1089.0,PRD-120,SA,4,95.8,74
INV-2024-63578,2024-12-27,1214.0,PRD-145,SA,8,648.72,472
INV-2024-12992,2025-06-12,1252.0,PRD-146,SA,8,1048.95,815
INV-2024-52601,2025/07/02,1086.0,PRD-138,SA,10,1404.25,1116
INV-2024-89929,2024-01-10,1001.0,PRD-109,SA,5,2134.09,1851
INV-2024-42760,2025-12-18,1112.0,PRD-105,EG,3,1233.35,1010
INV-2024-31818,2024-09-26,1386.0,PRD-128,EG,3,965.96,681
INV-2024-84620,2024-09-11,1364.0,PRD-123,SA,8,977.67,673
INV-2024-91984,2024-10-21,,PRD-149,AE,6,430.66,310
INV-2024-71854,2024-04-05,1403.0,PRD-130,SA,6,2288.86,1768
INV-2024-99700,2025-02-12,1286.0,PRD-115,AE,9,2069.33,1464
INV-2024-21923,2025-11-20,1495.0,PRD-102,JO,4,2623.48,1759
INV-2024-58535,2024-12-16,1352.0,PRD-101,EG,7,2596.49,1805
INV-2024-12977,2024-03-18,1259.0,PRD-143,SA,7,461.41,334
INV-2024-88819,2025-07-21,1103.0,PRD-143,SA,2,1783.81,1504
INV-2024-95736,2024-07-01,1258.0,PRD-121,JO,2,1326.15,1005
INV-2024-61031,2025-05-02,1415.0,PRD-104,JO,4,1743.83,1355
INV-2024-82359,2024-11-17,1202.0,PRD-150,SA,4,1175.29,853
INV-2024-77021,2024/12/28,1246.0,PRD-139,EG,3,1279.24,1088
INV-2024-35301,2024-08-11,1082.0,PRD-132,AE,7,2891.44,1998
INV-2024-31152,2025-08-10,1173.0,PRD-136,EG,1,541.84,444
INV-2024-70000,2024-10-02,1313.0,PRD-163,AE,1,1837.63,1518
INV-2024-58373,2024-07-06,1016.0,PRD-136,JO,4,1345.36,1054
INV-2024-41367,2025-11-30,1325.0,PRD-145,EG,4,1993.45,1414
INV-2024-32965,2024-07-13,1080.0,PRD-126,SA,5,1986.33,1564
INV-2024-71888,2025-05-25,1488.0,PRD-158,SA,6,1175.95,899
INV-2024-36186,2024-07-23,1299.0,PRD-113,SA,6,210.89,147
INV-2024-52300,2024-08-28,1028.0,PRD-132,EG,6,1158.46,874
INV-2024-27386,2024-09-04,1234.0,PRD-108,AE,2,428.37,307
INV-2024-48401,2024-09-28,1169.0,PRD-151,JO,3,913.2,631
INV-2024-18495,2024-07-30,1408.0,PRD-138,JO,9,1511.42,1286
INV-2024-14048,2024-08-22,1082.0,PRD-146,EG,10,1336.88,1084
INV-2024-37132,2024-07-26,1461.0,PRD-165,AE,3,2201.46,1912
INV-2024-85707,2024/09/12,1168.0,PRD-110,AE,2,834.98,616
INV-2024-70447,2025-09-25,1255.0,PRD-157,EG,7,809.26,599
INV-2024-70187,2024-12-30,1205.0,PRD-132,EG,2,1284.69,886
INV-2024-42118,2024-06-08,1212.0,PRD-157,EG,6,439.52,331
INV-2024-99610,2024-04-19,1491.0,PRD-122,JO,3,2207.19,1490
INV-2024-89069,2024-05-02,1056.0,PRD-150,SA,10,1760.5,1392
INV-2024-68150,2024-03-21,1363.0,PRD-135,AE,10,2029.25,1414
INV-2024-41704,2025-11-23,1289.0,PRD-117,EG,5,1739.46,1200
INV-2024-33183,2025-11-10,1098.0,PRD-138,AE,5,2271.38,1566
INV-2024-70477,2025-05-19,1246.0,PRD-159,EG,7,2342.09,1818
INV-2024-75564,20-Sep-2025,1471.0,PRD-131,EG,9,1657.97,1147
INV-2024-94066,2024-01-07,1321.0,PRD-144,SA,6,118.02,83
INV-2024-24569,2025-07-08,1363.0,PRD-105,EG,10,2117.5,1792
INV-2024-89168,2024-02-13,1305.0,PRD-148,AE,6,1967.4,1525
INV-2024-53418,2025-05-08,1264.0,PRD-157,EG,4,503.58,340
INV-2024-30875,2025/01/15,,PRD-147,SA,10,1944.21,1599
INV-2024-42094,2025-09-27,1473.0,PRD-102,SA,2,1758.91,1236
INV-2024-70583,2024-11-18,1079.0,PRD-112,SA,8,145.07,112
INV-2024-19154,2025-05-19,1288.0,PRD-114,EG,6,1752.1,1424
INV-2024-10902,2025-08-11,1362.0,PRD-105,EG,9,1416.11,1059
INV-2024-14236,2024-10-08,1070.0,PRD-157,JO,1,1701.31,1419
INV-2024-99394,2025-05-17,1475.0,PRD-129,EG,4,1740.71,1177
INV-2024-98719,2024-07-06,1484.0,PRD-113,AE,2,430.44,373
INV-2024-63260,2025-06-07,1203.0,PRD-155,JO,8,1383.52,927
INV-2024-78126,2024-10-13,1084.0,PRD-157,EG,1,630.39,458
INV-2024-71631,2025-02-11,1152.0,PRD-129,EG,5,1326.59,1080
INV-2024-60504,2024-08-15,1186.0,PRD-149,SA,7,1195.2,1039
INV-2024-19222,2025-08-13,1297.0,PRD-113,JO,1,983.19,761
INV-2024-64668,2024-05-11,1252.0,PRD-142,JO,5,2566.6,1768
INV-2024-44082,2024-02-25,1302.0,PRD-125,SA,7,1384.6,1051
INV-2024-80430,2025/06/22,1134.0,PRD-141,AE,7,2257.1,1726
INV-2024-25857,2025-03-09,1039.0,PRD-132,EG,7,791.87,564
INV-2024-89557,2025-05-04,1303.0,PRD-101,JO,6,903.41,604
INV-2024-94815,2025-07-07,1383.0,PRD-164,JO,4,2101.08,1521
INV-2024-80014,2024-02-03,1265.0,PRD-146,EG,9,1240.58,928
INV-2024-13109,29-May-2025,1436.0,PRD-108,EG,3,888.86,726
INV-2024-67477,2024-12-21,1070.0,PRD-113,EG,10,2047.66,1690
INV-2024-73020,2025-02-07,1066.0,PRD-154,EG,6,907.19,607
INV-2024-17836,2025-12-03,1352.0,PRD-107,AE,1,1522.73,1204
INV-2024-48399,2024-06-27,1157.0,PRD-107,EG,1,2114.09,1789
INV-2024-62218,2025-04-13,1198.0,PRD-138,EG,2,2209.52,1753
INV-2024-15230,2024-05-03,1394.0,PRD-160,EG,1,154.14,133
INV-2024-57628,2025-12-16,1495.0,PRD-108,JO,1,1190.34,973
INV-2024-62354,2025-06-14,1481.0,PRD-165,SA,6,742.81,577
INV-2024-77051,2025-04-16,1323.0,PRD-130,SA,5,2039.75,1541
INV-2024-92479,2024/11/19,1433.0,PRD-132,EG,7,2149.77,1592
INV-2024-95148,2025-12-06,1284.0,PRD-105,JO,10,729.77,615
INV-2024-67677,2024-01-09,1295.0,PRD-114,AE,9,1038.33,701
INV-2024-66175,2024-01-13,1255.0,PRD-149,EG,2,1376.32,1122
INV-2024-26260,2025-11-21,1103.0,PRD-114,EG,1,960.92,767
INV-2024-23582,2024-08-03,1336.0,PRD-133,EG,3,1074.54,784
INV-2024-29134,2025-01-23,1045.0,PRD-114,EG,10,1622.35,1393
INV-2024-44406,2025-08-17,1308.0,PRD-146,SA,5,2555.35,1810
INV-2024-85997,2024-04-13,1086.0,PRD-138,JO,10,736.06,628
INV-2024-24651,2024-11-29,1161.0,PRD-124,SA,10,1323.75,968
INV-2024-32145,2025-01-05,,PRD-105,AE,4,2282.04,1607
INV-2024-58033,2025-09-19,1286.0,PRD-132,SA,9,1963.94,1503
INV-2024-64118,2024-09-22,1240.0,PRD-154,AE,7,2335.83,1796
INV-2024-96053,2024-07-10,1426.0,PRD-150,AE,3,2490.66,1773
INV-2024-54542,2025-07-15,1459.0,PRD-141,EG,2,2296.14,1881
INV-2024-28605,2024/09/26,1009.0,PRD-140,EG,4,1643.82,1205
INV-2024-41859,2024-08-30,1282.0,PRD-161,SA,4,1498.93,1143
INV-2024-73254,2024-10-02,1343.0,PRD-138,EG,4,124.14,93
INV-2024-37536,2025-04-27,1209.0,PRD-126,EG,4,527.46,379
INV-2024-44669,2025-09-19,1325.0,PRD-127,SA,10,2552.38,1837
INV-2024-22730,2024-12-17,1362.0,PRD-158,JO,1,538.29,419
INV-2024-53257,2025-01-09,1125.0,PRD-149,SA,9,569.73,391
INV-2024-94152,2024-07-07,1063.0,PRD-161,AE,6,2467.18,1961
INV-2024-19708,2025-05-25,1283.0,PRD-111,SA,6,356.08,290
INV-2024-70062,2025-03-10,1040.0,PRD-114,AE,8,1415.69,1093
INV-2024-74431,2024-08-03,1225.0,PRD-144,SA,8,1272.85,881
INV-2024-42077,2025-03-05,1037.0,PRD-164,AE,10,492.07,329
INV-2024-44078,2025-12-18,1391.0,PRD-118,SA,1,2263.85,1841
INV-2024-54884,2025-01-16,1272.0,PRD-120,SA,8,1007.66,704
INV-2024-48704,2025-01-08,1018.0,PRD-135,SA,6,1479.33,1081
INV-2024-68284,2025/02/14,1122.0,PRD-124,SA,1,619.57,478
INV-2024-53340,2024-10-13,1225.0,PRD-149,EG,8,1496.79,1135
INV-2024-69031,2025-04-06,1137.0,PRD-122,EG,10,1403.95,1016
INV-2024-43806,2024-07-03,1194.0,PRD-123,EG,6,1058.13,749
INV-2024-84479,2025-08-08,1033.0,PRD-160,AE,4,2507.2,1941
INV-2024-46083,2024-05-14,1245.0,PRD-154,EG,5,1889.01,1479
INV-2024-87912,2025-08-12,1162.0,PRD-140,EG,4,1244.15,976
INV-2024-14685,2025-12-03,1182.0,PRD-123,AE,8,1910.35,1522
INV-2024-28352,2024-08-22,1348.0,PRD-139,EG,9,1368.14,1139
INV-2024-29401,2024-04-12,1072.0,PRD-142,SA,7,2008.93,1390
INV-2024-78390,03-Oct-2024,1363.0,PRD-107,EG,2,2292.75,1721
INV-2024-47805,2024-08-29,1391.0,PRD-114,JO,2,2053.88,1727
INV-2024-13400,2025-07-22,1244.0,PRD-156,AE,4,2046.38,1662
INV-2024-38969,2025-03-18,1039.0,PRD-145,AE,6,1288.04,991
INV-2024-58608,2025-01-25,1254.0,PRD-154,SA,1,1763.6,1379
INV-2024-83864,2024/07/19,1385.0,PRD-153,AE,9,101.3,68
INV-2024-57542,2024-05-29,1259.0,PRD-126,EG,4,272.75,188
INV-2024-48170,2024-06-02,1133.0,PRD-129,EG,7,993.87,712
INV-2024-50194,2025-04-29,1389.0,PRD-123,EG,8,936.38,705
INV-2024-30749,2024-01-10,1027.0,PRD-155,SA,4,2651.68,1937
INV-2024-84401,2024-06-29,,PRD-145,SA,4,1800.94,1459
INV-2024-93085,2025-03-07,1399.0,PRD-127,SA,9,1483.0,1233
INV-2024-49943,2025-05-26,1320.0,PRD-139,EG,6,415.46,333
INV-2024-72296,2024-05-17,1232.0,PRD-142,SA,1,875.68,744
INV-2024-67653,2025-10-07,1370.0,PRD-144,AE,8,2400.19,1797
INV-2024-98247,2025-06-13,1207.0,PRD-118,SA,4,1536.06,1146
INV-2024-48650,2025-06-30,1412.0,PRD-126,AE,3,900.53,601
INV-2024-30242,2024-11-19,1238.0,PRD-119,EG,2,978.16,823
INV-2024-26849,2025-05-13,1396.0,PRD-150,AE,3,2233.73,1514
INV-2024-29205,2024-11-03,1297.0,PRD-149,SA,8,1926.06,1556
INV-2024-89619,2024/09/13,1371.0,PRD-154,EG,3,2813.96,1877
INV-2024-48316,2025-07-29,1013.0,PRD-161,EG,4,1951.27,1451
INV-2024-60361,2025-08-04,1241.0,PRD-136,SA,9,2089.89,1601
INV-2024-43725,2024-02-18,1212.0,PRD-124,AE,9,332.05,246
INV-2024-93461,2025-02-11,1471.0,PRD-125,SA,2,2292.46,1681
INV-2024-39873,11-Apr-2024,1371.0,PRD-123,EG,10,2493.87,1998
INV-2024-13670,2025-12-08,1478.0,PRD-123,AE,4,445.1,335
INV-2024-37742,2024-06-16,1444.0,PRD-101,SA,7,545.68,429
INV-2024-86445,2024-03-02,1445.0,PRD-133,SA,2,2539.91,1916
INV-2024-49709,2024-08-08,1175.0,PRD-136,SA,6,725.81,619
INV-2024-29446,2024-09-17,1163.0,PRD-122,EG,9,2521.32,1888
INV-2024-86576,2025-05-02,1044.0,PRD-131,SA,5,1862.74,1618
INV-2024-11581,2025-10-06,1178.0,PRD-130,EG,7,591.5,510
INV-2024-44002,2024-04-08,1259.0,PRD-121,JO,3,1226.69,932
INV-2024-57731,2025-04-05,1342.0,PRD-142,SA,5,2500.82,1833
INV-2024-76662,2024/12/08,1229.0,PRD-140,SA,10,2425.44,1715
INV-2024-77740,2024-09-23,1185.0,PRD-149,SA,8,331.33,255
INV-2024-63194,2025-01-04,1300.0,PRD-165,JO,7,1665.06,1389
INV-2024-72517,2025-01-03,1076.0,PRD-125,AE,6,229.38,172
INV-2024-91062,2025-07-27,1436.0,PRD-123,SA,9,1298.76,885
INV-2024-32335,2025-07-24,1198.0,PRD-141,AE,5,1627.41,1330
INV-2024-55116,2024-09-20,1198.0,PRD-157,SA,1,2016.81,1453
INV-2024-94390,2024-12-18,1108.0,PRD-123,SA,1,1487.68,1230
INV-2024-30431,2024-01-21,1279.0,PRD-147,EG,8,548.88,412
INV-2024-86957,2025-02-25,1203.0,PRD-138,SA,8,2854.33,1960
INV-2024-75679,2024-05-04,1202.0,PRD-128,EG,4,269.36,209
INV-2024-51195,2024-12-25,1009.0,PRD-132,JO,9,836.93,651
INV-2024-78594,2025-11-26,1241.0,PRD-114,EG,3,2027.23,1574
INV-2024-59068,2025-09-12,1264.0,PRD-120,JO,1,787.7,532
INV-2024-59542,2024-07-22,1160.0,PRD-152,SA,10,199.57,150
INV-2024-73602,2025/08/13,,PRD-137,SA,8,845.0,626
INV-2024-94984,2025-08-12,1222.0,PRD-112,SA,4,825.72,570
INV-2024-32167,2025-10-27,1440.0,PRD-129,EG,1,766.63,518
INV-2024-78843,2025-10-26,1366.0,PRD-108,EG,2,1093.61,845
INV-2024-73183,2025-07-05,1221.0,PRD-149,EG,3,2367.42,1589
INV-2024-32988,2024-06-27,1186.0,PRD-136,SA,6,794.52,676
INV-2024-73438,2024-10-18,1274.0,PRD-101,SA,6,1336.69,979
INV-2024-59790,2024-12-29,1078.0,PRD-149,AE,3,2544.36,1883
INV-2024-11865,2024-11-28,1392.0,PRD-110,EG,2,1551.06,1348
INV-2024-97653,2025-11-20,1270.0,PRD-140,EG,7,247.66,213
INV-2024-18487,2025-06-06,1383.0,PRD-154,SA,1,2161.17,1565
INV-2024-54874,2025-05-14,1094.0,PRD-108,JO,7,2159.12,1874
INV-2024-39468,2025-04-02,1303.0,PRD-154,AE,1,1606.34,1354
INV-2024-50541,2024-03-21,1314.0,PRD-134,SA,6,608.63,458
INV-2024-37057,2025-01-25,1466.0,PRD-114,SA,7,2694.8,1875
INV-2024-39400,2025/09/20,1143.0,PRD-140,EG,2,126.98,98
INV-2024-29672,2024-10-20,1280.0,PRD-163,JO,9,806.29,639
INV-2024-46479,2025-04-19,1448.0,PRD-161,SA,4,2572.74,1787
INV-2024-89775,2025-10-08,1221.0,PRD-110,EG,6,238.82,164
INV-2024-25675,2024-05-28,1079.0,PRD-136,SA,4,2180.59,1635
INV-2024-95196,2024-06-20,1178.0,PRD-125,EG,5,1945.21,1570
INV-2024-35813,2025-10-17,1236.0,PRD-102,JO,2,1981.18,1688
INV-2024-56727,2024-12-11,1352.0,PRD-102,EG,8,1933.64,1598
INV-2024-75377,2025-03-07,1013.0,PRD-148,SA,3,758.4,549
INV-2024-70204,2025-10-08,1178.0,PRD-104,EG,1,2300.49,1771
INV-2024-84633,19-Sep-2025,1049.0,PRD-157,AE,5,1468.16,1157
INV-2024-93707,2025-08-08,1337.0,PRD-129,AE,4,1954.87,1639
INV-2024-11599,2025-02-18,1131.0,PRD-111,SA,8,1737.59,1227
INV-2024-78697,2024-03-14,1131.0,PRD-146,SA,2,537.46,399
INV-2024-39933,2024-03-22,1150.0,PRD-122,AE,10,498.79,414
INV-2024-36546,2024/06/14,1260.0,PRD-124,EG,9,251.13,197
INV-2024-57652,2024-12-17,1025.0,PRD-124,EG,9,1814.99,1251
INV-2024-97063,2024-08-21,1072.0,PRD-146,EG,2,2321.42,1780
INV-2024-14304,2024-11-17,1281.0,PRD-151,JO,1,441.12,296
INV-2024-62231,2024-11-20,1214.0,PRD-121,EG,10,1123.61,930
INV-2024-92103,2025-10-30,1436.0,PRD-106,AE,6,1876.63,1604
INV-2024-22955,2024-10-25,1365.0,PRD-130,SA,3,875.71,620
INV-2024-53190,2025-12-28,1119.0,PRD-109,EG,10,806.72,654
INV-2024-76508,2024-09-30,1419.0,PRD-132,EG,3,930.5,798
INV-2024-18807,2025-09-11,1250.0,PRD-122,EG,5,1648.76,1279
INV-2024-45582,2025-10-22,,PRD-120,SA,4,1475.52,1199
INV-2024-82520,2025-02-08,1152.0,PRD-137,EG,1,2355.46,1603
INV-2024-80091,2024-10-04,1247.0,PRD-130,EG,7,962.17,776
INV-2024-80481,2025-03-31,1080.0,PRD-135,AE,9,2040.84,1601
INV-2024-20413,2025-01-06,1098.0,PRD-103,JO,4,137.29,103
INV-2024-17336,2025/08/24,1421.0,PRD-133,EG,2,857.99,638
INV-2024-68541,2025-06-17,1425.0,PRD-132,EG,3,1733.77,1259
INV-2024-84278,2025-04-06,1416.0,PRD-141,EG,1,1090.0,731
INV-2024-78543,2025-02-27,1480.0,PRD-135,SA,9,2382.21,1800
INV-2024-42502,2024-06-20,1172.0,PRD-114,AE,10,152.93,106
INV-2024-42072,07-Jul-2024,1286.0,PRD-116,EG,3,2345.17,1916
INV-2024-43563,2024-01-24,1088.0,PRD-163,EG,2,233.42,171
INV-2024-33944,2024-05-08,1130.0,PRD-162,AE,5,757.26,576
INV-2024-95302,2024-08-28,1291.0,PRD-130,SA,2,1722.7,1466
INV-2024-42124,2025-11-08,1249.0,PRD-116,EG,5,2518.58,1799
INV-2024-39928,2024-09-14,1103.0,PRD-104,SA,5,1004.69,780
INV-2024-69777,2025-12-18,1353.0,PRD-165,EG,5,2851.03,1924
INV-2024-33256,2024-03-22,1169.0,PRD-151,EG,8,1949.2,1594
INV-2024-15273,2024-08-03,1400.0,PRD-138,AE,5,1636.38,1276
INV-2024-89840,2024-06-19,1485.0,PRD-149,AE,1,1144.6,956
INV-2024-44834,2025/02/10,1194.0,PRD-151,SA,1,2029.92,1621
INV-2024-82348,2024-04-15,1135.0,PRD-161,JO,2,406.78,353
INV-2024-46369,2024-04-07,1279.0,PRD-114,SA,1,579.71,445
INV-2024-21974,2024-03-06,1257.0,PRD-127,AE,3,1123.48,778
INV-2024-34905,2025-04-29,1405.0,PRD-117,SA,9,2130.35,1439
INV-2024-18345,2025-07-15,1003.0,PRD-137,AE,5,665.82,492
INV-2024-27373,2024-02-25,1060.0,PRD-147,JO,7,104.21,87
INV-2024-78492,2024-01-27,1248.0,PRD-143,EG,8,973.82,814
INV-2024-49683,2025-02-10,1215.0,PRD-156,JO,9,952.61,643
INV-2024-17977,2025-06-20,1112.0,PRD-107,AE,2,1127.3,925
INV-2024-37227,2024-03-26,1268.0,PRD-161,AE,2,1248.94,991
INV-2024-39830,2024-04-16,1428.0,PRD-134,EG,9,231.31,187
INV-2024-41973,2024-09-25,1250.0,PRD-132,AE,7,2319.45,1865
INV-2024-86765,2025-09-24,1388.0,PRD-130,AE,10,577.0,500
INV-2024-86188,2024-06-08,1124.0,PRD-146,EG,10,957.98,800
INV-2024-72558,2024/03/27,1022.0,PRD-151,JO,9,1857.22,1388
INV-2024-70852,2025-11-01,1097.0,PRD-145,EG,3,1830.13,1278
INV-2024-22880,2025-02-03,1451.0,PRD-160,EG,4,899.47,644
INV-2024-80376,2024-11-12,1048.0,PRD-104,SA,2,779.07,570
INV-2024-16695,2024-08-22,1428.0,PRD-163,SA,5,1465.53,982
INV-2024-51793,2024-09-10,,PRD-135,SA,8,641.34,463
INV-2024-93087,2024-10-17,1439.0,PRD-158,EG,8,155.8,125
INV-2024-19575,2025-03-29,1295.0,PRD-106,JO,7,1322.2,989
INV-2024-35745,2025-10-03,1187.0,PRD-140,EG,7,2295.87,1811
INV-2024-72691,2024-05-09,1485.0,PRD-162,EG,8,718.49,527
INV-2024-25257,2024-05-14,1400.0,PRD-113,EG,1,1718.04,1408
INV-2024-67920,2025-06-23,1011.0,PRD-133,SA,6,1236.62,1012
INV-2024-20929,2024-06-23,1278.0,PRD-152,JO,10,363.8,247
INV-2024-72394,2024-01-30,1151.0,PRD-103,SA,2,2072.14,1495
INV-2024-35873,2024-02-05,1220.0,PRD-141,AE,10,1693.79,1358
INV-2024-23090,2025/11/10,1017.0,PRD-128,EG,8,2522.25,1802
INV-2024-81089,2024-12-31,1413.0,PRD-121,SA,2,2623.65,1888
INV-2024-87250,2024-11-29,1234.0,PRD-165,SA,8,1986.28,1692
INV-2024-38179,2025-05-02,1488.0,PRD-155,SA,10,1486.37,1254
INV-2024-88419,2025-04-23,1260.0,PRD-141,EG,8,517.05,420
INV-2024-73862,2025-07-07,1158.0,PRD-132,SA,2,340.24,293
INV-2024-49316,2024-10-05,1226.0,PRD-143,SA,9,2698.92,1928
INV-2024-84623,2025-07-15,1478.0,PRD-158,AE,2,2372.95,1976
INV-2024-11258,2025-03-31,1415.0,PRD-142,SA,8,1773.93,1471
INV-2024-86246,2024-05-18,1284.0,PRD-109,EG,3,2515.48,1772
INV-2024-66328,15-Dec-2025,1086.0,PRD-116,SA,8,2157.53,1602
INV-2024-24617,2025-07-06,1467.0,PRD-147,EG,3,781.52,578
INV-2024-68017,2024-06-30,1320.0,PRD-109,AE,7,140.08,102
INV-2024-94230,2025-08-28,1052.0,PRD-138,SA,6,2155.19,1437
INV-2024-35532,2025-09-03,1449.0,PRD-143,EG,6,584.2,445
INV-2024-87193,2025/04/12,1032.0,PRD-130,JO,5,640.35,489
INV-2024-93221,2025-10-08,1105.0,PRD-154,SA,2,1431.45,1134
INV-2024-90532,2025-10-13,1498.0,PRD-152,EG,8,124.32,94
INV-2024-69802,2025-07-31,1223.0,PRD-116,SA,10,2180.12,1759
INV-2024-10064,2025-03-21,1139.0,PRD-113,EG,5,62.19,54
INV-2024-42997,2025-06-20,1019.0,PRD-135,AE,8,1042.64,806
INV-2024-63368,2025-10-17,1123.0,PRD-120,AE,2,216.26,154
INV-2024-88820,2025-10-16,1497.0,PRD-140,JO,1,1362.29,960
INV-2024-45486,2025-06-30,1082.0,PRD-163,SA,10,1188.08,891
INV-2024-74566,2024-11-13,1091.0,PRD-121,SA,9,1492.13,1080
INV-2024-92723,2024-12-21,1384.0,PRD-143,AE,5,477.68,365
INV-2024-33138,2025-05-08,1381.0,PRD-127,EG,5,867.46,579
INV-2024-53075,2025-07-06,1295.0,PRD-163,SA,10,519.59,355
INV-2024-76491,2024-08-20,1059.0,PRD-148,SA,10,1437.29,1033
INV-2024-73344,2024-04-01,1209.0,PRD-153,EG,6,801.81,614
INV-2024-77397,2025/03/28,,PRD-147,SA,8,2371.83,1762
INV-2024-47192,2024-11-11,1489.0,PRD-132,AE,8,2244.76,1913
INV-2024-94578,2025-01-09,1430.0,PRD-108,AE,6,647.04,434
INV-2024-49274,2025-02-26,1182.0,PRD-119,EG,10,231.44,162
INV-2024-44629,2024-09-23,1236.0,PRD-164,EG,2,1507.16,1193
INV-2024-79755,08-Jun-2024,1002.0,PRD-152,EG,2,1280.1,1023
INV-2024-42639,2024-11-06,1359.0,PRD-129,AE,1,674.75,576
INV-2024-54714,2024-01-11,1180.0,PRD-121,EG,7,1959.59,1674
INV-2024-46082,2024-01-01,1062.0,PRD-138,AE,4,2242.94,1893
INV-2024-98846,2025-06-19,1434.0,PRD-151,EG,8,1275.79,1002
INV-2024-83566,2024-05-19,1398.0,PRD-162,SA,1,1124.49,946
INV-2024-75937,2024-12-18,1452.0,PRD-120,EG,8,1838.94,1228
INV-2024-50475,2024-10-20,1053.0,PRD-160,AE,8,1138.83,930
INV-2024-92040,2025-04-25,1005.0,PRD-142,EG,7,2626.25,1838
INV-2024-67677,2025-07-01,1092.0,PRD-138,SA,8,501.94,372
INV-2024-24610,2024/01/09,1353.0,PRD-104,EG,5,639.3,481
INV-2024-33878,2025-12-05,1250.0,PRD-113,AE,7,1282.73,995
INV-2024-73908,2025-05-18,1435.0,PRD-122,AE,8,144.04,120
INV-2024-10854,2025-05-03,1160.0,PRD-145,EG,4,2346.78,1997
INV-2024-51839,2024-11-02,1295.0,PRD-130,AE,2,932.67,702
INV-2024-76787,2024-01-10,1140.0,PRD-154,SA,8,390.36,308
INV-2024-71670,2025-03-16,1423.0,PRD-107,EG,5,1197.5,836
INV-2024-74983,2024-10-26,1335.0,PRD-121,SA,1,1766.23,1446
INV-2024-31381,2025-09-03,1201.0,PRD-103,EG,2,985.95,705
INV-2024-33435,2024-08-24,1017.0,PRD-145,AE,3,1254.18,854
INV-2024-18593,2024-01-08,1132.0,PRD-131,AE,1,2033.36,1486
INV-2024-66625,2025-07-15,1116.0,PRD-161,EG,2,2180.23,1821
INV-2024-98208,2025-01-17,1418.0,PRD-108,SA,7,1089.87,836
INV-2024-49929,2024-07-12,1497.0,PRD-152,AE,6,877.42,636
INV-2024-22395,2025-02-25,1120.0,PRD-142,JO,3,744.61,618
INV-2024-68090,2025/07/28,1355.0,PRD-115,SA,7,1505.3,1207
INV-2024-54883,2025-03-23,1115.0,PRD-143,JO,3,2954.1,1985
INV-2024-93608,2025-02-08,1468.0,PRD-156,SA,2,1349.27,1005
INV-2024-80594,2024-09-12,1188.0,PRD-102,EG,9,2196.04,1871
INV-2024-33941,2024-06-16,1489.0,PRD-105,AE,6,1200.27,977
INV-2024-35374,2025-10-23,1115.0,PRD-115,SA,7,2346.04,1638
INV-2024-24249,2025-02-03,1152.0,PRD-150,SA,6,1052.12,730
INV-2024-40382,2025-01-22,1210.0,PRD-118,SA,2,828.23,695
INV-2024-37946,2024-08-13,1006.0,PRD-157,AE,6,1805.66,1413
INV-2024-50265,2024-09-26,1005.0,PRD-164,AE,6,506.16,370
INV-2024-75769,2024-03-22,,PRD-148,SA,9,1157.03,866
INV-2024-50027,2025-03-08,1149.0,PRD-135,EG,2,438.89,309
INV-2024-51945,2025-10-02,1476.0,PRD-144,SA,10,1793.75,1243
INV-2024-79520,2024-09-02,1336.0,PRD-156,SA,3,2894.5,1960
INV-2024-71849,2025-06-13,1306.0,PRD-151,EG,3,2373.06,1840
INV-2024-23489,2025/09/19,1221.0,PRD-141,AE,1,155.36,121
INV-2024-99751,2025-12-11,1172.0,PRD-124,SA,6,227.51,178
INV-2024-49329,2025-12-02,1410.0,PRD-162,EG,10,2596.75,1836
INV-2024-89891,2024-10-05,1039.0,PRD-147,EG,10,606.73,461
INV-2024-37563,2024-10-18,1302.0,PRD-133,EG,6,582.02,496
INV-2024-84843,2025-10-26,1233.0,PRD-123,JO,4,846.45,597
INV-2024-98065,2025-06-28,1414.0,PRD-133,EG,6,1562.02,1135
INV-2024-30263,2024-10-02,1320.0,PRD-109,EG,8,1273.88,916
INV-2024-52436,2025-02-26,1102.0,PRD-115,SA,5,1279.69,903
INV-2024-30498,2024-07-11,1142.0,PRD-151,EG,7,261.22,207
INV-2024-35153,11-Mar-2024,1395.0,PRD-156,EG,6,671.22,558
INV-2024-61935,2024-07-05,1066.0,PRD-119,EG,5,2767.91,1899
INV-2024-32515,2024-05-19,1021.0,PRD-158,SA,9,364.31,244
INV-2024-30701,2024-10-23,1055.0,PRD-101,SA,5,1574.18,1131
INV-2024-89970,2024-04-23,1299.0,PRD-122,EG,8,270.35,198
INV-2024-96847,2025/10/14,1023.0,PRD-135,SA,9,1867.57,1281
INV-2024-30595,2025-04-11,1127.0,PRD-133,JO,8,2314.31,1622
INV-2024-52687,2025-09-24,1284.0,PRD-139,EG,2,2044.16,1707
INV-2024-77694,2025-04-08,1264.0,PRD-152,EG,2,1481.8,1048
INV-2024-72098,2024-10-05,1005.0,PRD-132,EG,1,1617.51,1117
INV-2024-95654,2025-12-18,1264.0,PRD-142,SA,9,2309.06,1701
INV-2024-88017,2025-09-29,1169.0,PRD-102,AE,9,181.07,135
INV-2024-64645,2025-05-18,1009.0,PRD-135,EG,4,615.72,493
INV-2024-45308,2024-07-11,1175.0,PRD-104,AE,1,1706.33,1182
INV-2024-39979,2024-11-24,1356.0,PRD-115,EG,1,953.68,744
INV-2024-44452,2024-01-20,1175.0,PRD-129,SA,9,2193.35,1525
INV-2024-71863,2024-06-04,1415.0,PRD-156,AE,10,1463.45,1258
INV-2024-49795,2024-02-20,1493.0,PRD-124,EG,2,2025.11,1643
INV-2024-58600,2025-07-01,1050.0,PRD-109,SA,7,1924.66,1486
INV-2024-29003,2024-01-23,1215.0,PRD-139,EG,1,2242.63,1872
INV-2024-50138,2024/07/09,1083.0,PRD-110,AE,5,2476.26,1904
INV-2024-53741,2024-04-14,1425.0,PRD-158,EG,7,2031.77,1638
INV-2024-56390,2024-10-15,1059.0,PRD-165,AE,3,2077.9,1495
INV-2024-51333,2024-10-02,1290.0,PRD-145,EG,9,2212.91,1819
INV-2024-68944,2024-05-08,1027.0,PRD-121,AE,8,2472.02,1725
INV-2024-50372,24-Mar-2025,,PRD-134,EG,6,1500.83,1276
INV-2024-65744,2024-01-09,1200.0,PRD-123,AE,1,2454.88,1815
INV-2024-83831,2024-08-26,1126.0,PRD-101,EG,4,296.12,211
INV-2024-61582,2024-04-02,1382.0,PRD-134,JO,7,1044.61,806
INV-2024-64673,2024-06-03,1254.0,PRD-146,EG,2,2080.15,1604
INV-2024-10743,2024-01-16,1252.0,PRD-146,EG,9,1589.83,1343
INV-2024-62963,2025-05-20,1147.0,PRD-103,SA,10,1686.45,1327
INV-2024-17249,2024-08-10,1156.0,PRD-108,EG,4,2581.99,1948
INV-2024-63580,2024-12-16,1149.0,PRD-151,EG,2,1075.45,864
INV-2024-56348,2025-03-06,1271.0,PRD-106,JO,7,502.48,345
INV-2024-94645,2024/11/15,1098.0,PRD-142,JO,3,1939.83,1624
INV-2024-28340,2025-05-25,1012.0,PRD-129,EG,8,527.16,352
INV-2024-69885,2025-01-15,1198.0,PRD-163,JO,5,355.96,242
INV-2024-45940,2025-04-19,1051.0,PRD-153,SA,4,2065.06,1421
INV-2024-12553,2025-12-14,1418.0,PRD-147,EG,6,1303.56,1053
INV-2024-36504,2024-02-02,1061.0,PRD-151,AE,9,1820.9,1577
INV-2024-37342,2024-12-04,1438.0,PRD-142,SA,9,620.48,459
INV-2024-96776,2024-03-23,1453.0,PRD-140,JO,1,1362.9,1111
INV-2024-43545,2024-05-29,1325.0,PRD-135,EG,5,2123.9,1771
INV-2024-48639,2024-02-27,1264.0,PRD-161,SA,9,1040.35,772
INV-2024-58952,2024-09-29,1302.0,PRD-116,EG,3,105.44,81
INV-2024-13103,2025-02-05,1191.0,PRD-150,EG,7,1590.34,1305
INV-2024-52184,2024-03-14,1341.0,PRD-148,EG,10,1288.79,899
INV-2024-66033,2025-07-10,1224.0,PRD-159,JO,3,412.16,334
INV-2024-60122,2025-04-26,1043.0,PRD-131,AE,3,1284.39,1012
INV-2024-52688,2024/07/04,1063.0,PRD-133,AE,9,642.71,471
INV-2024-83147,2024-07-15,1495.0,PRD-145,SA,6,2020.33,1350
INV-2024-83396,2024-09-13,1083.0,PRD-105,EG,3,2500.16,1880
INV-2024-36142,2025-01-25,1441.0,PRD-112,EG,8,1258.35,1068
INV-2024-38177,2024-01-13,1216.0,PRD-104,EG,3,1510.67,1205
INV-2024-90944,2024-05-04,1069.0,PRD-103,EG,7,1984.45,1402
INV-2024-75921,2024-09-11,1137.0,PRD-137,AE,8,720.92,507
INV-2024-67685,2025-01-29,1143.0,PRD-128,SA,2,2673.6,1852
INV-2024-45908,2025-03-29,1357.0,PRD-137,EG,4,1554.18,1322
INV-2024-24003,2024-09-10,1096.0,PRD-128,EG,4,2172.14,1557
INV-2024-19755,2024-02-04,1430.0,PRD-156,EG,7,1462.91,1009
INV-2024-41868,2024-07-22,1455.0,PRD-107,SA,7,1255.75,914
INV-2024-31026,2025-04-16,1241.0,PRD-133,JO,8,1882.61,1372
INV-2024-52661,2024-04-06,1365.0,PRD-107,SA,2,292.91,212
INV-2024-72872,2025-06-17,1152.0,PRD-108,AE,1,1450.95,1179
INV-2024-87717,2025/11/12,,PRD-133,SA,8,2397.21,1782
INV-2024-71587,2024-08-01,1010.0,PRD-151,EG,2,1830.72,1365
INV-2024-16029,2025-04-29,1365.0,PRD-161,EG,8,2268.36,1659
INV-2024-96431,2025-02-02,1330.0,PRD-145,AE,4,632.17,435
INV-2024-61126,2025-11-28,1073.0,PRD-137,AE,3,874.01,714
INV-2024-73837,2024-11-15,1482.0,PRD-129,EG,10,377.02,315
INV-2024-42747,2024-11-26,1185.0,PRD-117,SA,8,1341.86,1026
INV-2024-46718,2024-06-11,1234.0,PRD-124,SA,8,722.63,566
INV-2024-89522,2025-10-06,1025.0,PRD-144,SA,3,369.96,268
INV-2024-86823,2024-02-13,1096.0,PRD-145,JO,2,375.28,254
INV-2024-59154,16-Jul-2025,1270.0,PRD-137,SA,5,1399.46,934
INV-2024-17774,2025-06-17,1365.0,PRD-130,SA,7,585.14,438
INV-2024-23295,2024-05-05,1365.0,PRD-151,EG,9,1408.03,1051
INV-2024-17355,2024-09-16,1448.0,PRD-165,EG,5,589.36,411
INV-2024-93837,2025-05-07,1389.0,PRD-103,EG,5,1260.87,996
INV-2024-54917,2025/10/15,1189.0,PRD-132,EG,9,2269.09,1671
INV-2024-46181,2024-11-01,1386.0,PRD-158,AE,8,239.14,164
INV-2024-80503,2024-07-22,1350.0,PRD-132,AE,10,551.02,413
INV-2024-58424,2025-01-04,1067.0,PRD-131,EG,1,534.35,357
INV-2024-67425,2024-02-23,1159.0,PRD-141,AE,7,312.82,216
INV-2024-47255,2025-11-13,1304.0,PRD-161,EG,5,1258.74,892
INV-2024-24553,2024-08-11,1331.0,PRD-157,EG,8,1555.4,1125
INV-2024-71845,2024-04-25,1267.0,PRD-109,EG,10,1579.55,1108
INV-2024-27600,2024-08-29,1368.0,PRD-128,EG,7,2322.54,1578
INV-2024-19697,2025-10-10,1446.0,PRD-129,EG,10,978.37,716
INV-2024-52538,2025-03-20,1400.0,PRD-138,SA,6,2246.63,1658
INV-2024-64234,2024-11-28,1059.0,PRD-109,SA,9,1039.17,736
INV-2024-29893,2024-01-16,1118.0,PRD-123,JO,6,1565.23,1340
INV-2024-29715,2024-06-20,1236.0,PRD-136,EG,4,1402.47,1062
INV-2024-87307,2024-10-09,1071.0,PRD-155,EG,7,1744.17,1431
INV-2024-49171,2025/08/21,1453.0,PRD-149,EG,6,918.88,648
INV-2024-85246,2024-05-02,1348.0,PRD-164,SA,8,1436.14,1217
INV-2024-36213,2025-02-09,1284.0,PRD-162,EG,3,2482.83,1709
INV-2024-83641,2024-09-05,1011.0,PRD-118,AE,1,1647.97,1176
INV-2024-21535,2024-01-10,1012.0,PRD-116,SA,1,351.05,249
INV-2024-67443,13-Feb-2024,1259.0,PRD-123,SA,7,1835.97,1417
INV-2024-42142,2025-08-18,1203.0,PRD-108,SA,3,830.74,704
INV-2024-52970,2025-12-08,1166.0,PRD-163,EG,10,886.02,746
INV-2024-85069,2025-05-01,1290.0,PRD-106,EG,7,1138.16,961
INV-2024-81642,2025-12-05,1340.0,PRD-102,EG,9,75.94,66
INV-2024-96598,2025-09-02,,PRD-134,SA,6,1538.01,1104
INV-2024-44172,2024-06-07,1140.0,PRD-124,EG,3,1694.29,1399
INV-2024-82964,2025-01-15,1449.0,PRD-138,EG,10,1112.59,857
INV-2024-79602,2024-04-01,1318.0,PRD-117,JO,5,2290.13,1721
INV-2024-48196,2024-09-11,1487.0,PRD-106,EG,6,373.3,285
INV-2024-12864,2024/06/10,1080.0,PRD-160,AE,6,218.34,180
INV-2024-28411,2025-05-26,1443.0,PRD-128,AE,5,666.75,471
INV-2024-18913,2024-04-03,1168.0,PRD-131,EG,4,2581.59,1984
INV-2024-51151,2025-12-03,1346.0,PRD-148,EG,8,1902.61,1442
INV-2024-57347,2025-09-25,1109.0,PRD-157,EG,5,2663.85,1899
INV-2024-68437,2024-12-12,1199.0,PRD-117,SA,6,1650.38,1139
INV-2024-38155,2025-10-02,1025.0,PRD-142,SA,4,1659.37,1413
INV-2024-34135,2024-03-02,1363.0,PRD-139,AE,10,1286.32,946
INV-2024-52109,2024-03-02,1001.0,PRD-133,JO,8,2526.17,1918
INV-2024-71384,2024-12-30,1445.0,PRD-124,SA,9,164.77,111
INV-2024-39842,2025-10-22,1044.0,PRD-153,EG,10,1477.32,1271
INV-2024-70398,2024-06-06,1202.0,PRD-134,EG,7,2609.68,1867
INV-2024-57474,2025-12-19,1310.0,PRD-153,AE,8,2428.88,1755
INV-2024-53648,2025-07-03,1078.0,PRD-161,EG,2,1179.98,990
INV-2024-36081,2024-04-19,1149.0,PRD-122,EG,4,1034.36,804
INV-2024-98823,2024/05/08,1337.0,PRD-165,AE,4,2471.97,1652
INV-2024-43951,2025-05-14,1112.0,PRD-107,SA,3,1079.65,763
INV-2024-43470,2024-08-26,1477.0,PRD-150,JO,10,1135.64,811
INV-2024-89117,2024-11-20,1167.0,PRD-147,SA,9,1351.3,962
INV-2024-13032,2025-07-25,1251.0,PRD-149,EG,4,990.7,705
INV-2024-28385,2025-10-22,1497.0,PRD-161,JO,9,1897.16,1604
INV-2024-25622,2024-12-21,1339.0,PRD-108,EG,8,546.49,410
INV-2024-94179,2025-03-25,1335.0,PRD-129,EG,10,945.07,659
INV-2024-63841,2024-07-16,1138.0,PRD-150,SA,7,2197.72,1584
INV-2024-66011,2024-01-22,1094.0,PRD-110,EG,7,285.45,230
INV-2024-61944,2025-12-06,1337.0,PRD-127,SA,7,2099.17,1422
INV-2024-73747,2025-01-21,1395.0,PRD-114,EG,10,1039.57,858
INV-2024-16295,2025-01-01,1171.0,PRD-157,SA,7,1855.17,1479
INV-2024-79258,2024-05-17,1298.0,PRD-129,EG,1,1569.22,1244
INV-2024-17901,2024-09-13,1202.0,PRD-144,AE,7,742.3,495
INV-2024-77143,2024/02/10,1334.0,PRD-108,AE,7,593.09,461
INV-2024-58952,2025-05-11,1406.0,PRD-116,EG,1,1087.87,784
INV-2024-12123,2025-12-24,1133.0,PRD-150,EG,1,1278.16,962
INV-2024-84149,2025-03-24,1447.0,PRD-108,EG,5,2596.0,1768
INV-2024-67305,2025-07-26,1047.0,PRD-114,EG,4,2160.76,1567
INV-2024-14205,2024-10-28,,PRD-126,AE,8,2170.49,1583
INV-2024-76088,2025-07-09,1310.0,PRD-132,AE,7,1176.26,797
INV-2024-52869,2025-12-14,1473.0,PRD-162,EG,3,2313.34,1617
INV-2024-80622,2025-05-16,1298.0,PRD-141,EG,9,1112.51,853
INV-2024-74488,2024-07-13,1357.0,PRD-161,EG,1,938.0,735
INV-2024-47047,03-Aug-2025,1243.0,PRD-105,SA,2,589.11,423
INV-2024-85342,2024-07-10,1312.0,PRD-150,EG,10,2314.01,1955
INV-2024-53745,2025-07-10,1361.0,PRD-138,JO,9,632.13,424
INV-2024-93148,2024-12-22,1005.0,PRD-162,AE,1,1666.4,1395
INV-2024-18796,2024-11-27,1112.0,PRD-132,EG,2,722.72,484
INV-2024-19902,2025/04/24,1261.0,PRD-151,SA,10,590.36,449
INV-2024-84095,2024-10-08,1216.0,PRD-134,JO,1,433.83,370
INV-2024-22077,2025-09-05,1389.0,PRD-156,SA,9,2379.43,1779
INV-2024-83176,2025-07-21,1185.0,PRD-110,EG,8,1222.89,1037
INV-2024-24723,2024-06-13,1380.0,PRD-118,EG,10,250.83,188
INV-2024-79699,2024-03-11,1359.0,PRD-123,AE,6,251.11,179
INV-2024-30738,2025-06-27,1408.0,PRD-146,SA,7,1876.97,1591
INV-2024-77305,2024-06-07,1342.0,PRD-156,SA,6,992.82,738
INV-2024-21498,2025-04-05,1080.0,PRD-121,AE,4,1877.59,1468
INV-2024-85225,2024-10-29,1354.0,PRD-117,AE,9,956.1,711
INV-2024-71400,2024-09-26,1446.0,PRD-104,JO,7,517.25,449
INV-2024-89958,2025-07-08,1394.0,PRD-120,EG,3,1664.19,1170
INV-2024-95219,2025-01-10,1312.0,PRD-123,SA,4,2074.19,1683
INV-2024-35020,2025-04-09,1279.0,PRD-119,AE,8,1540.37,1129
INV-2024-19579,2024-01-01,1192.0,PRD-114,AE,4,1099.0,768
INV-2024-99647,2025/10/15,1154.0,PRD-153,SA,8,2386.76,1981
INV-2024-66485,2025-06-02,1436.0,PRD-140,EG,8,768.83,594
INV-2024-46289,2025-01-23,1165.0,PRD-147,AE,1,1363.16,981
INV-2024-71042,2024-07-08,1053.0,PRD-132,AE,1,2886.17,1940
INV-2024-69151,2024-01-20,1372.0,PRD-146,EG,1,1511.55,1127
INV-2024-29949,26-Sep-2025,1162.0,PRD-162,SA,7,1969.83,1565
INV-2024-95254,2025-01-07,1385.0,PRD-145,EG,1,2191.74,1580
INV-2024-53310,2025-09-27,1334.0,PRD-115,EG,1,941.47,705
INV-2024-19571,2024-09-01,1001.0,PRD-114,EG,9,2614.51,1902
INV-2024-33812,2024-11-24,1250.0,PRD-154,SA,10,1512.88,1057
INV-2024-94913,2024-03-05,1130.0,PRD-134,SA,8,1108.29,941
INV-2024-85395,2025-11-05,1229.0,PRD-128,SA,9,2429.93,1711
INV-2024-54539,2025-07-05,1193.0,PRD-155,SA,4,2246.48,1749
INV-2024-69512,2025-01-31,1199.0,PRD-138,AE,6,806.77,546
INV-2024-79168,2024-07-13,1154.0,PRD-130,EG,8,1191.92,956
INV-2024-66675,2025/06/20,,PRD-153,EG,4,676.45,456
INV-2024-12815,2025-11-30,1080.0,PRD-119,AE,7,2826.79,1933
INV-2024-62620,2025-05-24,1059.0,PRD-165,EG,10,2286.13,1944
INV-2024-85332,2025-07-18,1093.0,PRD-101,JO,4,1305.38,1043
INV-2024-48510,2024-06-06,1126.0,PRD-164,AE,5,806.81,691
INV-2024-10832,2025-09-19,1060.0,PRD-122,SA,10,741.4,643
INV-2024-91748,2024-10-16,1130.0,PRD-101,JO,8,447.93,317
INV-2024-61111,2024-11-26,1320.0,PRD-104,EG,8,2672.12,1820
INV-2024-12473,2025-02-23,1084.0,PRD-155,EG,10,255.1,205
INV-2024-11119,2025-10-18,1231.0,PRD-163,SA,4,1139.86,889
INV-2024-39521,2024-11-25,1298.0,PRD-141,EG,2,1737.52,1292
INV-2024-52255,2024-04-23,1385.0,PRD-157,JO,5,1554.61,1042
INV-2024-65987,2024-04-08,1200.0,PRD-130,EG,7,973.73,797
INV-2024-29725,2025-06-19,1331.0,PRD-157,SA,9,1436.68,1129
INV-2024-43928,2025-11-05,1413.0,PRD-158,SA,5,1533.03,1086
INV-2024-39214,2024/03/09,1463.0,PRD-145,SA,6,1163.38,977
INV-2024-86595,2024-02-14,1410.0,PRD-115,EG,10,1419.44,1146
INV-2024-98413,2024-05-12,1136.0,PRD-134,EG,10,2521.75,1960
INV-2024-52810,2024-07-01,1125.0,PRD-156,AE,10,855.43,705
INV-2024-79778,2024-02-02,1129.0,PRD-162,EG,8,1353.48,1026
INV-2024-69998,2024-07-25,1225.0,PRD-131,AE,3,254.31,212
INV-2024-95670,2024-04-19,1141.0,PRD-165,SA,9,1282.03,982
INV-2024-97215,2025-05-12,1463.0,PRD-150,AE,2,2404.13,1658
INV-2024-36257,2024-07-15,1476.0,PRD-111,AE,9,2152.47,1598
INV-2024-85292,2024-04-11,1171.0,PRD-161,EG,6,1437.51,1059
INV-2024-56484,2024-02-02,1065.0,PRD-129,SA,3,2331.9,1717
INV-2024-85609,2025-08-07,1471.0,PRD-104,AE,1,965.63,712
INV-2024-30002,2025-10-19,1147.0,PRD-141,SA,6,1860.63,1564
INV-2024-34752,2025-02-01,1195.0,PRD-130,JO,6,1503.63,1177
INV-2024-29435,2025-11-04,1166.0,PRD-105,SA,10,252.46,187
INV-2024-37019,2025/05/16,1156.0,PRD-136,EG,3,832.73,644
INV-2024-50433,2025-06-22,1053.0,PRD-161,EG,3,593.13,435
INV-2024-33800,2025-09-30,1481.0,PRD-132,JO,1,2441.98,1636
INV-2024-23224,2025-12-19,1173.0,PRD-153,EG,4,593.99,464
INV-2024-13437,2025-08-27,1449.0,PRD-125,AE,6,1930.85,1304
INV-2024-79916,2024-09-19,1478.0,PRD-141,AE,10,1906.24,1423
INV-2024-88895,2024-02-20,1416.0,PRD-151,EG,3,1313.49,1081
INV-2024-15171,2025-01-10,1305.0,PRD-116,EG,7,2214.96,1926
INV-2024-26688,2024-08-14,1287.0,PRD-163,AE,8,2211.54,1614
INV-2024-80788,2025-09-12,1259.0,PRD-161,EG,9,496.42,349
INV-2024-55681,13-Mar-2024,,PRD-161,AE,8,2652.98,1794
INV-2024-19078,2024-01-14,1025.0,PRD-132,SA,10,2573.01,1958
INV-2024-52920,2024-08-01,1298.0,PRD-129,SA,9,1896.85,1534
INV-2024-51331,2025-11-02,1433.0,PRD-156,AE,7,1035.46,893
INV-2024-40160,2025-05-18,1337.0,PRD-164,EG,10,1420.29,1071
INV-2024-96267,2024/03/22,1477.0,PRD-142,SA,6,102.73,72
INV-2024-37368,2025-04-24,1352.0,PRD-108,EG,5,926.12,618
INV-2024-36437,2025-10-16,1228.0,PRD-106,EG,3,1651.08,1280
INV-2024-49705,2024-03-03,1352.0,PRD-104,SA,2,125.39,85
INV-2024-31402,2025-01-04,1364.0,PRD-130,AE,3,2167.2,1462
INV-2024-65611,2025-07-25,1183.0,PRD-152,EG,3,1288.29,968
INV-2024-45530,2025-03-01,1149.0,PRD-145,SA,7,619.35,536
INV-2024-40537,2025-01-12,1344.0,PRD-139,SA,2,1987.04,1561
INV-2024-38473,2025-12-26,1062.0,PRD-164,EG,2,1290.37,989
INV-2024-56575,2024-02-29,1300.0,PRD-127,EG,9,2512.92,1770
INV-2024-13577,2025-09-23,1085.0,PRD-157,JO,5,2321.96,1691
INV-2024-27997,2024-09-29,1367.0,PRD-112,AE,10,2400.72,1660
INV-2024-67624,2025-06-25,1344.0,PRD-159,SA,1,1504.04,1086
INV-2024-26136,2024-02-11,1004.0,PRD-139,SA,8,1012.98,724
INV-2024-59166,2024-03-13,1354.0,PRD-126,EG,9,1957.47,1701
INV-2024-13332,2024/11/07,1380.0,PRD-126,SA,7,1015.31,743
INV-2024-68189,2024-03-20,1073.0,PRD-162,SA,7,1370.58,1118
INV-2024-37339,2024-08-09,1018.0,PRD-148,SA,8,2184.99,1567
INV-2024-59861,2025-06-15,1179.0,PRD-104,EG,2,2047.3,1683
INV-2024-16450,2024-04-09,1210.0,PRD-106,EG,10,1176.26,900
INV-2024-68564,13-Apr-2024,1400.0,PRD-109,EG,3,1359.53,1145
INV-2024-67481,2024-08-24,1281.0,PRD-150,JO,4,1545.42,1182
INV-2024-62321,2025-06-28,1424.0,PRD-104,SA,3,1510.88,1040
INV-2024-36035,2025-01-29,1115.0,PRD-143,SA,8,1770.37,1215
INV-2024-36952,2024-07-13,1058.0,PRD-120,EG,5,2072.01,1534
INV-2024-59873,2024-07-16,1044.0,PRD-140,EG,4,1207.55,1018
INV-2024-87360,2025-06-22,1002.0,PRD-131,AE,7,1777.22,1460
INV-2024-26338,2025-11-03,1425.0,PRD-105,SA,9,1083.29,811
INV-2024-22170,2024-09-11,1209.0,PRD-105,SA,9,811.3,584
INV-2024-32950,2025-08-06,1105.0,PRD-165,EG,7,2427.68,1644
INV-2024-76414,2025/10/02,1217.0,PRD-116,AE,8,464.68,381
INV-2024-85799,2024-07-02,1218.0,PRD-151,EG,6,1832.17,1415
INV-2024-77698,2025-07-25,1244.0,PRD-152,EG,8,1213.78,810
INV-2024-25951,2025-07-25,1289.0,PRD-145,SA,6,1380.47,969
INV-2024-31349,2025-03-01,1149.0,PRD-142,EG,2,1968.3,1710
INV-2024-37477,2024-04-18,,PRD-157,EG,3,1154.83,774
INV-2024-25775,2025-10-15,1021.0,PRD-138,SA,3,1004.27,722
INV-2024-74108,2025-08-13,1281.0,PRD-165,SA,2,139.73,102
INV-2024-89278,2025-01-01,1413.0,PRD-141,AE,6,1479.12,1132
INV-2024-56974,2025-11-21,1176.0,PRD-128,SA,8,1353.61,1081
INV-2024-51534,2025-04-14,1402.0,PRD-147,EG,8,1608.47,1338
INV-2024-64411,2025-12-20,1079.0,PRD-103,EG,5,2352.53,1977
INV-2024-35032,2025-11-12,1044.0,PRD-137,JO,6,243.88,171
INV-2024-37568,2025-03-13,1297.0,PRD-139,SA,4,373.42,289
INV-2024-21900,2024-04-16,1268.0,PRD-102,AE,2,1313.33,926
INV-2024-76441,2024/06/19,1045.0,PRD-115,EG,6,1725.78,1350
INV-2024-57167,2024-07-03,1497.0,PRD-149,SA,7,285.55,232
INV-2024-72649,2025-07-17,1009.0,PRD-137,EG,5,1315.9,952
INV-2024-43460,2025-02-15,1024.0,PRD-146,SA,1,194.98,134
INV-2024-76680,2025-05-31,1172.0,PRD-140,JO,9,773.81,666
INV-2024-24679,2024-12-11,1067.0,PRD-118,JO,8,125.34,97
INV-2024-69893,2025-11-04,1475.0,PRD-105,SA,7,933.27,685
INV-2024-12116,2024-06-10,1320.0,PRD-140,SA,4,951.18,730
INV-2024-10951,2025-06-30,1379.0,PRD-145,JO,9,2312.2,1986
INV-2024-59811,2025-09-06,1404.0,PRD-129,SA,7,649.18,482
INV-2024-65052,2025-03-29,1150.0,PRD-152,EG,8,488.81,336
INV-2024-62469,2024-12-26,1186.0,PRD-139,SA,6,2164.12,1629
INV-2024-23115,2024-11-18,1249.0,PRD-113,EG,1,1578.2,1123
INV-2024-56488,2025-07-17,1179.0,PRD-131,SA,2,2341.07,1652
INV-2024-57237,2024-11-28,1447.0,PRD-138,SA,3,725.98,583
INV-2024-50629,2025/01/15,1206.0,PRD-153,SA,4,1940.36,1424
INV-2024-18559,2025-02-26,1374.0,PRD-106,EG,1,742.01,582
INV-2024-66904,2025-10-10,1140.0,PRD-103,EG,9,2587.42,1827
INV-2024-95459,2025-03-16,1254.0,PRD-154,SA,3,2236.41,1774
INV-2024-49412,2024-11-27,1006.0,PRD-139,AE,10,975.61,821
INV-2024-40062,2025-09-15,1027.0,PRD-157,SA,10,1638.55,1236
INV-2024-21069,2024-09-03,1108.0,PRD-158,EG,2,1537.89,1069
INV-2024-95253,2025-07-30,1496.0,PRD-165,JO,2,2407.12,1867
INV-2024-94355,2025-07-12,1492.0,PRD-153,JO,9,2578.23,1915
INV-2024-61076,2024-08-07,1458.0,PRD-129,EG,1,754.14,520
INV-2024-71782,19-Jan-2025,1195.0,PRD-138,EG,10,377.48,272
INV-2024-12077,2025-07-17,1187.0,PRD-113,AE,1,329.82,257
INV-2024-46007,2024-09-17,1134.0,PRD-142,AE,7,1255.63,838
INV-2024-94850,2025-01-03,1225.0,PRD-148,JO,4,334.76,278
INV-2024-52371,2025-04-08,1113.0,PRD-145,AE,7,323.72,271
INV-2024-15946,2025/04/03,,PRD-152,SA,9,1257.22,976
INV-2024-28446,2025-02-10,1403.0,PRD-121,SA,10,1144.41,776
INV-2024-42636,2024-01-01,1251.0,PRD-140,EG,5,924.58,795
INV-2024-33246,2024-02-05,1324.0,PRD-108,EG,10,1825.9,1376
INV-2024-84000,2024-10-18,1062.0,PRD-158,SA,8,2338.97,1900
INV-2024-11215,2025-09-02,1046.0,PRD-129,SA,6,2164.11,1635
INV-2024-26770,2024-01-17,1019.0,PRD-155,SA,5,517.42,403
INV-2024-77976,2025-06-14,1136.0,PRD-111,AE,5,1141.69,967
INV-2024-30415,2024-05-18,1171.0,PRD-154,EG,1,2220.74,1787
INV-2024-28378,2024-11-05,1190.0,PRD-114,SA,3,1154.53,930
INV-2024-71579,2024-01-07,1350.0,PRD-145,EG,9,2146.41,1565
INV-2024-15110,2024-11-03,1379.0,PRD-154,SA,10,892.14,635
INV-2024-18019,2024-08-15,1132.0,PRD-148,AE,2,1941.24,1401
INV-2024-88145,2024-08-07,1428.0,PRD-115,SA,4,2752.17,1958
INV-2024-37502,2024-11-18,1286.0,PRD-160,JO,1,774.19,570
INV-2024-96632,2024/01/23,1425.0,PRD-163,EG,7,377.29,326
INV-2024-48415,2025-12-07,1416.0,PRD-125,SA,9,2074.31,1704
INV-2024-58719,2024-10-09,1305.0,PRD-132,EG,7,2472.07,1956
INV-2024-90944,2025-07-20,1160.0,PRD-122,SA,3,2266.72,1722
INV-2024-64378,2025-06-07,1002.0,PRD-154,AE,8,864.48,626
INV-2024-30641,23-Jul-2025,1160.0,PRD-116,SA,7,845.73,585
INV-2024-64950,2025-08-07,1002.0,PRD-135,AE,3,1310.65,941
INV-2024-32599,2025-08-08,1181.0,PRD-125,EG,4,756.25,628
INV-2024-32890,2024-06-07,1175.0,PRD-146,AE,7,303.96,226
INV-2024-77973,2024-04-06,1419.0,PRD-119,EG,7,1833.91,1524
INV-2024-29841,2024-02-08,1107.0,PRD-112,AE,9,847.24,573
INV-2024-97643,2025-04-16,1177.0,PRD-147,EG,2,2046.78,1775
INV-2024-33804,2024-12-30,1140.0,PRD-146,EG,3,2728.8,1833
INV-2024-57850,2024-06-08,1396.0,PRD-147,SA,3,2404.83,1824
INV-2024-24338,2024-05-21,1189.0,PRD-101,JO,7,2542.2,1898
INV-2024-31282,2024/09/28,1262.0,PRD-108,EG,5,2003.22,1375
INV-2024-13929,2025-01-10,1357.0,PRD-123,EG,1,1142.08,948
INV-2024-75215,2025-08-19,1078.0,PRD-110,AE,7,531.54,435
INV-2024-36748,2024-09-12,1355.0,PRD-105,EG,3,1904.77,1394
INV-2024-50116,2024-08-26,1272.0,PRD-163,EG,2,2208.71,1551
INV-2024-62907,2024-09-19,1209.0,PRD-120,SA,8,489.18,374
INV-2024-91960,2024-11-03,1080.0,PRD-132,EG,7,399.97,306
INV-2024-58913,2024-04-04,1225.0,PRD-155,JO,5,1369.75,939
INV-2024-44757,2025-08-07,1467.0,PRD-143,AE,9,2224.47,1675
INV-2024-91515,2025-02-13,1298.0,PRD-116,SA,5,2069.62,1611
INV-2024-52083,2025-08-05,,PRD-158,JO,8,1993.49,1591
INV-2024-13732,2024-08-10,1500.0,PRD-120,SA,10,798.63,642
INV-2024-13385,2024-03-20,1404.0,PRD-125,EG,2,598.74,462
INV-2024-53461,2024-11-28,1327.0,PRD-145,EG,8,554.97,371
INV-2024-13735,2025-05-09,1210.0,PRD-152,SA,9,815.19,583
INV-2024-71669,2024/06/26,1466.0,PRD-101,EG,6,671.59,520
INV-2024-14485,2025-05-14,1460.0,PRD-155,JO,8,1819.9,1373
INV-2024-28919,2025-12-07,1017.0,PRD-124,AE,4,262.93,204
INV-2024-63432,2025-12-20,1448.0,PRD-127,EG,2,1359.87,1040
INV-2024-16094,2025-08-13,1175.0,PRD-102,SA,4,779.0,669
INV-2024-80710,2024-04-07,1284.0,PRD-127,AE,9,611.8,503
INV-2024-59418,2025-09-01,1335.0,PRD-114,JO,6,2502.52,1679
INV-2024-88447,2025-10-19,1263.0,PRD-113,AE,1,341.67,265
INV-2024-78839,2024-11-03,1277.0,PRD-136,SA,1,460.29,372
INV-2024-32248,2024-02-08,1276.0,PRD-118,AE,1,2179.68,1829
INV-2024-30731,2025-08-13,1257.0,PRD-129,SA,9,2455.14,1763
INV-2024-23122,2025-01-25,1489.0,PRD-147,SA,4,234.16,197
INV-2024-11958,2024-03-21,1397.0,PRD-136,EG,4,1587.25,1203
INV-2024-55700,2024-02-27,1185.0,PRD-113,EG,8,686.29,553
INV-2024-39189,2024-12-08,1441.0,PRD-112,SA,6,1770.41,1237
INV-2024-22074,2024/12/22,1345.0,PRD-103,EG,7,2125.5,1636
INV-2024-65034,2025-03-20,1216.0,PRD-165,EG,3,745.07,532
INV-2024-18693,2025-03-02,1031.0,PRD-146,AE,5,1003.89,863
INV-2024-24733,2024-05-03,1211.0,PRD-119,EG,3,2050.02,1708
INV-2024-72349,2024-08-20,1283.0,PRD-164,SA,10,383.0,319
INV-2024-70874,2025-10-30,1054.0,PRD-144,SA,9,1773.04,1476
INV-2024-64404,2025-09-08,1493.0,PRD-155,JO,2,2825.91,1980
INV-2024-80349,2024-01-12,1173.0,PRD-132,SA,1,1075.69,901
INV-2024-67726,2025-10-11,1272.0,PRD-108,EG,5,137.72,117
INV-2024-27616,2025-10-09,1433.0,PRD-162,SA,10,2534.08,1872
INV-2024-89071,26-Jan-2025,1203.0,PRD-103,AE,3,2050.67,1502
INV-2024-93473,2024-02-25,1020.0,PRD-109,JO,10,1714.95,1302
INV-2024-10094,2024-11-08,1095.0,PRD-146,SA,7,1465.0,1137
INV-2024-50819,2025-06-20,1026.0,PRD-148,EG,9,634.02,489
INV-2024-72422,2024-02-12,1391.0,PRD-112,JO,7,1757.32,1191
INV-2024-71536,2024/11/22,1059.0,PRD-121,EG,5,176.16,135
INV-2024-43667,2025-07-06,1242.0,PRD-129,SA,4,213.43,160
INV-2024-26803,2025-08-01,1043.0,PRD-159,SA,5,1944.61,1595
INV-2024-52320,2024-06-02,1100.0,PRD-103,EG,10,95.27,70
INV-2024-96032,2024-11-30,1014.0,PRD-120,EG,1,1081.56,748
INV-2024-80777,2025-05-29,,PRD-151,EG,7,1955.26,1680
INV-2024-57917,2025-12-15,1324.0,PRD-101,SA,3,2046.35,1385
INV-2024-90427,2024-08-14,1147.0,PRD-164,JO,9,2199.76,1740
INV-2024-97612,2024-06-05,1320.0,PRD-158,EG,9,2026.88,1516
INV-2024-22635,2024-02-21,1033.0,PRD-122,AE,4,516.79,394
INV-2024-72624,2025-11-20,1456.0,PRD-116,EG,6,2389.18,1973
INV-2024-74592,2025-02-06,1089.0,PRD-127,SA,3,1605.81,1227
INV-2024-84873,2025-04-01,1494.0,PRD-123,EG,6,667.57,574
INV-2024-35727,2025-09-01,1304.0,PRD-138,JO,4,1635.3,1177
INV-2024-26493,2025-08-12,1251.0,PRD-138,AE,6,797.2,647
INV-2024-38745,2025/05/31,1260.0,PRD-111,SA,9,1243.12,872
INV-2024-77467,2024-04-02,1308.0,PRD-147,AE,5,1314.3,980
INV-2024-27014,2024-08-15,1244.0,PRD-108,SA,10,570.14,405
INV-2024-28690,2025-03-18,1386.0,PRD-135,JO,7,635.93,493
INV-2024-39563,2024-10-23,1245.0,PRD-131,AE,6,1172.97,786
INV-2024-96403,07-Feb-2025,1332.0,PRD-147,JO,1,897.78,623
INV-2024-20772,2024-05-31,1279.0,PRD-144,SA,4,1527.48,1155
INV-2024-22424,2024-05-15,1007.0,PRD-105,EG,8,2075.33,1581
INV-2024-62931,2024-12-10,1316.0,PRD-105,SA,10,226.38,161
INV-2024-47001,2024-03-25,1228.0,PRD-115,EG,3,334.41,244
INV-2024-90611,2025-05-02,1407.0,PRD-110,SA,4,2066.02,1618
INV-2024-23792,2025-08-08,1002.0,PRD-165,SA,5,544.38,445
INV-2024-42739,2024-02-20,1413.0,PRD-115,SA,6,1852.42,1428
INV-2024-39651,2025-07-15,1136.0,PRD-154,EG,1,333.78,286
INV-2024-42855,2025-02-12,1208.0,PRD-140,EG,1,343.18,235
INV-2024-34199,2024/09/25,1472.0,PRD-126,SA,4,873.55,719
INV-2024-96424,2024-03-28,1086.0,PRD-156,JO,3,2543.62,1707
INV-2024-49466,2025-02-12,1352.0,PRD-107,EG,10,557.92,474
INV-2024-53073,2025-05-28,1381.0,PRD-150,SA,5,448.93,317
INV-2024-70574,2025-03-20,1429.0,PRD-152,AE,4,622.86,523
INV-2024-97602,2025-12-15,1150.0,PRD-113,SA,1,2551.92,1901
INV-2024-87435,2024-05-13,1098.0,PRD-120,EG,2,76.2,65
INV-2024-78146,2024-05-18,1354.0,PRD-111,SA,8,404.13,297
INV-2024-77751,2025-05-07,1163.0,PRD-138,EG,8,2726.79,1936
INV-2024-85650,2025-07-26,1172.0,PRD-106,JO,2,1778.61,1286
INV-2024-44960,2024-07-21,1015.0,PRD-147,EG,9,271.86,200
INV-2024-27263,2025-05-14,1003.0,PRD-102,EG,6,1270.88,895
INV-2024-52984,2025-02-08,1327.0,PRD-130,EG,6,532.29,372
INV-2024-65315,2025-10-29,1187.0,PRD-129,EG,10,950.27,805
INV-2024-59121,2025-08-08,1123.0,PRD-156,AE,6,524.25,422
INV-2024-96665,2024/07/19,,PRD-131,EG,1,498.58,357
INV-2024-29034,2025-07-28,1246.0,PRD-149,EG,2,207.51,161
INV-2024-85938,2025-09-22,1381.0,PRD-142,SA,7,113.64,94
INV-2024-14485,2025-06-20,1496.0,PRD-122,EG,4,1167.41,800
INV-2024-60466,2024-09-09,1228.0,PRD-157,EG,5,298.62,216
INV-2024-92821,2024-09-05,1189.0,PRD-106,AE,8,298.0,225
INV-2024-16293,2024-03-14,1078.0,PRD-125,AE,3,1998.63,1510
INV-2024-35938,2024-09-29,1356.0,PRD-164,JO,6,494.52,384
INV-2024-33877,2025-03-16,1162.0,PRD-116,AE,9,1481.84,1001
INV-2024-11877,2024-11-27,1206.0,PRD-115,SA,9,2245.6,1815
INV-2024-28737,2025-12-02,1498.0,PRD-162,EG,2,1015.66,699
INV-2024-93182,2025-08-12,1048.0,PRD-115,AE,2,697.57,578
INV-2024-14471,2024-04-01,1060.0,PRD-134,AE,3,905.75,649
INV-2024-41172,2024-04-25,1160.0,PRD-165,AE,6,2345.33,1866
INV-2024-31218,2025-11-18,1226.0,PRD-154,SA,4,297.01,202
INV-2024-62004,2025/02/27,1228.0,PRD-127,EG,2,2734.19,1940
INV-2024-52274,2025-03-09,1048.0,PRD-134,AE,10,2761.35,1875
INV-2024-11535,2025-01-09,1206.0,PRD-153,AE,10,889.83,707
INV-2024-84984,2024-12-22,1336.0,PRD-141,JO,1,1478.14,1161
INV-2024-73016,2024-07-14,1099.0,PRD-101,EG,5,95.06,65
INV-2024-73418,2024-11-24,1478.0,PRD-112,EG,8,1276.65,875
INV-2024-55075,2024-12-18,1237.0,PRD-112,EG,1,999.03,842
INV-2024-34608,2025-08-31,1059.0,PRD-105,AE,2,1702.65,1426
INV-2024-92406,2025-11-02,1273.0,PRD-128,EG,4,2132.91,1805
INV-2024-85654,2024-01-25,1233.0,PRD-112,EG,3,162.59,110
INV-2024-63170,08-Nov-2024,1241.0,PRD-141,JO,10,1057.12,829
INV-2024-69258,2024-06-22,1133.0,PRD-155,EG,1,131.3,112
INV-2024-38159,2024-12-24,1341.0,PRD-109,AE,6,934.94,645
INV-2024-69400,2025-09-23,1371.0,PRD-152,EG,1,2198.92,1503
INV-2024-91436,2025-03-28,1284.0,PRD-157,AE,3,2245.76,1794
INV-2024-44446,2025/09/30,1216.0,PRD-116,SA,5,586.36,471
INV-2024-81549,2024-05-29,1156.0,PRD-123,JO,2,2101.6,1762
INV-2024-67653,2025-03-27,1163.0,PRD-161,JO,5,1802.63,1399
INV-2024-25442,2024-02-15,1074.0,PRD-156,EG,5,2702.64,1912
INV-2024-46609,2024-08-27,1065.0,PRD-119,EG,4,2890.07,2000
INV-2024-95912,2024-07-23,1459.0,PRD-155,EG,5,434.22,308
INV-2024-77435,2025-12-02,1217.0,PRD-111,SA,9,754.72,585
INV-2024-54217,2025-01-17,1266.0,PRD-129,AE,10,2169.52,1706
INV-2024-54204,2024-06-08,1315.0,PRD-144,SA,3,670.0,537
INV-2024-34421,2024-03-28,1201.0,PRD-155,SA,6,410.42,350
INV-2024-43460,2024-04-25,,PRD-164,EG,7,727.87,576
INV-2024-54693,2024-02-25,1051.0,PRD-130,AE,7,2310.54,1590
INV-2024-73878,2024-09-05,1005.0,PRD-141,JO,7,169.3,119
INV-2024-81945,2025-09-27,1053.0,PRD-137,EG,2,2136.82,1465
INV-2024-69810,2024-05-31,1476.0,PRD-161,SA,2,2403.82,1957
INV-2024-96933,2024/10/21,1329.0,PRD-138,EG,7,2293.16,1571
INV-2024-22648,2024-01-15,1324.0,PRD-131,SA,2,2222.81,1600
INV-2024-97557,2024-12-17,1279.0,PRD-164,SA,10,2481.43,1786
INV-2024-54875,2025-12-11,1275.0,PRD-162,EG,7,1774.23,1230
INV-2024-78035,2024-04-23,1232.0,PRD-142,SA,7,189.05,159
INV-2024-44454,08-Nov-2024,1008.0,PRD-130,EG,5,373.44,268
INV-2024-18272,2025-04-05,1325.0,PRD-142,SA,5,1696.44,1358
INV-2024-57896,2025-04-27,1429.0,PRD-140,SA,8,668.47,542
INV-2024-65904,2024-01-24,1191.0,PRD-129,EG,10,1249.38,1010
INV-2024-94186,2024-12-05,1018.0,PRD-162,AE,2,1833.31,1411
INV-2024-13331,2024-08-02,1080.0,PRD-147,AE,6,2176.42,1763
INV-2024-81213,2025-07-04,1409.0,PRD-162,EG,6,184.6,149
INV-2024-26544,2024-08-04,1408.0,PRD-101,EG,10,642.12,488
INV-2024-22397,2024-07-27,1467.0,PRD-111,AE,2,1404.99,1111
INV-2024-39769,2025-07-13,1286.0,PRD-151,JO,10,1928.68,1476
INV-2024-69956,2025/06/19,1378.0,PRD-103,EG,10,948.02,784
INV-2024-24566,2024-09-21,1168.0,PRD-103,EG,6,157.72,116
INV-2024-25765,2025-07-15,1472.0,PRD-162,EG,10,481.25,363
INV-2024-82150,2025-05-09,1229.0,PRD-135,SA,3,1094.68,849
INV-2024-48759,2025-09-29,1204.0,PRD-107,EG,4,2284.01,1567
INV-2024-26554,2024-05-24,1148.0,PRD-123,EG,2,1363.61,922
INV-2024-55563,2025-12-12,1047.0,PRD-113,SA,10,1101.8,759
INV-2024-50243,2025-12-16,1416.0,PRD-105,SA,7,581.87,413
INV-2024-69318,2025-11-15,1262.0,PRD-104,EG,9,2195.2,1556
INV-2024-67168,2024-01-19,1202.0,PRD-107,SA,9,2057.74,1686
INV-2024-82521,2025-01-20,1077.0,PRD-116,SA,2,1465.97,992
INV-2024-20874,2025-08-19,1309.0,PRD-143,EG,3,2483.79,1848
INV-2024-76155,2025-11-10,1108.0,PRD-121,EG,4,262.41,216
INV-2024-33935,2025-06-23,1249.0,PRD-150,AE,8,419.49,330
INV-2024-62108,2024-02-14,1266.0,PRD-128,EG,6,2802.79,1981
INV-2024-76965,2024/09/18,1064.0,PRD-155,AE,7,567.6,408
INV-2024-35543,2024-06-23,1491.0,PRD-115,JO,5,289.48,238
INV-2024-28574,2024-03-02,1255.0,PRD-123,EG,8,523.37,436
INV-2024-99204,2024-10-17,1334.0,PRD-141,EG,8,733.68,526
INV-2024-39079,2024-07-24,1093.0,PRD-133,SA,2,2098.75,1434
INV-2024-12191,2025-12-14,,PRD-120,AE,10,688.79,567
INV-2024-36041,2025-09-24,1305.0,PRD-157,JO,4,2485.19,1885
INV-2024-56391,2024-10-04,1190.0,PRD-115,AE,9,1151.81,982
INV-2024-78888,2024-02-24,1074.0,PRD-137,EG,6,228.3,153
INV-2024-88765,2025-04-21,1291.0,PRD-143,SA,3,2091.92,1408
INV-2024-29892,2025-11-01,1116.0,PRD-143,SA,1,2578.16,1818
INV-2024-83778,2024-01-09,1184.0,PRD-147,SA,9,1397.12,1056
INV-2024-79541,2024-03-09,1203.0,PRD-129,EG,5,2029.62,1425
INV-2024-78818,2025-02-01,1108.0,PRD-163,EG,8,1587.31,1248
INV-2024-16159,2025-11-07,1114.0,PRD-120,AE,9,2091.06,1527
INV-2024-79881,2024/10/04,1492.0,PRD-155,SA,2,421.11,311
INV-2024-57534,2025-11-09,1123.0,PRD-111,EG,6,310.65,262
INV-2024-80707,2025-11-06,1123.0,PRD-110,EG,4,181.67,153
INV-2024-40202,2025-01-03,1169.0,PRD-161,AE,4,1204.0,813
INV-2024-79582,2024-04-20,1092.0,PRD-106,AE,5,1310.61,879
INV-2024-31856,2024-01-20,1489.0,PRD-136,EG,9,2493.61,1754
INV-2024-59082,2024-10-26,1365.0,PRD-137,EG,2,488.33,399
INV-2024-30807,2025-10-26,1093.0,PRD-117,EG,4,2180.81,1803
INV-2024-23125,2025-01-30,1286.0,PRD-105,JO,8,2051.35,1658
INV-2024-99180,2024-08-24,1454.0,PRD-142,SA,8,252.98,171
INV-2024-31710,24-Jan-2025,1107.0,PRD-139,SA,10,2524.62,1751
INV-2024-93218,2025-06-04,1246.0,PRD-132,SA,1,1682.11,1128
INV-2024-93140,2025-12-27,1491.0,PRD-157,EG,9,619.41,470
INV-2024-91026,2024-04-11,1064.0,PRD-122,AE,4,2983.73,1995
INV-2024-39656,2024-11-19,1418.0,PRD-155,SA,9,515.65,430
INV-2024-29929,2025/05/11,1265.0,PRD-107,EG,1,1968.94,1314
INV-2024-80886,2025-09-03,1229.0,PRD-127,EG,2,964.13,812
INV-2024-89910,2025-06-28,1039.0,PRD-130,SA,8,2378.87,1775
INV-2024-65576,2024-03-31,1366.0,PRD-135,JO,10,1567.73,1165
INV-2024-36502,2024-07-09,1277.0,PRD-132,EG,1,592.69,454
INV-2024-46493,2024-07-22,1333.0,PRD-136,AE,8,2632.29,1868
INV-2024-16411,2025-05-27,1279.0,PRD-130,AE,2,302.13,246
INV-2024-62543,2025-04-13,1229.0,PRD-127,EG,1,1762.3,1424
INV-2024-48862,2025-07-28,1203.0,PRD-135,EG,3,978.14,677
INV-2024-61088,2025-12-30,1158.0,PRD-141,EG,1,1377.23,950
INV-2024-78386,2024-01-23,1008.0,PRD-102,AE,6,2365.56,1921
INV-2024-65215,2024-02-10,1165.0,PRD-146,EG,9,1329.46,1112
INV-2024-72461,2024-09-10,1470.0,PRD-127,EG,5,1655.82,1180
INV-2024-71342,2025-06-26,1399.0,PRD-116,SA,9,146.67,106
INV-2024-52194,2024-11-08,1290.0,PRD-123,AE,4,1660.56,1109
INV-2024-27841,2024/12/07,,PRD-108,EG,3,2266.27,1543
INV-2024-49320,2025-05-16,1252.0,PRD-136,SA,8,1880.59,1261
INV-2024-10046,2025-02-06,1493.0,PRD-122,SA,6,1458.84,1105
INV-2024-19813,2024-06-09,1113.0,PRD-146,SA,8,288.97,193
INV-2024-42942,2024-01-19,1395.0,PRD-155,AE,5,321.91,255
INV-2024-82844,21-Dec-2024,1111.0,PRD-131,EG,1,1367.59,963
INV-2024-97571,2025-12-01,1211.0,PRD-149,AE,7,2111.27,1444
INV-2024-50842,2024-12-26,1331.0,PRD-108,SA,7,689.12,486
INV-2024-37361,2024-12-29,1047.0,PRD-130,SA,2,1744.08,1223
INV-2024-90362,2025-10-02,1368.0,PRD-109,SA,7,1746.78,1477
INV-2024-87854,2024-11-05,1494.0,PRD-114,SA,10,925.59,730
INV-2024-18757,2024-08-29,1014.0,PRD-129,EG,10,728.16,551
INV-2024-17762,2025-05-28,1431.0,PRD-115,SA,4,796.36,573
INV-2024-63788,2024-10-09,1250.0,PRD-130,SA,8,1559.54,1325
INV-2024-28389,2024-03-04,1005.0,PRD-160,SA,4,1409.7,1044
INV-2024-28847,2025/10/02,1015.0,PRD-128,EG,7,357.01,249
INV-2024-73036,2024-09-20,1451.0,PRD-118,JO,1,2177.36,1885
INV-2024-31004,2025-01-31,1265.0,PRD-148,SA,3,187.0,142
INV-2024-41780,2024-01-31,1201.0,PRD-113,EG,3,2173.08,1746
INV-2024-61280,2025-07-22,1066.0,PRD-139,SA,5,1255.45,933
INV-2024-30898,2024-10-13,1125.0,PRD-162,AE,3,1147.19,787
INV-2024-94683,2024-08-18,1032.0,PRD-142,AE,7,2510.96,1985
INV-2024-64920,2024-06-04,1295.0,PRD-118,SA,10,125.47,99
INV-2024-61249,2024-12-15,1197.0,PRD-129,AE,8,1822.69,1328
INV-2024-87518,2025-02-06,1013.0,PRD-117,EG,8,550.23,375
INV-2024-35345,2025-11-03,1319.0,PRD-105,SA,6,1376.95,1026
INV-2024-42580,2024-05-20,1434.0,PRD-103,AE,4,964.21,692
INV-2024-55928,2024-03-30,1006.0,PRD-142,AE,9,339.93,252
INV-2024-19244,2025-01-26,1277.0,PRD-154,SA,5,780.31,618
INV-2024-39662,2025-06-17,1488.0,PRD-142,AE,8,2192.7,1573
INV-2024-46204,2025/11/25,1423.0,PRD-111,EG,8,738.05,589
INV-2024-28407,2025-09-19,1018.0,PRD-124,AE,6,681.78,583
INV-2024-62617,2025-10-02,1463.0,PRD-147,EG,2,2766.69,1879
INV-2024-26183,2025-12-03,1215.0,PRD-142,EG,8,2516.81,1683
INV-2024-86798,2024-08-20,1289.0,PRD-102,EG,3,177.45,149
INV-2024-98121,2025-03-03,1331.0,PRD-151,SA,8,2125.35,1686
INV-2024-29902,2024-09-03,1019.0,PRD-132,EG,1,240.77,196
INV-2024-36978,2025-08-09,1443.0,PRD-133,EG,2,975.25,670
INV-2024-68114,2024-06-05,1378.0,PRD-145,EG,9,200.56,156
INV-2024-28665,2025-03-12,1010.0,PRD-162,EG,10,284.67,197
INV-2024-98111,2024-11-15,,PRD-135,SA,7,987.74,785
INV-2024-46106,2025-09-11,1003.0,PRD-133,SA,1,89.63,77
INV-2024-52922,2024-12-03,1020.0,PRD-138,EG,1,908.36,649
INV-2024-11411,2025-04-04,1435.0,PRD-133,AE,6,773.0,565
INV-2024-93460,2025-07-09,1271.0,PRD-150,AE,4,921.01,655
INV-2024-25373,2024/05/14,1180.0,PRD-157,AE,3,1019.55,789
INV-2024-78238,2024-07-30,1459.0,PRD-137,EG,9,1687.21,1239
INV-2024-50784,2025-10-30,1203.0,PRD-137,AE,7,409.72,325
INV-2024-78713,2024-05-21,1031.0,PRD-155,EG,2,593.02,444
INV-2024-23449,2025-08-17,1309.0,PRD-161,EG,6,1839.55,1562
INV-2024-92384,2025-07-08,1058.0,PRD-165,EG,3,2072.16,1417
INV-2024-88439,2025-12-01,1181.0,PRD-150,AE,3,1994.47,1445
INV-2024-71749,2024-07-26,1286.0,PRD-108,EG,2,1082.56,803
INV-2024-40432,2024-05-21,1158.0,PRD-103,EG,4,345.0,272
INV-2024-96562,2024-11-12,1225.0,PRD-103,EG,2,2170.1,1639
INV-2024-67445,06-Dec-2025,1324.0,PRD-110,AE,7,1806.82,1450
INV-2024-49167,2025-12-23,1439.0,PRD-162,SA,7,2247.25,1848
INV-2024-26366,2025-06-20,1321.0,PRD-113,EG,1,2176.74,1464
INV-2024-80943,2024-05-18,1398.0,PRD-130,SA,3,1835.15,1484
INV-2024-89958,2025-03-16,1206.0,PRD-159,SA,8,202.74,168
INV-2024-69554,2024/05/28,1494.0,PRD-140,SA,7,328.84,254
INV-2024-30142,2025-11-02,1472.0,PRD-133,EG,5,794.12,619
INV-2024-19227,2025-08-01,1145.0,PRD-154,AE,6,2382.93,1608
INV-2024-54744,2024-06-10,1311.0,PRD-165,EG,3,783.46,564
INV-2024-45665,2024-11-21,1483.0,PRD-111,SA,9,626.85,516
INV-2024-15370,2024-03-10,1444.0,PRD-109,EG,2,2577.68,1803
INV-2024-60004,2025-07-24,1443.0,PRD-131,EG,8,1606.53,1345
INV-2024-43482,2025-06-29,1393.0,PRD-136,EG,8,2744.09,1961
INV-2024-24789,2024-05-01,1400.0,PRD-121,SA,10,1393.5,987
INV-2024-92168,2024-07-07,1295.0,PRD-142,EG,2,2203.64,1519
INV-2024-71148,2024-11-21,1498.0,PRD-139,AE,9,2815.02,1912
INV-2024-65824,2024-05-29,1011.0,PRD-140,EG,1,1693.34,1226
INV-2024-86674,2024-01-31,1174.0,PRD-150,SA,9,837.39,572
INV-2024-32079,2024-11-22,1452.0,PRD-131,AE,10,503.44,366
INV-2024-73871,2025-02-27,1287.0,PRD-138,SA,9,1429.51,1062
INV-2024-48155,2025/02/25,1385.0,PRD-162,AE,4,1326.44,1029
INV-2024-39443,2024-11-06,1215.0,PRD-162,SA,5,2427.77,1798
INV-2024-78529,2025-03-29,1232.0,PRD-127,EG,9,179.28,142
INV-2024-23506,2025-10-14,1439.0,PRD-136,AE,3,913.18,768
INV-2024-21609,2024-10-07,1438.0,PRD-113,EG,9,1169.06,980
INV-2024-89077,04-Jun-2024,,PRD-117,SA,9,1593.6,1220
INV-2024-88518,2024-07-11,1223.0,PRD-157,AE,8,1214.36,935
INV-2024-57520,2024-04-19,1386.0,PRD-152,EG,1,2000.57,1467
INV-2024-41626,2024-05-14,1308.0,PRD-116,EG,4,2403.3,1881
INV-2024-97151,2024-07-08,1430.0,PRD-149,SA,5,391.12,308
INV-2024-74819,2024-01-27,1058.0,PRD-127,AE,8,1366.93,941
INV-2024-66685,2025-09-18,1433.0,PRD-164,JO,1,1623.34,1137
INV-2024-65269,2025-09-23,1386.0,PRD-154,SA,8,948.62,702
INV-2024-17425,2024-09-30,1322.0,PRD-104,SA,6,2456.33,1782
INV-2024-93631,2025-09-12,1408.0,PRD-128,JO,10,1917.97,1385
INV-2024-23787,2025/08/03,1249.0,PRD-154,EG,1,1763.5,1404
INV-2024-46726,2025-09-19,1402.0,PRD-136,EG,8,1528.27,1027
INV-2024-46158,2024-08-24,1140.0,PRD-115,AE,1,1112.46,777
INV-2024-42986,2025-09-02,1484.0,PRD-160,AE,1,485.49,326
INV-2024-93920,2024-08-25,1357.0,PRD-103,AE,2,1006.56,787
INV-2024-76561,2024-08-24,1132.0,PRD-137,SA,10,728.9,627
INV-2024-53100,2025-12-04,1235.0,PRD-142,EG,6,409.46,320
INV-2024-65003,2024-01-27,1252.0,PRD-128,SA,5,2927.18,1995
INV-2024-97422,2025-01-02,1183.0,PRD-135,EG,6,1965.23,1550
INV-2024-42931,2024-03-22,1200.0,PRD-161,EG,7,593.9,481
INV-2024-56748,2025-12-05,1354.0,PRD-144,AE,5,490.38,426
INV-2024-20891,2025-05-03,1014.0,PRD-143,EG,10,2399.38,1890
INV-2024-11694,2024-05-17,1400.0,PRD-128,AE,1,1900.76,1454
INV-2024-23255,2025-05-29,1476.0,PRD-161,SA,8,423.13,317
INV-2024-73641,2025-09-11,1244.0,PRD-119,SA,7,1543.89,1221
INV-2024-41816,2025/04/25,1451.0,PRD-165,EG,9,1251.87,1069
INV-2024-86779,2025-12-30,1431.0,PRD-135,EG,3,2269.41,1556
INV-2024-74877,2025-10-27,1419.0,PRD-155,EG,7,118.29,96
INV-2024-39017,2025-01-17,1416.0,PRD-155,JO,10,1341.99,1156
INV-2024-87474,2024-07-07,1399.0,PRD-124,AE,8,1306.55,941
INV-2024-66854,2025-01-31,1136.0,PRD-140,SA,9,553.92,403
INV-2024-97245,2025-05-18,1101.0,PRD-137,EG,6,168.45,144
INV-2024-44832,2025-04-30,1309.0,PRD-162,JO,7,2006.57,1692
INV-2024-23626,2024-05-20,1115.0,PRD-146,EG,8,1549.29,1065
INV-2024-73945,2024-06-16,1349.0,PRD-160,EG,9,688.14,574
INV-2024-83488,2024-07-16,1055.0,PRD-163,SA,7,861.04,639
INV-2024-89513,2024-08-19,1301.0,PRD-109,JO,2,1031.28,847
INV-2024-84136,2024-02-03,1298.0,PRD-155,EG,6,136.21,94
INV-2024-59259,2025-02-22,1412.0,PRD-161,EG,3,1024.66,752
INV-2024-89511,2024-01-16,1019.0,PRD-145,JO,2,1151.1,845
INV-2024-78022,2024/10/03,,PRD-145,EG,10,1368.95,1025
INV-2024-97498,2025-02-26,1320.0,PRD-162,EG,9,415.77,340
INV-2024-60146,2024-08-15,1343.0,PRD-162,SA,1,124.0,93
INV-2024-15518,2025-11-18,1111.0,PRD-126,AE,5,2448.4,1739
INV-2024-88861,2024-07-26,1073.0,PRD-103,SA,4,2823.93,1989
INV-2024-24129,2024-07-28,1119.0,PRD-139,JO,3,2620.17,1752
INV-2024-87377,2024-03-08,1389.0,PRD-123,SA,5,1655.5,1326
INV-2024-94237,2024-06-30,1047.0,PRD-101,EG,7,1929.34,1427
INV-2024-22920,2025-03-25,1465.0,PRD-146,JO,10,1554.57,1305
INV-2024-85448,2025-09-23,1294.0,PRD-123,SA,5,1334.97,911
INV-2024-22440,16-May-2025,1127.0,PRD-106,EG,2,360.42,269
INV-2024-25397,2025-12-05,1307.0,PRD-160,SA,2,765.65,588
INV-2024-41275,2024-11-28,1303.0,PRD-146,EG,6,367.04,246
INV-2024-57277,2025-04-13,1015.0,PRD-119,EG,4,2143.83,1742
INV-2024-86037,2024-09-09,1189.0,PRD-108,EG,10,2568.06,1999
INV-2024-98160,2025/03/13,1349.0,PRD-156,SA,7,1857.51,1373
INV-2024-89142,2025-02-18,1112.0,PRD-120,AE,10,2934.28,1990
INV-2024-65290,2024-02-12,1286.0,PRD-125,SA,4,2012.16,1526
INV-2024-61608,2025-09-14,1454.0,PRD-137,JO,3,1504.24,1135
INV-2024-15225,2025-01-24,1125.0,PRD-150,EG,8,2006.96,1523
INV-2024-55521,2024-11-16,1322.0,PRD-140,EG,9,1905.87,1340
INV-2024-94815,2025-02-07,1377.0,PRD-107,EG,4,99.06,69
INV-2024-67703,2025-09-18,1448.0,PRD-123,EG,8,1458.01,1022
INV-2024-70390,2025-08-08,1233.0,PRD-111,EG,10,671.54,468
INV-2024-85149,2025-08-31,1082.0,PRD-152,AE,6,214.9,145
INV-2024-78519,2025-07-03,1181.0,PRD-143,JO,4,484.37,373
INV-2024-14885,2025-06-21,1143.0,PRD-119,JO,5,2036.16,1433
INV-2024-62257,2025-10-18,1354.0,PRD-132,EG,8,443.11,344
INV-2024-92328,2025-12-22,1391.0,PRD-160,AE,8,1833.47,1256
INV-2024-66596,2024-02-09,1441.0,PRD-135,EG,10,303.26,212
INV-2024-97696,2025/06/17,1227.0,PRD-156,EG,3,1435.55,1087
INV-2024-13360,2024-04-21,1255.0,PRD-133,AE,9,1228.92,835
INV-2024-38316,2025-04-07,1027.0,PRD-111,SA,5,112.24,86
INV-2024-84308,2025-04-12,1306.0,PRD-122,EG,7,2492.31,1823
INV-2024-33689,2024-02-13,1161.0,PRD-149,SA,3,2484.19,1759
INV-2024-13164,08-Sep-2024,1381.0,PRD-113,EG,6,1282.36,1045
INV-2024-92643,2025-06-15,1073.0,PRD-107,AE,1,734.74,635
INV-2024-53117,2025-07-04,1361.0,PRD-110,SA,1,1420.53,992
INV-2024-22950,2025-02-09,1069.0,PRD-109,JO,10,2344.9,1638
INV-2024-48309,2024-02-10,1403.0,PRD-132,EG,4,1150.97,984
INV-2024-64020,2025-07-25,,PRD-124,EG,6,1263.09,946
INV-2024-13719,2025-01-31,1150.0,PRD-113,SA,10,1055.83,860
INV-2024-69850,2025-06-12,1163.0,PRD-146,SA,1,285.66,211
INV-2024-43228,2025-10-07,1108.0,PRD-148,EG,2,1654.82,1405
INV-2024-57000,2024-02-20,1369.0,PRD-115,AE,6,1376.3,1096
INV-2024-99523,2024/07/13,1227.0,PRD-151,AE,4,2177.37,1842
INV-2024-55095,2024-10-25,1245.0,PRD-129,JO,1,1716.66,1472
INV-2024-56186,2025-03-26,1341.0,PRD-109,AE,8,826.65,613
INV-2024-42597,2025-02-11,1464.0,PRD-112,AE,8,1018.03,786
INV-2024-46258,2024-11-07,1411.0,PRD-104,SA,8,607.31,527
INV-2024-68459,2024-10-19,1362.0,PRD-114,AE,8,635.98,486
INV-2024-16265,2025-04-17,1427.0,PRD-131,EG,10,1484.14,1035
INV-2024-52534,2024-06-19,1043.0,PRD-106,EG,1,345.3,250
INV-2024-70057,2025-03-08,1290.0,PRD-138,EG,3,1080.68,897
INV-2024-93205,2024-10-28,1471.0,PRD-121,SA,3,2799.76,1994
INV-2024-44494,2025-09-19,1008.0,PRD-134,EG,1,1060.54,901
INV-2024-31049,2024-02-25,1172.0,PRD-149,JO,5,2482.58,1783
INV-2024-37443,2025-12-07,1475.0,PRD-155,EG,7,191.16,158
INV-2024-83200,2025-06-13,1438.0,PRD-141,EG,2,2483.37,1995
INV-2024-81732,2024-05-25,1278.0,PRD-144,SA,1,2193.23,1759
INV-2024-94972,2025/04/19,1043.0,PRD-161,EG,2,2352.39,1749
INV-2024-52189,2025-10-23,1403.0,PRD-104,EG,1,849.99,670
INV-2024-62601,2025-04-07,1458.0,PRD-111,EG,6,1948.59,1578
INV-2024-55683,2024-04-02,1363.0,PRD-109,SA,2,1807.45,1221
INV-2024-32551,2025-05-27,1030.0,PRD-153,SA,3,1338.7,1036
INV-2024-75514,2024-04-25,1410.0,PRD-125,AE,5,2478.52,1681
INV-2024-21648,2024-07-03,1249.0,PRD-164,AE,10,1224.72,945
INV-2024-53747,2025-08-22,1132.0,PRD-142,SA,9,2594.75,1775
INV-2024-56111,2025-12-13,1077.0,PRD-149,EG,6,1294.11,1017
INV-2024-90793,2025-07-13,1087.0,PRD-135,EG,3,882.53,684
INV-2024-80547,2024-05-18,1388.0,PRD-134,AE,1,1142.37,842
INV-2024-39828,2025-02-06,1340.0,PRD-134,EG,9,1272.0,899
INV-2024-51488,2025-02-27,1173.0,PRD-163,EG,5,2197.25,1851
INV-2024-50086,2024-11-27,1256.0,PRD-121,AE,8,389.75,273
INV-2024-23277,2025-04-06,1288.0,PRD-139,SA,9,2487.04,1744
INV-2024-21853,2024/01/26,1029.0,PRD-149,EG,6,1376.11,1189
INV-2024-93814,2024-07-02,1291.0,PRD-110,EG,8,2029.18,1424
INV-2024-63223,2025-04-09,1182.0,PRD-143,JO,8,182.9,136
INV-2024-51015,2025-08-27,1252.0,PRD-152,AE,9,1202.95,831
INV-2024-91500,2025-12-30,1455.0,PRD-142,AE,1,730.69,587
INV-2024-75168,2024-07-25,,PRD-138,SA,5,2846.53,1905
INV-2024-93817,2025-04-10,1320.0,PRD-118,SA,5,1942.79,1618
INV-2024-34404,2024-04-02,1253.0,PRD-152,JO,1,1519.3,1135
INV-2024-60160,2024-09-13,1435.0,PRD-145,JO,1,230.22,182
INV-2024-36496,2024-11-27,1117.0,PRD-116,EG,8,1887.36,1420
INV-2024-44692,09-Dec-2025,1395.0,PRD-154,AE,3,1183.65,891
INV-2024-73627,2025-10-26,1023.0,PRD-157,EG,5,423.8,342
INV-2024-55953,2025-12-29,1372.0,PRD-153,EG,10,1873.33,1412
INV-2024-54171,2024-06-16,1077.0,PRD-138,SA,1,1433.38,961
INV-2024-67379,2024-05-06,1225.0,PRD-111,SA,1,182.03,140
INV-2024-57377,2024/04/03,1462.0,PRD-110,JO,5,649.54,500
INV-2024-30868,2024-04-26,1079.0,PRD-161,EG,4,1793.09,1270
INV-2024-32091,2025-12-24,1201.0,PRD-160,SA,7,1850.02,1559
INV-2024-52304,2025-04-05,1161.0,PRD-107,JO,5,432.98,298
INV-2024-12087,2025-10-11,1166.0,PRD-111,JO,1,155.74,109
INV-2024-24611,2025-01-06,1008.0,PRD-156,EG,2,2101.12,1458
INV-2024-34876,2024-03-28,1179.0,PRD-159,EG,2,2120.5,1504
INV-2024-86263,2025-06-20,1003.0,PRD-101,SA,8,2523.39,1918
INV-2024-50701,2025-12-25,1092.0,PRD-133,EG,9,940.74,631
INV-2024-76338,2025-01-28,1234.0,PRD-147,JO,7,347.18,260
INV-2024-94188,2025-06-07,1472.0,PRD-155,JO,8,1482.6,1037
INV-2024-83463,2025-09-18,1220.0,PRD-156,EG,8,442.28,318
INV-2024-48824,2024-06-12,1409.0,PRD-121,EG,3,1675.01,1183
INV-2024-83389,2025-01-22,1301.0,PRD-139,EG,2,708.68,580
INV-2024-80550,2025-07-17,1057.0,PRD-120,JO,6,489.33,374
INV-2024-33318,2025/01/24,1382.0,PRD-123,EG,6,1747.48,1324
INV-2024-62162,2024-02-14,1101.0,PRD-129,SA,7,2292.68,1747
INV-2024-91064,2024-06-23,1402.0,PRD-136,SA,1,2510.71,1883
INV-2024-19952,2024-12-09,1088.0,PRD-114,SA,1,1027.67,757
INV-2024-36033,2025-08-02,1414.0,PRD-135,EG,5,1915.47,1459
INV-2024-22237,06-Nov-2025,1303.0,PRD-151,EG,9,2425.95,1812
INV-2024-21867,2024-06-02,1091.0,PRD-112,JO,3,1060.78,750
INV-2024-88377,2024-06-15,1032.0,PRD-117,JO,9,637.25,492
INV-2024-96925,2024-05-28,1441.0,PRD-102,AE,9,1343.73,1155
INV-2024-63036,2024-07-02,1252.0,PRD-146,EG,1,1963.68,1672
INV-2024-44520,2025-12-30,1448.0,PRD-152,EG,3,1771.98,1519
INV-2024-29105,2024-02-22,1368.0,PRD-151,SA,4,1156.56,987
INV-2024-54585,2025-03-05,1475.0,PRD-148,EG,6,1676.69,1317
INV-2024-79838,2024-11-11,1163.0,PRD-114,JO,2,1109.14,851
INV-2024-56373,2024-11-12,1386.0,PRD-149,SA,2,1315.83,942
INV-2024-62003,2025/04/01,,PRD-120,EG,7,2638.84,1843
INV-2024-27436,2024-10-22,1278.0,PRD-145,JO,7,2825.54,1941
INV-2024-60494,2025-10-03,1198.0,PRD-125,JO,1,456.84,321
INV-2024-23582,2024-07-04,1442.0,PRD-132,EG,7,1454.27,1101
INV-2024-48523,2024-04-30,1415.0,PRD-119,SA,1,1582.85,1317
INV-2024-90402,2024-05-14,1448.0,PRD-142,EG,5,916.55,786
INV-2024-84725,2024-07-26,1199.0,PRD-103,EG,10,692.7,599
INV-2024-20775,2024-01-04,1287.0,PRD-157,EG,8,2110.76,1728
INV-2024-52445,2025-09-29,1467.0,PRD-164,SA,2,2488.1,1723
INV-2024-39468,2024-09-16,1326.0,PRD-126,JO,5,2234.4,1876
INV-2024-68004,2024-01-13,1027.0,PRD-108,SA,1,1215.58,945
INV-2024-15344,2025-04-14,1264.0,PRD-138,EG,5,786.31,543
INV-2024-42231,2025-05-24,1489.0,PRD-130,SA,1,1842.1,1599
INV-2024-81825,2025-05-25,1032.0,PRD-156,EG,4,2131.18,1486
INV-2024-30317,2025-07-10,1001.0,PRD-154,AE,9,1807.64,1297
INV-2024-97493,2024/01/06,1455.0,PRD-164,SA,1,1042.13,836
INV-2024-45885,2025-09-14,1241.0,PRD-132,EG,6,1896.12,1327
INV-2024-13454,2025-05-20,1145.0,PRD-137,EG,8,2535.14,1859
INV-2024-74814,2024-08-31,1326.0,PRD-107,AE,6,2124.96,1581
INV-2024-39421,2024-08-10,1030.0,PRD-132,EG,5,1169.03,1012
INV-2024-38701,2025-08-25,1336.0,PRD-163,AE,9,1425.82,1231
INV-2024-42158,2025-11-06,1218.0,PRD-159,EG,5,956.56,804
INV-2024-39600,2025-05-02,1003.0,PRD-125,EG,1,1039.51,706
INV-2024-67718,2025-04-09,1460.0,PRD-107,SA,2,2576.16,1883
INV-2024-94920,2025-02-23,1469.0,PRD-142,JO,8,905.8,722
INV-2024-38307,2025-03-28,1463.0,PRD-127,JO,9,1549.09,1090
INV-2024-29054,2024-03-22,1093.0,PRD-137,EG,8,786.64,679
INV-2024-11627,2025-09-07,1262.0,PRD-121,EG,3,1359.98,1076
INV-2024-48901,2025-09-06,1228.0,PRD-101,EG,3,951.42,755
INV-2024-41939,2024-01-07,1007.0,PRD-124,SA,6,1762.55,1470
INV-2024-12722,2024/09/07,1038.0,PRD-147,SA,6,2269.71,1774
INV-2024-90244,2025-07-14,1060.0,PRD-108,JO,4,872.38,724
INV-2024-73343,2024-10-11,1042.0,PRD-160,JO,2,2202.41,1690
INV-2024-67534,2025-09-26,1345.0,PRD-161,EG,6,107.94,77
INV-2024-64332,2025-10-05,1107.0,PRD-116,SA,10,2196.69,1578
INV-2024-82918,2025-07-24,1045.0,PRD-135,AE,9,127.56,100
INV-2024-82250,2024-07-31,1421.0,PRD-112,AE,5,308.18,258
INV-2024-84460,2024-02-20,1253.0,PRD-101,EG,5,1980.73,1344
INV-2024-35197,2024-07-08,1377.0,PRD-136,EG,6,237.99,188
INV-2024-64044,2024-05-31,1111.0,PRD-128,SA,3,1315.77,1018
INV-2024-34386,26-Feb-2024,,PRD-119,EG,7,1620.13,1200
INV-2024-77970,2025-10-30,1230.0,PRD-134,EG,4,1438.95,1096
INV-2024-86139,2024-12-23,1022.0,PRD-126,EG,10,2364.7,1966
INV-2024-62378,2024-02-07,1092.0,PRD-148,SA,4,1498.37,1284
INV-2024-92215,2024-05-28,1188.0,PRD-107,EG,7,590.07,456
INV-2024-85426,2024/02/03,1225.0,PRD-106,EG,2,444.48,354
INV-2024-60738,2025-11-14,1105.0,PRD-116,EG,8,640.8,470
INV-2024-44274,2025-08-14,1316.0,PRD-139,AE,2,454.02,330
INV-2024-57706,2025-09-09,1291.0,PRD-109,AE,4,2445.11,1880
INV-2024-44544,2024-11-01,1446.0,PRD-137,SA,4,1168.84,932
INV-2024-66533,2024-12-05,1180.0,PRD-155,SA,4,306.41,222
INV-2024-58526,2024-03-30,1355.0,PRD-141,JO,10,2086.63,1672
INV-2024-57777,2024-02-20,1283.0,PRD-154,EG,2,932.37,803
INV-2024-40763,2024-04-21,1056.0,PRD-141,EG,5,1159.61,831
INV-2024-51963,2025-03-02,1274.0,PRD-114,EG,8,1764.32,1314
INV-2024-80827,2024-07-01,1450.0,PRD-162,EG,7,2028.09,1649
INV-2024-56802,2024-06-14,1066.0,PRD-106,EG,4,82.4,66
INV-2024-20097,2025-11-19,1124.0,PRD-127,JO,4,1951.76,1466
INV-2024-27628,2024-10-18,1054.0,PRD-131,SA,10,968.35,841
INV-2024-52160,2025-09-17,1167.0,PRD-119,SA,1,1825.46,1300
INV-2024-42361,2025/11/07,1254.0,PRD-120,JO,1,667.02,579
INV-2024-80552,2025-12-09,1126.0,PRD-140,EG,9,2509.78,1927
INV-2024-85885,2025-12-17,1220.0,PRD-149,EG,9,880.08,670
INV-2024-26877,2025-09-01,1334.0,PRD-164,SA,3,985.58,846
INV-2024-22664,2025-08-09,1238.0,PRD-121,SA,6,1443.37,1026
INV-2024-76512,29-Jul-2025,1488.0,PRD-154,EG,7,600.72,464
INV-2024-72355,2024-06-30,1183.0,PRD-104,SA,4,1271.32,1044
INV-2024-80170,2025-04-11,1432.0,PRD-108,SA,9,2182.51,1636
INV-2024-51089,2025-08-15,1104.0,PRD-119,SA,4,2692.35,1858
INV-2024-23737,2025-01-03,1016.0,PRD-159,SA,2,1851.98,1296
INV-2024-89179,2024-02-06,1151.0,PRD-122,EG,8,1252.87,1073
INV-2024-39861,2024-04-05,1186.0,PRD-160,EG,2,1562.2,1122
INV-2024-55657,2024-11-02,1071.0,PRD-151,SA,2,75.44,56
INV-2024-94536,2024-11-26,1430.0,PRD-153,EG,4,1148.56,876
INV-2024-82623,2025-01-12,1259.0,PRD-123,JO,2,2401.79,1850
INV-2024-39355,2025/01/23,1006.0,PRD-150,SA,1,1171.12,824
INV-2024-70986,2024-03-10,1438.0,PRD-152,EG,9,2119.54,1444
INV-2024-45275,2025-03-13,1449.0,PRD-109,AE,3,1418.16,1046
INV-2024-85269,2025-07-17,1373.0,PRD-140,SA,3,975.38,806
INV-2024-16973,2024-03-07,1194.0,PRD-135,EG,6,1594.6,1081
INV-2024-70324,2024-10-26,,PRD-155,AE,2,1878.67,1437
INV-2024-91108,2025-04-27,1081.0,PRD-118,AE,5,354.06,256
INV-2024-67392,2024-05-17,1310.0,PRD-159,SA,8,82.14,67
INV-2024-75160,2024-05-04,1286.0,PRD-106,EG,1,1391.97,1137
INV-2024-87471,2025-12-12,1317.0,PRD-101,SA,9,2782.25,1922
INV-2024-67171,2024-10-08,1132.0,PRD-134,AE,9,1320.01,983
INV-2024-18474,2024-12-03,1484.0,PRD-106,EG,5,2793.71,1887
INV-2024-32458,2025-06-23,1099.0,PRD-132,EG,5,1321.45,902
INV-2024-12898,2025-02-27,1277.0,PRD-141,AE,7,2685.59,1929
INV-2024-83394,2025-06-21,1199.0,PRD-118,EG,1,502.43,424
INV-2024-68781,2024/08/02,1344.0,PRD-109,AE,9,1691.78,1458
INV-2024-83268,2025-12-13,1383.0,PRD-155,SA,7,770.79,659
INV-2024-95233,2024-08-02,1326.0,PRD-161,SA,5,693.93,505
INV-2024-17542,2025-09-18,1372.0,PRD-164,EG,9,96.79,67
INV-2024-55561,2024-02-29,1228.0,PRD-128,AE,9,595.02,404
INV-2024-72472,2024-04-21,1362.0,PRD-143,EG,4,1125.67,948
INV-2024-29382,2025-08-08,1377.0,PRD-154,SA,9,1495.86,1130
INV-2024-18359,2025-10-06,1459.0,PRD-137,SA,2,1044.73,733
INV-2024-99392,2025-06-25,1250.0,PRD-141,AE,9,2740.13,1996
INV-2024-56453,2024-03-30,1324.0,PRD-131,JO,8,644.02,460
INV-2024-18573,2025-05-10,1420.0,PRD-137,SA,3,424.61,294
INV-2024-46187,2025-12-06,1199.0,PRD-144,EG,3,794.85,603
INV-2024-84678,2025-09-11,1495.0,PRD-136,JO,5,675.18,554
INV-2024-43031,2025-12-24,1255.0,PRD-115,SA,9,490.26,375
INV-2024-13614,2024-10-21,1181.0,PRD-105,EG,10,1329.18,1028
INV-2024-88346,2025/03/13,1017.0,PRD-118,EG,9,981.21,682
INV-2024-74331,2025-09-15,1267.0,PRD-157,AE,5,2226.22,1514
INV-2024-66469,2024-11-20,1460.0,PRD-133,EG,1,1921.02,1614
INV-2024-27479,2024-09-22,1230.0,PRD-157,SA,5,1313.9,882
INV-2024-61936,2025-06-22,1060.0,PRD-118,SA,10,1823.73,1308
INV-2024-38207,2025-08-11,1432.0,PRD-141,EG,7,1030.91,752
INV-2024-96743,2025-09-30,1463.0,PRD-141,SA,6,2041.52,1409
INV-2024-69259,2024-12-28,1135.0,PRD-120,EG,6,1712.49,1201
INV-2024-50609,2024-05-12,1233.0,PRD-152,SA,3,1575.08,1299
INV-2024-80568,2025-09-21,1238.0,PRD-108,SA,3,488.52,327
INV-2024-98430,30-Jul-2025,1242.0,PRD-154,SA,10,705.0,605
INV-2024-49932,2025-05-23,1051.0,PRD-104,AE,6,2027.67,1634
INV-2024-53323,2025-06-16,1265.0,PRD-130,AE,3,1326.79,947
INV-2024-40482,2025-10-09,1286.0,PRD-130,AE,7,1905.51,1424
INV-2024-84692,2025-05-24,1122.0,PRD-128,EG,10,466.58,326
INV-2024-76578,2025/05/19,,PRD-150,EG,3,1077.73,783
INV-2024-63364,2024-07-03,1217.0,PRD-133,SA,9,2029.2,1564
INV-2024-28904,2025-09-16,1458.0,PRD-153,JO,7,265.85,227
INV-2024-80728,2024-08-26,1206.0,PRD-147,AE,6,1328.63,1068
INV-2024-99302,2025-12-26,1287.0,PRD-107,AE,5,609.31,461
INV-2024-86922,2024-10-24,1362.0,PRD-111,EG,5,2491.05,1754
INV-2024-51216,2024-07-17,1211.0,PRD-121,SA,3,1274.22,1035
INV-2024-10888,2024-01-02,1003.0,PRD-147,SA,7,133.19,114
INV-2024-89900,2024-05-01,1077.0,PRD-110,EG,7,1297.75,894
INV-2024-16943,2024-01-25,1326.0,PRD-150,EG,1,1785.8,1249
INV-2024-56969,2025-04-21,1146.0,PRD-110,JO,10,1921.93,1653
INV-2024-86997,2025-10-02,1004.0,PRD-111,EG,1,1511.35,1273
INV-2024-25687,2024-04-30,1183.0,PRD-151,EG,10,2320.27,1837
INV-2024-19307,2024-07-31,1483.0,PRD-144,EG,5,2755.11,1965
INV-2024-90458,2025-09-22,1028.0,PRD-105,JO,2,1490.44,1021
INV-2024-18339,2025/02/28,1438.0,PRD-135,SA,7,435.79,316
INV-2024-79438,2025-02-27,1373.0,PRD-163,SA,5,2569.73,1815
INV-2024-64225,2024-02-16,1412.0,PRD-121,JO,1,2637.08,1916
INV-2024-31129,2024-12-07,1421.0,PRD-124,EG,3,1031.59,746
INV-2024-35509,2024-12-24,1479.0,PRD-165,SA,8,2147.18,1455
INV-2024-42610,27-Jul-2025,1029.0,PRD-126,EG,8,2427.14,1634
INV-2024-88843,2025-10-14,1056.0,PRD-121,EG,7,1103.99,862
INV-2024-33506,2024-08-05,1292.0,PRD-152,AE,2,201.96,143
INV-2024-33755,2024-01-12,1322.0,PRD-108,AE,9,1992.59,1440
INV-2024-13864,2025-10-17,1443.0,PRD-109,EG,2,2270.51,1716
INV-2024-95119,2024-07-25,1343.0,PRD-128,EG,5,70.06,51
INV-2024-74877,2025-12-07,1018.0,PRD-146,SA,1,1098.81,883
INV-2024-25663,2024-10-15,1235.0,PRD-119,EG,7,2722.56,1909
INV-2024-53488,2024-09-17,1159.0,PRD-132,EG,10,1726.29,1373
INV-2024-21679,2024-03-10,1174.0,PRD-153,EG,3,2509.38,1929
INV-2024-22341,2024/11/11,1032.0,PRD-146,EG,6,554.8,444
INV-2024-62894,2024-11-03,1345.0,PRD-163,AE,5,249.86,212
INV-2024-85235,2025-06-02,1008.0,PRD-153,EG,3,1397.47,1091
INV-2024-99830,2025-07-17,1099.0,PRD-146,EG,9,1612.77,1150
INV-2024-60783,2024-11-27,1184.0,PRD-144,SA,10,1991.06,1359
INV-2024-63421,2024-01-07,1473.0,PRD-164,AE,6,1777.34,1204
INV-2024-59976,2024-04-26,1031.0,PRD-124,EG,5,1799.2,1532
INV-2024-72181,2025-12-03,1452.0,PRD-145,EG,6,572.41,385
INV-2024-28154,2024-12-07,1391.0,PRD-122,EG,4,216.24,151
INV-2024-54996,2024-12-15,1205.0,PRD-113,AE,5,1897.97,1542
INV-2024-33984,2025-02-09,,PRD-132,SA,3,1909.31,1285
INV-2024-22564,2025-08-05,1361.0,PRD-159,AE,5,897.99,653
INV-2024-50789,2025-09-22,1117.0,PRD-137,JO,4,2295.08,1638
INV-2024-56551,2024-01-30,1304.0,PRD-119,AE,5,1049.09,756
INV-2024-33253,2024-06-28,1486.0,PRD-155,SA,8,2020.23,1469
INV-2024-66408,2024/07/17,1450.0,PRD-137,SA,1,980.34,654
INV-2024-43031,2024-12-04,1483.0,PRD-161,EG,8,391.12,315
INV-2024-75494,2024-12-12,1369.0,PRD-151,JO,5,2624.88,1920
INV-2024-21892,2025-11-19,1403.0,PRD-120,EG,9,665.89,482
INV-2024-34191,2025-05-05,1053.0,PRD-138,EG,10,1935.67,1678
INV-2024-44144,2025-04-30,1322.0,PRD-158,SA,2,109.16,94
INV-2024-62615,2024-02-06,1287.0,PRD-157,EG,5,966.94,647
INV-2024-36293,2025-10-23,1297.0,PRD-122,SA,10,653.42,557
INV-2024-39706,2024-05-19,1068.0,PRD-134,SA,2,415.03,313
INV-2024-56032,2025-05-08,1183.0,PRD-155,SA,9,1135.41,764
INV-2024-94833,2024-06-08,1497.0,PRD-161,AE,1,2809.27,1933
INV-2024-92969,2025-10-04,1146.0,PRD-124,EG,9,1482.85,1262
INV-2024-20691,2025-04-16,1330.0,PRD-144,SA,6,1362.13,1011
INV-2024-54527,2025-07-03,1186.0,PRD-112,SA,9,1951.43,1572
INV-2024-69208,2024-12-09,1348.0,PRD-134,SA,6,2407.47,1877
INV-2024-22324,2025/04/18,1334.0,PRD-115,AE,3,1999.24,1628
INV-2024-78664,2025-02-27,1471.0,PRD-127,EG,5,716.94,613
INV-2024-43786,2024-02-27,1355.0,PRD-160,SA,1,1565.13,1102
INV-2024-12673,2025-06-17,1437.0,PRD-154,EG,4,288.4,195
INV-2024-89450,2024-11-02,1303.0,PRD-131,JO,6,1788.68,1299
INV-2024-17982,2025-08-01,1166.0,PRD-131,EG,8,1631.24,1155
INV-2024-83023,2025-11-25,1439.0,PRD-135,AE,6,1525.18,1318
INV-2024-17752,2024-11-19,1108.0,PRD-161,EG,2,491.9,369
INV-2024-99484,2025-07-22,1327.0,PRD-110,EG,2,1969.27,1676
INV-2024-58909,2025-07-02,1158.0,PRD-151,SA,3,362.13,243
INV-2024-22516,20-Jan-2024,1164.0,PRD-111,AE,5,832.87,587
INV-2024-32087,2024-08-01,1299.0,PRD-165,SA,4,2127.63,1621
INV-2024-10226,2025-08-14,1027.0,PRD-159,JO,8,216.23,169
INV-2024-79352,2025-12-02,1228.0,PRD-104,SA,1,1693.25,1323
INV-2024-11648,2024-12-05,1327.0,PRD-103,SA,7,2343.28,1960
INV-2024-10610,2024/12/28,1095.0,PRD-128,EG,8,1064.8,878
INV-2024-52842,2024-03-08,1366.0,PRD-133,AE,4,410.67,316
INV-2024-60430,2024-06-01,1079.0,PRD-158,EG,1,2149.54,1624
INV-2024-50142,2024-10-14,1131.0,PRD-107,AE,8,174.03,132
INV-2024-13624,2024-02-01,1226.0,PRD-131,JO,10,2586.11,1943
INV-2024-84459,2024-12-13,,PRD-164,JO,6,534.33,383
INV-2024-83841,2025-01-19,1318.0,PRD-125,SA,10,1722.72,1323
INV-2024-59130,2025-10-03,1200.0,PRD-125,SA,10,2018.57,1699
INV-2024-19094,2025-07-01,1186.0,PRD-139,AE,5,710.23,598
INV-2024-32595,2024-06-18,1260.0,PRD-129,EG,6,1454.81,976
INV-2024-34704,2025-08-07,1270.0,PRD-120,SA,3,1243.84,868
INV-2024-93424,2025-09-12,1052.0,PRD-103,EG,7,2493.82,1695
INV-2024-91378,2025-02-02,1162.0,PRD-114,SA,10,2069.99,1531
INV-2024-75300,2024-07-10,1247.0,PRD-122,EG,5,1396.15,964
INV-2024-33827,2025-09-01,1491.0,PRD-164,EG,2,1084.85,789
INV-2024-80151,2024/04/29,1099.0,PRD-129,EG,4,289.37,194
INV-2024-38622,2024-11-11,1294.0,PRD-158,SA,4,278.37,195
INV-2024-55252,2025-12-23,1329.0,PRD-128,SA,5,2280.02,1723
INV-2024-22709,2024-11-18,1451.0,PRD-150,EG,2,1890.78,1312
INV-2024-99545,2025-12-27,1440.0,PRD-113,SA,8,1055.48,827
INV-2024-30273,02-Feb-2024,1073.0,PRD-107,EG,2,1959.03,1693
INV-2024-88606,2024-10-05,1403.0,PRD-103,SA,1,531.14,401
INV-2024-59042,2025-02-27,1158.0,PRD-155,SA,10,2194.37,1629
INV-2024-85233,2024-03-29,1029.0,PRD-160,SA,1,915.62,768
INV-2024-33190,2025-05-23,1483.0,PRD-117,AE,6,684.67,515
INV-2024-67763,2024-08-31,1448.0,PRD-107,EG,7,526.63,445
INV-2024-33264,2025-01-15,1170.0,PRD-101,AE,4,2469.8,1866
INV-2024-76496,2025-04-07,1307.0,PRD-150,SA,4,560.82,399
INV-2024-29510,2024-11-05,1325.0,PRD-160,SA,10,2745.73,1907
INV-2024-68340,2024-08-09,1363.0,PRD-122,SA,8,883.16,637
INV-2024-13976,2025/06/21,1397.0,PRD-150,EG,3,535.94,416
INV-2024-91537,2024-11-05,1163.0,PRD-161,SA,4,271.85,231
INV-2024-15082,2024-06-28,1084.0,PRD-145,SA,5,2291.33,1605
INV-2024-80462,2024-04-24,1069.0,PRD-163,EG,1,1213.26,960
INV-2024-25765,2025-01-18,1376.0,PRD-125,EG,2,994.2,685
INV-2024-50850,2024-02-08,1129.0,PRD-139,EG,10,857.07,598
INV-2024-48198,2024-07-25,1304.0,PRD-115,JO,10,1130.97,819
INV-2024-24126,2024-04-04,1497.0,PRD-141,SA,10,2274.29,1605
INV-2024-55751,2025-03-30,1091.0,PRD-150,EG,5,1733.65,1420
INV-2024-99526,2025-06-02,1004.0,PRD-136,EG,10,2939.25,1991
INV-2024-33647,2024-01-26,1393.0,PRD-119,SA,8,1426.18,964
INV-2024-87346,2025-05-09,1433.0,PRD-110,AE,6,1408.24,972
INV-2024-77959,2025-05-27,1341.0,PRD-130,EG,7,1431.84,1131
INV-2024-31939,2024-06-06,1031.0,PRD-157,EG,6,1699.46,1430
INV-2024-23070,2024-07-13,1179.0,PRD-120,AE,2,2015.23,1373
INV-2024-75228,2024/12/14,,PRD-104,EG,4,321.2,233
INV-2024-35317,2025-05-10,1232.0,PRD-156,EG,3,115.89,88
INV-2024-89102,2025-06-20,1141.0,PRD-114,JO,5,2462.63,1747
INV-2024-30349,2024-11-13,1220.0,PRD-154,SA,2,1703.99,1318
INV-2024-90372,2024-12-01,1373.0,PRD-152,EG,8,1864.95,1455
INV-2024-54223,2024-05-26,1496.0,PRD-102,EG,2,1930.17,1524
INV-2024-69594,2024-04-10,1121.0,PRD-135,EG,5,75.21,53
INV-2024-96309,2025-06-12,1095.0,PRD-101,EG,7,1778.22,1389
INV-2024-81824,2025-11-23,1194.0,PRD-159,AE,5,1273.15,995
INV-2024-60966,2024-05-15,1186.0,PRD-151,SA,8,2260.72,1857
INV-2024-68711,2024-07-29,1302.0,PRD-118,AE,8,1538.66,1032
INV-2024-25254,2024-02-07,1392.0,PRD-111,JO,1,852.85,741
INV-2024-97648,2025-04-15,1315.0,PRD-142,SA,1,2363.05,1672
INV-2024-82674,2025-01-31,1124.0,PRD-120,EG,4,219.63,161
INV-2024-18580,2025-12-31,1457.0,PRD-139,SA,7,2244.65,1608
INV-2024-54347,2025/06/18,1160.0,PRD-116,JO,8,1567.04,1353
INV-2024-42272,2024-04-28,1429.0,PRD-154,AE,2,2261.53,1765
INV-2024-57932,2024-01-05,1113.0,PRD-143,EG,8,721.36,500
INV-2024-28531,2024-11-14,1165.0,PRD-102,SA,4,2386.91,1639
INV-2024-41385,2024-02-15,1085.0,PRD-138,SA,9,1461.68,1271
INV-2024-74325,2025-12-04,1364.0,PRD-163,JO,9,264.84,193
INV-2024-34686,2025-08-31,1077.0,PRD-154,EG,10,543.74,464
INV-2024-62990,2024-03-30,1058.0,PRD-149,SA,6,2135.8,1826
INV-2024-15451,2024-12-07,1440.0,PRD-115,AE,1,1204.23,934
INV-2024-56965,2025-04-23,1310.0,PRD-151,SA,1,652.16,501
INV-2024-17683,17-Feb-2024,1030.0,PRD-159,SA,6,1439.73,1230
INV-2024-72970,2024-04-15,1062.0,PRD-116,EG,8,2014.31,1395
INV-2024-96462,2025-06-17,1227.0,PRD-161,EG,10,1291.9,932
INV-2024-87481,2025-11-05,1305.0,PRD-114,EG,10,819.32,633
INV-2024-22947,2024-11-15,1291.0,PRD-105,JO,10,1168.05,843
INV-2024-78136,2024/01/24,1139.0,PRD-160,EG,10,1310.03,910
INV-2024-21921,2025-08-14,1077.0,PRD-120,SA,10,2681.08,1817
INV-2024-96967,2024-11-15,1010.0,PRD-129,SA,9,2007.64,1421
INV-2024-95826,2025-10-16,1365.0,PRD-140,EG,8,1412.59,976
INV-2024-52015,2024-08-02,1079.0,PRD-165,SA,5,2012.89,1642
INV-2024-79119,2024-11-24,1319.0,PRD-145,AE,7,1602.36,1137
INV-2024-83793,2024-07-24,1091.0,PRD-156,AE,8,837.69,569
INV-2024-85377,2024-07-16,1481.0,PRD-124,SA,4,109.16,75
INV-2024-79720,2024-10-20,1292.0,PRD-105,SA,8,266.59,182
INV-2024-78376,2024-10-10,1250.0,PRD-133,EG,6,1883.21,1259
INV-2024-61666,2025-06-29,,PRD-103,JO,4,2540.99,1794
INV-2024-81615,2024-11-22,1197.0,PRD-128,EG,8,2172.59,1806
INV-2024-94305,2025-03-27,1034.0,PRD-112,AE,6,1086.7,832
INV-2024-36336,2025-11-18,1142.0,PRD-109,EG,1,1383.03,1147
INV-2024-47035,2024-04-30,1486.0,PRD-124,JO,5,2291.66,1590
INV-2024-51984,2024/10/06,1481.0,PRD-140,AE,10,1966.21,1365
INV-2024-27757,2024-06-01,1329.0,PRD-116,AE,4,1142.57,970
INV-2024-68707,2024-06-10,1029.0,PRD-142,EG,10,858.41,620
INV-2024-35957,2024-10-07,1340.0,PRD-122,SA,4,1665.42,1403
INV-2024-48398,2024-04-27,1328.0,PRD-153,SA,4,1509.13,1010
INV-2024-92095,16-Jan-2024,1408.0,PRD-111,AE,4,424.48,291
INV-2024-65878,2025-09-29,1187.0,PRD-109,EG,2,1543.54,1099
INV-2024-62984,2025-07-27,1196.0,PRD-131,JO,10,1963.15,1695
INV-2024-67034,2025-06-10,1463.0,PRD-136,AE,8,1477.24,1266
INV-2024-59422,2024-04-14,1376.0,PRD-156,EG,5,851.01,626
INV-2024-20798,2024-07-30,1395.0,PRD-108,AE,6,2071.95,1447
INV-2024-74286,2025-07-09,1169.0,PRD-109,SA,2,1824.07,1288
INV-2024-13123,2024-12-24,1465.0,PRD-133,SA,3,1429.35,1062
INV-2024-74387,2025-07-16,1444.0,PRD-112,EG,2,1975.53,1324
INV-2024-23673,2024-11-22,1223.0,PRD-121,SA,9,1485.83,1271
INV-2024-52141,2024/10/04,1433.0,PRD-165,AE,7,1678.86,1438
INV-2024-83564,2024-05-24,1424.0,PRD-155,SA,9,289.55,198
INV-2024-73452,2025-12-22,1158.0,PRD-138,SA,2,1358.38,928
INV-2024-89909,2024-10-17,1446.0,PRD-155,SA,7,291.75,246
INV-2024-60961,2025-08-10,1351.0,PRD-160,AE,3,2399.34,1760
INV-2024-50094,2024-09-07,1497.0,PRD-121,EG,1,1297.37,888
INV-2024-75223,2024-06-24,1026.0,PRD-161,AE,9,140.95,111
INV-2024-47643,2024-03-13,1284.0,PRD-145,SA,3,934.27,623
INV-2024-99660,2024-11-14,1131.0,PRD-102,EG,10,1813.38,1376
INV-2024-17224,2025-09-19,1360.0,PRD-142,EG,8,513.63,411
INV-2024-79147,2024-12-12,1018.0,PRD-101,SA,4,207.24,170
INV-2024-15456,2025-07-07,1034.0,PRD-147,AE,9,2357.77,1821
INV-2024-34651,2025-03-30,1178.0,PRD-158,EG,10,1626.18,1193
INV-2024-21689,2024-02-21,1396.0,PRD-123,AE,3,1831.18,1455
INV-2024-50254,2024-05-13,1325.0,PRD-139,EG,8,1128.09,908
INV-2024-87000,2024/01/30,1313.0,PRD-113,SA,5,1870.22,1257
INV-2024-84878,2025-04-27,1443.0,PRD-145,JO,9,2398.12,1959
INV-2024-81144,2025-11-22,1039.0,PRD-147,AE,10,1421.51,1222
INV-2024-32722,2024-02-21,1070.0,PRD-102,EG,7,642.75,525
INV-2024-94008,2024-04-18,1075.0,PRD-118,SA,8,2730.24,1932
INV-2024-51111,2025-01-27,,PRD-161,EG,9,973.47,720
INV-2024-16285,2024-02-25,1217.0,PRD-122,SA,9,495.33,402
INV-2024-80030,2024-03-29,1380.0,PRD-147,AE,6,719.49,590
INV-2024-13665,2025-03-12,1132.0,PRD-136,AE,9,2018.29,1663
INV-2024-16187,2025-02-05,1268.0,PRD-131,EG,1,345.75,290
INV-2024-49707,2024-07-02,1245.0,PRD-144,JO,7,1598.35,1282
INV-2024-60449,2025-12-22,1345.0,PRD-113,SA,6,2729.88,1831
INV-2024-34672,2025-09-02,1319.0,PRD-127,EG,9,2357.58,1612
INV-2024-56106,2025-08-29,1413.0,PRD-148,SA,4,544.25,371
INV-2024-80485,2025-10-06,1241.0,PRD-127,SA,6,103.47,78
INV-2024-16872,2025/12/07,1313.0,PRD-128,SA,8,650.34,546
INV-2024-99674,2025-12-17,1460.0,PRD-141,SA,3,2170.51,1720
INV-2024-66859,2025-04-01,1076.0,PRD-129,SA,5,656.08,530
INV-2024-76633,2025-09-23,1050.0,PRD-119,EG,4,1545.85,1215
INV-2024-78679,2024-12-30,1406.0,PRD-162,AE,10,2425.73,1864
INV-2024-33368,2024-11-15,1085.0,PRD-156,SA,9,83.27,63
INV-2024-76682,2024-12-06,1192.0,PRD-129,EG,1,97.28,75
INV-2024-58604,2024-07-21,1439.0,PRD-134,AE,6,2059.26,1629
INV-2024-99277,2025-12-31,1458.0,PRD-106,JO,5,2198.28,1651
INV-2024-15861,2025-11-17,1022.0,PRD-138,JO,8,2507.32,1807
INV-2024-38114,30-Jun-2025,1266.0,PRD-121,EG,7,553.31,433
INV-2024-22930,2024-03-21,1268.0,PRD-145,EG,8,1918.8,1582
INV-2024-69930,2025-04-21,1445.0,PRD-125,SA,8,137.56,97
INV-2024-34340,2025-08-04,1323.0,PRD-121,EG,6,2427.68,1829
INV-2024-39041,2024-05-14,1371.0,PRD-160,JO,4,959.0,829
INV-2024-51983,2024/04/05,1189.0,PRD-108,EG,6,1378.42,1152
INV-2024-19563,2025-12-16,1215.0,PRD-118,EG,3,1949.94,1597
INV-2024-36687,2025-04-24,1498.0,PRD-111,SA,7,1270.4,992
INV-2024-74916,2024-04-09,1033.0,PRD-103,EG,2,983.97,807
INV-2024-37097,2025-04-11,1326.0,PRD-118,AE,8,1830.52,1580
INV-2024-84861,2024-11-13,1428.0,PRD-128,SA,5,1917.12,1620
INV-2024-93941,2025-12-01,1480.0,PRD-137,EG,8,1512.02,1026
INV-2024-90349,2025-10-21,1436.0,PRD-149,EG,9,1523.43,1093
INV-2024-12043,2025-12-28,1109.0,PRD-154,SA,8,287.23,233
INV-2024-15928,2025-04-21,1303.0,PRD-157,EG,10,1512.7,1150
INV-2024-60002,2025-04-26,1442.0,PRD-104,SA,6,740.5,558
INV-2024-37004,2024-08-25,1409.0,PRD-110,SA,3,1794.15,1492
INV-2024-25247,2024-08-17,1338.0,PRD-129,AE,10,1214.38,849
INV-2024-48068,2024-05-27,1232.0,PRD-143,JO,6,2168.64,1780
INV-2024-10621,2025-09-23,1406.0,PRD-163,JO,7,862.22,602
INV-2024-41508,2024/09/21,,PRD-143,JO,3,1684.57,1332
INV-2024-96454,2025-01-07,1080.0,PRD-150,EG,3,418.98,363
INV-2024-53352,2025-02-05,1402.0,PRD-127,EG,5,2107.18,1630
INV-2024-33207,2024-07-06,1347.0,PRD-133,EG,5,2521.71,1688
INV-2024-61107,2025-12-17,1063.0,PRD-150,AE,4,1298.6,1110
INV-2024-39933,12-Nov-2025,1287.0,PRD-110,JO,7,205.88,140
INV-2024-58730,2024-12-04,1292.0,PRD-156,AE,10,2319.62,1683
INV-2024-62685,2024-11-28,1175.0,PRD-134,EG,2,185.36,125
INV-2024-15866,2025-04-09,1266.0,PRD-126,JO,3,1573.5,1312
INV-2024-30437,2025-05-14,1075.0,PRD-149,SA,10,1660.47,1107
INV-2024-28568,2024-01-31,1008.0,PRD-149,EG,5,1787.18,1471
INV-2024-88479,2024-03-07,1192.0,PRD-165,SA,8,2398.82,1678
INV-2024-42266,2025-05-01,1126.0,PRD-108,EG,7,1682.73,1383
INV-2024-91495,2024-04-25,1185.0,PRD-102,SA,7,1614.88,1275
INV-2024-97625,2024-12-25,1468.0,PRD-154,EG,3,954.4,697
INV-2024-43840,2025/05/05,1315.0,PRD-150,SA,5,239.81,200
INV-2024-65422,2025-04-17,1087.0,PRD-141,SA,9,1518.24,1132
INV-2024-99180,2024-06-23,1347.0,PRD-101,AE,9,2488.52,1871
INV-2024-84781,2024-10-16,1391.0,PRD-150,SA,1,1320.76,1125
INV-2024-92076,2024-12-22,1236.0,PRD-101,SA,2,853.17,628
INV-2024-50598,2025-09-10,1469.0,PRD-123,AE,4,1923.52,1491
INV-2024-36853,2025-08-11,1400.0,PRD-132,JO,7,1272.82,1097
INV-2024-95634,2024-05-10,1286.0,PRD-143,EG,9,789.51,636
INV-2024-45732,2025-06-04,1108.0,PRD-135,SA,8,462.43,325
INV-2024-63635,2024-04-15,1089.0,PRD-126,EG,7,2579.29,1808
INV-2024-11340,2025-02-19,1254.0,PRD-164,EG,7,704.41,485
INV-2024-64511,2024-04-19,1398.0,PRD-129,SA,2,2052.33,1514
INV-2024-64216,2024-11-29,1029.0,PRD-165,AE,5,700.58,527
INV-2024-59431,2025-07-23,1358.0,PRD-139,EG,4,205.89,145
INV-2024-46449,2025-10-27,1292.0,PRD-161,AE,8,1075.5,724
INV-2024-34837,2024/03/13,1263.0,PRD-149,AE,5,489.52,411
INV-2024-73991,2024-11-05,1285.0,PRD-116,JO,1,263.81,184
INV-2024-43216,2025-06-29,1143.0,PRD-161,EG,8,530.18,390
INV-2024-88660,2025-04-17,1054.0,PRD-130,JO,2,559.33,376
INV-2024-11367,2025-02-14,1317.0,PRD-146,EG,8,878.12,683
INV-2024-92121,2025-08-27,1030.0,PRD-128,SA,3,1781.47,1455
INV-2024-61834,2025-02-27,1037.0,PRD-118,EG,8,1344.32,1130
INV-2024-15478,2024-09-01,1158.0,PRD-103,EG,3,1841.01,1490
INV-2024-68868,2025-09-27,1253.0,PRD-118,AE,6,1510.81,1127
INV-2024-26893,2024-09-06,1447.0,PRD-112,SA,2,1438.93,1141
INV-2024-96895,2025-07-15,,PRD-122,EG,7,575.78,497
INV-2024-39225,2024-06-11,1060.0,PRD-134,EG,7,901.48,754
INV-2024-19243,2025-05-08,1086.0,PRD-159,SA,7,313.07,233
INV-2024-93571,2025-01-28,1005.0,PRD-114,EG,10,926.54,754
INV-2024-24992,2024-03-08,1010.0,PRD-106,AE,2,1348.44,991
INV-2024-25109,2024/12/14,1388.0,PRD-124,EG,6,222.44,181
INV-2024-30830,2024-08-01,1080.0,PRD-122,EG,4,1601.61,1162
INV-2024-74033,2025-12-11,1111.0,PRD-110,EG,8,139.36,115
INV-2024-18716,2025-08-28,1427.0,PRD-112,SA,10,792.38,688
INV-2024-34033,2025-03-17,1199.0,PRD-136,EG,10,993.75,843
INV-2024-80377,2025-03-21,1418.0,PRD-131,EG,7,181.73,123
INV-2024-52910,2025-08-03,1074.0,PRD-164,JO,8,430.2,370
INV-2024-31937,2024-12-16,1187.0,PRD-137,SA,1,2064.34,1475
INV-2024-43619,2025-07-11,1223.0,PRD-101,EG,4,2031.92,1462
INV-2024-99247,2025-12-11,1118.0,PRD-145,SA,4,603.95,473
INV-2024-62193,29-Aug-2024,1489.0,PRD-115,AE,7,1828.3,1504
INV-2024-47330,2024-06-26,1167.0,PRD-117,EG,2,154.89,123
INV-2024-80288,2025-11-09,1194.0,PRD-135,EG,2,1288.61,1043
INV-2024-47544,2025-11-16,1341.0,PRD-147,AE,2,2401.53,1709
INV-2024-47316,2024-03-20,1052.0,PRD-144,SA,4,694.21,503
INV-2024-84725,2025/12/29,1303.0,PRD-104,SA,7,1168.55,957
INV-2024-44275,2025-08-10,1151.0,PRD-120,EG,1,1293.52,1028
INV-2024-24220,2025-05-13,1174.0,PRD-126,EG,10,1864.21,1343
INV-2024-25650,2024-04-27,1173.0,PRD-154,SA,4,719.41,534
INV-2024-61761,2025-08-29,1408.0,PRD-129,EG,7,705.86,511
INV-2024-36493,2025-09-02,1247.0,PRD-147,SA,5,564.63,460
INV-2024-21338,2025-04-19,1302.0,PRD-113,SA,6,2439.49,1839
INV-2024-82712,2024-11-29,1015.0,PRD-102,EG,9,783.74,661
INV-2024-75269,2025-07-22,1350.0,PRD-119,JO,7,1338.74,1049
INV-2024-36317,2024-04-09,1366.0,PRD-112,AE,5,1239.93,931
INV-2024-26661,2025-03-31,1138.0,PRD-116,AE,7,912.31,792
INV-2024-77924,2024-06-29,1116.0,PRD-103,EG,10,813.08,573
INV-2024-14678,2024-11-11,1445.0,PRD-148,EG,6,1535.29,1096
INV-2024-71467,2025-02-19,1199.0,PRD-138,SA,5,1648.04,1366
INV-2024-72759,2024-03-12,1258.0,PRD-113,EG,2,2218.05,1612
INV-2024-24331,2025/09/04,1072.0,PRD-103,JO,4,455.7,396
INV-2024-24602,2024-04-21,1179.0,PRD-149,EG,2,1703.33,1278
INV-2024-39968,2025-12-02,1208.0,PRD-101,SA,1,2411.53,1776
INV-2024-14984,2025-09-02,1393.0,PRD-163,EG,6,151.93,116
INV-2024-60864,2025-01-23,1062.0,PRD-144,SA,10,2345.5,1944
INV-2024-34179,01-Dec-2024,,PRD-160,EG,6,1959.33,1693
INV-2024-20958,2025-05-21,1049.0,PRD-152,SA,7,1659.21,1376
INV-2024-18834,2025-10-22,1345.0,PRD-119,EG,9,1975.75,1334
INV-2024-41686,2025-11-07,1376.0,PRD-126,AE,10,1860.36,1430
INV-2024-67140,2024-03-03,1276.0,PRD-155,EG,9,2481.41,1753
INV-2024-90651,2024-04-02,1402.0,PRD-164,JO,3,83.98,70
INV-2024-58614,2024-08-10,1132.0,PRD-101,AE,9,1231.13,1045
INV-2024-67423,2024-05-22,1425.0,PRD-104,EG,4,1189.08,835
INV-2024-28711,2025-08-17,1117.0,PRD-144,AE,5,1344.62,1049
INV-2024-67936,2025-10-13,1046.0,PRD-138,EG,5,920.43,646
INV-2024-88250,2024/01/01,1059.0,PRD-161,JO,10,2562.18,1966
INV-2024-15380,2024-05-30,1173.0,PRD-138,SA,4,262.86,181
INV-2024-96884,2025-11-07,1298.0,PRD-147,EG,6,897.72,777
INV-2024-76010,2024-06-01,1026.0,PRD-107,EG,3,1825.01,1336
INV-2024-34768,2025-04-08,1219.0,PRD-103,EG,10,962.67,766
INV-2024-37581,2025-06-28,1499.0,PRD-126,JO,6,1349.96,919
INV-2024-51670,2024-10-25,1070.0,PRD-133,EG,8,1747.63,1458
INV-2024-15735,2025-02-03,1105.0,PRD-133,SA,7,1582.18,1338
INV-2024-84553,2025-09-22,1290.0,PRD-104,SA,9,2381.49,1975
INV-2024-11862,2025-08-14,1030.0,PRD-142,JO,9,357.82,288
INV-2024-30016,2025-04-02,1341.0,PRD-156,EG,5,1112.02,955
INV-2024-54741,2024-07-19,1215.0,PRD-126,SA,1,1190.79,950
INV-2024-42873,2024-07-29,1031.0,PRD-163,SA,7,91.85,76
INV-2024-33006,2025-11-28,1087.0,PRD-147,AE,6,1043.62,711
INV-2024-55890,2024-11-20,1339.0,PRD-126,EG,2,539.01,435
INV-2024-70559,2024/11/02,1231.0,PRD-112,EG,7,645.59,431
INV-2024-36299,2025-08-06,1465.0,PRD-104,EG,10,952.32,759
INV-2024-94428,2025-11-26,1252.0,PRD-109,AE,6,824.26,594
INV-2024-17396,2024-11-07,1199.0,PRD-113,EG,4,1322.61,969
INV-2024-61290,2025-03-21,1395.0,PRD-145,SA,9,805.09,599
INV-2024-59811,2024-12-18,1229.0,PRD-115,EG,4,1595.22,1306
INV-2024-30066,2024-04-01,1317.0,PRD-152,AE,2,145.88,103
INV-2024-48247,2025-08-19,1411.0,PRD-121,JO,10,1262.34,916
INV-2024-76269,2024-01-09,1223.0,PRD-146,SA,2,471.87,329
INV-2024-18342,2025-09-18,1146.0,PRD-149,EG,7,866.62,618
INV-2024-39522,2025-06-06,1193.0,PRD-162,EG,5,1342.91,999
INV-2024-34112,2025-02-17,1196.0,PRD-146,EG,3,1064.79,727
INV-2024-92210,2024-05-10,1472.0,PRD-134,EG,6,236.99,168
INV-2024-35472,2024-10-28,1333.0,PRD-110,SA,5,795.4,557
INV-2024-54025,2024-03-04,1183.0,PRD-120,SA,8,2145.7,1857
INV-2024-96246,2025/01/13,,PRD-122,JO,7,340.11,295
INV-2024-67523,2025-07-16,1322.0,PRD-145,EG,6,2329.37,1616
INV-2024-13317,2024-02-24,1123.0,PRD-133,SA,9,2079.89,1434
INV-2024-67741,2024-01-01,1350.0,PRD-142,SA,6,390.03,338
INV-2024-19094,2025-12-21,1481.0,PRD-124,SA,9,2080.91,1609
INV-2024-42214,2025-07-27,1275.0,PRD-116,EG,2,2617.47,1813
INV-2024-88860,2025-01-02,1399.0,PRD-105,SA,6,574.28,430
INV-2024-79278,2024-04-22,1415.0,PRD-127,SA,10,2443.3,1629
INV-2024-47723,2024-10-15,1436.0,PRD-106,AE,6,517.57,448
INV-2024-82987,2024-02-01,1251.0,PRD-156,JO,4,2161.45,1871
INV-2024-31115,28-Aug-2024,1416.0,PRD-129,EG,1,692.21,514
INV-2024-28790,2025-03-18,1010.0,PRD-138,EG,2,2029.2,1560
INV-2024-81712,2025-12-20,1238.0,PRD-161,SA,7,1515.36,1263
INV-2024-51622,2025-08-27,1298.0,PRD-109,SA,2,1796.55,1554
INV-2024-17433,2025-02-07,1433.0,PRD-102,EG,8,2198.0,1854
INV-2024-24596,2025/10/02,1018.0,PRD-159,AE,10,1155.11,774
INV-2024-99753,2024-11-21,1498.0,PRD-138,JO,5,1127.46,763
INV-2024-18536,2025-12-29,1013.0,PRD-136,JO,7,1865.17,1260
INV-2024-63729,2025-01-26,1456.0,PRD-115,EG,5,738.61,556
INV-2024-77901,2025-02-19,1242.0,PRD-156,AE,4,1624.15,1181
INV-2024-80028,2025-01-25,1060.0,PRD-132,AE,6,2252.79,1575
INV-2024-12288,2025-03-21,1254.0,PRD-153,SA,7,1631.78,1295
INV-2024-91079,2025-07-12,1320.0,PRD-160,SA,3,1542.24,1203
INV-2024-32271,2024-08-04,1117.0,PRD-153,AE,3,1995.9,1516
INV-2024-52160,2025-11-09,1494.0,PRD-122,SA,5,2448.78,1991
INV-2024-58545,2024-06-26,1098.0,PRD-106,EG,10,284.82,211
INV-2024-15037,2025-05-01,1168.0,PRD-106,SA,7,1247.56,880
INV-2024-28807,2024-05-22,1474.0,PRD-114,SA,5,247.39,178
INV-2024-23604,2024-07-11,1098.0,PRD-140,EG,1,2454.39,1878
INV-2024-99694,2025-07-22,1077.0,PRD-130,JO,10,2186.32,1647
INV-2024-40626,2025/01/28,1416.0,PRD-150,SA,9,309.22,225
INV-2024-10773,2025-01-03,1018.0,PRD-156,SA,6,2396.6,1709
INV-2024-59966,2025-03-03,1299.0,PRD-112,EG,2,1447.34,1014
INV-2024-10448,2024-06-06,1349.0,PRD-121,SA,5,626.24,431
INV-2024-83755,2024-10-22,1384.0,PRD-155,EG,4,1180.69,954
INV-2024-17656,17-Nov-2025,1237.0,PRD-128,EG,4,1332.56,1143
INV-2024-60793,2024-05-08,1497.0,PRD-128,SA,2,1687.15,1126
INV-2024-84311,2024-05-17,1148.0,PRD-125,SA,2,552.69,435
INV-2024-25681,2024-01-12,1367.0,PRD-162,SA,2,2212.67,1698
INV-2024-39428,2024-03-14,1212.0,PRD-119,EG,2,217.41,183
INV-2024-92350,2025-10-25,,PRD-137,SA,7,2845.79,1944
INV-2024-14613,2024-01-17,1228.0,PRD-104,EG,4,750.14,572
INV-2024-83877,2024-05-27,1454.0,PRD-162,JO,4,1970.29,1551
INV-2024-81510,2025-05-13,1144.0,PRD-116,SA,6,2490.86,1958
INV-2024-19689,2025-11-04,1446.0,PRD-154,SA,5,1429.3,975
INV-2024-12594,2025/03/23,1033.0,PRD-125,EG,2,2118.7,1644
INV-2024-95047,2024-05-19,1304.0,PRD-142,EG,3,1133.36,878
INV-2024-72446,2024-03-27,1327.0,PRD-161,JO,1,104.59,78
INV-2024-84906,2024-05-20,1115.0,PRD-135,EG,9,522.31,448
INV-2024-94513,2025-10-19,1281.0,PRD-139,SA,6,1354.04,1020
INV-2024-60600,2025-03-01,1208.0,PRD-114,SA,6,2469.42,1897
INV-2024-47023,2025-04-11,1456.0,PRD-107,EG,5,2215.31,1887
INV-2024-99864,2025-12-13,1385.0,PRD-105,AE,3,782.2,626
INV-2024-90746,2025-09-10,1413.0,PRD-152,SA,3,1585.27,1188
INV-2024-60694,2025-03-11,1222.0,PRD-122,EG,2,1230.38,1007
INV-2024-68939,2025-09-30,1018.0,PRD-149,EG,9,1208.97,986
INV-2024-41151,2024-07-03,1428.0,PRD-156,EG,4,260.75,210
INV-2024-99506,2025-04-10,1354.0,PRD-125,AE,2,1306.13,1107
INV-2024-74298,2025-06-05,1467.0,PRD-158,SA,3,1939.39,1612
INV-2024-90295,2025-03-10,1267.0,PRD-126,EG,1,856.42,675
INV-2024-42773,2025/07/19,1002.0,PRD-130,EG,9,2340.85,1662
INV-2024-55239,2025-04-05,1291.0,PRD-136,SA,2,1637.86,1390
INV-2024-93453,2025-01-28,1251.0,PRD-137,SA,7,774.04,572
INV-2024-69635,2024-12-29,1102.0,PRD-162,SA,9,2182.61,1464
INV-2024-72800,2024-08-19,1105.0,PRD-113,EG,4,2733.78,1946
INV-2024-30072,2024-07-09,1455.0,PRD-117,EG,3,1784.11,1351
INV-2024-69535,2025-03-10,1286.0,PRD-114,SA,2,1010.35,795
INV-2024-80314,2025-09-11,1338.0,PRD-127,JO,10,548.16,429
INV-2024-57203,2024-01-08,1274.0,PRD-165,EG,4,175.69,119
INV-2024-39339,2025-08-14,1103.0,PRD-112,SA,7,1226.13,1046
INV-2024-28927,2025-05-25,1334.0,PRD-107,SA,4,729.45,550
INV-2024-47599,2024-08-30,1468.0,PRD-110,SA,8,2137.15,1604
INV-2024-93505,2025-12-30,1007.0,PRD-152,EG,3,1449.56,1096
INV-2024-32852,2025-05-28,1242.0,PRD-102,AE,3,1318.3,897
INV-2024-60915,2024-10-02,1272.0,PRD-133,SA,9,224.51,195
INV-2024-43713,2025/02/24,1128.0,PRD-104,SA,10,298.1,230
INV-2024-31013,2025-07-13,1089.0,PRD-110,EG,9,1515.72,1095
INV-2024-58244,2025-08-13,1313.0,PRD-157,EG,4,1765.11,1282
INV-2024-12744,2025-01-10,1464.0,PRD-143,EG,10,750.17,507
INV-2024-66588,2024-02-04,1398.0,PRD-108,AE,9,2261.75,1878
INV-2024-49302,2024-02-08,,PRD-124,EG,8,2037.87,1373
INV-2024-28872,2025-08-04,1141.0,PRD-113,SA,7,1553.03,1221
INV-2024-15577,2025-05-09,1126.0,PRD-141,EG,7,1674.15,1258
INV-2024-70284,2025-12-22,1125.0,PRD-120,SA,3,178.58,137
INV-2024-63788,2025-01-12,1417.0,PRD-139,SA,9,1063.86,898
INV-2024-80975,25-Apr-2024,1175.0,PRD-111,EG,7,2465.19,1687
INV-2024-39751,2025-08-17,1119.0,PRD-121,EG,1,2401.97,1724
INV-2024-62721,2025-05-08,1283.0,PRD-164,EG,1,252.56,182
INV-2024-26387,2025-12-08,1198.0,PRD-136,SA,8,188.78,126
INV-2024-92116,2024-03-22,1361.0,PRD-136,SA,2,2150.33,1788
INV-2024-56260,2024/05/25,1131.0,PRD-101,EG,5,1122.73,946
INV-2024-37276,2025-06-23,1020.0,PRD-121,SA,9,653.75,462
INV-2024-63188,2024-10-13,1146.0,PRD-117,EG,9,1212.37,964
INV-2024-65199,2025-04-21,1207.0,PRD-143,EG,3,700.62,488
INV-2024-64752,2025-06-13,1360.0,PRD-155,EG,2,1521.51,1032
INV-2024-70369,2024-03-21,1409.0,PRD-117,AE,8,1474.21,990
INV-2024-69285,2025-06-19,1361.0,PRD-104,EG,7,1947.84,1602
INV-2024-68181,2025-09-16,1328.0,PRD-143,EG,2,1844.92,1495
INV-2024-60913,2024-03-31,1219.0,PRD-107,EG,6,2147.84,1632
INV-2024-70754,2024-09-08,1358.0,PRD-110,EG,7,1697.72,1265
INV-2024-57652,2025-04-28,1491.0,PRD-129,SA,7,1295.95,878
INV-2024-54276,2025-10-07,1346.0,PRD-132,EG,4,1443.3,1024
INV-2024-52730,2025-11-10,1214.0,PRD-148,EG,2,2764.58,1905
INV-2024-97211,2025-11-15,1182.0,PRD-135,SA,4,990.3,751
INV-2024-62282,2024-03-20,1366.0,PRD-162,EG,8,2495.17,1871
INV-2024-27447,2025/12/01,1353.0,PRD-118,AE,10,916.35,616
INV-2024-79459,2025-10-10,1120.0,PRD-165,SA,7,267.5,200
INV-2024-36989,2025-07-06,1226.0,PRD-125,EG,5,922.89,689
INV-2024-42244,2025-08-16,1098.0,PRD-122,SA,10,2790.63,1865
INV-2024-38437,2024-11-15,1145.0,PRD-105,EG,3,746.07,600
INV-2024-35030,19-Sep-2025,1094.0,PRD-101,SA,6,2538.66,1755
INV-2024-84499,2024-02-24,1328.0,PRD-164,SA,1,438.73,368
INV-2024-35506,2024-12-17,1416.0,PRD-162,EG,9,551.96,404
INV-2024-96419,2025-07-01,1468.0,PRD-110,SA,7,1905.47,1604
INV-2024-91117,2024-01-12,1493.0,PRD-101,AE,4,1327.95,947
INV-2024-57633,2025-04-25,1392.0,PRD-127,JO,3,1572.65,1256
INV-2024-70735,2025-04-09,1428.0,PRD-129,SA,9,2426.43,1728
INV-2024-81854,2025-06-08,1156.0,PRD-104,SA,4,1307.58,1055
INV-2024-63504,2025-04-25,1224.0,PRD-121,EG,10,2697.12,1876
INV-2024-59127,2025-08-10,1263.0,PRD-102,EG,7,885.68,702
INV-2024-94410,2024/12/05,,PRD-116,SA,9,1273.97,896
INV-2024-50225,2025-03-07,1315.0,PRD-114,EG,10,1466.87,997
INV-2024-37985,2024-12-27,1444.0,PRD-101,JO,8,2507.33,1786
INV-2024-61488,2024-10-28,1106.0,PRD-165,EG,10,2040.05,1669
INV-2024-28524,2024-10-23,1121.0,PRD-111,EG,3,1663.47,1324
INV-2024-71634,2024-06-20,1347.0,PRD-122,EG,8,2142.77,1676
INV-2024-24240,2024-02-06,1093.0,PRD-138,AE,6,2208.81,1896
INV-2024-81149,2025-12-12,1192.0,PRD-152,SA,8,1017.06,796
INV-2024-95490,2025-09-03,1155.0,PRD-161,SA,9,1008.8,824
INV-2024-69286,2024-11-07,1285.0,PRD-120,EG,2,100.07,72
INV-2024-49363,2025-07-31,1343.0,PRD-164,AE,1,2101.97,1656
INV-2024-91735,2024-09-23,1447.0,PRD-108,EG,6,914.41,694
INV-2024-64017,2024-03-03,1060.0,PRD-137,AE,1,1577.11,1221
INV-2024-16669,2025-10-06,1383.0,PRD-104,SA,7,2501.53,1950
INV-2024-36137,2025-04-29,1209.0,PRD-115,EG,2,1779.28,1401
INV-2024-38465,2025/08/15,1226.0,PRD-111,SA,7,1019.58,881
INV-2024-54260,2024-06-22,1151.0,PRD-122,SA,5,1883.19,1470
INV-2024-82311,2025-08-09,1360.0,PRD-160,EG,10,314.88,237
INV-2024-30541,2024-02-22,1110.0,PRD-138,AE,4,2232.23,1604
INV-2024-96461,2025-11-03,1444.0,PRD-150,SA,10,1231.96,974
INV-2024-60369,2024-10-25,1434.0,PRD-143,EG,6,757.12,588
INV-2024-77829,2025-10-01,1197.0,PRD-103,EG,9,547.32,440
INV-2024-66594,2024-01-28,1214.0,PRD-124,SA,1,990.25,813
INV-2024-33634,2024-10-20,1417.0,PRD-121,SA,5,1808.53,1295
INV-2024-68062,2025-05-11,1302.0,PRD-156,SA,7,1154.15,822
INV-2024-13124,2024-03-25,1264.0,PRD-115,SA,8,2020.59,1601
INV-2024-37060,2024-05-09,1148.0,PRD-105,SA,2,881.98,642
INV-2024-60589,2025-06-01,1215.0,PRD-125,JO,4,2476.35,1970
INV-2024-84369,2024-03-19,1134.0,PRD-157,SA,6,317.56,265
INV-2024-97424,2024-10-11,1062.0,PRD-150,AE,10,2284.87,1851
INV-2024-32589,2024/09/15,1314.0,PRD-158,EG,1,2201.55,1823
INV-2024-45824,2024-05-15,1451.0,PRD-127,EG,1,1761.66,1280
INV-2024-99211,2025-09-22,1151.0,PRD-138,EG,4,2931.03,1982
INV-2024-83841,2024-10-14,1044.0,PRD-121,SA,4,916.64,612
INV-2024-30428,2024-10-08,1170.0,PRD-142,AE,8,1762.02,1292
INV-2024-94048,2024-09-20,1471.0,PRD-104,EG,1,1242.88,1023
INV-2024-62674,2024-01-15,1199.0,PRD-152,EG,9,1247.32,1043
INV-2024-85375,2024-04-24,1030.0,PRD-132,AE,7,1666.28,1362
INV-2024-35927,2025-09-10,1179.0,PRD-154,EG,8,2425.95,1818
INV-2024-29750,2024-06-27,1227.0,PRD-126,SA,2,1908.99,1375
INV-2024-63908,28-Aug-2025,,PRD-114,SA,1,749.89,633
INV-2024-51483,2024-06-03,1249.0,PRD-152,AE,8,1541.92,1039
INV-2024-71417,2025-11-05,1311.0,PRD-163,EG,6,2296.05,1697
INV-2024-42204,2025-04-02,1381.0,PRD-126,EG,3,2259.0,1523
INV-2024-27112,2025-01-13,1446.0,PRD-135,SA,10,1099.05,834
INV-2024-73790,2024/06/28,1041.0,PRD-160,JO,10,1200.67,913
INV-2024-51446,2024-09-24,1400.0,PRD-143,SA,8,1856.58,1243
INV-2024-90000,2025-12-18,1016.0,PRD-117,EG,10,856.54,676
INV-2024-90258,2024-08-29,1473.0,PRD-104,SA,3,1609.0,1152
INV-2024-79545,2025-05-11,1462.0,PRD-136,JO,5,627.21,466
INV-2024-92324,2024-07-04,1194.0,PRD-118,AE,10,1246.09,965
INV-2024-14627,2025-06-24,1490.0,PRD-136,JO,2,737.5,532
INV-2024-98629,2024-02-03,1250.0,PRD-150,EG,5,2171.18,1619
INV-2024-22722,2024-12-17,1431.0,PRD-155,EG,9,1926.07,1287
INV-2024-18566,2024-03-27,1309.0,PRD-151,SA,1,1578.35,1113
INV-2024-21239,2024-05-28,1119.0,PRD-155,AE,10,2259.72,1919
INV-2024-12813,2025-09-01,1063.0,PRD-139,EG,9,1811.18,1468
INV-2024-11136,2024-06-06,1382.0,PRD-105,EG,10,864.44,634
INV-2024-16914,2025-05-22,1405.0,PRD-137,AE,5,765.63,583
INV-2024-53451,2025-02-26,1235.0,PRD-124,EG,1,1170.64,977
INV-2024-21789,2025/01/27,1140.0,PRD-139,EG,6,1848.54,1537
INV-2024-51064,2024-08-31,1033.0,PRD-153,SA,1,1624.19,1282
INV-2024-56752,2025-11-07,1424.0,PRD-159,SA,3,1546.7,1175
INV-2024-36608,2025-03-26,1234.0,PRD-108,AE,6,341.98,235
INV-2024-29739,2025-10-14,1313.0,PRD-132,EG,2,2423.53,1957
INV-2024-37919,20-Jun-2024,1123.0,PRD-101,SA,8,1412.02,1168
INV-2024-50312,2024-08-03,1117.0,PRD-104,SA,6,1195.81,897
INV-2024-18653,2025-08-14,1347.0,PRD-115,SA,1,1648.4,1196
INV-2024-57571,2024-12-19,1274.0,PRD-148,SA,8,1353.92,1033
INV-2024-91688,2024-02-25,1184.0,PRD-161,EG,1,324.94,267
INV-2024-51353,2025-10-19,1430.0,PRD-128,EG,10,1616.24,1335
INV-2024-86473,2024-09-27,1202.0,PRD-142,EG,8,2407.79,1765
INV-2024-68538,2024-04-28,1355.0,PRD-162,EG,5,2264.61,1633
INV-2024-72270,2024-02-23,1418.0,PRD-151,SA,4,337.26,238
INV-2024-54383,2024-06-20,1399.0,PRD-162,AE,8,249.0,187
INV-2024-32966,2025/04/20,1209.0,PRD-124,AE,7,2017.09,1547
INV-2024-47976,2025-02-12,1036.0,PRD-153,AE,7,2335.87,1897
INV-2024-49746,2025-05-02,1392.0,PRD-129,EG,9,1042.94,853
INV-2024-23303,2024-11-04,1124.0,PRD-116,SA,1,2403.16,1971
INV-2024-83647,2025-05-02,1067.0,PRD-153,EG,5,2086.15,1452
INV-2024-30946,2025-06-29,,PRD-154,EG,1,1608.81,1299
INV-2024-29925,2024-08-27,1188.0,PRD-151,EG,5,1598.86,1211
INV-2024-31398,2025-01-23,1399.0,PRD-104,SA,6,656.86,510
INV-2024-64419,2025-11-30,1494.0,PRD-135,JO,4,2136.26,1723
INV-2024-25524,2025-12-23,1148.0,PRD-144,EG,2,380.2,320
INV-2024-79770,2025-02-03,1195.0,PRD-160,EG,3,218.55,149
INV-2024-91040,2025-04-30,1435.0,PRD-105,AE,2,1798.34,1484
INV-2024-63697,2024-09-25,1460.0,PRD-132,EG,5,2561.11,1929
INV-2024-30746,2024-05-28,1470.0,PRD-102,AE,1,2310.36,1667
INV-2024-83618,2025-06-27,1422.0,PRD-121,AE,1,960.48,777
INV-2024-82393,2025/03/21,1165.0,PRD-150,JO,1,879.16,641
INV-2024-92402,2024-01-13,1269.0,PRD-152,SA,7,1707.58,1317
INV-2024-71547,2024-10-22,1020.0,PRD-106,SA,2,1549.1,1281
INV-2024-46861,2025-04-04,1097.0,PRD-128,SA,2,2432.53,1658
INV-2024-42688,2025-01-26,1413.0,PRD-118,SA,5,117.11,79
INV-2024-24858,2025-11-25,1476.0,PRD-116,SA,6,1774.59,1355
INV-2024-97014,2024-11-19,1356.0,PRD-135,EG,3,1292.91,996
INV-2024-29221,2025-06-26,1500.0,PRD-154,SA,2,1984.35,1384
INV-2024-68314,2025-11-30,1230.0,PRD-162,SA,10,2274.03,1571
INV-2024-22723,2024-02-12,1116.0,PRD-131,AE,4,2210.05,1747
INV-2024-15161,2024-04-09,1464.0,PRD-140,AE,3,106.45,90
INV-2024-27773,2025-06-28,1132.0,PRD-135,SA,6,1244.02,966
INV-2024-59931,2025-10-14,1043.0,PRD-149,EG,7,2632.3,1829
INV-2024-71972,2024-12-28,1453.0,PRD-123,AE,10,2553.41,1772
INV-2024-59724,2025-03-18,1028.0,PRD-147,SA,7,734.21,626
INV-2024-72505,2025/09/17,1040.0,PRD-128,AE,9,794.65,678
INV-2024-32342,2025-10-29,1455.0,PRD-163,JO,4,1720.33,1418
INV-2024-12615,2024-10-06,1189.0,PRD-153,EG,3,599.9,484
INV-2024-86831,2024-12-09,1190.0,PRD-155,AE,6,814.0,626
INV-2024-57498,2024-10-03,1066.0,PRD-109,EG,1,709.56,501
INV-2024-67794,2024-09-30,1378.0,PRD-136,EG,7,1360.05,981
INV-2024-86662,2024-04-10,1134.0,PRD-156,SA,5,1672.76,1432
INV-2024-84961,2024-09-18,1362.0,PRD-123,EG,9,2570.11,1889
INV-2024-33833,2025-11-01,1348.0,PRD-139,AE,4,2209.44,1744
INV-2024-68632,2025-08-21,1174.0,PRD-128,EG,5,2110.72,1740
INV-2024-12602,04-Feb-2025,1065.0,PRD-156,EG,9,2059.25,1418
INV-2024-74456,2025-04-17,1255.0,PRD-101,SA,9,321.68,223
INV-2024-98049,2025-11-22,1401.0,PRD-132,AE,9,939.62,631
INV-2024-84289,2024-09-04,1408.0,PRD-159,JO,6,2097.17,1784
INV-2024-55066,2025-11-19,1397.0,PRD-133,AE,1,1382.66,998
INV-2024-54535,2025/08/25,,PRD-112,SA,6,111.45,87
INV-2024-21142,2024-07-18,1343.0,PRD-118,EG,5,220.8,156
INV-2024-58492,2025-06-16,1394.0,PRD-141,EG,5,1266.41,905
INV-2024-19029,2024-12-11,1068.0,PRD-110,EG,1,1191.05,872
INV-2024-33230,2025-11-24,1056.0,PRD-156,SA,2,1967.27,1328
INV-2024-27687,2025-12-07,1395.0,PRD-145,SA,10,1201.95,980
INV-2024-91793,2024-07-03,1080.0,PRD-157,SA,6,767.58,538
INV-2024-49335,2024-11-16,1061.0,PRD-130,AE,6,1426.1,1145
INV-2024-98784,2025-07-14,1117.0,PRD-140,SA,10,2044.5,1652
INV-2024-61592,2024-01-11,1281.0,PRD-117,EG,1,1840.21,1458
INV-2024-29593,2025-11-19,1032.0,PRD-103,EG,10,550.65,387
INV-2024-24545,2024-01-09,1056.0,PRD-127,AE,10,1146.1,776
INV-2024-97674,2024-03-10,1490.0,PRD-107,AE,8,1584.56,1197
INV-2024-35838,2024-01-13,1451.0,PRD-102,AE,6,1764.61,1451
INV-2024-93128,2025-02-25,1435.0,PRD-104,EG,1,765.87,541
INV-2024-52034,2024/04/10,1485.0,PRD-127,JO,3,2157.28,1577
INV-2024-48318,2025-06-21,1073.0,PRD-150,EG,1,2379.68,1880
INV-2024-20888,2024-04-16,1394.0,PRD-147,EG,6,1902.94,1497
INV-2024-56492,2025-12-02,1420.0,PRD-149,JO,3,2478.36,1868
INV-2024-89011,2025-04-01,1191.0,PRD-164,EG,7,2136.19,1681
INV-2024-74847,25-Dec-2024,1280.0,PRD-157,SA,4,2627.28,1758
INV-2024-12091,2024-08-12,1305.0,PRD-130,EG,4,1736.1,1283
INV-2024-91508,2024-10-17,1107.0,PRD-138,SA,2,148.77,110
INV-2024-87374,2024-09-14,1041.0,PRD-145,JO,9,1438.18,1083
INV-2024-64753,2024-07-16,1281.0,PRD-157,EG,8,1672.64,1136
INV-2024-32159,2024-02-04,1348.0,PRD-102,SA,10,983.83,746
INV-2024-57869,2024-01-25,1310.0,PRD-132,EG,8,1354.87,1111
INV-2024-43123,2025-09-26,1288.0,PRD-110,SA,10,1562.81,1201
INV-2024-35168,2024-04-04,1324.0,PRD-147,EG,10,2560.22,1805
INV-2024-77295,2024-02-28,1207.0,PRD-138,EG,1,2295.21,1755
INV-2024-46732,2025/08/31,1175.0,PRD-138,EG,7,514.94,372
INV-2024-78214,2025-11-03,1328.0,PRD-149,EG,8,83.42,57
INV-2024-13072,2024-08-10,1230.0,PRD-121,JO,2,2637.9,1973
INV-2024-74174,2025-09-05,1229.0,PRD-165,EG,6,1458.64,1115
INV-2024-51755,2025-10-15,1028.0,PRD-143,EG,10,1716.59,1180
INV-2024-31873,2024-05-04,1018.0,PRD-117,SA,8,1093.63,749
INV-2024-16817,2025-12-26,1024.0,PRD-117,EG,5,1240.59,869
INV-2024-95118,2024-05-02,1454.0,PRD-107,AE,8,780.18,638
INV-2024-41300,2024-03-29,1324.0,PRD-103,JO,7,2160.4,1741
INV-2024-50191,2025-09-11,1246.0,PRD-133,SA,8,599.17,439
INV-2024-44486,2024-05-13,,PRD-106,AE,5,1910.73,1338
INV-2024-68842,2025-01-19,1007.0,PRD-135,SA,8,730.12,532
INV-2024-66747,2025-11-03,1042.0,PRD-162,EG,9,1896.67,1386
INV-2024-54239,2025-10-25,1062.0,PRD-101,SA,2,491.51,420
INV-2024-15302,2025-08-02,1388.0,PRD-126,SA,7,1541.84,1050
INV-2024-45761,2024/07/08,1377.0,PRD-110,SA,7,1884.4,1316
INV-2024-96074,2024-04-23,1476.0,PRD-133,AE,3,2445.98,1879
INV-2024-70042,2025-12-13,1213.0,PRD-151,SA,7,807.35,612
INV-2024-96430,2024-07-07,1251.0,PRD-104,JO,10,635.65,500
INV-2024-20517,2024-09-16,1175.0,PRD-157,AE,7,957.85,800
INV-2024-53636,2024-10-28,1279.0,PRD-104,SA,4,396.17,267
INV-2024-82256,2025-04-23,1006.0,PRD-125,SA,1,287.19,204
INV-2024-14112,2025-11-07,1326.0,PRD-111,EG,9,609.87,503
INV-2024-27124,2024-03-18,1082.0,PRD-143,JO,10,2290.74,1964
INV-2024-91811,2025-10-16,1152.0,PRD-164,SA,2,2398.54,1703
INV-2024-11399,2025-04-09,1365.0,PRD-149,EG,5,712.98,481
INV-2024-85189,2024-10-10,1013.0,PRD-149,EG,5,474.67,353
INV-2024-12518,2025-03-13,1050.0,PRD-131,SA,7,1265.05,1055
INV-2024-49676,2025-12-09,1436.0,PRD-117,EG,5,1200.47,832
INV-2024-59895,2025-11-14,1144.0,PRD-133,EG,8,332.72,286
INV-2024-36167,2024/11/27,1405.0,PRD-107,SA,7,227.59,175
INV-2024-71619,2024-09-20,1252.0,PRD-131,EG,8,1512.43,1132
INV-2024-59809,2024-06-14,1038.0,PRD-122,SA,5,402.06,300
INV-2024-60907,2024-03-16,1031.0,PRD-106,EG,8,542.81,379
INV-2024-14716,2024-10-10,1258.0,PRD-104,EG,5,1386.37,1014
INV-2024-98067,2024-03-04,1372.0,PRD-106,SA,2,1647.1,1392
INV-2024-45426,2025-01-26,1377.0,PRD-108,SA,6,2085.82,1621
INV-2024-59170,2025-02-01,1327.0,PRD-160,EG,7,1981.08,1565
INV-2024-53992,2024-12-06,1233.0,PRD-148,EG,6,1318.03,971
INV-2024-58076,2024-03-02,1413.0,PRD-129,SA,4,1186.38,866
INV-2024-77185,21-Sep-2024,1325.0,PRD-141,EG,10,2227.97,1586
INV-2024-65641,2024-09-28,1394.0,PRD-136,EG,8,2665.08,1958
INV-2024-63371,2024-07-01,1427.0,PRD-111,EG,1,2335.8,1725
INV-2024-54843,2025-03-27,1381.0,PRD-128,AE,8,1414.92,1133
INV-2024-27346,2024-03-12,1162.0,PRD-152,AE,3,701.39,494
INV-2024-55382,2025/05/18,1148.0,PRD-101,AE,6,2166.85,1769
INV-2024-44286,2024-07-24,1450.0,PRD-134,AE,4,124.23,100
INV-2024-82401,2025-09-16,1014.0,PRD-123,SA,8,2076.4,1788
INV-2024-35284,2025-02-06,1079.0,PRD-104,SA,7,2135.27,1625
INV-2024-74071,2024-07-01,1135.0,PRD-144,SA,8,929.04,761
INV-2024-46915,2025-10-22,,PRD-156,EG,5,2332.13,1667
INV-2024-44953,2025-05-18,1108.0,PRD-155,SA,9,425.29,335
INV-2024-20919,2024-04-21,1242.0,PRD-114,AE,3,2585.15,1729
INV-2024-68965,2024-05-27,1027.0,PRD-126,SA,4,2543.96,1775
INV-2024-98055,2025-07-07,1084.0,PRD-165,EG,2,1462.0,1022
INV-2024-21114,2025-03-17,1199.0,PRD-123,EG,4,1797.17,1453
INV-2024-97323,2024-08-11,1279.0,PRD-104,SA,1,2448.25,1653
INV-2024-51761,2025-09-20,1284.0,PRD-134,SA,1,1674.49,1146
INV-2024-76688,2025-10-20,1451.0,PRD-155,AE,2,325.0,269
INV-2024-24879,2024-04-18,1258.0,PRD-148,EG,1,840.66,669
INV-2024-13015,2025/03/28,1031.0,PRD-130,AE,7,974.72,702
INV-2024-26846,2024-09-22,1473.0,PRD-160,SA,8,365.38,309
INV-2024-24031,2024-04-15,1228.0,PRD-118,AE,2,1921.95,1488
INV-2024-41845,2024-02-05,1001.0,PRD-114,SA,10,1665.7,1137
INV-2024-19753,2024-03-15,1213.0,PRD-159,SA,7,774.43,527
INV-2024-33213,13-Mar-2024,1044.0,PRD-117,SA,6,532.92,361
INV-2024-58940,2025-08-08,1104.0,PRD-162,AE,8,333.83,284
INV-2024-18514,2024-09-13,1392.0,PRD-158,JO,1,2532.66,1966
INV-2024-30185,2025-04-01,1270.0,PRD-153,EG,7,792.29,611
INV-2024-84961,2024-01-20,1052.0,PRD-140,EG,5,1486.51,1018
INV-2024-41056,2025-05-24,1448.0,PRD-145,JO,10,2228.08,1770
INV-2024-21453,2024-06-01,1099.0,PRD-143,SA,8,965.29,647
INV-2024-19884,2025-10-30,1089.0,PRD-144,SA,6,1292.44,990
INV-2024-11264,2025-10-17,1276.0,PRD-149,SA,10,2373.55,1759
INV-2024-11762,2024-01-01,1368.0,PRD-163,EG,8,2418.82,1711
INV-2024-54713,2024/02/08,1046.0,PRD-148,AE,7,1953.08,1333
INV-2024-90931,2025-11-11,1115.0,PRD-105,AE,3,1953.7,1418
INV-2024-19225,2025-02-03,1379.0,PRD-162,EG,1,315.66,254
INV-2024-30479,2024-09-29,1452.0,PRD-103,EG,10,1080.31,772
INV-2024-86382,2024-06-04,1348.0,PRD-108,AE,8,2311.9,1680
INV-2024-92067,2025-12-17,1180.0,PRD-110,EG,2,1801.15,1321
INV-2024-70393,2024-12-03,1373.0,PRD-149,AE,4,415.15,338
INV-2024-92706,2025-02-04,1250.0,PRD-140,EG,8,455.17,359
INV-2024-53371,2025-08-11,1039.0,PRD-154,SA,2,1085.08,790
INV-2024-97154,2024-01-04,1352.0,PRD-145,JO,4,745.82,521
INV-2024-23871,2025-06-11,1397.0,PRD-165,SA,5,305.19,237
INV-2024-90290,2025-12-25,1223.0,PRD-103,SA,3,1647.93,1171
INV-2024-25987,2025-05-17,1165.0,PRD-112,SA,7,1009.8,864
INV-2024-17361,2025-05-04,1014.0,PRD-125,EG,10,1339.99,1145
INV-2024-28181,2025-03-22,1328.0,PRD-111,EG,9,609.86,491
INV-2024-36151,2025/02/17,,PRD-126,JO,10,606.23,469
INV-2024-20637,2024-03-12,1223.0,PRD-142,AE,9,243.66,175
INV-2024-34323,2025-07-07,1227.0,PRD-164,SA,10,1969.13,1338
INV-2024-22019,2024-08-19,1146.0,PRD-132,EG,8,433.6,346
INV-2024-22004,2024-01-04,1049.0,PRD-134,EG,7,1284.39,999
INV-2024-10503,2025-01-28,1410.0,PRD-113,EG,9,1488.41,1055
INV-2024-66750,2025-12-06,1011.0,PRD-131,SA,10,1103.85,883
INV-2024-99863,2025-05-08,1067.0,PRD-139,AE,10,1660.91,1361
INV-2024-40549,2024-05-04,1271.0,PRD-151,SA,4,1937.46,1543
INV-2024-37553,2025-08-03,1013.0,PRD-162,AE,10,2256.3,1522
INV-2024-16553,2025-07-02,1299.0,PRD-123,EG,6,341.17,263
INV-2024-20408,2025-01-02,1287.0,PRD-122,EG,10,177.51,132
INV-2024-60711,2024-12-07,1136.0,PRD-145,EG,9,2007.11,1667
INV-2024-51996,2025-11-29,1225.0,PRD-118,SA,8,2327.92,1905
INV-2024-91979,2024-11-06,1442.0,PRD-114,EG,3,987.33,741
INV-2024-79380,2025/02/14,1344.0,PRD-117,JO,9,2515.21,1916
INV-2024-35249,2024-02-26,1115.0,PRD-152,EG,5,79.34,64
INV-2024-72396,2025-10-09,1319.0,PRD-114,JO,8,2572.88,1825
INV-2024-35860,2025-10-24,1472.0,PRD-134,SA,8,1169.1,921
INV-2024-74920,2024-04-02,1436.0,PRD-124,JO,3,865.81,671
INV-2024-89358,2025-01-09,1265.0,PRD-152,SA,6,2798.36,1975
INV-2024-34387,2025-07-01,1304.0,PRD-153,JO,3,244.93,186
INV-2024-71500,2024-12-14,1237.0,PRD-110,EG,2,711.71,556
INV-2024-47757,2024-03-23,1323.0,PRD-119,AE,9,832.17,658
INV-2024-98625,2025-04-15,1015.0,PRD-159,JO,6,87.61,64
INV-2024-87569,23-Oct-2024,1413.0,PRD-146,EG,8,808.42,582
INV-2024-18030,2025-10-25,1249.0,PRD-106,EG,7,1144.74,909
INV-2024-68001,2024-07-26,1266.0,PRD-159,SA,5,350.28,285
INV-2024-34238,2024-06-29,1061.0,PRD-132,JO,3,1281.66,984
INV-2024-76530,2025-07-21,1275.0,PRD-164,SA,4,575.19,452
INV-2024-10827,2024/02/10,1277.0,PRD-137,SA,3,1991.81,1354
INV-2024-20427,2025-01-28,1472.0,PRD-117,EG,5,945.95,792
INV-2024-33049,2025-11-07,1199.0,PRD-116,EG,1,1712.34,1408
INV-2024-35915,2024-07-14,1414.0,PRD-147,AE,4,811.24,683
INV-2024-44506,2024-11-02,1359.0,PRD-155,EG,6,888.01,687
INV-2024-28860,2025-12-13,1051.0,PRD-134,SA,2,1942.62,1370
INV-2024-81040,2025-02-03,1017.0,PRD-114,JO,2,899.35,649
INV-2024-85423,2024-04-19,1443.0,PRD-160,EG,4,1667.04,1213
INV-2024-34817,2025-10-07,1323.0,PRD-111,SA,3,2360.49,1746
INV-2024-26254,2025-12-06,1482.0,PRD-131,EG,6,1378.73,1114
INV-2024-19932,2025-01-02,,PRD-102,SA,2,425.93,325
INV-2024-34667,2025-05-13,1070.0,PRD-110,EG,8,1467.94,1053
INV-2024-34516,2024-03-27,1198.0,PRD-142,AE,9,903.85,742
INV-2024-52127,2025-10-09,1427.0,PRD-101,EG,10,341.55,246
INV-2024-39847,2025-03-24,1139.0,PRD-137,SA,8,1787.19,1217
INV-2024-31289,2024/07/13,1008.0,PRD-133,SA,9,74.52,54
INV-2024-61729,2024-05-23,1407.0,PRD-104,EG,9,1783.78,1268
INV-2024-93269,2024-02-06,1290.0,PRD-122,AE,1,2342.85,1815
INV-2024-87635,2024-07-16,1310.0,PRD-113,EG,10,2075.88,1614
INV-2024-48891,2024-01-26,1017.0,PRD-138,SA,3,1983.91,1472
INV-2024-88846,30-Aug-2025,1216.0,PRD-160,EG,5,846.8,709
INV-2024-64038,2024-09-01,1328.0,PRD-154,SA,6,1551.8,1186
INV-2024-76408,2025-05-15,1269.0,PRD-117,EG,1,2359.99,1952
INV-2024-93964,2025-02-02,1164.0,PRD-150,SA,7,621.15,415
INV-2024-47408,2024-03-05,1007.0,PRD-106,EG,9,84.33,66
INV-2024-38607,2025-07-07,1343.0,PRD-104,AE,2,2423.86,1817
INV-2024-65905,2025-10-20,1004.0,PRD-102,EG,4,57.51,50
INV-2024-42892,2024-11-11,1234.0,PRD-125,AE,9,488.18,364
INV-2024-55188,2025-05-26,1444.0,PRD-151,AE,9,2051.62,1557
INV-2024-41558,2025-06-30,1403.0,PRD-121,EG,3,226.06,154
INV-2024-79540,2025/04/05,1006.0,PRD-125,SA,8,227.27,194
INV-2024-10915,2024-01-17,1461.0,PRD-109,EG,7,1716.69,1219
INV-2024-95831,2024-02-07,1105.0,PRD-122,EG,10,1291.44,1007
INV-2024-99591,2024-12-13,1086.0,PRD-151,AE,2,995.35,800
INV-2024-42986,2024-02-27,1436.0,PRD-145,SA,2,1847.6,1234
INV-2024-46890,2024-12-11,1229.0,PRD-108,SA,1,2513.57,1767
INV-2024-31137,2024-02-13,1233.0,PRD-117,EG,3,1822.99,1319
INV-2024-18474,2025-02-19,1435.0,PRD-140,EG,3,1891.79,1406
INV-2024-18076,2024-05-01,1171.0,PRD-128,EG,9,2351.86,1624
INV-2024-18229,2024-08-04,1299.0,PRD-140,AE,3,2173.48,1490
INV-2024-74739,2025-10-31,1287.0,PRD-126,SA,10,2384.01,1629
INV-2024-55118,2025-11-14,1331.0,PRD-163,AE,5,1656.23,1311
INV-2024-17917,2025-06-19,1028.0,PRD-112,EG,10,479.94,338
INV-2024-91244,2025-04-14,1482.0,PRD-130,EG,4,1003.83,786
INV-2024-66373,2025-11-25,1179.0,PRD-165,EG,8,2650.53,1781
INV-2024-20479,2025/07/03,1135.0,PRD-129,EG,7,1704.59,1391
INV-2024-98347,2024-06-01,1455.0,PRD-113,EG,7,299.88,217
INV-2024-68449,2025-08-16,1180.0,PRD-104,AE,6,2572.95,1914
INV-2024-11572,2024-08-26,1107.0,PRD-147,AE,1,2030.2,1479
INV-2024-98408,2024-03-14,1045.0,PRD-153,SA,5,2063.38,1523
INV-2024-21564,2024-02-07,,PRD-108,SA,10,772.72,659
INV-2024-51733,2024-05-24,1290.0,PRD-160,EG,6,1841.62,1334
INV-2024-87088,2025-05-15,1096.0,PRD-106,AE,8,1807.54,1270
INV-2024-57379,2025-10-31,1141.0,PRD-113,EG,6,2225.92,1792
INV-2024-99270,2024-01-20,1415.0,PRD-111,JO,2,1781.48,1201
INV-2024-89364,2025-04-27,1243.0,PRD-116,SA,3,1373.88,1101
INV-2024-98892,2025-09-25,1275.0,PRD-139,EG,8,817.32,603
INV-2024-18634,2024-02-16,1431.0,PRD-106,JO,1,1788.5,1230
INV-2024-84606,2024-09-05,1095.0,PRD-154,EG,9,2726.37,1916
INV-2024-44398,2025-12-19,1178.0,PRD-151,SA,9,2049.2,1770
INV-2024-51820,2025/10/26,1337.0,PRD-164,SA,3,133.91,93
INV-2024-69085,2024-05-13,1183.0,PRD-103,EG,8,1958.04,1692
INV-2024-56938,2024-01-15,1147.0,PRD-164,SA,4,2223.44,1611
INV-2024-72973,2024-06-25,1229.0,PRD-142,SA,6,1746.84,1454
INV-2024-58554,2025-10-09,1170.0,PRD-117,AE,6,2532.86,1727
INV-2024-75496,2024-02-21,1448.0,PRD-148,EG,7,1244.31,1074
INV-2024-49353,2024-11-10,1218.0,PRD-135,JO,10,1780.46,1542
INV-2024-74105,2024-04-09,1174.0,PRD-114,EG,9,330.93,277
INV-2024-51087,2025-04-12,1195.0,PRD-128,EG,3,850.35,609
INV-2024-81554,2025-09-17,1318.0,PRD-138,EG,5,2185.95,1657
INV-2024-34941,23-Jun-2024,1003.0,PRD-105,EG,3,2434.73,1916
INV-2024-39899,2025-08-28,1202.0,PRD-106,EG,8,2278.62,1901
INV-2024-86969,2024-03-06,1400.0,PRD-135,JO,7,209.23,153
INV-2024-32354,2024-04-18,1415.0,PRD-147,EG,8,1927.95,1461
INV-2024-15596,2024-04-26,1429.0,PRD-121,EG,5,1502.2,1140
INV-2024-56254,2025/05/24,1235.0,PRD-137,EG,7,811.43,547
INV-2024-63704,2025-09-01,1484.0,PRD-107,AE,9,614.33,485
INV-2024-70941,2025-09-22,1343.0,PRD-117,AE,9,1491.07,1285
INV-2024-70508,2024-08-13,1440.0,PRD-113,EG,1,175.08,125
INV-2024-52515,2024-03-05,1128.0,PRD-154,EG,5,1785.68,1362
INV-2024-62853,2024-07-26,1259.0,PRD-111,EG,1,2148.2,1729
INV-2024-70768,2025-03-12,1024.0,PRD-118,EG,3,451.94,371
INV-2024-70868,2024-12-11,1400.0,PRD-141,EG,10,1494.34,1026
INV-2024-69267,2025-11-25,1128.0,PRD-159,SA,4,2361.64,1641
INV-2024-30012,2025-02-15,1477.0,PRD-124,EG,9,2356.69,1788
INV-2024-28623,2024-11-28,1491.0,PRD-145,SA,8,1105.49,787
INV-2024-60536,2024-05-03,1072.0,PRD-145,EG,6,1413.89,1092
INV-2024-64997,2025-12-01,1482.0,PRD-142,JO,7,2470.85,1845
INV-2024-13208,2025-08-12,1372.0,PRD-104,JO,7,2068.17,1610
INV-2024-28275,2025-07-12,1245.0,PRD-165,SA,9,542.44,393
INV-2024-51513,2024/05/20,,PRD-140,EG,9,1210.45,1018
INV-2024-59998,2024-11-25,1027.0,PRD-106,EG,1,519.51,409
INV-2024-92862,2024-08-06,1208.0,PRD-134,SA,5,1080.89,747
INV-2024-29580,2024-02-16,1147.0,PRD-131,AE,8,1757.47,1323
INV-2024-62352,2025-08-30,1300.0,PRD-118,SA,5,1849.97,1351
INV-2024-57934,26-Jun-2024,1148.0,PRD-137,AE,8,77.52,62
INV-2024-11828,2024-12-09,1353.0,PRD-116,JO,5,942.65,811
INV-2024-66935,2024-03-05,1109.0,PRD-150,EG,4,1207.2,1037
INV-2024-96739,2024-05-03,1333.0,PRD-143,SA,2,2106.68,1796
INV-2024-32646,2024-10-07,1303.0,PRD-114,EG,7,1641.69,1377
INV-2024-29796,2024-05-24,1439.0,PRD-157,EG,6,1899.96,1391
INV-2024-87717,2025-03-01,1289.0,PRD-142,SA,5,465.55,384
INV-2024-34105,2024-06-21,1341.0,PRD-114,EG,4,808.61,554
INV-2024-38441,2025-12-14,1148.0,PRD-120,AE,2,1814.04,1311
INV-2024-22431,2025-01-13,1434.0,PRD-159,EG,8,1796.71,1522
INV-2024-12148,2025/07/20,1441.0,PRD-101,SA,2,2104.43,1511
INV-2024-61287,2024-06-17,1357.0,PRD-157,SA,8,965.98,653
INV-2024-71903,2025-03-25,1195.0,PRD-125,SA,1,2172.96,1749
INV-2024-29647,2024-09-06,1444.0,PRD-101,EG,10,1410.48,1114
INV-2024-45506,2025-08-18,1225.0,PRD-120,AE,2,709.88,578
INV-2024-54212,2024-02-11,1294.0,PRD-154,SA,5,1254.61,1013
INV-2024-35920,2024-05-16,1497.0,PRD-127,SA,5,2158.86,1638
INV-2024-12841,2024-04-12,1367.0,PRD-128,EG,9,1066.56,905
INV-2024-75185,2025-10-09,1359.0,PRD-112,SA,9,1861.27,1412
INV-2024-61410,2025-09-19,1197.0,PRD-159,AE,5,1940.27,1539
INV-2024-30750,2025-01-20,1277.0,PRD-108,SA,5,514.98,437
INV-2024-49783,2024-06-10,1325.0,PRD-154,AE,6,536.32,382
INV-2024-82001,2024-01-17,1429.0,PRD-158,SA,10,1810.32,1557
INV-2024-46394,2025-05-13,1441.0,PRD-104,EG,6,616.43,446
INV-2024-39850,2024-03-23,1215.0,PRD-118,EG,1,1019.29,808
INV-2024-34896,2024/01/07,1154.0,PRD-163,EG,1,493.03,336
INV-2024-73771,2024-01-08,1475.0,PRD-139,SA,6,1690.27,1322
INV-2024-89537,2024-07-02,1217.0,PRD-157,AE,10,905.68,707
INV-2024-75422,2024-04-01,1328.0,PRD-113,EG,3,1198.82,901
INV-2024-66735,2025-12-24,1018.0,PRD-130,SA,8,1371.66,1111
INV-2024-67030,2025-10-29,1056.0,PRD-127,SA,9,2049.57,1473
INV-2024-30948,2025-08-30,1298.0,PRD-145,SA,5,330.29,273
INV-2024-73876,2024-10-17,1392.0,PRD-131,EG,5,976.27,721
INV-2024-97266,2025-03-02,1104.0,PRD-123,EG,3,2187.81,1710
INV-2024-17832,2025-12-11,1494.0,PRD-108,EG,3,815.12,641
INV-2024-56316,2025-05-02,,PRD-164,EG,2,2077.71,1618
INV-2024-23895,2025-12-09,1416.0,PRD-123,EG,8,854.85,602
INV-2024-18769,2024-05-09,1053.0,PRD-143,EG,5,1518.7,1272
INV-2024-52373,2024-07-30,1103.0,PRD-153,SA,3,1485.99,1065
INV-2024-72482,2024-05-26,1106.0,PRD-120,EG,2,1240.99,1001
INV-2024-89667,2025/10/17,1067.0,PRD-105,JO,9,1848.66,1572
INV-2024-47921,2024-10-04,1002.0,PRD-149,EG,8,1039.26,844
INV-2024-28543,2025-06-19,1141.0,PRD-138,EG,4,592.77,475
INV-2024-40821,2025-04-06,1002.0,PRD-154,EG,3,2069.88,1380
INV-2024-77995,2025-02-25,1497.0,PRD-149,EG,4,776.19,553
INV-2024-74779,2024-09-01,1143.0,PRD-151,AE,2,1941.98,1504
INV-2024-38364,2024-06-27,1304.0,PRD-123,EG,9,2085.2,1409
INV-2024-64571,2025-09-17,1416.0,PRD-105,JO,3,874.41,727
INV-2024-74291,2025-12-09,1370.0,PRD-147,AE,2,832.38,600
INV-2024-11699,2024-02-08,1485.0,PRD-130,SA,6,2618.21,1799
INV-2024-50371,02-Sep-2025,1067.0,PRD-161,SA,4,1821.24,1419
INV-2024-92773,2024-07-03,1188.0,PRD-165,SA,1,827.89,589
INV-2024-30788,2025-05-26,1275.0,PRD-140,EG,6,510.53,397
INV-2024-54378,2025-09-18,1421.0,PRD-119,SA,4,916.66,733
INV-2024-92635,2024-03-31,1079.0,PRD-161,EG,3,668.4,575
INV-2024-50712,2025/10/04,1475.0,PRD-141,EG,6,2430.29,1694
INV-2024-99660,2024-11-04,1024.0,PRD-131,SA,7,2214.93,1882
INV-2024-91065,2024-12-22,1116.0,PRD-115,SA,10,96.73,84
INV-2024-66229,2025-03-04,1336.0,PRD-147,AE,9,2612.74,1919
INV-2024-90167,2024-01-05,1187.0,PRD-161,EG,3,562.19,452
INV-2024-25970,2025-07-25,1252.0,PRD-165,AE,1,2036.66,1590
INV-2024-88527,2024-08-29,1113.0,PRD-129,EG,6,1184.52,799
INV-2024-26964,2024-07-15,1123.0,PRD-152,EG,9,1097.43,809
INV-2024-79420,2024-04-30,1270.0,PRD-109,EG,3,1475.81,1189
INV-2024-46948,2025-06-26,1314.0,PRD-127,SA,10,2141.76,1643
INV-2024-54708,2024-04-07,1297.0,PRD-150,EG,9,158.48,136
INV-2024-58936,2025-09-25,1367.0,PRD-145,SA,6,1468.95,1050
INV-2024-26794,2025-01-05,1423.0,PRD-127,AE,4,2544.54,1908
INV-2024-58439,2025-07-06,1320.0,PRD-159,SA,3,1207.31,881
INV-2024-84098,2025-06-03,1296.0,PRD-101,SA,5,87.95,70
INV-2024-72065,2024/08/12,1453.0,PRD-159,AE,6,122.15,103
INV-2024-18273,2025-04-20,1008.0,PRD-141,AE,6,1240.69,894
INV-2024-12321,2025-10-03,1178.0,PRD-151,SA,6,1502.32,1106
INV-2024-68599,2025-11-06,1331.0,PRD-105,EG,7,950.76,711
INV-2024-58497,2024-08-01,1445.0,PRD-151,AE,10,1550.21,1067
INV-2024-64657,10-Oct-2024,,PRD-118,SA,4,495.52,396
INV-2024-42258,2024-02-24,1130.0,PRD-106,EG,4,101.92,87
INV-2024-37453,2024-07-17,1354.0,PRD-131,EG,2,1453.79,1225
INV-2024-52755,2024-04-25,1424.0,PRD-105,AE,7,2419.74,1796
INV-2024-40597,2024-06-01,1379.0,PRD-113,EG,4,1176.35,831
INV-2024-50964,2025-12-02,1303.0,PRD-144,JO,2,2229.98,1610
INV-2024-93082,2025-04-30,1433.0,PRD-112,EG,5,1827.4,1521
INV-2024-72414,2025-05-24,1500.0,PRD-107,AE,3,1509.73,1171
INV-2024-46769,2024-06-29,1418.0,PRD-118,EG,3,592.96,492
INV-2024-82744,2024-06-12,1348.0,PRD-153,SA,2,692.72,602
INV-2024-54663,2025/11/17,1326.0,PRD-117,AE,5,2472.71,1954
INV-2024-85657,2024-02-14,1075.0,PRD-118,SA,5,2120.02,1561
INV-2024-53392,2024-02-25,1148.0,PRD-122,SA,4,114.19,95
INV-2024-35477,2025-10-22,1397.0,PRD-117,EG,1,92.76,80
INV-2024-26663,2025-01-07,1067.0,PRD-125,EG,8,1667.62,1128
INV-2024-52183,2024-10-18,1279.0,PRD-122,EG,3,818.03,592
INV-2024-92926,2024-08-02,1032.0,PRD-143,SA,10,2327.44,1762
INV-2024-85009,2025-03-21,1366.0,PRD-113,EG,4,906.94,737
INV-2024-40005,2024-09-14,1310.0,PRD-121,EG,6,987.17,829
INV-2024-87704,2024-12-08,1211.0,PRD-163,SA,3,1566.54,1255
INV-2024-89873,2025-09-23,1209.0,PRD-136,SA,8,2163.25,1688
INV-2024-41066,2025-04-09,1461.0,PRD-108,AE,9,2370.83,1593
INV-2024-42649,2024-02-14,1235.0,PRD-159,EG,10,2505.5,1962
INV-2024-74040,2024-04-16,1036.0,PRD-149,EG,5,76.56,57
INV-2024-83832,2024-02-23,1329.0,PRD-101,JO,8,178.04,131
INV-2024-71571,2025/07/04,1126.0,PRD-151,EG,4,959.88,821
INV-2024-12542,2024-06-29,1486.0,PRD-163,AE,4,2281.62,1913
INV-2024-51085,2024-06-10,1217.0,PRD-143,AE,8,2482.64,1769
INV-2024-76972,2024-01-30,1036.0,PRD-154,AE,8,2328.25,1577
INV-2024-22528,2025-05-11,1220.0,PRD-126,EG,3,1504.79,1253
INV-2024-60350,2025-06-11,1416.0,PRD-142,AE,10,1902.63,1419
INV-2024-29445,2024-04-28,1363.0,PRD-161,AE,8,2384.07,1821
INV-2024-91737,2024-03-13,1354.0,PRD-124,SA,5,662.11,447
INV-2024-52159,2024-08-28,1033.0,PRD-120,EG,5,1129.63,935
INV-2024-20657,2025-03-31,1085.0,PRD-121,EG,3,559.87,378
INV-2024-79367,2025-08-29,1101.0,PRD-129,EG,9,2174.9,1526
INV-2024-74348,2025-08-16,1257.0,PRD-126,SA,6,576.49,411
INV-2024-70645,2024-11-29,1173.0,PRD-128,SA,10,137.46,107
INV-2024-88983,2025-03-05,1349.0,PRD-163,EG,1,2204.55,1629
INV-2024-44866,2024-07-22,1471.0,PRD-138,SA,1,2588.91,1847
INV-2024-18772,2025/11/24,,PRD-113,EG,5,244.44,202
INV-2024-68914,2024-11-29,1474.0,PRD-144,SA,3,581.98,429
INV-2024-61062,2024-08-23,1129.0,PRD-120,JO,6,1101.4,844
INV-2024-35320,2024-04-22,1268.0,PRD-104,EG,10,677.03,501
INV-2024-46203,2024-11-29,1464.0,PRD-130,EG,6,149.74,120
INV-2024-28754,2024-08-21,1356.0,PRD-121,EG,10,1782.96,1466
INV-2024-57681,2024-04-10,1143.0,PRD-159,SA,2,1135.76,771
INV-2024-17736,2024-08-30,1284.0,PRD-144,AE,4,663.83,474
INV-2024-72094,2025-02-26,1261.0,PRD-158,JO,10,1136.3,797
INV-2024-42320,2024-07-23,1375.0,PRD-111,EG,10,119.3,94
INV-2024-39272,19-Jan-2025,1297.0,PRD-105,JO,5,1004.48,746
INV-2024-92977,2024-08-13,1293.0,PRD-147,EG,6,227.1,171
INV-2024-10400,2024-03-16,1177.0,PRD-124,SA,8,385.83,314
INV-2024-52888,2025-04-27,1008.0,PRD-125,EG,1,1194.18,1037
INV-2024-56683,2025-08-22,1448.0,PRD-154,AE,2,1551.28,1191
INV-2024-91350,2025/05/11,1258.0,PRD-139,SA,5,1188.51,856
INV-2024-73249,2024-02-25,1239.0,PRD-137,SA,6,555.58,394
INV-2024-83646,2025-03-22,1138.0,PRD-113,AE,9,790.44,561
INV-2024-29152,2024-05-28,1446.0,PRD-149,EG,6,180.18,134
INV-2024-45750,2024-08-09,1293.0,PRD-149,EG,3,2036.68,1411
INV-2024-51947,2025-09-16,1433.0,PRD-159,AE,1,1910.09,1578
INV-2024-73530,2025-04-10,1347.0,PRD-117,EG,6,2423.47,1694
INV-2024-51178,2024-07-01,1457.0,PRD-134,EG,2,1997.02,1680
INV-2024-89268,2025-01-31,1457.0,PRD-108,SA,6,1094.48,777
INV-2024-80295,2025-01-17,1335.0,PRD-123,SA,5,235.2,196
INV-2024-36222,2024-05-19,1229.0,PRD-153,EG,7,2593.19,1885
INV-2024-94651,2025-04-13,1403.0,PRD-104,EG,10,2167.54,1744
INV-2024-34667,2024-07-17,1379.0,PRD-107,EG,6,1567.04,1214
INV-2024-88326,2025-10-09,1019.0,PRD-162,SA,4,597.31,460
INV-2024-89309,2025-01-02,1088.0,PRD-135,AE,5,2516.93,1775
INV-2024-25776,2024/10/03,1367.0,PRD-126,JO,3,127.46,98
INV-2024-48747,2024-07-26,1436.0,PRD-135,SA,4,502.94,337
INV-2024-17938,2024-12-09,1152.0,PRD-109,EG,4,961.07,661
INV-2024-35551,2024-05-10,1245.0,PRD-127,JO,2,910.12,757
INV-2024-78616,2024-02-02,1098.0,PRD-135,SA,2,188.1,138
INV-2024-76077,09-Dec-2025,1347.0,PRD-143,EG,7,1412.21,1142
INV-2024-47022,2025-08-05,1317.0,PRD-104,JO,6,762.54,543
INV-2024-42535,2024-03-02,1383.0,PRD-110,AE,3,574.84,384
INV-2024-59284,2024-10-14,1378.0,PRD-121,AE,7,832.13,614
INV-2024-65442,2024-05-19,1225.0,PRD-137,AE,9,1170.44,999
INV-2024-11430,2024-04-23,,PRD-157,EG,7,804.12,644
INV-2024-49082,2025-04-21,1212.0,PRD-165,EG,4,164.17,125
INV-2024-44208,2025-04-14,1236.0,PRD-104,SA,9,298.3,212
INV-2024-36770,2025-03-04,1376.0,PRD-109,EG,1,326.87,273
INV-2024-28882,2024-06-24,1269.0,PRD-138,SA,1,1043.84,811
INV-2024-48810,2024/12/17,1483.0,PRD-139,AE,3,313.99,264
INV-2024-13313,2024-08-13,1158.0,PRD-162,AE,10,1604.64,1387
INV-2024-13777,2024-10-29,1132.0,PRD-136,SA,10,276.35,192
INV-2024-95411,2025-09-10,1225.0,PRD-108,AE,3,1801.63,1480
INV-2024-94408,2024-06-09,1375.0,PRD-110,AE,5,2603.2,1929
INV-2024-65236,2025-10-15,1146.0,PRD-104,SA,10,1565.18,1280
INV-2024-20316,2025-09-18,1149.0,PRD-154,EG,1,2321.39,1868
INV-2024-58317,2024-06-23,1038.0,PRD-117,EG,1,1150.07,988
INV-2024-70940,2025-08-14,1351.0,PRD-136,EG,4,235.53,203
INV-2024-29348,2025-07-20,1190.0,PRD-145,EG,1,583.34,494
INV-2024-68547,2024-08-23,1282.0,PRD-159,EG,6,165.82,129
INV-2024-92036,2024-03-29,1395.0,PRD-102,EG,7,1430.29,961
INV-2024-60072,2025-02-25,1332.0,PRD-146,SA,2,710.79,597
INV-2024-82779,2025-06-18,1177.0,PRD-130,JO,2,942.5,730
INV-2024-30575,2025-05-15,1062.0,PRD-145,EG,5,1821.59,1523
INV-2024-87836,2024/08/09,1243.0,PRD-159,AE,1,1750.33,1453
INV-2024-68214,2025-08-28,1399.0,PRD-144,SA,4,1485.21,1155
INV-2024-51168,2025-04-29,1494.0,PRD-114,EG,6,357.34,300
INV-2024-24122,2025-04-18,1090.0,PRD-156,JO,8,2109.31,1782
INV-2024-45855,2024-10-12,1385.0,PRD-127,SA,6,1597.34,1312
INV-2024-69761,2024-01-15,1019.0,PRD-115,EG,7,364.77,265
INV-2024-46169,2025-03-14,1494.0,PRD-154,AE,6,97.35,71
INV-2024-35923,2024-09-09,1096.0,PRD-164,EG,6,933.76,762
INV-2024-89500,2024-09-10,1255.0,PRD-105,SA,4,1569.24,1072
INV-2024-69419,2024-12-01,1075.0,PRD-124,EG,1,1138.32,948
INV-2024-47324,2025-03-20,1280.0,PRD-105,AE,5,1014.4,707
INV-2024-31351,2025-08-16,1154.0,PRD-123,SA,1,1561.43,1173
INV-2024-86871,2024-08-15,1379.0,PRD-105,SA,10,1284.81,927
INV-2024-26847,2025-08-28,1163.0,PRD-117,EG,4,2111.95,1714
INV-2024-52310,2024-06-01,1051.0,PRD-105,SA,1,2861.45,1939
INV-2024-12222,2025/08/10,1401.0,PRD-131,AE,2,2554.99,1756
INV-2024-26241,2024-01-06,1484.0,PRD-113,SA,5,1910.46,1632
INV-2024-16871,2025-03-03,1059.0,PRD-165,SA,3,2465.41,1759
INV-2024-52799,2024-02-15,1483.0,PRD-158,SA,2,2263.74,1670
INV-2024-82427,2024-02-11,1265.0,PRD-124,AE,9,1400.86,966
INV-2024-72534,2025-04-26,,PRD-140,SA,2,1029.29,736
INV-2024-58342,2025-05-31,1319.0,PRD-133,AE,3,2152.77,1689
INV-2024-28579,2024-02-04,1153.0,PRD-125,AE,6,2017.28,1731
INV-2024-51322,2025-03-11,1219.0,PRD-152,SA,5,1658.79,1370
INV-2024-59155,2025-06-27,1273.0,PRD-132,EG,7,1806.57,1330
INV-2024-82106,07-Feb-2025,1431.0,PRD-151,SA,7,2346.47,1881
INV-2024-13337,2025-05-05,1450.0,PRD-109,AE,2,159.64,126
INV-2024-92429,2025-12-14,1290.0,PRD-122,EG,3,2158.24,1481
INV-2024-66919,2024-04-10,1420.0,PRD-119,SA,5,505.49,437
INV-2024-94715,2025-04-08,1253.0,PRD-155,AE,8,1460.4,1069
INV-2024-52452,2025/05/22,1340.0,PRD-130,EG,7,1286.98,982
INV-2024-61843,2024-09-03,1006.0,PRD-109,SA,8,74.41,56
INV-2024-33330,2024-03-26,1129.0,PRD-118,EG,1,1472.46,1080
INV-2024-52809,2025-07-25,1325.0,PRD-129,EG,6,308.12,220
INV-2024-90357,2024-01-13,1098.0,PRD-129,AE,2,1017.13,777
INV-2024-14526,2025-12-10,1029.0,PRD-123,EG,9,580.37,419
INV-2024-94360,2025-02-20,1198.0,PRD-156,EG,2,2443.47,1747
INV-2024-47081,2024-08-11,1009.0,PRD-121,AE,2,1385.94,963
INV-2024-52469,2024-05-15,1302.0,PRD-120,EG,6,1848.43,1552
INV-2024-84136,2025-01-02,1196.0,PRD-118,JO,7,245.04,168
INV-2024-84518,2024-10-29,1487.0,PRD-154,JO,10,1302.15,916
INV-2024-15161,2024-09-01,1436.0,PRD-112,EG,1,1475.09,1185
INV-2024-77070,2025-10-25,1320.0,PRD-131,EG,1,2117.61,1570
INV-2024-17321,2024-04-02,1201.0,PRD-162,AE,8,697.64,493
INV-2024-27284,2024-01-17,1397.0,PRD-103,SA,9,1111.91,904
INV-2024-75100,2025/05/06,1112.0,PRD-127,EG,10,1747.24,1269
INV-2024-18372,2025-11-16,1023.0,PRD-145,AE,7,1186.41,850
INV-2024-18899,2024-11-08,1220.0,PRD-164,EG,1,2341.81,1672
INV-2024-28338,2024-06-14,1011.0,PRD-146,AE,9,1590.53,1372
INV-2024-29866,2025-12-21,1174.0,PRD-105,EG,1,1962.64,1440
INV-2024-23402,15-Apr-2025,1023.0,PRD-128,EG,7,1820.36,1331
INV-2024-78521,2025-08-07,1025.0,PRD-147,EG,10,2134.74,1609
INV-2024-31414,2025-08-20,1180.0,PRD-105,JO,6,2439.15,1875
INV-2024-40803,2024-01-25,1160.0,PRD-138,SA,2,1685.89,1248
INV-2024-22040,2025-04-10,1397.0,PRD-137,AE,2,2123.61,1778
INV-2024-57227,2025-04-19,1214.0,PRD-128,EG,2,995.33,853
INV-2024-56803,2024-05-21,1358.0,PRD-102,EG,3,1744.44,1271
INV-2024-54323,2025-12-21,1226.0,PRD-106,EG,7,322.12,238
INV-2024-20637,2025-02-19,1057.0,PRD-165,SA,5,1895.66,1301
INV-2024-64085,2024-07-08,1212.0,PRD-127,SA,8,1388.82,1118
INV-2024-55032,2025/01/14,,PRD-102,SA,3,2613.82,1765
INV-2024-19119,2025-10-03,1227.0,PRD-158,EG,5,1735.85,1204
INV-2024-74547,2025-04-20,1499.0,PRD-112,JO,2,2134.16,1620
INV-2024-62502,2025-12-21,1171.0,PRD-157,EG,6,144.45,97
INV-2024-81448,2025-10-10,1143.0,PRD-106,JO,4,2302.99,1741
INV-2024-18146,2024-01-02,1378.0,PRD-126,EG,2,1048.63,730
INV-2024-78770,2025-10-04,1331.0,PRD-146,SA,3,2277.49,1879
INV-2024-64572,2024-03-13,1027.0,PRD-142,EG,9,801.04,557
INV-2024-94124,2025-01-29,1019.0,PRD-151,SA,4,2693.37,1989
INV-2024-61903,2025-12-08,1218.0,PRD-128,SA,8,868.43,646
INV-2024-30314,2024-12-06,1436.0,PRD-157,SA,6,2392.69,1857
INV-2024-81840,2025-06-27,1437.0,PRD-148,SA,4,2329.31,1631
INV-2024-21727,2024-02-03,1455.0,PRD-110,AE,6,692.23,558
INV-2024-37165,2024-10-30,1146.0,PRD-164,SA,4,1883.08,1275
INV-2024-68785,2025-03-12,1001.0,PRD-164,AE,9,319.38,264
INV-2024-30848,2024/10/03,1280.0,PRD-159,EG,1,2318.65,1611
INV-2024-25105,2025-12-15,1107.0,PRD-104,SA,8,1364.23,1155
INV-2024-44177,2025-09-19,1060.0,PRD-101,SA,1,768.27,560
INV-2024-39805,2025-07-09,1258.0,PRD-101,EG,3,2201.04,1784
INV-2024-41360,2025-08-12,1417.0,PRD-113,SA,7,93.77,69
INV-2024-17407,2024-07-31,1296.0,PRD-104,EG,8,1005.41,761
INV-2024-94509,2025-12-02,1059.0,PRD-146,EG,7,1021.47,866
INV-2024-99590,2024-03-23,1256.0,PRD-103,EG,7,734.2,583
INV-2024-83096,2025-09-27,1144.0,PRD-107,EG,4,2245.0,1655
INV-2024-13175,2024-12-09,1368.0,PRD-152,SA,2,1394.9,939
INV-2024-16879,2024-02-26,1065.0,PRD-119,SA,3,1397.0,1004
INV-2024-94266,2025-06-11,1068.0,PRD-157,JO,7,305.32,264
INV-2024-39559,2025-11-21,1400.0,PRD-135,AE,1,555.77,396
INV-2024-72743,2025-01-07,1382.0,PRD-103,EG,3,1544.06,1121
INV-2024-15556,2024-02-22,1183.0,PRD-153,AE,6,1496.08,1247
INV-2024-15528,2024/04/23,1363.0,PRD-112,AE,9,1580.0,1253
INV-2024-38704,2025-01-27,1414.0,PRD-165,SA,7,2350.13,1899
INV-2024-40495,2025-01-09,1436.0,PRD-128,SA,4,1922.39,1419
INV-2024-30005,2025-04-21,1181.0,PRD-136,JO,4,2513.39,1845
INV-2024-28045,2025-09-25,1273.0,PRD-109,SA,1,504.98,410
INV-2024-75612,2024-02-11,1285.0,PRD-138,JO,8,1049.75,890
INV-2024-51872,2025-01-09,1156.0,PRD-139,EG,5,714.33,508
INV-2024-52329,2025-01-10,1343.0,PRD-129,EG,8,2340.41,1901
INV-2024-60793,2024-06-28,1318.0,PRD-105,SA,1,1389.25,1098
INV-2024-93142,2025-10-25,1115.0,PRD-144,SA,8,1614.1,1284
INV-2024-97852,26-Jul-2025,,PRD-151,AE,4,352.45,264
INV-2024-61879,2025-12-22,1335.0,PRD-128,JO,5,584.64,418
INV-2024-12523,2024-03-09,1007.0,PRD-103,EG,3,936.02,634
INV-2024-76879,2025-07-28,1329.0,PRD-122,EG,8,1699.58,1150
INV-2024-47963,2025-12-27,1081.0,PRD-144,AE,4,843.54,654
INV-2024-74517,2024/07/28,1163.0,PRD-111,SA,2,2485.3,1666
INV-2024-13081,2024-05-21,1058.0,PRD-121,EG,7,1364.73,1057
INV-2024-97771,2024-12-08,1421.0,PRD-101,SA,9,2667.36,1957
INV-2024-64386,2024-09-01,1046.0,PRD-106,AE,1,1220.26,824
INV-2024-82093,2025-07-06,1448.0,PRD-155,AE,6,1584.06,1085
INV-2024-18907,2024-04-26,1258.0,PRD-158,SA,3,1881.68,1495
INV-2024-15259,2025-10-26,1434.0,PRD-148,EG,7,1058.54,788
INV-2024-36230,2025-05-04,1286.0,PRD-128,JO,6,785.87,563
INV-2024-87289,2025-08-17,1322.0,PRD-106,SA,5,1914.74,1528
INV-2024-14719,2025-12-20,1010.0,PRD-144,SA,4,2504.74,1854
INV-2024-37372,2024-08-02,1100.0,PRD-152,EG,9,2726.79,1859
INV-2024-40081,2024-08-18,1194.0,PRD-133,AE,7,1816.12,1284
INV-2024-86380,2024-11-24,1132.0,PRD-116,EG,5,1727.28,1293
INV-2024-74417,2024-12-27,1071.0,PRD-106,EG,10,1945.07,1506
INV-2024-10937,2024-09-30,1116.0,PRD-143,SA,3,1959.03,1457
INV-2024-55794,2025/05/30,1444.0,PRD-129,EG,2,1043.39,755
INV-2024-20567,2025-11-27,1012.0,PRD-126,SA,8,110.31,84
INV-2024-86229,2025-03-09,1317.0,PRD-114,EG,1,2103.39,1680
INV-2024-58249,2024-10-10,1265.0,PRD-164,SA,7,2295.17,1982
INV-2024-76735,2024-02-25,1032.0,PRD-146,EG,9,2133.79,1505
INV-2024-31519,05-Mar-2024,1467.0,PRD-129,EG,4,2928.43,1954
INV-2024-62059,2025-01-16,1037.0,PRD-141,EG,3,1723.14,1291
INV-2024-37889,2024-12-19,1178.0,PRD-133,JO,5,1880.44,1593
INV-2024-29956,2025-04-08,1103.0,PRD-127,AE,8,1594.77,1197
INV-2024-80284,2025-05-12,1334.0,PRD-139,EG,8,2334.25,1591
INV-2024-10963,2025-05-28,1075.0,PRD-140,AE,6,128.4,98
INV-2024-92271,2025-06-23,1114.0,PRD-140,SA,9,2127.39,1778
INV-2024-91630,2024-05-05,1305.0,PRD-126,JO,6,2412.44,1741
INV-2024-46885,2025-04-26,1227.0,PRD-108,EG,9,1209.85,926
INV-2024-44818,2025-12-27,1172.0,PRD-143,SA,1,170.65,120
INV-2024-82910,2025/06/28,1498.0,PRD-125,EG,6,1486.96,1041
INV-2024-59060,2025-11-25,1366.0,PRD-150,EG,1,1699.37,1385
INV-2024-76962,2025-06-29,1107.0,PRD-158,JO,4,993.02,846
INV-2024-60910,2024-10-26,1498.0,PRD-124,SA,5,1268.27,1016
INV-2024-30953,2025-04-07,1392.0,PRD-146,EG,2,2279.96,1751
INV-2024-36422,2025-09-27,,PRD-129,EG,10,908.09,697
INV-2024-89641,2025-01-11,1329.0,PRD-109,AE,5,1591.05,1091
INV-2024-43590,2025-11-20,1492.0,PRD-121,SA,5,1711.33,1386
INV-2024-53841,2025-12-10,1280.0,PRD-139,EG,6,264.97,203
INV-2024-35660,2024-03-08,1357.0,PRD-121,JO,8,1844.67,1445
INV-2024-52868,2024-07-11,1243.0,PRD-164,EG,4,245.12,173
INV-2024-44123,2025-04-13,1134.0,PRD-109,EG,7,129.58,110
INV-2024-61463,2024-03-30,1393.0,PRD-133,JO,2,1627.17,1269
INV-2024-25619,2024-03-23,1460.0,PRD-104,EG,1,251.79,175
INV-2024-95257,2025-02-04,1168.0,PRD-120,EG,7,1906.78,1435
INV-2024-47405,2024/07/02,1464.0,PRD-126,SA,6,2649.63,1948
INV-2024-69198,2024-10-22,1425.0,PRD-155,AE,3,1282.81,963
INV-2024-13777,2024-03-19,1245.0,PRD-161,EG,8,1053.72,833
INV-2024-68398,2024-04-21,1069.0,PRD-101,JO,4,974.41,659
INV-2024-89084,2024-06-17,1391.0,PRD-161,AE,2,799.2,629
INV-2024-95381,2024-10-09,1232.0,PRD-125,EG,5,2038.8,1399
INV-2024-98060,2024-04-24,1273.0,PRD-117,AE,3,1301.43,906
INV-2024-77083,2025-12-14,1494.0,PRD-156,EG,6,566.8,420
INV-2024-63174,2024-05-31,1246.0,PRD-149,SA,6,1024.61,845
INV-2024-36816,2025-05-23,1390.0,PRD-148,AE,5,1036.71,748
INV-2024-34226,2024-06-03,1008.0,PRD-134,JO,4,2067.33,1645
INV-2024-24770,2024-07-28,1310.0,PRD-132,EG,8,1078.61,789
INV-2024-15460,2025-06-17,1122.0,PRD-143,SA,7,1748.69,1394
INV-2024-60784,2025-10-04,1093.0,PRD-122,SA,1,2438.44,1803
INV-2024-23989,2024-01-24,1018.0,PRD-157,EG,6,840.9,576
INV-2024-36946,2024/10/27,1444.0,PRD-164,EG,7,1038.66,783
INV-2024-36233,2025-03-02,1313.0,PRD-126,EG,1,279.85,189
INV-2024-84738,2025-11-29,1198.0,PRD-160,SA,10,556.68,386
INV-2024-49139,2025-07-08,1140.0,PRD-108,SA,4,1468.95,1097
INV-2024-98369,2024-05-15,1444.0,PRD-119,EG,9,1140.33,973
INV-2024-38094,2025-04-30,1394.0,PRD-146,AE,9,656.11,527
INV-2024-87759,2024-12-21,1116.0,PRD-135,AE,1,458.73,319
INV-2024-49763,2025-03-06,1461.0,PRD-160,SA,4,1480.73,1174
INV-2024-57308,2025-03-30,1447.0,PRD-135,EG,3,2114.29,1694
INV-2024-70788,2025-10-22,1316.0,PRD-120,SA,5,2525.5,1729
INV-2024-17126,22-Jan-2024,1155.0,PRD-101,EG,7,1473.85,1105
INV-2024-94912,2024-10-25,1277.0,PRD-106,EG,8,1061.21,870
INV-2024-92066,2024-07-12,1481.0,PRD-133,AE,3,1265.93,1048
INV-2024-40121,2024-03-05,1413.0,PRD-157,EG,8,311.52,262
INV-2024-84297,2024-01-23,1282.0,PRD-158,EG,8,587.89,446
INV-2024-43073,2024/08/25,,PRD-111,EG,7,434.53,301
INV-2024-38417,2025-06-16,1081.0,PRD-152,EG,2,2068.8,1566
INV-2024-76990,2025-10-22,1478.0,PRD-149,EG,8,2100.46,1780
INV-2024-13121,2024-12-09,1102.0,PRD-164,JO,2,748.59,647
INV-2024-50619,2025-02-25,1464.0,PRD-128,EG,2,1691.03,1215
INV-2024-11620,2025-08-15,1204.0,PRD-116,EG,7,1308.15,900
INV-2024-38367,2024-12-17,1218.0,PRD-116,EG,3,968.19,686
INV-2024-33713,2025-11-02,1317.0,PRD-151,JO,9,1571.41,1120
INV-2024-53769,2025-10-23,1246.0,PRD-156,SA,7,593.95,402
INV-2024-37047,2024-11-30,1258.0,PRD-110,EG,3,526.35,418
INV-2024-75482,2025-05-12,1065.0,PRD-124,AE,5,1370.48,1061
INV-2024-60930,2025-08-30,1226.0,PRD-155,EG,1,1906.7,1456
INV-2024-52907,2025-11-12,1432.0,PRD-151,EG,8,326.83,238
INV-2024-70015,2025-12-14,1236.0,PRD-146,EG,10,428.21,338
INV-2024-61216,2025-06-26,1355.0,PRD-148,EG,3,657.77,443
INV-2024-88880,2025/07/15,1306.0,PRD-120,EG,9,241.93,162
INV-2024-31660,2025-03-31,1402.0,PRD-104,SA,10,547.26,437
INV-2024-74445,2025-04-13,1115.0,PRD-109,EG,8,667.23,539
INV-2024-72937,2024-11-07,1066.0,PRD-135,SA,5,1483.1,1029
INV-2024-83509,2025-08-03,1494.0,PRD-113,EG,2,1104.05,758
INV-2024-88215,15-May-2024,1440.0,PRD-124,EG,3,2336.96,1992
INV-2024-47400,2024-11-09,1424.0,PRD-115,SA,10,863.38,732
INV-2024-97428,2024-06-24,1401.0,PRD-112,JO,10,69.32,53
INV-2024-42573,2024-09-23,1223.0,PRD-104,EG,8,1400.66,1016
INV-2024-20180,2024-08-20,1424.0,PRD-126,SA,2,567.14,479
INV-2024-90788,2025-05-10,1462.0,PRD-151,EG,5,852.37,690
INV-2024-24058,2025-01-15,1099.0,PRD-126,EG,7,2346.73,1872
INV-2024-10035,2024-10-22,1166.0,PRD-145,EG,1,2211.66,1801
INV-2024-14089,2024-02-18,1126.0,PRD-147,EG,4,2165.89,1472
INV-2024-91169,2024-05-31,1418.0,PRD-123,EG,2,138.65,117
INV-2024-16557,2024/12/27,1486.0,PRD-144,EG,5,1909.72,1479
INV-2024-11469,2024-10-18,1394.0,PRD-142,AE,10,239.19,191
INV-2024-45944,2025-04-11,1435.0,PRD-146,EG,10,2334.74,1612
INV-2024-10001,2024-06-19,1242.0,PRD-158,SA,1,622.44,526
INV-2024-49773,2025-09-25,1001.0,PRD-162,EG,6,1238.94,927
INV-2024-68334,2024-06-13,1190.0,PRD-117,SA,9,548.11,451
INV-2024-59993,2025-12-29,1461.0,PRD-109,SA,5,2490.79,1691
INV-2024-84463,2025-07-02,1157.0,PRD-143,EG,6,1209.71,845
INV-2024-30904,2024-10-19,1403.0,PRD-125,EG,7,2420.53,1841
INV-2024-22744,2024-07-05,1224.0,PRD-130,AE,9,1154.71,937
INV-2024-17017,2024-06-28,,PRD-139,AE,5,1916.39,1523
INV-2024-58241,2025-12-26,1449.0,PRD-165,EG,2,154.74,112
INV-2024-38220,2025-12-10,1385.0,PRD-125,EG,3,2142.2,1655
INV-2024-94642,2025-11-13,1390.0,PRD-158,AE,4,1445.83,1206
INV-2024-35006,2024-06-06,1194.0,PRD-104,EG,1,733.92,612
INV-2024-65465,2024/06/14,1076.0,PRD-138,SA,10,1885.12,1298
INV-2024-58866,2024-08-31,1046.0,PRD-110,EG,10,2117.22,1748
INV-2024-19974,2024-04-29,1135.0,PRD-158,EG,4,1933.42,1365
INV-2024-46697,2024-02-12,1026.0,PRD-144,SA,7,1773.49,1283
INV-2024-64720,2024-11-20,1031.0,PRD-122,SA,10,1739.19,1235
INV-2024-95672,2025-08-11,1246.0,PRD-165,EG,3,2193.61,1841
INV-2024-12935,2024-05-09,1477.0,PRD-118,SA,1,652.57,491
INV-2024-48989,2025-03-27,1099.0,PRD-165,AE,10,2298.12,1599
INV-2024-14586,2024-09-23,1054.0,PRD-106,SA,6,2152.19,1870
INV-2024-25738,2025-01-13,1319.0,PRD-148,EG,6,2477.29,1975
INV-2024-49590,2024-07-07,1041.0,PRD-155,SA,7,1785.82,1194
INV-2024-28591,2024-07-29,1371.0,PRD-108,AE,7,1278.26,1100
INV-2024-44435,2025-07-29,1020.0,PRD-131,AE,5,2290.68,1539
INV-2024-69890,2025-12-25,1004.0,PRD-104,SA,6,2161.87,1447
INV-2024-36825,2024-02-05,1446.0,PRD-135,EG,7,1290.02,1116
INV-2024-25771,2025/11/12,1061.0,PRD-126,AE,5,709.11,482
INV-2024-93454,2024-11-20,1001.0,PRD-154,SA,6,1316.2,1060
INV-2024-99368,2024-12-18,1053.0,PRD-124,EG,2,433.21,295
INV-2024-13980,2024-05-31,1137.0,PRD-145,SA,10,997.77,730
INV-2024-72456,2025-01-16,1296.0,PRD-117,EG,2,2226.87,1603
INV-2024-32882,2025-04-04,1306.0,PRD-114,SA,7,2657.03,1775
INV-2024-11880,2025-07-06,1309.0,PRD-107,EG,2,681.14,531
INV-2024-24756,2024-06-15,1251.0,PRD-109,SA,7,1037.31,699
INV-2024-21284,2025-06-30,1010.0,PRD-117,JO,6,1538.5,1225
INV-2024-40776,2024-11-04,1403.0,PRD-127,AE,7,148.0,101
INV-2024-69669,04-May-2024,1456.0,PRD-104,JO,2,1310.54,911
INV-2024-85992,2024-01-26,1055.0,PRD-102,JO,2,1091.28,746
INV-2024-83065,2025-02-18,1380.0,PRD-128,EG,7,117.68,86
INV-2024-45800,2025-05-26,1108.0,PRD-138,SA,10,846.9,663
INV-2024-45398,2024-05-28,1336.0,PRD-126,SA,5,2564.63,1882
INV-2024-12956,2025/04/14,1065.0,PRD-127,AE,1,81.06,56
INV-2024-83823,2024-11-23,1018.0,PRD-153,EG,2,988.41,811
INV-2024-72878,2024-06-08,1412.0,PRD-126,JO,1,962.09,784
INV-2024-18294,2024-01-05,1495.0,PRD-145,SA,7,1906.5,1575
INV-2024-30092,2025-07-13,1347.0,PRD-140,AE,9,1647.98,1169
INV-2024-38242,2025-06-03,,PRD-103,EG,5,1680.73,1270
INV-2024-18540,2024-12-05,1211.0,PRD-134,EG,5,1720.41,1179
INV-2024-62106,2025-10-24,1166.0,PRD-143,AE,6,345.89,249
INV-2024-98869,2025-12-23,1084.0,PRD-127,EG,5,164.75,114
INV-2024-59469,2024-10-29,1388.0,PRD-158,AE,5,299.26,254
INV-2024-13918,2025-04-30,1190.0,PRD-127,EG,4,1433.06,1210
INV-2024-14870,2024-10-23,1121.0,PRD-101,SA,9,1944.8,1368
INV-2024-75198,2025-08-10,1356.0,PRD-110,EG,7,2436.78,1717
INV-2024-66687,2025-11-13,1226.0,PRD-164,SA,1,1930.36,1328
INV-2024-71040,2024-05-30,1080.0,PRD-147,SA,2,1600.67,1089
INV-2024-64057,2025/08/01,1347.0,PRD-143,EG,9,2671.57,1791
INV-2024-32940,2025-03-28,1134.0,PRD-106,EG,4,1602.32,1291
INV-2024-11739,2024-12-12,1017.0,PRD-102,EG,9,1983.27,1436
INV-2024-85597,2025-12-06,1168.0,PRD-119,SA,9,2395.6,1746
INV-2024-15771,2024-04-25,1264.0,PRD-162,SA,4,1814.75,1296
INV-2024-96063,05-May-2025,1099.0,PRD-106,AE,8,120.05,98
INV-2024-18258,2024-02-11,1106.0,PRD-161,SA,2,425.19,364
INV-2024-46808,2024-05-22,1291.0,PRD-153,SA,5,1418.15,1113
INV-2024-46905,2025-11-25,1234.0,PRD-108,EG,5,1461.28,1115
INV-2024-72805,2025-07-18,1412.0,PRD-110,EG,4,855.99,574
INV-2024-36568,2024-04-29,1354.0,PRD-145,EG,2,2419.4,1942
INV-2024-45033,2024-11-11,1030.0,PRD-141,JO,2,1402.26,1183
INV-2024-13199,2024-01-26,1039.0,PRD-150,AE,8,2148.02,1849
INV-2024-97981,2025-02-15,1496.0,PRD-105,EG,5,1586.35,1104
INV-2024-45646,2025-09-24,1373.0,PRD-139,SA,2,2217.75,1532
INV-2024-34650,2024/08/13,1350.0,PRD-118,AE,4,1747.76,1412
INV-2024-40778,2025-04-01,1005.0,PRD-114,SA,10,876.86,632
INV-2024-68718,2024-12-31,1163.0,PRD-122,EG,6,2301.1,1860
INV-2024-10255,2024-04-04,1075.0,PRD-150,EG,6,2264.33,1774
INV-2024-95220,2024-11-30,1140.0,PRD-111,SA,5,379.81,257
INV-2024-15783,2024-02-26,1032.0,PRD-158,JO,2,2766.94,1916
INV-2024-83821,2025-09-14,1339.0,PRD-125,SA,3,377.47,298
INV-2024-67061,2025-10-18,1056.0,PRD-133,EG,8,2212.94,1701
INV-2024-83261,2024-07-18,1050.0,PRD-115,EG,5,1644.22,1104
INV-2024-74032,2025-08-20,1129.0,PRD-121,AE,1,1648.82,1276
INV-2024-40345,2025-06-23,1476.0,PRD-144,AE,3,2714.1,1957
INV-2024-16198,2024-08-15,1068.0,PRD-110,SA,2,1212.18,844
INV-2024-47554,2024-10-11,1366.0,PRD-153,SA,10,879.59,661
INV-2024-57714,2024-07-19,1001.0,PRD-108,EG,2,218.58,181
INV-2024-21588,2024-01-24,1113.0,PRD-127,AE,1,390.37,301
INV-2024-88387,2024/03/26,,PRD-149,AE,6,1990.42,1331
INV-2024-58142,2025-07-05,1464.0,PRD-160,EG,4,530.28,432
INV-2024-69802,2025-04-01,1199.0,PRD-125,AE,9,804.48,679
INV-2024-71928,2025-11-24,1158.0,PRD-131,EG,5,1249.86,855
INV-2024-81380,2025-11-18,1411.0,PRD-123,EG,9,135.6,96
INV-2024-31482,2024-03-30,1340.0,PRD-134,EG,10,1598.74,1367
INV-2024-58924,2025-06-08,1263.0,PRD-126,EG,10,2259.25,1644
INV-2024-96324,2025-02-07,1374.0,PRD-144,EG,10,924.38,802
INV-2024-58663,2024-07-18,1083.0,PRD-135,SA,9,1599.04,1362
INV-2024-82223,2025-05-17,1204.0,PRD-130,SA,3,1079.93,728
INV-2024-80879,2024-11-21,1092.0,PRD-163,SA,2,143.69,103
INV-2024-29096,2025-09-09,1095.0,PRD-163,EG,8,945.13,637
INV-2024-52036,2025-09-11,1489.0,PRD-116,EG,1,2594.37,1755
INV-2024-93796,2025-06-07,1470.0,PRD-111,SA,6,2054.65,1567
INV-2024-55454,2024-02-27,1192.0,PRD-111,EG,6,872.22,738
INV-2024-63346,2025/11/13,1304.0,PRD-140,EG,6,2266.52,1520
INV-2024-32801,2025-01-04,1086.0,PRD-148,AE,10,1137.95,918
INV-2024-86049,2025-02-11,1072.0,PRD-141,AE,3,324.56,246
INV-2024-62662,2024-05-31,1283.0,PRD-117,AE,5,421.23,339
INV-2024-58773,2025-03-13,1475.0,PRD-162,SA,3,1617.96,1210
INV-2024-71274,2025-01-13,1012.0,PRD-121,EG,3,1546.08,1314
INV-2024-55539,2025-01-30,1089.0,PRD-159,SA,7,984.91,693
INV-2024-48331,2025-01-16,1369.0,PRD-132,EG,5,404.19,348
INV-2024-29350,2024-01-13,1431.0,PRD-143,SA,8,1563.58,1106
INV-2024-98166,2024-10-18,1055.0,PRD-132,EG,5,1178.07,793
INV-2024-74816,19-Dec-2024,1071.0,PRD-149,AE,6,603.17,515
INV-2024-98566,2024-12-25,1453.0,PRD-108,EG,3,903.21,624
INV-2024-81076,2024-11-11,1009.0,PRD-129,JO,1,340.22,286
INV-2024-63454,2025-04-01,1145.0,PRD-109,AE,7,964.36,669
INV-2024-57229,2025-07-28,1043.0,PRD-124,SA,5,732.51,558
INV-2024-66585,2024/03/30,1258.0,PRD-162,AE,1,2287.29,1787
INV-2024-21330,2024-08-08,1379.0,PRD-118,SA,3,2470.21,1875
INV-2024-88925,2025-03-30,1013.0,PRD-161,AE,3,1080.93,925
INV-2024-43187,2025-03-01,1289.0,PRD-140,SA,8,1187.45,868
INV-2024-28040,2025-03-29,1314.0,PRD-161,AE,10,2317.04,1557
INV-2024-53621,2024-10-22,1357.0,PRD-158,SA,3,992.78,769
INV-2024-57011,2024-06-16,1332.0,PRD-156,JO,5,245.01,209
INV-2024-94602,2025-03-10,1008.0,PRD-145,SA,8,1907.52,1465
INV-2024-71152,2025-02-28,1317.0,PRD-138,SA,10,1083.1,828
INV-2024-69083,2024-05-22,1362.0,PRD-158,AE,7,538.31,439
INV-2024-80675,2025-08-24,,PRD-153,AE,1,2311.75,1986
INV-2024-99173,2025-09-04,1467.0,PRD-115,SA,2,1903.9,1311
INV-2024-31532,2024-03-29,1161.0,PRD-164,EG,1,2070.47,1397
INV-2024-15604,2024-05-27,1326.0,PRD-146,SA,3,363.77,312
INV-2024-55017,2024-07-31,1074.0,PRD-109,JO,8,2463.2,1718
INV-2024-76368,2024/11/06,1375.0,PRD-102,AE,5,407.5,341
INV-2024-91928,2025-05-01,1478.0,PRD-148,AE,10,1884.04,1534
INV-2024-29012,2025-06-21,1108.0,PRD-118,EG,9,322.4,225
INV-2024-88484,2024-12-09,1109.0,PRD-130,SA,2,1290.58,882
INV-2024-54780,2024-03-08,1221.0,PRD-110,SA,7,2267.87,1562
INV-2024-80806,27-Aug-2025,1158.0,PRD-161,AE,5,2791.95,1916
INV-2024-92928,2025-01-19,1021.0,PRD-163,EG,8,337.73,284
INV-2024-30896,2024-03-31,1460.0,PRD-143,AE,2,1985.95,1671
INV-2024-85195,2024-01-07,1253.0,PRD-148,SA,9,2484.06,1898
INV-2024-28287,2025-02-23,1299.0,PRD-131,EG,1,2340.55,1920
INV-2024-36976,2025-10-16,1165.0,PRD-116,EG,6,2895.57,1966
INV-2024-61950,2024-10-06,1006.0,PRD-152,EG,3,1096.05,873
INV-2024-20714,2025-02-28,1207.0,PRD-127,SA,3,2212.49,1532
INV-2024-64916,2024-06-28,1409.0,PRD-144,EG,9,1614.23,1151
INV-2024-24664,2025-07-23,1365.0,PRD-137,EG,7,2120.57,1567
INV-2024-75717,2025/04/18,1229.0,PRD-127,AE,2,2138.52,1713
INV-2024-81302,2025-12-28,1178.0,PRD-164,EG,1,1540.97,1113
INV-2024-15502,2025-08-04,1331.0,PRD-146,EG,8,1564.67,1334
INV-2024-78100,2024-05-20,1271.0,PRD-164,SA,5,1689.92,1344
INV-2024-23607,2024-07-23,1031.0,PRD-107,SA,3,2048.21,1551
INV-2024-85427,2024-07-09,1397.0,PRD-134,AE,9,1590.18,1283
INV-2024-10529,2025-01-25,1158.0,PRD-136,SA,4,1299.92,954
INV-2024-43386,2024-10-23,1208.0,PRD-127,AE,7,1375.03,926
INV-2024-82148,2025-07-21,1159.0,PRD-137,SA,9,2058.59,1597
INV-2024-97115,2025-05-17,1060.0,PRD-159,EG,2,1536.09,1152
INV-2024-31587,2024-02-13,1035.0,PRD-153,EG,9,556.53,395
INV-2024-39724,2024-11-05,1331.0,PRD-157,SA,4,942.07,655
INV-2024-99654,2025-08-22,1148.0,PRD-160,EG,10,1179.54,905
INV-2024-53895,2024-11-07,1192.0,PRD-138,AE,3,1459.2,997
INV-2024-74117,2025-05-20,1329.0,PRD-132,SA,2,1811.18,1361
INV-2024-25325,2025/07/26,1163.0,PRD-114,EG,7,1345.41,1064
INV-2024-52662,2025-04-19,1062.0,PRD-137,EG,4,2116.38,1670
INV-2024-58932,2024-08-17,1176.0,PRD-146,EG,8,1667.46,1273
INV-2024-81886,2024-01-28,1371.0,PRD-104,SA,8,1824.52,1281
INV-2024-61768,2024-01-03,1244.0,PRD-108,SA,8,1594.99,1364
INV-2024-78566,2024-06-06,,PRD-140,SA,6,1101.9,740
INV-2024-96100,2024-09-25,1011.0,PRD-104,EG,2,1270.94,1043
INV-2024-61485,2024-11-03,1054.0,PRD-134,SA,3,1227.17,1014
INV-2024-38714,2025-10-17,1301.0,PRD-145,AE,3,373.57,272
INV-2024-85631,2025-10-13,1196.0,PRD-146,EG,8,1748.77,1464
INV-2024-56023,2025-04-28,1188.0,PRD-107,SA,6,1069.38,750
INV-2024-63477,2024-05-07,1168.0,PRD-121,JO,2,1406.2,1070
INV-2024-23949,2025-10-31,1221.0,PRD-146,EG,6,543.57,369
INV-2024-39597,2025-11-12,1158.0,PRD-152,SA,3,2339.62,1605
INV-2024-93947,2024-10-21,1111.0,PRD-135,EG,8,818.76,680
INV-2024-94397,2025/03/03,1401.0,PRD-118,SA,3,119.04,98
INV-2024-69461,2024-07-02,1141.0,PRD-107,EG,2,73.9,57
INV-2024-30408,2025-05-18,1022.0,PRD-152,JO,8,488.29,381
INV-2024-34684,2025-12-05,1366.0,PRD-121,AE,1,2544.76,1747
INV-2024-10078,2025-10-22,1371.0,PRD-114,AE,5,1443.92,1101
INV-2024-76127,2024-09-07,1319.0,PRD-107,AE,7,1444.16,974
INV-2024-24129,2024-01-30,1088.0,PRD-157,SA,6,137.97,118
INV-2024-74907,2024-05-02,1083.0,PRD-131,SA,2,2098.73,1554
INV-2024-28920,2024-10-10,1369.0,PRD-150,AE,10,640.38,449
INV-2024-19464,2025-05-19,1192.0,PRD-108,JO,1,1285.48,915
INV-2024-50180,09-Mar-2024,1204.0,PRD-106,SA,10,1241.0,845
INV-2024-41697,2025-09-05,1345.0,PRD-115,JO,6,2576.91,1924
INV-2024-63230,2025-01-05,1140.0,PRD-133,SA,6,378.86,309
INV-2024-49696,2025-08-18,1298.0,PRD-133,SA,5,233.69,197
INV-2024-37426,2025-05-07,1410.0,PRD-104,SA,1,2450.15,1677
INV-2024-81036,2025/08/02,1017.0,PRD-122,EG,9,1558.13,1216
INV-2024-93656,2025-03-22,1383.0,PRD-152,EG,1,771.34,659
INV-2024-22659,2024-09-21,1074.0,PRD-153,EG,4,2413.54,1986
INV-2024-35035,2025-10-05,1062.0,PRD-147,SA,8,829.56,695
INV-2024-13080,2025-12-03,1243.0,PRD-149,EG,10,2028.67,1673
INV-2024-12125,2025-05-02,1015.0,PRD-153,SA,6,1458.02,1121
INV-2024-14076,2025-12-11,1042.0,PRD-130,JO,5,2057.47,1440
INV-2024-48769,2024-05-02,1461.0,PRD-135,EG,3,484.34,417
INV-2024-25869,2025-01-17,1462.0,PRD-106,SA,5,581.7,494
INV-2024-37143,2025-06-08,1478.0,PRD-106,EG,8,1192.01,986
INV-2024-34341,2025-08-12,1288.0,PRD-119,EG,8,777.4,569
INV-2024-99192,2024-01-18,1468.0,PRD-143,AE,9,1473.01,1210
INV-2024-19350,2024-09-22,1250.0,PRD-152,SA,5,516.95,386
INV-2024-18784,2024-06-15,1017.0,PRD-151,AE,2,1484.75,1045
INV-2024-43218,2025-08-18,1342.0,PRD-161,EG,9,1442.83,972
INV-2024-69323,2024/02/29,,PRD-165,SA,9,198.95,167
INV-2024-25591,2024-05-29,1413.0,PRD-109,EG,4,161.29,117
INV-2024-65301,2024-11-23,1352.0,PRD-123,EG,10,530.11,358
INV-2024-56860,2025-04-17,1187.0,PRD-129,EG,3,430.72,352
INV-2024-96715,2025-12-10,1172.0,PRD-164,EG,1,752.67,602
INV-2024-62822,18-May-2024,1204.0,PRD-104,EG,4,1626.33,1338
INV-2024-11385,2024-12-31,1282.0,PRD-136,EG,10,1163.61,867
INV-2024-88323,2024-06-16,1018.0,PRD-153,JO,5,2112.93,1778
INV-2024-49349,2024-02-24,1215.0,PRD-122,EG,2,1208.32,861
INV-2024-54979,2024-10-06,1167.0,PRD-147,EG,5,413.75,315
INV-2024-60822,2025-01-04,1101.0,PRD-132,EG,10,1601.88,1219
INV-2024-59140,2025-03-05,1062.0,PRD-117,SA,5,1824.86,1422
INV-2024-37321,2025-10-13,1314.0,PRD-150,EG,1,905.24,688
INV-2024-49817,2024-12-30,1038.0,PRD-149,AE,1,526.68,354
INV-2024-66167,2024-02-19,1339.0,PRD-155,JO,6,737.91,589
INV-2024-91167,2024/10/23,1388.0,PRD-106,EG,5,602.49,456
INV-2024-87291,2024-10-25,1086.0,PRD-105,SA,10,1815.66,1402
INV-2024-72710,2025-06-26,1170.0,PRD-105,EG,1,594.63,471
INV-2024-93259,2025-10-16,1122.0,PRD-122,SA,8,2095.34,1724
INV-2024-90583,2024-03-19,1204.0,PRD-136,SA,5,2060.2,1630
INV-2024-87769,2025-06-10,1005.0,PRD-151,EG,5,1628.41,1150
INV-2024-15488,2024-07-17,1447.0,PRD-146,EG,2,303.48,224
INV-2024-99013,2025-10-05,1467.0,PRD-105,SA,7,996.49,705
INV-2024-74400,2024-07-06,1091.0,PRD-131,SA,3,1844.25,1428
INV-2024-14131,2024-04-06,1390.0,PRD-110,EG,2,297.04,207
INV-2024-75535,2025-09-05,1059.0,PRD-144,SA,3,1035.7,761
INV-2024-51894,2024-06-20,1349.0,PRD-122,SA,8,592.94,415
INV-2024-56071,2025-07-10,1208.0,PRD-110,AE,10,956.37,646
INV-2024-14068,2024-11-26,1067.0,PRD-119,EG,10,500.96,340
INV-2024-43525,2024-11-19,1280.0,PRD-132,AE,5,260.58,194
INV-2024-72075,2025/12/02,1405.0,PRD-143,SA,8,2511.43,1952
INV-2024-60299,2024-11-04,1208.0,PRD-163,EG,6,1901.54,1441
INV-2024-80650,2024-10-04,1343.0,PRD-121,SA,5,2670.65,1817
INV-2024-22845,2025-12-02,1431.0,PRD-147,SA,9,2713.34,1889
INV-2024-65404,2025-12-15,1224.0,PRD-131,JO,7,103.34,78
INV-2024-86955,2025-12-05,1121.0,PRD-128,EG,5,195.48,147
INV-2024-91295,2025-01-06,1242.0,PRD-125,SA,9,638.51,496
INV-2024-56013,2024-04-08,1181.0,PRD-115,EG,10,612.57,423
INV-2024-99764,2025-07-01,1268.0,PRD-154,JO,7,1145.84,833
INV-2024-74265,2025-08-16,1278.0,PRD-104,EG,1,1403.56,1035
INV-2024-13581,2024-12-26,,PRD-154,JO,4,178.46,154
INV-2024-59803,2024-05-27,1416.0,PRD-124,JO,3,1562.55,1042
INV-2024-15068,2024-01-14,1316.0,PRD-102,EG,4,1897.14,1467
INV-2024-73890,2024-05-20,1144.0,PRD-103,AE,8,2118.54,1839
INV-2024-21380,2025-06-14,1287.0,PRD-120,JO,1,775.48,530
INV-2024-72242,2024/10/15,1411.0,PRD-158,EG,2,710.23,592
INV-2024-43050,2025-01-16,1111.0,PRD-115,SA,8,838.01,641
INV-2024-81268,2025-05-11,1256.0,PRD-123,SA,10,697.93,516
INV-2024-22065,2025-02-25,1351.0,PRD-119,EG,7,2138.95,1532
INV-2024-20874,2024-12-14,1448.0,PRD-136,EG,10,894.77,721
INV-2024-42163,2024-06-15,1422.0,PRD-164,EG,7,2283.95,1568
INV-2024-92745,2024-04-14,1374.0,PRD-132,EG,4,2543.16,1974
INV-2024-22321,2024-08-11,1073.0,PRD-128,SA,5,152.64,110
INV-2024-69596,2024-06-07,1409.0,PRD-123,EG,9,320.33,225
INV-2024-59787,2025-05-30,1314.0,PRD-145,AE,9,361.87,264
INV-2024-54221,14-Aug-2024,1472.0,PRD-154,AE,2,1870.16,1411
INV-2024-41637,2024-07-11,1420.0,PRD-165,EG,1,1708.67,1278
INV-2024-89116,2025-07-26,1135.0,PRD-108,SA,1,1625.03,1329
INV-2024-71509,2025-09-20,1371.0,PRD-151,SA,3,1136.44,946
INV-2024-14501,2025-12-07,1399.0,PRD-135,JO,5,1042.68,724
INV-2024-52319,2025/06/22,1248.0,PRD-124,EG,6,1591.75,1283
INV-2024-50607,2025-06-28,1251.0,PRD-150,EG,4,2013.1,1682
INV-2024-82433,2025-12-30,1092.0,PRD-162,JO,3,2264.0,1884
INV-2024-69139,2025-07-18,1179.0,PRD-141,JO,4,440.45,349
INV-2024-38384,2025-12-20,1201.0,PRD-113,AE,10,2462.84,1821
INV-2024-90441,2024-04-26,1291.0,PRD-124,AE,8,726.34,569
INV-2024-63819,2025-03-03,1361.0,PRD-111,EG,7,1064.91,742
INV-2024-22445,2025-04-16,1217.0,PRD-109,SA,1,1507.59,1169
INV-2024-11349,2024-03-19,1427.0,PRD-138,EG,10,2090.24,1654
INV-2024-99630,2024-04-29,1116.0,PRD-114,EG,4,1610.55,1240
INV-2024-26827,2024-05-14,1487.0,PRD-101,AE,6,2290.31,1745
INV-2024-87781,2024-01-18,1329.0,PRD-120,EG,10,1134.98,881
INV-2024-98505,2025-05-06,1465.0,PRD-140,SA,8,274.47,184
INV-2024-13700,2024-12-22,1263.0,PRD-112,JO,2,711.19,484
INV-2024-76361,2024-11-15,1338.0,PRD-118,EG,1,1177.77,978
INV-2024-68252,2025/12/08,1299.0,PRD-116,JO,2,1428.39,1150
INV-2024-19057,2025-01-06,1169.0,PRD-152,JO,6,2118.19,1812
INV-2024-75807,2024-05-22,1480.0,PRD-153,SA,4,1266.51,936
INV-2024-33754,2025-03-28,1464.0,PRD-144,EG,2,1079.72,824
INV-2024-70709,2025-09-03,1333.0,PRD-154,EG,6,1062.17,777
INV-2024-46010,19-Jun-2025,,PRD-110,SA,10,1238.48,826
INV-2024-84062,2024-12-16,1300.0,PRD-153,EG,8,1032.1,881
INV-2024-60879,2024-06-25,1071.0,PRD-124,EG,4,1026.83,824
INV-2024-80210,2025-12-27,1293.0,PRD-140,JO,10,2393.06,1674
INV-2024-95682,2024-11-07,1434.0,PRD-114,EG,5,693.03,530
INV-2024-16385,2024-01-30,1378.0,PRD-101,AE,5,661.64,453
INV-2024-43187,2024-05-01,1499.0,PRD-133,EG,3,895.15,657
INV-2024-86763,2024-08-15,1080.0,PRD-154,SA,7,541.11,454
INV-2024-25423,2024-05-11,1241.0,PRD-160,JO,5,2197.86,1500
INV-2024-77729,2025-12-11,1093.0,PRD-119,EG,3,365.46,252
INV-2024-74369,2024/05/25,1068.0,PRD-139,EG,2,2394.0,1709
INV-2024-32795,2025-12-05,1099.0,PRD-162,SA,9,330.74,239
INV-2024-69208,2024-08-20,1470.0,PRD-104,AE,4,753.17,577
INV-2024-48455,2024-11-10,1233.0,PRD-114,SA,6,297.2,256
INV-2024-31331,2024-05-08,1303.0,PRD-123,EG,6,1425.05,1156
INV-2024-15218,2024-08-02,1008.0,PRD-142,EG,9,1901.47,1556
INV-2024-48048,2024-05-13,1243.0,PRD-122,JO,2,124.19,99
INV-2024-88790,2024-03-21,1377.0,PRD-127,JO,6,340.72,229
INV-2024-53439,2025-03-11,1333.0,PRD-141,SA,7,1889.51,1548
INV-2024-65932,2025-12-08,1116.0,PRD-138,AE,2,1924.44,1476
INV-2024-24375,2024-04-24,1310.0,PRD-110,SA,2,2820.0,1880
INV-2024-30289,2024-03-20,1477.0,PRD-130,SA,4,2041.37,1605
INV-2024-20069,2024-01-20,1322.0,PRD-158,EG,2,1895.37,1486
INV-2024-36099,2025-05-10,1444.0,PRD-134,SA,4,808.4,547
INV-2024-73195,2025-03-17,1484.0,PRD-165,SA,3,894.23,712
INV-2024-73733,2024/02/13,1411.0,PRD-163,EG,7,1572.76,1165
INV-2024-42642,2024-07-20,1353.0,PRD-119,SA,3,149.56,116
INV-2024-10746,2024-04-20,1292.0,PRD-118,AE,10,2663.47,1897
INV-2024-60764,2024-02-03,1396.0,PRD-144,SA,9,1697.91,1458
INV-2024-95704,2025-11-06,1178.0,PRD-139,SA,8,404.71,292
INV-2024-33151,2025-06-09,1294.0,PRD-154,JO,2,2154.6,1599
INV-2024-59377,2025-08-30,1219.0,PRD-111,EG,3,1192.48,806
INV-2024-15750,2024-03-01,1055.0,PRD-126,SA,5,877.09,709
INV-2024-49620,2025-04-25,1174.0,PRD-154,AE,2,563.93,460
INV-2024-33943,2024-05-01,1057.0,PRD-156,SA,4,1179.15,898
INV-2024-39284,2024-09-16,1435.0,PRD-138,EG,7,282.29,217
INV-2024-54573,2024-02-14,1423.0,PRD-155,EG,1,874.3,702
INV-2024-99526,2024-03-08,1232.0,PRD-129,AE,1,1471.27,1041
INV-2024-86489,2024-11-04,1196.0,PRD-131,SA,8,250.84,210
INV-2024-74664,2025-11-14,1248.0,PRD-134,AE,1,1232.53,905
INV-2024-39980,2024/01/11,,PRD-148,SA,4,1997.94,1697
INV-2024-68283,2024-04-08,1233.0,PRD-114,SA,9,2437.65,1719
INV-2024-25216,2024-05-06,1439.0,PRD-139,AE,1,1956.59,1407
INV-2024-23308,2025-09-08,1072.0,PRD-158,SA,10,1204.32,922
INV-2024-31552,2024-07-29,1438.0,PRD-119,EG,1,718.15,608
INV-2024-28245,2025-08-24,1087.0,PRD-156,SA,10,527.77,450
INV-2024-27301,2024-07-23,1331.0,PRD-114,AE,7,2440.96,1870
INV-2024-89325,2024-07-08,1161.0,PRD-158,EG,9,1166.15,838
INV-2024-83763,2025-11-17,1494.0,PRD-163,EG,5,115.42,79
INV-2024-13103,2024-12-25,1312.0,PRD-115,EG,3,1733.25,1357
INV-2024-67422,30-Jan-2024,1450.0,PRD-132,JO,2,1456.78,977
INV-2024-75030,2024-04-02,1410.0,PRD-142,EG,1,750.25,583
INV-2024-58060,2024-05-29,1223.0,PRD-114,SA,2,913.7,654
INV-2024-66357,2024-10-11,1026.0,PRD-135,SA,4,1868.95,1284
INV-2024-12691,2025-08-16,1433.0,PRD-117,SA,7,1300.67,1026
INV-2024-78835,2024/12/22,1226.0,PRD-145,SA,7,2340.69,1726
INV-2024-58272,2024-12-26,1298.0,PRD-108,EG,5,287.75,232
INV-2024-93208,2024-06-13,1479.0,PRD-146,SA,1,1670.73,1312
INV-2024-81235,2025-05-27,1210.0,PRD-126,AE,1,658.84,496
INV-2024-23936,2025-09-19,1083.0,PRD-142,AE,9,2128.8,1597
INV-2024-64869,2024-09-04,1060.0,PRD-125,EG,4,483.64,354
INV-2024-72083,2025-06-01,1249.0,PRD-155,AE,9,719.75,492
INV-2024-14395,2025-08-06,1104.0,PRD-140,SA,6,1599.78,1147
INV-2024-46556,2024-03-10,1317.0,PRD-147,AE,10,394.31,271
INV-2024-67185,2024-04-11,1452.0,PRD-160,SA,8,1098.04,888
INV-2024-83044,2025-08-15,1263.0,PRD-147,SA,7,2131.14,1490
INV-2024-65345,2024-01-15,1073.0,PRD-119,JO,6,2077.14,1509
INV-2024-18773,2025-06-25,1117.0,PRD-135,AE,8,1896.02,1467
INV-2024-18542,2024-08-10,1208.0,PRD-154,SA,3,1428.66,1079
INV-2024-21435,2024-07-15,1237.0,PRD-110,EG,2,2220.36,1704
INV-2024-44442,2024/10/15,1495.0,PRD-128,EG,6,1799.99,1272
INV-2024-97123,2024-06-24,1100.0,PRD-145,EG,10,885.78,601
INV-2024-56876,2025-07-04,1218.0,PRD-107,EG,10,1525.12,1117
INV-2024-72210,2024-01-05,1399.0,PRD-165,EG,3,1605.03,1292
INV-2024-62602,2024-04-11,1121.0,PRD-153,AE,1,1745.24,1292
INV-2024-76468,07-Aug-2024,1361.0,PRD-160,EG,3,1413.67,1116
INV-2024-41880,2025-05-31,1063.0,PRD-136,SA,8,1512.26,1238
INV-2024-28025,2025-12-25,1468.0,PRD-139,EG,4,282.08,224
INV-2024-25861,2025-05-01,1135.0,PRD-116,EG,3,2249.99,1915
INV-2024-13160,2025-01-10,1159.0,PRD-133,EG,1,1596.33,1237
INV-2024-31233,2025-12-15,,PRD-150,EG,5,2295.43,1913
INV-2024-21321,2025-08-26,1254.0,PRD-147,AE,5,147.21,117
INV-2024-84766,2024-07-08,1082.0,PRD-148,AE,8,1883.04,1353
INV-2024-34483,2025-03-26,1103.0,PRD-103,EG,6,831.86,565
INV-2024-97115,2025-11-20,1195.0,PRD-156,SA,4,226.12,152
INV-2024-35757,2024/04/19,1293.0,PRD-157,SA,10,1325.27,1050
INV-2024-68471,2024-07-04,1299.0,PRD-101,AE,1,1199.51,859
INV-2024-96489,2024-12-29,1393.0,PRD-146,AE,2,1913.98,1322
INV-2024-81554,2025-01-23,1250.0,PRD-103,SA,3,2491.06,1742
INV-2024-58931,2025-03-10,1144.0,PRD-130,SA,7,331.99,260
INV-2024-83055,2024-08-07,1140.0,PRD-106,AE,2,2125.0,1508
INV-2024-44472,2025-06-10,1026.0,PRD-164,EG,9,489.05,363
INV-2024-72636,2024-08-21,1027.0,PRD-118,SA,10,493.24,343
INV-2024-18758,2025-02-21,1388.0,PRD-112,JO,4,1526.47,1316
INV-2024-96017,2024-04-25,1300.0,PRD-123,AE,6,165.31,141
INV-2024-34315,2024-11-17,1156.0,PRD-112,SA,8,842.95,575
INV-2024-86299,2024-05-06,1091.0,PRD-158,SA,10,1427.57,1221
INV-2024-64166,2025-04-22,1190.0,PRD-145,EG,6,381.37,309
INV-2024-25184,2024-04-22,1097.0,PRD-165,SA,10,132.5,107
INV-2024-83356,2025-06-16,1177.0,PRD-164,SA,8,2112.21,1488
INV-2024-15210,2024/05/19,1193.0,PRD-141,SA,9,785.77,629
INV-2024-40441,2025-05-22,1119.0,PRD-149,AE,4,691.76,481
INV-2024-36535,2025-01-04,1398.0,PRD-132,AE,9,1701.85,1164
INV-2024-29318,2025-12-22,1176.0,PRD-154,EG,2,1792.43,1218
INV-2024-49366,2024-10-22,1366.0,PRD-127,SA,5,1462.71,1199
INV-2024-27460,2025-07-24,1287.0,PRD-107,SA,3,771.34,653
INV-2024-61211,2024-02-11,1061.0,PRD-106,SA,7,1957.33,1677
INV-2024-11467,2024-03-25,1339.0,PRD-133,EG,5,2297.02,1697
INV-2024-58740,2024-12-01,1188.0,PRD-126,SA,10,796.46,547
INV-2024-17863,2025-05-20,1475.0,PRD-138,AE,2,1448.72,1043
INV-2024-76872,2024-04-28,1105.0,PRD-125,SA,5,2115.02,1521
INV-2024-11594,2025-01-29,1479.0,PRD-130,JO,1,2236.78,1602
INV-2024-24778,2024-10-17,1057.0,PRD-159,JO,9,2187.38,1523
INV-2024-78755,2025-04-12,1321.0,PRD-113,EG,9,444.51,376
INV-2024-97282,2025-09-06,1344.0,PRD-150,EG,1,2422.73,1861
INV-2024-44850,2024/11/15,1292.0,PRD-125,JO,3,586.73,500
INV-2024-86752,2025-12-04,1237.0,PRD-149,JO,9,390.94,282
INV-2024-79536,2025-03-30,1279.0,PRD-104,EG,1,537.98,365
INV-2024-11160,2024-08-19,1471.0,PRD-131,EG,9,1468.87,1190
INV-2024-49759,2025-07-21,1296.0,PRD-152,EG,8,2204.15,1913
INV-2024-27964,2025-02-21,,PRD-118,JO,6,1323.33,971
INV-2024-51881,2024-10-24,1123.0,PRD-141,EG,6,1152.66,916
INV-2024-41939,2025-03-14,1463.0,PRD-109,SA,2,1779.45,1290
INV-2024-72965,2024-07-12,1179.0,PRD-125,AE,5,2722.39,1913
INV-2024-37991,2024-03-12,1268.0,PRD-124,EG,7,758.64,559
INV-2024-34728,02-May-2025,1084.0,PRD-151,SA,5,1968.38,1703
INV-2024-97036,2025-11-26,1119.0,PRD-121,EG,9,1847.87,1488
INV-2024-72227,2025-01-11,1030.0,PRD-119,AE,4,255.34,194
INV-2024-72688,2024-07-02,1319.0,PRD-145,EG,2,738.43,585
INV-2024-72748,2024-01-14,1308.0,PRD-106,SA,1,1692.76,1391
INV-2024-38065,2025/11/21,1393.0,PRD-147,SA,8,443.69,333
INV-2024-22982,2025-05-18,1316.0,PRD-149,EG,4,1661.12,1309
INV-2024-32599,2025-11-19,1013.0,PRD-112,EG,7,2509.68,1791
INV-2024-60837,2024-04-17,1113.0,PRD-129,SA,4,2574.55,1933
INV-2024-82487,2025-02-09,1197.0,PRD-157,EG,6,2119.3,1729
INV-2024-93020,2025-03-24,1277.0,PRD-138,AE,1,2193.05,1809
INV-2024-92186,2025-06-19,1296.0,PRD-139,AE,7,1133.87,851
INV-2024-80962,2025-11-05,1121.0,PRD-122,SA,9,1061.32,791
INV-2024-19295,2025-11-23,1379.0,PRD-143,SA,3,123.45,105
INV-2024-29151,2024-03-28,1325.0,PRD-115,SA,6,1811.03,1439
INV-2024-97435,2024-05-02,1282.0,PRD-140,AE,5,1434.18,1056
INV-2024-26640,2024-05-26,1229.0,PRD-101,SA,5,212.19,166
INV-2024-76829,2025-02-08,1008.0,PRD-160,EG,4,1722.68,1439
INV-2024-29058,2025-02-14,1370.0,PRD-114,EG,8,1244.63,984
INV-2024-18912,2025-12-12,1069.0,PRD-107,SA,6,2032.63,1642
INV-2024-72611,2025/08/27,1294.0,PRD-131,SA,2,153.1,103
INV-2024-77290,2024-04-14,1091.0,PRD-127,SA,1,1825.4,1465
INV-2024-19514,2024-06-21,1118.0,PRD-107,EG,8,422.26,318
INV-2024-84207,2024-03-07,1029.0,PRD-109,AE,3,2700.88,1911
INV-2024-31591,2025-01-07,1089.0,PRD-159,EG,10,1075.67,749
INV-2024-42383,22-Jul-2024,1168.0,PRD-158,EG,6,2771.35,1861
INV-2024-92174,2024-12-12,1221.0,PRD-120,SA,4,1167.2,998
INV-2024-64199,2024-07-24,1253.0,PRD-108,EG,10,1310.24,923
INV-2024-92001,2025-09-01,1107.0,PRD-128,SA,1,2039.45,1681
INV-2024-57411,2025-02-17,1053.0,PRD-145,EG,8,1094.85,842
INV-2024-39536,2024-05-05,1061.0,PRD-123,SA,3,1313.73,1051
INV-2024-44402,2024-08-26,1051.0,PRD-121,SA,4,612.93,488
INV-2024-63266,2025-03-10,1288.0,PRD-145,EG,3,1857.6,1358
INV-2024-17821,2025-05-26,1493.0,PRD-148,EG,7,2504.6,1968
INV-2024-66606,2024-10-12,1033.0,PRD-121,AE,10,543.71,400
INV-2024-15624,2025/12/31,,PRD-142,SA,10,158.44,117
INV-2024-52006,2025-08-18,1448.0,PRD-139,SA,5,286.79,203
INV-2024-61724,2025-08-30,1187.0,PRD-164,EG,4,2096.26,1608
INV-2024-13626,2024-10-06,1387.0,PRD-126,SA,8,2161.91,1608
INV-2024-35245,2025-10-21,1179.0,PRD-123,SA,7,2460.65,1965
INV-2024-98035,2025-02-13,1279.0,PRD-146,SA,7,2408.67,1913
INV-2024-58979,2024-12-30,1224.0,PRD-164,AE,7,1587.79,1245
INV-2024-61219,2025-05-02,1347.0,PRD-142,EG,8,1466.16,1045
INV-2024-68959,2025-11-13,1061.0,PRD-142,EG,9,1281.72,883
INV-2024-89486,2025-09-09,1203.0,PRD-107,AE,8,1793.28,1276
INV-2024-39454,2025-02-18,1473.0,PRD-153,JO,5,2307.74,1820
INV-2024-26688,2025-05-11,1192.0,PRD-113,EG,10,1569.95,1363
INV-2024-72831,2025-06-07,1448.0,PRD-118,SA,6,1186.84,895
INV-2024-90595,2024-10-12,1159.0,PRD-101,EG,3,1141.23,919
INV-2024-76787,2024-05-30,1317.0,PRD-164,EG,6,208.34,144
INV-2024-63284,2025/04/10,1403.0,PRD-107,EG,5,1882.09,1460
INV-2024-94677,2024-04-20,1355.0,PRD-101,EG,7,665.09,501
INV-2024-93275,2024-05-05,1259.0,PRD-124,AE,6,159.67,114
INV-2024-30615,2024-09-13,1214.0,PRD-114,SA,3,2115.98,1612
INV-2024-41632,2025-05-16,1440.0,PRD-101,EG,3,145.62,106
INV-2024-88509,2025-05-24,1093.0,PRD-121,EG,6,483.71,407
INV-2024-78322,2024-08-24,1288.0,PRD-129,AE,1,550.79,407
INV-2024-47699,2025-10-05,1136.0,PRD-137,EG,7,2671.19,1849
INV-2024-75160,2024-05-17,1194.0,PRD-164,SA,4,1058.6,713
INV-2024-19837,2024-01-31,1455.0,PRD-113,EG,5,1439.72,1097
INV-2024-66720,2024-04-11,1323.0,PRD-161,SA,2,962.32,695
INV-2024-88619,2024-02-24,1345.0,PRD-117,EG,10,2518.78,1991
INV-2024-14051,2024-03-10,1386.0,PRD-148,EG,9,1573.53,1275
INV-2024-64698,2025-05-25,1115.0,PRD-141,EG,4,964.66,728
INV-2024-18694,2025-11-25,1293.0,PRD-138,EG,10,1924.42,1334
INV-2024-83621,2024/01/28,1222.0,PRD-109,SA,10,934.5,761
INV-2024-21120,2024-07-02,1473.0,PRD-145,SA,10,1913.52,1508
INV-2024-29079,2025-01-26,1282.0,PRD-118,EG,8,1922.16,1385
INV-2024-94069,2025-09-11,1067.0,PRD-111,EG,1,1698.91,1220
INV-2024-15236,2025-11-26,1281.0,PRD-109,SA,2,1474.89,1066
INV-2024-58433,2024-11-30,1128.0,PRD-159,SA,2,353.35,300
INV-2024-46357,2024-06-05,1123.0,PRD-155,JO,4,1327.55,917
INV-2024-61546,2024-11-06,1476.0,PRD-113,SA,1,960.71,694
INV-2024-46809,2025-09-28,1345.0,PRD-137,SA,6,1821.58,1289
INV-2024-70883,2025-09-30,1317.0,PRD-114,SA,8,2605.46,1892
INV-2024-95218,08-Apr-2024,,PRD-135,JO,1,2491.71,1784
INV-2024-54758,2024-03-19,1188.0,PRD-163,AE,9,589.76,475
INV-2024-49779,2025-11-07,1184.0,PRD-138,EG,10,1937.83,1556
INV-2024-80161,2025-06-16,1009.0,PRD-112,EG,5,442.69,383
INV-2024-89337,2025-05-19,1417.0,PRD-138,EG,2,2452.12,1844
INV-2024-52872,2025/04/22,1165.0,PRD-153,SA,5,1414.9,1217
INV-2024-50388,2024-07-25,1281.0,PRD-160,AE,8,513.0,406
INV-2024-71592,2024-10-27,1362.0,PRD-105,SA,6,817.58,686
INV-2024-77035,2025-11-08,1311.0,PRD-116,EG,1,1496.67,1225
INV-2024-73935,2025-05-24,1428.0,PRD-148,AE,8,2106.14,1604
INV-2024-60606,2025-05-17,1429.0,PRD-101,AE,8,2487.0,1746
INV-2024-87274,2025-05-31,1337.0,PRD-149,EG,1,2507.84,1806
INV-2024-83424,2024-09-24,1465.0,PRD-112,SA,7,1560.57,1252
INV-2024-99415,2025-07-09,1390.0,PRD-128,SA,6,2039.73,1721
INV-2024-89325,2024-12-17,1404.0,PRD-134,AE,9,601.71,469
INV-2024-88556,2025-07-07,1398.0,PRD-141,AE,6,1806.29,1254
INV-2024-96639,2025-07-13,1249.0,PRD-121,SA,8,1826.46,1559
INV-2024-85233,2024-01-19,1299.0,PRD-153,SA,10,2132.45,1783
INV-2024-27991,2024-02-02,1213.0,PRD-118,AE,10,2437.93,1767
INV-2024-71515,2025-03-16,1199.0,PRD-148,SA,10,1976.37,1427
INV-2024-54181,2024/05/01,1307.0,PRD-133,EG,1,1372.63,940
INV-2024-21925,2025-01-27,1255.0,PRD-123,AE,7,351.67,304
INV-2024-74182,2025-04-05,1365.0,PRD-122,EG,4,1112.12,775
INV-2024-54880,2024-11-18,1014.0,PRD-118,EG,10,2343.52,1612
INV-2024-79827,2025-01-20,1301.0,PRD-147,AE,7,1479.54,1245
INV-2024-77763,29-Mar-2025,1106.0,PRD-161,AE,5,1589.09,1280
INV-2024-90788,2025-04-15,1288.0,PRD-125,SA,6,2674.36,1949
INV-2024-92754,2024-02-06,1103.0,PRD-155,EG,4,1308.65,1026
INV-2024-18248,2024-02-03,1304.0,PRD-135,EG,2,769.27,547
INV-2024-42976,2024-06-30,1456.0,PRD-161,EG,9,1555.13,1069
INV-2024-92460,2025-07-24,1288.0,PRD-115,EG,9,316.58,231
INV-2024-45155,2025-11-06,1062.0,PRD-112,AE,4,754.37,528
INV-2024-45553,2024-11-06,1450.0,PRD-142,EG,3,581.06,476
INV-2024-47872,2025-12-24,1121.0,PRD-135,SA,3,723.62,614
INV-2024-87913,2024-06-17,1007.0,PRD-157,EG,8,2615.76,1848
INV-2024-77307,2025/05/18,1075.0,PRD-113,JO,8,1425.39,1080
INV-2024-39863,2025-03-17,1123.0,PRD-154,EG,4,2094.98,1577
INV-2024-51032,2024-05-17,1431.0,PRD-106,EG,9,1800.93,1534
INV-2024-52488,2024-11-15,1089.0,PRD-123,EG,1,2323.34,1750
INV-2024-41380,2025-02-02,1093.0,PRD-119,SA,1,842.85,675
INV-2024-84188,2025-05-14,,PRD-138,SA,4,2288.03,1814
INV-2024-35069,2024-04-22,1264.0,PRD-163,SA,9,323.85,250
INV-2024-55680,2025-08-05,1301.0,PRD-133,SA,6,1217.53,1024
INV-2024-50153,2025-11-22,1411.0,PRD-105,EG,5,469.18,339
INV-2024-35145,2025-05-17,1319.0,PRD-144,SA,10,97.04,84
INV-2024-53908,2025-11-06,1262.0,PRD-124,SA,5,461.88,386
INV-2024-77852,2025-07-21,1256.0,PRD-113,EG,1,1785.54,1496
INV-2024-98617,2025-12-02,1437.0,PRD-129,EG,2,711.8,538
INV-2024-63941,2025-07-06,1108.0,PRD-136,EG,5,148.64,121
INV-2024-46506,2025-08-08,1430.0,PRD-108,EG,6,2162.64,1563
INV-2024-44591,2025/04/26,1171.0,PRD-122,SA,2,1312.87,1069
INV-2024-88349,2025-05-02,1472.0,PRD-132,EG,6,1328.4,1116
INV-2024-65554,2025-07-29,1257.0,PRD-153,EG,3,1938.1,1606
INV-2024-97776,2024-06-09,1322.0,PRD-111,EG,6,2173.07,1804
INV-2024-96391,2025-06-02,1316.0,PRD-163,JO,7,1511.55,1182
INV-2024-34687,2024-02-27,1207.0,PRD-137,AE,3,255.39,216
INV-2024-90354,2025-02-04,1005.0,PRD-158,EG,1,1091.53,904
INV-2024-28255,2024-09-26,1484.0,PRD-118,EG,2,2077.04,1736
INV-2024-48668,2025-05-21,1235.0,PRD-102,EG,7,1169.6,936
INV-2024-34899,2025-08-28,1342.0,PRD-144,SA,4,1018.02,846
INV-2024-99912,2025-01-21,1060.0,PRD-117,EG,4,2622.79,1869
INV-2024-57380,2025-09-23,1325.0,PRD-106,SA,2,325.76,264
INV-2024-81142,2025-11-23,1474.0,PRD-133,SA,10,1101.17,822
INV-2024-82470,2024-12-27,1014.0,PRD-142,AE,10,461.26,321
INV-2024-52092,2024-10-18,1432.0,PRD-111,EG,9,841.99,634
INV-2024-36799,2024/11/24,1183.0,PRD-133,AE,5,2084.52,1419
INV-2024-70645,2024-03-03,1377.0,PRD-136,AE,10,1138.12,949
INV-2024-86251,2024-01-29,1239.0,PRD-138,EG,3,2049.18,1399
INV-2024-78172,2025-08-27,1148.0,PRD-108,EG,8,802.51,563
INV-2024-32729,2024-02-16,1065.0,PRD-140,EG,2,1395.21,967
INV-2024-25363,2024-05-11,1119.0,PRD-153,EG,10,780.7,576
INV-2024-48202,2025-01-10,1417.0,PRD-134,EG,7,848.68,716
INV-2024-93701,2024-12-23,1155.0,PRD-137,SA,5,874.33,674
INV-2024-42378,2025-08-20,1249.0,PRD-147,SA,5,1300.66,1108
INV-2024-36965,2024-01-28,1379.0,PRD-138,JO,6,475.39,377
INV-2024-88398,02-Oct-2025,1153.0,PRD-151,EG,7,1018.28,701
INV-2024-93026,2024-12-15,1459.0,PRD-130,JO,1,693.16,562
INV-2024-54220,2025-01-24,1244.0,PRD-111,EG,9,784.02,651
INV-2024-33996,2024-04-09,1481.0,PRD-131,AE,10,307.08,250
INV-2024-94866,2025-03-14,1360.0,PRD-156,EG,10,1947.28,1314
INV-2024-75136,2024/12/19,,PRD-144,EG,9,679.94,498
INV-2024-59151,2024-12-31,1249.0,PRD-163,AE,8,2824.11,1883
INV-2024-42195,2025-02-25,1378.0,PRD-157,EG,2,979.24,791
INV-2024-61331,2024-12-25,1084.0,PRD-120,SA,5,345.33,286
INV-2024-73483,2024-02-27,1497.0,PRD-141,SA,1,1852.63,1517
INV-2024-45486,2025-11-08,1141.0,PRD-127,SA,2,539.09,431
INV-2024-84473,2024-09-07,1093.0,PRD-118,SA,4,2639.39,1821
INV-2024-70172,2024-09-10,1023.0,PRD-119,AE,8,968.66,659
INV-2024-80439,2024-08-28,1177.0,PRD-162,EG,4,2285.22,1735
INV-2024-54747,2025-10-25,1439.0,PRD-107,SA,7,643.02,533
INV-2024-29181,2024-11-15,1481.0,PRD-163,AE,8,588.76,479
INV-2024-43387,2025-08-29,1082.0,PRD-148,EG,2,68.13,51
INV-2024-89427,2024-03-27,1496.0,PRD-125,EG,8,1017.24,798
INV-2024-19443,2025-12-05,1497.0,PRD-123,AE,7,2437.56,1983
INV-2024-43100,2024-03-08,1271.0,PRD-112,SA,10,893.77,625
INV-2024-26309,2024/11/08,1451.0,PRD-148,SA,2,1802.67,1539
INV-2024-59356,2024-04-27,1392.0,PRD-145,EG,9,1682.04,1204
INV-2024-82179,2024-12-11,1271.0,PRD-112,SA,2,2271.45,1917
INV-2024-61521,2024-06-22,1093.0,PRD-135,EG,9,390.56,295
INV-2024-10428,2024-01-21,1147.0,PRD-131,SA,3,2264.43,1647
INV-2024-18722,05-Jul-2025,1131.0,PRD-153,AE,4,634.94,460
INV-2024-34763,2024-11-29,1174.0,PRD-141,EG,4,2151.26,1710
INV-2024-43398,2024-02-08,1146.0,PRD-125,SA,10,1879.45,1436
INV-2024-74887,2025-04-16,1394.0,PRD-113,JO,10,1146.88,960
INV-2024-69606,2025-11-04,1139.0,PRD-102,SA,1,2575.0,1747
INV-2024-82174,2025-03-08,1095.0,PRD-128,AE,5,440.18,353
INV-2024-86491,2025-08-04,1424.0,PRD-126,SA,1,2112.03,1823
INV-2024-46318,2025-06-11,1349.0,PRD-111,AE,8,606.42,510
INV-2024-76993,2025-03-07,1114.0,PRD-125,EG,3,894.91,650
INV-2024-84377,2024-09-30,1337.0,PRD-101,EG,9,1988.78,1392
INV-2024-65114,2024/01/21,1392.0,PRD-164,EG,3,837.61,676
INV-2024-36108,2025-12-13,1123.0,PRD-165,SA,10,1807.19,1558
INV-2024-44825,2025-04-25,1061.0,PRD-163,AE,3,324.59,221
INV-2024-16683,2025-08-25,1188.0,PRD-122,EG,8,1889.9,1318
INV-2024-66060,2024-01-23,1479.0,PRD-156,SA,10,244.0,209
INV-2024-92327,2024-11-20,1436.0,PRD-139,AE,2,1817.93,1215
INV-2024-74167,2025-01-21,1242.0,PRD-123,SA,3,782.38,625
INV-2024-88023,2025-08-07,1091.0,PRD-147,EG,1,1222.72,952
INV-2024-24166,2025-02-03,1183.0,PRD-110,SA,3,2524.89,1721
INV-2024-72438,2024-11-26,1044.0,PRD-127,EG,2,2787.96,1962
INV-2024-67301,2025-08-09,,PRD-160,EG,9,1568.12,1230
INV-2024-60709,2024-04-10,1208.0,PRD-155,JO,6,2644.44,1799
INV-2024-51044,2025-05-15,1451.0,PRD-114,EG,9,172.93,148
INV-2024-25655,2024-04-12,1152.0,PRD-136,EG,1,1906.19,1588
INV-2024-28314,2025-12-08,1200.0,PRD-157,AE,1,399.65,289
INV-2024-33737,2025/11/22,1114.0,PRD-117,EG,2,1013.65,846
INV-2024-26110,2024-07-29,1189.0,PRD-161,SA,2,149.4,100
INV-2024-57360,2024-12-10,1111.0,PRD-103,EG,7,2343.16,1811
INV-2024-17143,2025-05-23,1242.0,PRD-145,EG,5,730.32,539
INV-2024-15378,2025-05-29,1330.0,PRD-161,EG,4,1459.85,1173
INV-2024-19211,2025-11-14,1498.0,PRD-158,EG,2,2193.36,1575
INV-2024-46353,2024-12-13,1411.0,PRD-135,SA,6,1269.0,1079
INV-2024-24085,2024-06-19,1117.0,PRD-150,AE,1,2358.02,1946
INV-2024-81891,2025-09-21,1304.0,PRD-123,SA,2,1382.86,1147
INV-2024-80152,2024-11-02,1100.0,PRD-153,JO,8,410.05,324
INV-2024-45181,2025-01-07,1048.0,PRD-115,EG,3,1755.54,1270
INV-2024-26701,2025-03-22,1381.0,PRD-105,SA,4,2236.24,1595
INV-2024-22568,2024-07-25,1079.0,PRD-107,SA,7,446.99,363
INV-2024-65478,2025-05-23,1186.0,PRD-104,JO,1,1188.89,835
INV-2024-36855,2025-10-12,1286.0,PRD-138,EG,3,1826.25,1435
INV-2024-15234,2024/03/18,1295.0,PRD-120,SA,3,895.16,717
INV-2024-96546,2025-07-02,1173.0,PRD-151,AE,5,1361.08,1062
INV-2024-84261,2024-08-07,1222.0,PRD-110,EG,10,298.43,238
INV-2024-17848,2024-10-21,1461.0,PRD-146,AE,10,2889.66,2000
INV-2024-11291,2024-09-28,1198.0,PRD-127,EG,6,651.14,511
INV-2024-24605,2024-02-18,1082.0,PRD-137,AE,4,1149.05,953
INV-2024-54250,2024-10-31,1224.0,PRD-133,JO,7,1417.09,975
INV-2024-91836,2025-08-10,1086.0,PRD-117,SA,7,2671.45,1916
INV-2024-46329,2025-02-15,1038.0,PRD-150,SA,8,924.27,672
INV-2024-47249,2024-08-19,1143.0,PRD-102,EG,6,2013.85,1589
INV-2024-66335,01-Oct-2025,1388.0,PRD-122,JO,3,915.03,652
INV-2024-41546,2024-04-04,1355.0,PRD-122,SA,1,1069.6,787
INV-2024-40210,2025-08-15,1134.0,PRD-155,EG,3,1000.91,800
INV-2024-38893,2024-04-07,1273.0,PRD-158,SA,1,1018.52,818
INV-2024-91043,2025-08-29,1043.0,PRD-162,SA,10,2625.41,1774
INV-2024-89123,2024/12/10,1021.0,PRD-151,EG,4,932.3,644
INV-2024-84791,2024-10-06,1468.0,PRD-163,EG,4,226.91,191
INV-2024-44961,2024-03-09,1063.0,PRD-106,EG,6,1197.33,828
INV-2024-82432,2025-08-03,1455.0,PRD-131,SA,10,1643.11,1284
INV-2024-56340,2025-06-27,1050.0,PRD-112,SA,6,893.46,623
INV-2024-40980,2025-05-01,,PRD-133,SA,2,881.25,761
INV-2024-29884,2025-03-13,1110.0,PRD-134,AE,8,1940.45,1301
INV-2024-13008,2024-08-02,1361.0,PRD-108,AE,9,1300.33,901
INV-2024-82575,2024-12-21,1272.0,PRD-104,SA,9,688.76,543
INV-2024-86561,2024-03-19,1457.0,PRD-148,EG,6,1484.39,1079
INV-2024-51512,2025-10-29,1219.0,PRD-129,SA,5,876.87,706
INV-2024-38819,2024-11-05,1192.0,PRD-158,SA,10,1309.18,969
INV-2024-32523,2025-05-31,1134.0,PRD-162,SA,3,1076.18,765
INV-2024-60236,2024-11-03,1324.0,PRD-121,SA,10,2057.55,1377
INV-2024-36626,2025-03-19,1110.0,PRD-139,EG,7,1371.82,1135
INV-2024-81003,2025/11/10,1168.0,PRD-162,JO,7,1368.45,1104
INV-2024-90779,2025-07-06,1454.0,PRD-164,EG,9,844.73,721
INV-2024-12285,2024-11-16,1268.0,PRD-158,SA,7,2729.82,1908
INV-2024-31023,2024-07-23,1391.0,PRD-124,EG,6,615.34,526
INV-2024-21950,2025-02-28,1171.0,PRD-114,JO,9,81.75,61
INV-2024-84873,15-Feb-2025,1494.0,PRD-152,EG,8,1551.08,1119
INV-2024-90495,2024-09-14,1192.0,PRD-134,EG,2,390.46,270
INV-2024-45353,2025-10-01,1348.0,PRD-129,EG,3,2117.38,1695
INV-2024-73734,2025-06-11,1037.0,PRD-162,EG,10,1782.65,1313
INV-2024-26326,2025-04-09,1173.0,PRD-160,EG,3,642.72,493
INV-2024-22541,2025-11-18,1011.0,PRD-114,SA,1,1840.57,1532
INV-2024-42269,2025-07-14,1445.0,PRD-148,SA,10,1750.14,1362
INV-2024-63267,2024-07-03,1038.0,PRD-141,EG,9,2356.28,1785
INV-2024-38963,2024-01-20,1029.0,PRD-158,EG,6,670.2,467
INV-2024-41722,2025-10-04,1289.0,PRD-106,AE,4,964.9,820
INV-2024-70228,2025/12/21,1034.0,PRD-103,SA,5,985.53,688
INV-2024-89902,2025-06-12,1405.0,PRD-136,AE,2,1964.96,1323
INV-2024-31711,2024-07-10,1364.0,PRD-121,SA,10,2609.55,1752
INV-2024-32746,2025-08-13,1037.0,PRD-137,EG,1,626.4,482
INV-2024-38880,2025-05-26,1272.0,PRD-142,EG,1,1137.12,843
INV-2024-46630,2024-08-06,1079.0,PRD-129,EG,9,2547.08,1877
INV-2024-24075,2025-11-07,1037.0,PRD-106,AE,2,1158.33,984
INV-2024-10415,2025-04-23,1453.0,PRD-125,JO,1,1961.8,1586
INV-2024-41296,2024-10-01,1015.0,PRD-163,SA,10,1174.8,991
INV-2024-97970,2025-10-15,1211.0,PRD-134,EG,8,1474.17,1260
INV-2024-50434,2025-06-29,1244.0,PRD-160,EG,4,1255.07,1024
INV-2024-67041,2025-09-21,1500.0,PRD-114,EG,7,2284.02,1692
INV-2024-85974,2025-03-20,1230.0,PRD-119,SA,6,1569.66,1298
INV-2024-88606,2025-08-02,1212.0,PRD-140,EG,1,258.65,222
INV-2024-60685,2025-10-03,1327.0,PRD-152,JO,10,2641.89,1917
INV-2024-68479,2024/03/02,,PRD-157,EG,5,178.34,155
INV-2024-37969,2025-06-18,1029.0,PRD-160,JO,2,1349.16,1101
INV-2024-40432,2024-07-24,1323.0,PRD-148,AE,7,1170.54,830
INV-2024-23155,2025-01-08,1279.0,PRD-110,AE,1,973.46,823
INV-2024-20747,2025-04-18,1403.0,PRD-144,SA,4,2238.08,1710
INV-2024-63547,2024-05-31,1256.0,PRD-101,SA,1,2022.85,1748
INV-2024-68213,2024-09-03,1471.0,PRD-101,SA,3,1901.87,1586
INV-2024-68002,2024-06-03,1087.0,PRD-115,SA,7,1722.32,1196
INV-2024-29711,2025-12-02,1164.0,PRD-106,SA,2,2511.26,1780
INV-2024-60393,2024-11-03,1473.0,PRD-116,JO,2,2365.33,1609
INV-2024-90616,2025-03-21,1376.0,PRD-109,AE,7,1473.26,1209
INV-2024-59828,2025-02-24,1372.0,PRD-135,AE,10,321.36,279
INV-2024-13018,2024-11-22,1469.0,PRD-149,AE,8,1287.76,943
INV-2024-80944,2024-03-06,1432.0,PRD-162,EG,2,189.11,131
INV-2024-45615,2025-10-11,1145.0,PRD-115,EG,10,793.82,674
INV-2024-36886,2024/07/27,1118.0,PRD-155,SA,3,1435.71,1194
INV-2024-98252,2025-02-26,1186.0,PRD-120,SA,2,1555.48,1212
INV-2024-74424,2024-09-30,1467.0,PRD-118,AE,10,2490.06,1968
INV-2024-67232,2024-10-20,1063.0,PRD-150,SA,7,1156.61,963
INV-2024-78673,2025-10-23,1460.0,PRD-109,SA,8,130.83,90
INV-2024-54864,2024-06-13,1417.0,PRD-120,SA,6,822.94,568
INV-2024-52215,2024-09-19,1162.0,PRD-150,EG,6,183.3,123
INV-2024-12715,2025-12-04,1473.0,PRD-136,SA,3,2654.14,1895
INV-2024-75409,2025-09-07,1469.0,PRD-119,AE,6,2512.2,1757
INV-2024-76526,2024-08-29,1170.0,PRD-107,EG,8,2528.99,1990
INV-2024-90692,19-Feb-2025,1002.0,PRD-143,SA,3,782.12,652
INV-2024-60842,2024-09-01,1334.0,PRD-133,SA,3,1111.39,907
INV-2024-67958,2024-04-26,1092.0,PRD-148,EG,4,394.91,286
INV-2024-89502,2024-06-02,1148.0,PRD-142,EG,9,1265.94,956
INV-2024-36931,2024-07-15,1433.0,PRD-116,JO,4,418.9,364
INV-2024-58884,2024/01/29,1206.0,PRD-103,EG,2,1788.12,1463
INV-2024-28941,2024-09-08,1008.0,PRD-117,EG,4,378.35,266
INV-2024-20139,2024-11-13,1231.0,PRD-154,EG,7,2465.09,1753
INV-2024-88768,2025-04-20,1144.0,PRD-160,SA,5,1620.1,1110
INV-2024-99558,2025-05-12,1262.0,PRD-123,SA,8,1367.26,1185
INV-2024-59501,2025-07-27,1315.0,PRD-125,SA,1,204.67,139
INV-2024-32070,2025-03-22,1314.0,PRD-139,EG,7,604.86,521
INV-2024-62953,2025-03-08,1214.0,PRD-150,AE,7,2385.62,1825
INV-2024-37149,2025-10-24,1090.0,PRD-156,EG,10,956.73,824
INV-2024-38564,2024-02-07,1486.0,PRD-121,EG,10,2327.9,1788
INV-2024-51184,2024-07-25,,PRD-140,SA,10,1497.52,1275
INV-2024-56303,2024-06-12,1132.0,PRD-106,EG,8,449.81,301
INV-2024-63097,2024-10-06,1421.0,PRD-139,AE,10,1047.41,721
INV-2024-45932,2024-05-19,1327.0,PRD-142,JO,9,2221.84,1788
INV-2024-42606,2024-01-30,1466.0,PRD-139,EG,7,990.55,754
INV-2024-48099,2024/09/21,1126.0,PRD-116,AE,8,351.96,277
INV-2024-40263,2024-10-11,1086.0,PRD-133,AE,8,1521.31,1078
INV-2024-59734,2025-11-05,1326.0,PRD-128,JO,3,1639.89,1117
INV-2024-88700,2025-07-17,1395.0,PRD-160,EG,4,515.84,349
INV-2024-71566,2024-06-29,1413.0,PRD-123,SA,8,2078.39,1621
INV-2024-13181,21-Oct-2025,1132.0,PRD-142,EG,9,1680.54,1343
INV-2024-99979,2024-02-13,1441.0,PRD-164,AE,5,2203.9,1623
INV-2024-83834,2025-05-12,1220.0,PRD-138,EG,5,1028.72,751
INV-2024-41991,2024-01-21,1097.0,PRD-108,SA,1,1767.49,1524
INV-2024-94603,2024-02-26,1436.0,PRD-113,EG,5,678.3,528
INV-2024-18479,2024-03-26,1388.0,PRD-142,EG,10,830.47,651
INV-2024-69276,2024-11-17,1284.0,PRD-126,SA,9,600.64,402
INV-2024-12867,2025-09-08,1070.0,PRD-128,AE,4,962.76,675
INV-2024-60969,2024-11-01,1371.0,PRD-143,SA,4,632.28,497
INV-2024-84928,2024-03-06,1264.0,PRD-154,AE,3,456.13,321
INV-2024-55243,2025/02/20,1418.0,PRD-154,EG,6,2146.82,1627
INV-2024-57123,2025-01-07,1156.0,PRD-148,SA,10,2601.38,1896
INV-2024-59934,2025-11-18,1499.0,PRD-101,SA,4,2471.84,1772
INV-2024-12686,2025-11-04,1058.0,PRD-101,EG,4,753.92,526
INV-2024-74350,2024-04-02,1328.0,PRD-160,SA,7,284.04,199
INV-2024-67185,2025-02-10,1461.0,PRD-110,SA,6,1867.96,1426
INV-2024-68369,2024-05-23,1051.0,PRD-102,SA,5,2179.32,1845
INV-2024-65592,2024-08-29,1183.0,PRD-111,AE,9,372.04,271
INV-2024-21725,2024-04-24,1109.0,PRD-120,SA,2,956.02,774
INV-2024-67325,2025-08-07,1083.0,PRD-135,EG,9,237.92,200
INV-2024-43413,2025-05-27,1449.0,PRD-160,EG,7,862.28,741
INV-2024-55643,2024-05-03,1193.0,PRD-109,SA,4,2569.13,1889
INV-2024-39957,2025-06-18,1012.0,PRD-147,EG,6,2432.72,1866
INV-2024-45274,2025-11-11,1062.0,PRD-118,EG,6,210.59,181
INV-2024-58050,2025-08-17,1032.0,PRD-112,SA,1,1851.42,1369
INV-2024-44060,2025/06/21,1151.0,PRD-134,SA,4,92.99,80
INV-2024-72721,2024-09-14,1250.0,PRD-159,EG,4,470.36,333
INV-2024-30722,2025-05-23,1172.0,PRD-149,AE,7,1511.43,1208
INV-2024-32091,2024-04-02,1330.0,PRD-158,SA,7,1625.85,1337
INV-2024-38722,2024-08-31,1428.0,PRD-102,EG,9,518.71,404
INV-2024-86741,2025-09-06,,PRD-126,AE,3,2361.74,1834
INV-2024-94542,2024-05-05,1214.0,PRD-157,SA,4,2024.59,1473
INV-2024-77786,2024-11-16,1159.0,PRD-112,SA,4,299.2,212
INV-2024-88525,2024-12-03,1174.0,PRD-159,SA,4,2459.53,1810
INV-2024-79590,2025-08-21,1041.0,PRD-161,EG,5,338.14,272
INV-2024-35652,2025-02-03,1222.0,PRD-124,SA,5,439.72,324
INV-2024-14757,2024-08-29,1407.0,PRD-104,EG,7,2130.43,1422
INV-2024-59996,2025-03-09,1375.0,PRD-133,JO,7,2222.63,1869
INV-2024-57785,2024-08-11,1260.0,PRD-126,AE,4,2577.18,1757
INV-2024-16288,2024-05-27,1447.0,PRD-165,SA,2,1185.0,895
INV-2024-39960,2024/04/19,1354.0,PRD-118,EG,9,2087.67,1537
INV-2024-21792,2024-06-28,1466.0,PRD-141,EG,5,2144.24,1836
INV-2024-30808,2024-08-07,1337.0,PRD-137,EG,8,718.2,581
INV-2024-22108,2024-10-08,1251.0,PRD-138,SA,6,461.49,323
INV-2024-90668,2025-03-26,1411.0,PRD-162,EG,3,1739.43,1384
INV-2024-82459,2025-02-22,1468.0,PRD-159,SA,10,1758.14,1188
INV-2024-16562,2024-09-17,1096.0,PRD-123,EG,5,947.93,746
INV-2024-42819,2025-08-26,1014.0,PRD-138,JO,5,429.39,360
INV-2024-20388,2024-02-27,1058.0,PRD-102,EG,5,1834.72,1352
INV-2024-78846,2025-05-17,1061.0,PRD-152,JO,2,2316.13,1608
INV-2024-43442,30-Jun-2025,1229.0,PRD-161,JO,9,1012.49,708
INV-2024-69388,2025-01-18,1107.0,PRD-148,SA,10,2254.9,1563
INV-2024-29533,2025-12-17,1370.0,PRD-105,AE,6,1327.8,951
INV-2024-48424,2024-04-25,1197.0,PRD-149,SA,3,2046.3,1573
INV-2024-28564,2024-11-20,1435.0,PRD-123,SA,4,721.33,535
INV-2024-67133,2025/07/12,1475.0,PRD-131,EG,1,163.69,116
INV-2024-46505,2025-03-09,1336.0,PRD-117,EG,6,1987.05,1561
INV-2024-34382,2025-05-01,1305.0,PRD-126,SA,6,2501.59,1812
INV-2024-40027,2025-11-30,1205.0,PRD-148,SA,4,1416.04,980
INV-2024-63669,2024-09-09,1343.0,PRD-163,SA,4,322.26,266
INV-2024-50841,2024-10-11,1081.0,PRD-146,EG,5,1056.61,791
INV-2024-31840,2024-05-28,1414.0,PRD-163,EG,1,369.42,301
INV-2024-78224,2025-01-06,1378.0,PRD-113,EG,2,232.42,178
INV-2024-18752,2025-05-01,1252.0,PRD-116,EG,4,1730.61,1416
INV-2024-40384,2025-01-11,1211.0,PRD-126,EG,3,2350.43,1876
INV-2024-22094,2024-11-11,1064.0,PRD-123,EG,6,288.05,227
INV-2024-91388,2024-01-22,1160.0,PRD-140,EG,4,1564.28,1182
INV-2024-16834,2025-10-22,1036.0,PRD-161,AE,8,2298.6,1958
INV-2024-85053,2025-09-12,1487.0,PRD-142,EG,10,624.55,491
INV-2024-95802,2024-02-05,1468.0,PRD-111,SA,1,2444.35,1921
INV-2024-33061,2025/11/09,,PRD-136,EG,3,946.28,727
INV-2024-47780,2024-02-25,1110.0,PRD-162,AE,10,1309.68,919
INV-2024-81819,2025-12-08,1345.0,PRD-126,SA,4,2150.93,1802
INV-2024-71636,2025-11-18,1393.0,PRD-111,EG,3,68.77,50
INV-2024-65478,2024-09-02,1478.0,PRD-119,SA,9,1258.39,911
INV-2024-32010,16-Sep-2024,1286.0,PRD-161,EG,5,502.15,363
INV-2024-40965,2025-07-19,1247.0,PRD-161,SA,6,327.62,260
INV-2024-12252,2025-01-28,1337.0,PRD-151,EG,8,1998.05,1668
INV-2024-35609,2024-11-12,1441.0,PRD-157,JO,6,177.05,123
INV-2024-88988,2025-10-16,1316.0,PRD-149,SA,10,364.03,262
INV-2024-20098,2025-12-18,1376.0,PRD-117,EG,9,1029.72,692
INV-2024-18831,2025-01-06,1266.0,PRD-151,AE,6,1751.87,1207
INV-2024-23305,2025-12-02,1041.0,PRD-138,EG,7,911.42,634
INV-2024-45264,2024-05-04,1106.0,PRD-131,AE,2,2373.34,1618
INV-2024-33426,2025-07-01,1164.0,PRD-112,SA,7,2195.47,1599
INV-2024-79986,2024/08/30,1160.0,PRD-141,AE,1,511.59,398
INV-2024-26270,2025-03-29,1051.0,PRD-117,EG,9,172.54,134
INV-2024-70625,2025-02-01,1367.0,PRD-102,AE,4,2366.2,1586
INV-2024-82540,2024-01-09,1087.0,PRD-132,AE,4,1857.49,1452
INV-2024-58356,2025-02-06,1282.0,PRD-116,EG,6,2208.44,1825
INV-2024-33451,2024-09-18,1219.0,PRD-112,EG,6,1025.35,867
INV-2024-30017,2024-11-04,1429.0,PRD-108,EG,8,2228.65,1554
INV-2024-79947,2024-04-02,1041.0,PRD-157,JO,5,1371.31,1096
INV-2024-34485,2024-08-29,1489.0,PRD-142,EG,5,1001.85,680
INV-2024-42197,2024-10-31,1016.0,PRD-126,SA,1,1376.01,1000
INV-2024-11146,2024-08-03,1418.0,PRD-144,EG,8,2062.12,1561
INV-2024-52661,2024-06-13,1063.0,PRD-138,EG,5,2451.4,1890
INV-2024-32517,2025-03-25,1445.0,PRD-145,SA,2,1316.47,1076
INV-2024-45695,2025-10-08,1126.0,PRD-152,JO,4,1939.22,1601
INV-2024-77272,2024-11-20,1114.0,PRD-147,SA,4,1946.11,1495
INV-2024-12715,2025/10/21,1171.0,PRD-106,AE,8,1979.2,1554
INV-2024-75655,2025-02-20,1417.0,PRD-165,SA,7,1277.06,877
INV-2024-76127,2024-02-04,1030.0,PRD-159,EG,3,2558.81,1744
INV-2024-17451,2024-10-07,1012.0,PRD-144,EG,8,2276.88,1522
INV-2024-61616,2024-03-23,1219.0,PRD-155,SA,1,2528.17,1967
INV-2024-27688,2025-05-18,1010.0,PRD-146,JO,9,2510.6,1967
INV-2024-31889,2025-04-27,1219.0,PRD-119,AE,2,2323.74,1992
INV-2024-16336,2025-02-26,1191.0,PRD-153,EG,6,2618.32,1810
INV-2024-71481,2024-12-06,1070.0,PRD-127,EG,7,2407.05,1613
INV-2024-30435,2025-03-08,1139.0,PRD-164,EG,2,1926.72,1378
INV-2024-27339,2024-04-12,,PRD-109,JO,5,108.11,78
INV-2024-41709,2024-06-13,1101.0,PRD-134,AE,10,1254.87,942
INV-2024-89818,2025-12-16,1163.0,PRD-127,AE,10,2360.35,1662
INV-2024-58128,2024-09-24,1004.0,PRD-107,EG,1,2178.09,1856
INV-2024-85217,2025-06-02,1004.0,PRD-120,SA,9,1245.15,1049
INV-2024-46605,2024/03/08,1272.0,PRD-128,SA,9,405.85,299
INV-2024-70608,2024-12-26,1245.0,PRD-119,EG,2,1430.59,1209
INV-2024-42216,2025-03-06,1287.0,PRD-129,SA,2,1738.1,1300
INV-2024-69630,2025-09-08,1050.0,PRD-117,EG,7,840.2,730
INV-2024-32956,2025-07-14,1239.0,PRD-110,EG,6,1277.88,985
INV-2024-24401,2024-11-30,1053.0,PRD-102,AE,9,171.1,115
INV-2024-42534,2025-04-09,1365.0,PRD-156,AE,8,2094.91,1450
INV-2024-31245,2025-12-12,1065.0,PRD-117,SA,7,399.78,318
INV-2024-93903,2024-01-29,1171.0,PRD-112,SA,3,1937.21,1455
INV-2024-89431,2024-02-23,1087.0,PRD-129,EG,9,394.74,269
INV-2024-15540,18-Oct-2025,1447.0,PRD-152,AE,7,1056.55,740
INV-2024-18791,2025-10-18,1250.0,PRD-111,AE,8,542.69,461
INV-2024-59469,2024-07-07,1434.0,PRD-111,AE,10,2321.65,1622
INV-2024-27813,2025-10-07,1292.0,PRD-138,AE,4,352.85,286
INV-2024-10075,2025-03-30,1366.0,PRD-118,EG,8,2127.48,1435
INV-2024-47644,2025/10/18,1402.0,PRD-124,EG,6,1025.79,751
INV-2024-70394,2024-05-19,1217.0,PRD-163,SA,6,210.48,178
INV-2024-79323,2024-01-04,1165.0,PRD-117,EG,7,2321.17,1593
INV-2024-74219,2025-02-14,1057.0,PRD-144,AE,7,664.38,489
INV-2024-98804,2024-07-23,1087.0,PRD-159,EG,8,347.54,245
INV-2024-61775,2025-10-05,1274.0,PRD-133,EG,4,1084.39,896
INV-2024-82130,2024-11-08,1445.0,PRD-112,EG,4,760.83,638
INV-2024-80971,2024-11-17,1013.0,PRD-143,JO,4,578.35,463
INV-2024-62939,2025-08-12,1366.0,PRD-102,EG,8,1028.51,687
INV-2024-78819,2024-03-25,1433.0,PRD-154,SA,9,1204.61,953
INV-2024-71160,2024-04-23,1331.0,PRD-139,SA,5,1291.72,926
INV-2024-94849,2024-06-10,1363.0,PRD-139,EG,5,1383.42,1153
INV-2024-78112,2024-09-12,1112.0,PRD-163,SA,10,1645.95,1192
INV-2024-56391,2025-06-12,1389.0,PRD-114,AE,3,2380.35,1881
INV-2024-89366,2025-12-31,1262.0,PRD-142,SA,9,2607.05,1973
INV-2024-85690,2025/10/26,1144.0,PRD-161,AE,1,2691.65,1892
INV-2024-63110,2024-05-13,1112.0,PRD-108,EG,2,876.38,747
INV-2024-42955,2025-08-31,1392.0,PRD-140,EG,7,951.45,814
INV-2024-78612,2025-12-03,1166.0,PRD-154,JO,7,1776.6,1319
INV-2024-63435,2025-02-24,1354.0,PRD-155,EG,4,1542.35,1167
INV-2024-31875,23-Nov-2024,,PRD-135,SA,8,2460.59,1861
INV-2024-75949,2025-04-07,1158.0,PRD-130,AE,2,492.3,388
INV-2024-75500,2025-05-04,1329.0,PRD-131,EG,9,2454.18,1761
INV-2024-26546,2024-05-16,1135.0,PRD-132,AE,2,132.43,102
INV-2024-14773,2024-09-23,1424.0,PRD-159,EG,3,1828.71,1301
INV-2024-37117,2024-06-26,1216.0,PRD-158,EG,7,1038.11,800
INV-2024-19622,2025-12-04,1487.0,PRD-121,EG,1,2393.61,1845
INV-2024-88616,2025-08-30,1324.0,PRD-164,AE,1,2249.69,1825
INV-2024-58169,2024-12-01,1110.0,PRD-130,EG,7,1379.67,952
INV-2024-49117,2024-10-15,1233.0,PRD-163,AE,5,993.69,687
INV-2024-25143,2024/07/22,1442.0,PRD-105,JO,9,689.89,565
INV-2024-89219,2024-03-27,1462.0,PRD-161,SA,2,2249.63,1584
INV-2024-64055,2025-02-28,1267.0,PRD-115,SA,3,1745.67,1493
INV-2024-60144,2025-01-11,1112.0,PRD-102,SA,5,166.87,122
INV-2024-59275,2024-07-05,1172.0,PRD-132,EG,9,559.76,425
INV-2024-49258,2025-02-06,1471.0,PRD-115,SA,8,632.73,455
INV-2024-58971,2025-01-21,1418.0,PRD-118,SA,1,567.75,482
INV-2024-13129,2025-08-07,1224.0,PRD-102,JO,7,1071.22,858
INV-2024-51228,2024-08-17,1360.0,PRD-156,JO,6,356.89,247
INV-2024-73861,2024-01-22,1478.0,PRD-165,AE,5,1357.29,1022
INV-2024-36044,2024-01-24,1367.0,PRD-164,AE,10,1342.09,1006
INV-2024-12102,2025-07-25,1180.0,PRD-139,SA,9,1858.86,1331
INV-2024-38255,2025-10-24,1318.0,PRD-163,SA,6,1397.99,1002
INV-2024-67086,2025-09-18,1044.0,PRD-162,AE,2,943.38,648
INV-2024-93683,2025-10-03,1235.0,PRD-112,EG,10,2223.72,1775
INV-2024-29289,2024/08/22,1332.0,PRD-109,JO,10,236.14,160
INV-2024-68974,2024-04-01,1410.0,PRD-123,SA,4,1901.45,1357
INV-2024-87388,2025-04-18,1050.0,PRD-146,SA,1,1673.13,1153
INV-2024-28329,2024-07-22,1486.0,PRD-127,AE,3,2129.4,1610
INV-2024-95075,2024-09-25,1201.0,PRD-151,JO,9,2343.36,1804
INV-2024-49580,2025-12-19,1075.0,PRD-139,EG,1,113.17,92
INV-2024-61951,2024-06-21,1481.0,PRD-150,AE,6,237.79,173
INV-2024-42046,2024-02-20,1450.0,PRD-107,SA,6,2307.95,1925
INV-2024-28653,2025-02-14,1050.0,PRD-113,EG,5,1929.47,1596
INV-2024-12146,2025-09-24,1209.0,PRD-157,AE,6,2103.94,1778
INV-2024-39762,2025-03-15,1111.0,PRD-129,SA,6,597.69,414
INV-2024-67544,2025-09-06,1308.0,PRD-137,SA,6,1335.61,1025
INV-2024-43150,2024-09-23,1365.0,PRD-132,EG,10,1314.07,905
INV-2024-73802,2024-06-01,1016.0,PRD-110,SA,9,859.45,603
INV-2024-62329,2024-04-01,1387.0,PRD-122,SA,10,1201.53,1028
INV-2024-71125,2025/01/11,,PRD-141,SA,9,1230.08,918
INV-2024-70975,2024-06-23,1036.0,PRD-151,EG,3,2079.74,1472
INV-2024-58702,2025-08-03,1211.0,PRD-158,JO,8,987.92,821
INV-2024-36829,2024-04-30,1172.0,PRD-126,SA,5,1694.01,1342
INV-2024-70725,2024-01-15,1144.0,PRD-109,AE,4,2136.37,1792
INV-2024-27093,2025-06-22,1479.0,PRD-126,SA,9,1622.14,1333
INV-2024-64499,2025-03-21,1286.0,PRD-139,EG,10,2475.8,1827
INV-2024-16730,2025-04-09,1126.0,PRD-147,SA,2,603.64,415
INV-2024-42160,2025-11-20,1017.0,PRD-107,SA,9,2048.58,1618
INV-2024-29075,2025-05-21,1160.0,PRD-106,SA,1,1907.6,1644
INV-2024-93889,01-May-2024,1144.0,PRD-123,SA,2,1879.46,1437
INV-2024-23275,2024-08-17,1208.0,PRD-128,SA,5,620.31,425
INV-2024-48721,2025-12-31,1371.0,PRD-163,EG,4,582.7,495
INV-2024-59025,2024-07-27,1419.0,PRD-139,SA,3,805.1,687
INV-2024-16962,2024-07-14,1064.0,PRD-157,EG,9,1789.63,1222
INV-2024-55947,2024/09/29,1084.0,PRD-151,EG,2,2115.57,1605
INV-2024-70960,2024-10-21,1311.0,PRD-161,JO,5,1847.06,1540
INV-2024-60666,2025-05-21,1051.0,PRD-123,SA,1,2040.38,1720
INV-2024-95646,2025-01-26,1254.0,PRD-118,SA,5,1643.96,1159
INV-2024-66804,2024-05-13,1363.0,PRD-111,SA,6,2218.0,1879
INV-2024-20239,2025-03-17,1393.0,PRD-162,JO,6,126.56,90
INV-2024-88412,2024-07-30,1351.0,PRD-163,SA,10,1125.35,913
INV-2024-48528,2025-09-06,1074.0,PRD-129,AE,5,1706.33,1457
INV-2024-56500,2024-08-08,1301.0,PRD-136,EG,7,2028.69,1722
INV-2024-77182,2024-10-16,1358.0,PRD-154,JO,6,324.54,238
INV-2024-82300,2025-11-24,1088.0,PRD-151,AE,8,296.72,238
INV-2024-72535,2024-07-12,1027.0,PRD-162,AE,7,1028.93,698
INV-2024-15311,2025-03-04,1399.0,PRD-156,EG,9,1137.01,942
INV-2024-72843,2024-07-03,1227.0,PRD-128,EG,9,1130.29,811
INV-2024-18880,2025-02-22,1237.0,PRD-158,EG,2,2092.91,1434
INV-2024-56200,2024/05/29,1063.0,PRD-160,EG,3,248.64,184
INV-2024-53444,2024-01-30,1438.0,PRD-125,AE,10,1962.73,1663
INV-2024-35359,2024-10-24,1370.0,PRD-149,EG,8,71.92,52
INV-2024-50677,2024-09-25,1327.0,PRD-163,EG,1,62.11,52
INV-2024-76416,2024-08-29,1296.0,PRD-157,EG,7,1973.49,1636
INV-2024-31750,24-Sep-2025,1157.0,PRD-136,EG,6,553.26,424
INV-2024-11449,2025-04-06,1486.0,PRD-138,EG,4,69.74,50
INV-2024-23277,2024-09-11,1113.0,PRD-102,AE,10,1543.72,1166
INV-2024-29128,2025-01-13,1216.0,PRD-106,SA,5,1342.79,917
INV-2024-83608,2025-08-19,1427.0,PRD-144,EG,10,956.19,679
INV-2024-45338,2025-12-01,,PRD-112,SA,9,1204.64,899
INV-2024-17849,2025-10-24,1308.0,PRD-139,SA,9,1458.06,1046
INV-2024-13235,2025-04-14,1358.0,PRD-125,EG,3,79.52,65
INV-2024-76782,2024-03-28,1086.0,PRD-119,SA,7,1714.66,1182
INV-2024-38664,2024-01-11,1257.0,PRD-152,AE,8,140.44,102
INV-2024-92663,2025/04/25,1241.0,PRD-127,AE,6,1209.5,812
INV-2024-78300,2024-05-16,1273.0,PRD-163,AE,6,2406.4,1659
INV-2024-58662,2024-11-27,1248.0,PRD-142,EG,7,2357.7,1866
INV-2024-13164,2025-12-10,1297.0,PRD-101,JO,3,822.92,583
INV-2024-68767,2025-02-11,1148.0,PRD-154,AE,4,126.32,86
INV-2024-62876,2025-12-04,1114.0,PRD-115,JO,3,432.2,357
INV-2024-53783,2024-08-05,1190.0,PRD-159,EG,1,681.26,579
INV-2024-90337,2025-12-31,1216.0,PRD-121,JO,7,955.43,676
INV-2024-70331,2025-01-27,1375.0,PRD-148,AE,1,1524.34,1221
INV-2024-55472,2025-12-26,1190.0,PRD-141,AE,8,621.77,525
INV-2024-91496,2025-03-09,1338.0,PRD-120,EG,7,1107.82,914
INV-2024-52800,2025-09-03,1252.0,PRD-133,AE,8,1066.84,927
INV-2024-47345,2024-09-19,1413.0,PRD-120,JO,9,225.45,171
INV-2024-58230,2024-03-15,1032.0,PRD-109,SA,1,427.55,345
INV-2024-16673,2024-04-07,1140.0,PRD-155,SA,2,1754.04,1338
INV-2024-77763,2025/07/24,1307.0,PRD-131,JO,10,2271.43,1766
INV-2024-86758,2024-03-01,1309.0,PRD-162,SA,4,2033.59,1397
INV-2024-26160,2024-02-23,1387.0,PRD-129,SA,10,1975.7,1618
INV-2024-67461,2024-12-06,1101.0,PRD-165,SA,4,1474.63,1129
INV-2024-73899,2024-08-28,1284.0,PRD-155,JO,9,644.69,480
INV-2024-66807,2025-04-27,1268.0,PRD-152,EG,10,2228.55,1669
INV-2024-77367,2024-12-28,1263.0,PRD-145,SA,2,1182.03,966
INV-2024-14739,2025-09-12,1495.0,PRD-156,SA,9,380.44,259
INV-2024-97335,2025-11-17,1179.0,PRD-149,AE,3,1884.76,1571
INV-2024-81826,2025-09-04,1020.0,PRD-143,SA,8,2454.82,1705
INV-2024-84232,2025-12-27,1246.0,PRD-131,JO,9,1298.0,1054
INV-2024-76315,2024-02-16,1069.0,PRD-147,JO,2,1683.89,1237
INV-2024-18819,2024-01-06,1193.0,PRD-104,EG,9,844.17,573
INV-2024-30097,2024-09-16,1016.0,PRD-152,SA,4,2388.55,1953
INV-2024-59535,2025-05-31,1091.0,PRD-138,EG,10,2757.96,1911
INV-2024-53273,2025/09/26,1030.0,PRD-145,EG,9,1125.95,858
INV-2024-96588,2025-01-25,1210.0,PRD-120,SA,7,573.62,429
INV-2024-67653,2024-11-05,1231.0,PRD-108,JO,7,1245.73,951
INV-2024-93257,2025-02-08,1413.0,PRD-157,AE,9,2326.5,1797
INV-2024-45010,2025-11-18,1344.0,PRD-157,EG,4,2021.87,1486
INV-2024-28868,2025-01-14,,PRD-110,EG,2,1511.0,1296
INV-2024-28639,2024-05-15,1136.0,PRD-157,SA,7,1595.03,1076
INV-2024-35733,2025-07-26,1112.0,PRD-130,SA,1,968.09,790
INV-2024-22214,2024-02-12,1144.0,PRD-163,EG,1,1842.66,1419
INV-2024-90854,2025-08-17,1072.0,PRD-133,AE,7,339.12,290
INV-2024-60317,02-Jul-2024,1124.0,PRD-131,JO,3,929.5,622
INV-2024-46144,2024-09-23,1256.0,PRD-161,SA,4,1077.86,847
INV-2024-61694,2024-06-22,1400.0,PRD-136,AE,10,378.09,277
INV-2024-38866,2025-05-30,1387.0,PRD-153,EG,7,264.39,216
INV-2024-15490,2025-05-19,1011.0,PRD-139,AE,7,795.05,537
INV-2024-15768,2024/12/13,1094.0,PRD-161,SA,5,1298.78,1006
INV-2024-49703,2025-04-24,1307.0,PRD-127,EG,9,1004.51,763
INV-2024-11587,2024-05-15,1414.0,PRD-119,JO,7,1955.61,1402
INV-2024-27424,2024-04-01,1018.0,PRD-142,SA,1,1201.35,1002
INV-2024-35492,2024-11-20,1432.0,PRD-139,AE,4,1500.84,1090
INV-2024-64837,2025-12-28,1269.0,PRD-146,EG,1,142.03,105
INV-2024-84618,2025-06-27,1223.0,PRD-155,EG,10,539.86,379
INV-2024-35383,2025-03-19,1331.0,PRD-135,EG,6,1690.86,1463
INV-2024-64734,2024-05-25,1034.0,PRD-142,SA,5,1521.98,1312
INV-2024-29876,2024-09-23,1387.0,PRD-165,SA,8,1941.82,1581
INV-2024-65956,2024-04-29,1192.0,PRD-163,EG,5,738.67,512
INV-2024-81703,2024-11-16,1121.0,PRD-142,SA,7,2219.94,1772
INV-2024-84473,2024-02-15,1052.0,PRD-151,SA,1,1388.41,1048
INV-2024-43442,2024-05-10,1234.0,PRD-157,AE,3,429.42,356
INV-2024-37605,2025-05-26,1158.0,PRD-155,SA,7,2141.74,1545
INV-2024-10074,2024/10/14,1479.0,PRD-142,JO,4,793.1,535
INV-2024-18680,2025-01-04,1076.0,PRD-102,SA,8,86.22,72
INV-2024-31416,2025-03-16,1380.0,PRD-147,SA,1,2607.84,1803
INV-2024-14910,2024-10-16,1413.0,PRD-154,EG,10,1435.82,1013
INV-2024-44800,2024-09-26,1356.0,PRD-156,EG,10,794.45,548
INV-2024-73263,19-Sep-2025,1460.0,PRD-105,EG,6,335.57,271
INV-2024-18662,2024-09-27,1446.0,PRD-131,SA,9,1132.04,822
INV-2024-38717,2025-06-13,1060.0,PRD-102,EG,7,1616.76,1106
INV-2024-71381,2024-11-16,1080.0,PRD-110,EG,1,1357.32,1069
INV-2024-31706,2025-03-22,1028.0,PRD-101,AE,1,1192.27,874
INV-2024-98160,2024-06-17,1487.0,PRD-111,EG,6,1066.99,799
INV-2024-74681,2024-11-19,1476.0,PRD-145,EG,10,723.75,498
INV-2024-24973,2025-05-18,1443.0,PRD-121,EG,3,2262.54,1824
INV-2024-20481,2024-06-03,1183.0,PRD-141,AE,7,901.97,743
INV-2024-97741,2025-07-23,1066.0,PRD-124,EG,2,946.16,671
INV-2024-70241,2025/11/04,,PRD-140,SA,2,599.04,438
INV-2024-54923,2025-10-13,1336.0,PRD-148,SA,2,2499.39,1913
INV-2024-90844,2025-03-26,1107.0,PRD-126,SA,1,722.57,538
INV-2024-58774,2024-02-24,1223.0,PRD-141,SA,10,974.63,719
INV-2024-71463,2024-07-12,1247.0,PRD-106,AE,1,1077.35,765
INV-2024-43827,2024-06-01,1307.0,PRD-156,EG,6,1759.21,1500
INV-2024-85634,2024-02-25,1421.0,PRD-156,EG,4,1307.86,892
INV-2024-83212,2024-08-23,1414.0,PRD-109,EG,3,1610.24,1112
INV-2024-81817,2024-07-06,1022.0,PRD-138,EG,9,1638.05,1377
INV-2024-53332,2024-02-06,1424.0,PRD-159,EG,4,139.04,100
INV-2024-92775,2025-04-26,1427.0,PRD-130,EG,9,407.46,347
INV-2024-97155,2024-09-23,1068.0,PRD-141,SA,9,1391.07,952
INV-2024-52799,2024-06-16,1070.0,PRD-151,SA,9,1828.54,1230
INV-2024-79036,2025-12-23,1004.0,PRD-131,EG,3,1476.74,1181
INV-2024-30394,2025-04-23,1074.0,PRD-147,AE,2,1376.49,1079
INV-2024-97523,2025/03/22,1197.0,PRD-142,EG,1,1767.08,1196
INV-2024-99385,2024-04-28,1293.0,PRD-114,EG,2,490.72,356
INV-2024-87303,2025-05-21,1135.0,PRD-107,SA,9,1091.73,774
INV-2024-78163,2024-02-11,1167.0,PRD-154,EG,5,1928.15,1305
INV-2024-99469,2025-03-28,1281.0,PRD-109,EG,5,902.28,607
INV-2024-46564,2024-12-31,1279.0,PRD-131,SA,7,1156.81,773
INV-2024-87837,2025-12-27,1036.0,PRD-159,JO,10,1978.61,1628
INV-2024-42151,2025-07-28,1329.0,PRD-164,AE,1,2161.48,1457
INV-2024-39648,2025-05-11,1262.0,PRD-133,EG,8,902.68,676
INV-2024-12913,2025-04-13,1173.0,PRD-105,AE,7,997.79,829
INV-2024-66868,2025-05-19,1440.0,PRD-104,AE,1,2249.02,1757
INV-2024-73359,2024-04-25,1300.0,PRD-101,SA,5,831.07,607
INV-2024-45676,2024-05-31,1185.0,PRD-114,AE,1,2142.01,1809
INV-2024-53011,2024-05-06,1470.0,PRD-129,SA,6,203.47,157
INV-2024-76694,2024-12-23,1441.0,PRD-148,EG,7,1350.38,936
INV-2024-49396,2024/04/05,1015.0,PRD-147,SA,6,1520.68,1314
INV-2024-75388,2024-07-27,1330.0,PRD-147,SA,6,1932.57,1475
INV-2024-63046,2024-10-17,1249.0,PRD-143,SA,9,2533.26,1875
INV-2024-16722,2024-07-03,1294.0,PRD-161,SA,4,1473.68,1245
INV-2024-87554,2024-06-21,1250.0,PRD-140,JO,5,671.53,512
INV-2024-49366,2025-06-04,1361.0,PRD-106,JO,4,1041.32,716
INV-2024-43769,2024-10-06,1356.0,PRD-111,AE,10,2282.96,1548
INV-2024-23958,2025-07-30,1414.0,PRD-150,AE,1,1507.6,1263
INV-2024-29394,2025-11-10,1234.0,PRD-118,JO,7,2713.39,1906
INV-2024-82746,2025-08-22,1037.0,PRD-164,EG,5,536.01,433
INV-2024-39311,05-Aug-2024,,PRD-130,EG,2,301.05,256
INV-2024-38698,2025-08-20,1067.0,PRD-107,SA,7,1784.3,1377
INV-2024-42602,2024-01-05,1121.0,PRD-118,AE,8,1181.95,971
INV-2024-70862,2025-06-22,1401.0,PRD-114,SA,4,2887.79,1992
INV-2024-30087,2025-08-07,1004.0,PRD-132,AE,10,2846.05,1905
INV-2024-22923,2024/07/03,1051.0,PRD-132,EG,5,1204.35,807
INV-2024-81068,2025-03-02,1252.0,PRD-132,EG,9,2746.97,1936
INV-2024-76301,2024-03-19,1107.0,PRD-102,AE,5,1029.76,840
INV-2024-57578,2024-09-09,1378.0,PRD-126,EG,3,1440.77,1104
INV-2024-64086,2025-05-25,1412.0,PRD-120,EG,6,1139.55,903
INV-2024-62409,2025-11-24,1212.0,PRD-151,EG,9,168.0,119
INV-2024-64957,2024-04-06,1472.0,PRD-143,EG,9,154.41,133
INV-2024-84261,2024-12-02,1465.0,PRD-147,AE,9,1696.21,1229
INV-2024-53412,2024-01-27,1279.0,PRD-128,EG,2,946.22,720
INV-2024-49201,2024-10-18,1443.0,PRD-148,SA,1,2269.0,1919
INV-2024-20633,2025-11-28,1139.0,PRD-141,EG,4,1946.01,1452
INV-2024-41784,2025-11-27,1233.0,PRD-143,AE,9,360.71,268
INV-2024-31292,2024-05-04,1493.0,PRD-107,EG,8,1338.63,979
INV-2024-91665,2025-02-07,1318.0,PRD-136,SA,2,2105.34,1686
INV-2024-73068,2025-01-17,1178.0,PRD-115,AE,2,814.15,654
INV-2024-96885,2025/08/27,1048.0,PRD-153,EG,10,1896.94,1397
INV-2024-18692,2024-04-18,1057.0,PRD-133,AE,8,278.98,240
INV-2024-51150,2024-11-27,1471.0,PRD-153,SA,6,1299.23,899
INV-2024-17458,2024-06-06,1201.0,PRD-151,SA,7,1542.51,1148
INV-2024-67098,2024-01-30,1439.0,PRD-138,EG,6,1793.2,1416
INV-2024-63205,24-Mar-2024,1113.0,PRD-152,JO,8,2800.34,1957
INV-2024-66645,2025-04-16,1222.0,PRD-155,AE,6,1759.65,1287
INV-2024-30191,2025-12-25,1317.0,PRD-146,EG,10,172.89,143
INV-2024-64293,2025-11-06,1142.0,PRD-130,EG,5,2755.05,1939
INV-2024-72019,2025-05-06,1120.0,PRD-117,AE,9,373.52,259
INV-2024-14010,2025-04-09,1095.0,PRD-124,SA,7,1383.06,928
INV-2024-53749,2025-10-05,1315.0,PRD-140,AE,2,1553.08,1128
INV-2024-58546,2024-10-02,1160.0,PRD-113,SA,7,2249.3,1865
INV-2024-25496,2025-08-31,1207.0,PRD-130,AE,4,1911.09,1508
INV-2024-50371,2025-11-04,1338.0,PRD-108,EG,6,1942.27,1589
INV-2024-40891,2024/01/06,1338.0,PRD-112,EG,6,298.77,218
INV-2024-73769,2024-12-03,1347.0,PRD-110,SA,4,984.74,757
INV-2024-74469,2024-02-14,1485.0,PRD-114,JO,8,2172.08,1886
INV-2024-61949,2025-11-02,1260.0,PRD-163,EG,5,1242.43,1022
INV-2024-87125,2025-09-29,1234.0,PRD-140,SA,10,2026.31,1665
INV-2024-38053,2025-04-08,,PRD-122,SA,3,729.59,514
INV-2024-63125,2024-11-28,1248.0,PRD-115,SA,7,279.53,205
INV-2024-66374,2025-08-05,1286.0,PRD-153,AE,3,2242.52,1854
INV-2024-40816,2024-05-12,1342.0,PRD-144,AE,9,2938.33,1990
INV-2024-47547,2024-08-04,1339.0,PRD-135,EG,4,362.72,296
INV-2024-41881,2024-02-19,1357.0,PRD-141,JO,8,777.51,673
INV-2024-90028,2025-10-21,1158.0,PRD-158,AE,8,707.39,610
INV-2024-31613,2024-10-16,1100.0,PRD-158,AE,10,1234.3,1026
INV-2024-54054,2024-11-26,1054.0,PRD-154,SA,8,983.64,761
INV-2024-30865,2024-02-26,1249.0,PRD-157,AE,10,1748.88,1220
INV-2024-88378,2024/03/13,1198.0,PRD-108,EG,2,1591.77,1087
INV-2024-52879,2025-07-14,1135.0,PRD-138,EG,3,862.91,723
INV-2024-87784,2025-09-08,1020.0,PRD-165,AE,10,865.15,697
INV-2024-59394,2025-01-25,1040.0,PRD-141,EG,10,2798.37,1888
INV-2024-20863,2024-04-04,1149.0,PRD-117,EG,2,1185.49,805
INV-2024-23193,2025-02-12,1122.0,PRD-156,AE,5,1448.33,1170
INV-2024-20760,2024-09-18,1493.0,PRD-109,AE,7,2528.77,1780
INV-2024-20788,2024-07-01,1025.0,PRD-158,EG,7,769.75,565
INV-2024-11112,2024-09-02,1156.0,PRD-116,AE,5,876.61,716
INV-2024-29666,2025-02-12,1253.0,PRD-132,SA,6,2153.8,1776
INV-2024-80827,2024-04-01,1420.0,PRD-113,SA,6,1132.58,830
INV-2024-66169,2024-01-22,1223.0,PRD-136,AE,2,1149.29,827
INV-2024-74572,2024-08-01,1040.0,PRD-139,SA,6,2439.7,1854
INV-2024-22099,2024-06-15,1244.0,PRD-125,EG,7,2807.37,1884
INV-2024-94930,2025-02-01,1004.0,PRD-135,EG,10,281.95,231
INV-2024-29908,2025/02/16,1323.0,PRD-110,SA,8,1276.22,1087
INV-2024-16731,2024-10-18,1250.0,PRD-101,SA,2,1569.25,1225
INV-2024-10273,2025-10-24,1337.0,PRD-114,AE,5,2414.3,1900
INV-2024-71762,2025-10-31,1299.0,PRD-140,AE,6,314.48,252
INV-2024-33274,2024-06-06,1168.0,PRD-146,SA,9,1989.86,1636
INV-2024-14284,2024-05-03,1440.0,PRD-163,AE,4,1120.71,835
INV-2024-27495,2024-11-01,1090.0,PRD-160,EG,10,1113.43,857
INV-2024-48197,2025-05-17,1433.0,PRD-110,EG,9,201.93,151
INV-2024-58072,2025-03-18,1459.0,PRD-131,AE,9,1623.21,1112
INV-2024-98963,2024-11-13,1424.0,PRD-149,EG,9,916.02,686
INV-2024-99871,02-Dec-2025,1366.0,PRD-160,EG,3,620.21,450
INV-2024-56825,2025-09-09,1422.0,PRD-103,SA,10,1494.22,1287
INV-2024-97301,2024-05-14,1404.0,PRD-103,SA,5,2262.76,1531
INV-2024-84972,2025-01-02,1129.0,PRD-136,AE,6,69.03,56
INV-2024-21471,2025-11-12,1194.0,PRD-101,EG,1,745.97,585
INV-2024-15299,2024/04/08,,PRD-116,EG,10,1525.98,1308
INV-2024-31655,2025-01-11,1430.0,PRD-111,EG,9,1268.92,1031
INV-2024-50601,2025-06-08,1015.0,PRD-107,SA,3,1454.38,1059
INV-2024-53272,2024-07-23,1123.0,PRD-149,EG,3,2555.29,1704
INV-2024-23103,2025-05-16,1086.0,PRD-124,SA,4,2185.41,1651
INV-2024-15104,2025-04-01,1314.0,PRD-155,AE,6,212.31,171
INV-2024-86397,2025-02-01,1075.0,PRD-127,JO,7,2183.35,1873
INV-2024-20793,2025-05-02,1134.0,PRD-107,EG,8,673.11,528
INV-2024-15179,2024-10-01,1432.0,PRD-142,SA,3,500.42,386
INV-2024-90525,2025-07-30,1134.0,PRD-147,SA,10,550.29,471
INV-2024-10027,2025-09-06,1441.0,PRD-145,JO,4,1580.6,1203
INV-2024-35198,2025-03-09,1394.0,PRD-125,JO,5,2273.14,1777
INV-2024-32273,2024-04-02,1347.0,PRD-125,EG,6,2330.23,1707
INV-2024-61231,2025-03-08,1152.0,PRD-156,AE,3,1066.54,911
INV-2024-74272,2025-01-12,1422.0,PRD-149,EG,1,1754.61,1514
INV-2024-24095,2025/09/20,1081.0,PRD-159,EG,8,834.47,572
INV-2024-45039,2024-07-09,1046.0,PRD-141,EG,5,1938.67,1390
INV-2024-87774,2025-03-20,1470.0,PRD-115,SA,7,762.32,645
INV-2024-48198,2025-10-07,1312.0,PRD-109,SA,10,2126.08,1800
INV-2024-90666,2025-03-12,1223.0,PRD-126,EG,6,1144.13,909
INV-2024-78955,05-Apr-2024,1499.0,PRD-107,SA,3,1887.57,1479
INV-2024-19395,2024-02-11,1454.0,PRD-137,EG,3,1078.1,926
INV-2024-90312,2025-06-09,1066.0,PRD-153,SA,9,2189.34,1591
INV-2024-47282,2024-12-15,1086.0,PRD-124,EG,4,1384.86,1116
INV-2024-28168,2025-04-19,1436.0,PRD-147,EG,8,1906.1,1297
INV-2024-18512,2025-11-23,1276.0,PRD-125,SA,10,1035.75,703
INV-2024-70599,2024-08-17,1189.0,PRD-139,EG,9,1458.69,1207
INV-2024-89451,2025-10-25,1033.0,PRD-142,SA,8,901.18,620
INV-2024-44076,2025-12-03,1091.0,PRD-142,EG,10,826.23,604
INV-2024-30629,2025-12-31,1182.0,PRD-159,SA,7,1008.11,800
INV-2024-94340,2024/06/07,1264.0,PRD-121,EG,9,2085.68,1428
INV-2024-77487,2025-05-22,1224.0,PRD-143,SA,4,1394.58,1147
INV-2024-22598,2025-06-23,1209.0,PRD-163,AE,7,1079.48,760
INV-2024-75066,2025-10-06,1108.0,PRD-108,EG,2,1790.02,1555
INV-2024-89493,2025-10-24,1066.0,PRD-122,SA,2,678.17,552
INV-2024-39332,2025-06-21,1183.0,PRD-164,EG,4,1936.71,1362
INV-2024-47184,2024-03-26,1092.0,PRD-134,SA,2,834.11,667
INV-2024-14198,2024-10-24,1423.0,PRD-128,EG,6,887.4,640
INV-2024-61562,2025-04-24,1387.0,PRD-143,SA,8,862.31,640
INV-2024-54388,2025-03-23,1317.0,PRD-130,SA,7,2481.74,1863
INV-2024-97164,2024-03-22,,PRD-126,JO,3,951.37,791
INV-2024-31339,2025-05-04,1111.0,PRD-137,SA,1,1922.69,1326
INV-2024-71952,2024-11-03,1353.0,PRD-144,SA,4,2769.47,1958
INV-2024-69311,2024-06-01,1494.0,PRD-123,SA,2,902.52,770
INV-2024-57022,2024-05-10,1349.0,PRD-126,JO,5,2138.63,1667
INV-2024-76699,2025/12/01,1482.0,PRD-103,AE,7,1599.78,1140
INV-2024-50160,2024-11-03,1498.0,PRD-120,EG,5,1201.12,1013
INV-2024-48489,2024-09-11,1244.0,PRD-146,AE,6,1315.81,900
INV-2024-95654,2025-06-19,1280.0,PRD-103,SA,1,2070.59,1410
INV-2024-62572,2025-03-13,1411.0,PRD-105,AE,4,1998.3,1727
INV-2024-64784,2024-10-29,1456.0,PRD-123,AE,2,1816.42,1515
INV-2024-40818,2025-08-05,1493.0,PRD-144,EG,6,324.98,268
INV-2024-50543,2024-02-18,1306.0,PRD-154,AE,9,609.65,509
INV-2024-97327,2025-07-18,1285.0,PRD-120,EG,6,2377.33,1916
INV-2024-52809,2024-03-19,1500.0,PRD-134,EG,3,2372.73,1965
INV-2024-37596,2024-02-16,1322.0,PRD-130,EG,3,1260.84,894
INV-2024-41546,2025-06-09,1059.0,PRD-117,AE,5,744.46,590
INV-2024-70461,2024-04-20,1055.0,PRD-161,EG,6,1596.42,1373
INV-2024-29493,2025-06-06,1064.0,PRD-142,EG,10,1128.11,854
INV-2024-30344,2025-03-11,1253.0,PRD-157,AE,9,1539.5,1074
INV-2024-14823,2025/02/26,1348.0,PRD-111,EG,2,1729.46,1358
INV-2024-20414,2024-04-06,1107.0,PRD-113,EG,3,1224.14,915
INV-2024-17700,2025-04-20,1101.0,PRD-124,EG,3,2079.66,1496
INV-2024-87028,2025-11-07,1173.0,PRD-125,EG,6,2082.54,1674
INV-2024-25429,2025-08-05,1107.0,PRD-106,SA,4,1951.26,1518
INV-2024-29356,2024-09-16,1045.0,PRD-125,EG,1,2687.74,1844
INV-2024-24113,2024-12-29,1228.0,PRD-144,JO,2,1586.81,1212
INV-2024-68840,2024-09-17,1103.0,PRD-123,AE,9,324.85,255
INV-2024-26529,2025-08-22,1174.0,PRD-144,EG,3,1457.2,979
INV-2024-29572,2024-03-24,1224.0,PRD-161,EG,3,1719.67,1340
INV-2024-19626,30-May-2025,1450.0,PRD-124,SA,4,942.74,725
INV-2024-47024,2024-01-17,1347.0,PRD-103,SA,10,607.58,526
INV-2024-53611,2024-04-26,1261.0,PRD-156,EG,10,285.58,210
INV-2024-51936,2025-11-08,1007.0,PRD-148,EG,8,1985.7,1475
INV-2024-85926,2025-04-18,1481.0,PRD-164,AE,10,1149.63,852
INV-2024-41359,2024/07/02,1342.0,PRD-128,EG,9,2372.2,1997
INV-2024-73123,2024-07-05,1455.0,PRD-116,EG,10,867.27,644
INV-2024-67060,2025-02-06,1140.0,PRD-159,AE,7,352.3,291
INV-2024-63723,2024-02-16,1307.0,PRD-111,SA,1,147.56,123
INV-2024-26071,2024-03-26,1186.0,PRD-112,EG,6,371.78,281
INV-2024-94451,2025-03-02,,PRD-142,SA,7,2335.93,1905
INV-2024-97591,2025-12-22,1108.0,PRD-158,EG,6,571.4,468
INV-2024-98033,2024-10-31,1018.0,PRD-161,AE,3,1539.28,1083
INV-2024-82367,2024-11-17,1210.0,PRD-152,SA,7,1401.68,1077
INV-2024-87027,2025-08-24,1417.0,PRD-148,AE,9,2477.93,1756
INV-2024-49655,2025-04-10,1036.0,PRD-128,JO,2,1011.09,838
INV-2024-37495,2025-11-17,1031.0,PRD-109,JO,7,1126.85,776
INV-2024-72026,2025-04-05,1157.0,PRD-111,JO,10,820.66,568
INV-2024-96007,2025-09-30,1403.0,PRD-127,SA,10,2535.33,1964
INV-2024-14434,2024-09-28,1351.0,PRD-147,EG,5,1933.01,1584
INV-2024-57737,2024/12/15,1175.0,PRD-103,SA,6,1254.53,948
INV-2024-30516,2024-07-10,1478.0,PRD-106,SA,4,1687.24,1443
INV-2024-61222,2024-08-04,1237.0,PRD-119,AE,6,1585.11,1224
INV-2024-35098,2024-07-08,1281.0,PRD-143,EG,7,1697.76,1298
INV-2024-55231,2024-03-21,1170.0,PRD-125,JO,9,809.74,663
INV-2024-18658,10-Sep-2025,1097.0,PRD-121,AE,2,790.27,586
INV-2024-16411,2024-09-22,1086.0,PRD-143,JO,2,502.03,395
INV-2024-14112,2025-11-20,1024.0,PRD-156,AE,7,459.23,334
INV-2024-43053,2024-04-18,1388.0,PRD-101,EG,10,2503.0,1883
INV-2024-61060,2025-03-20,1350.0,PRD-106,EG,5,202.66,147
INV-2024-34453,2025-07-01,1163.0,PRD-115,EG,2,2504.82,1684
INV-2024-75223,2024-01-19,1150.0,PRD-114,EG,1,1116.28,783
INV-2024-70752,2024-01-06,1008.0,PRD-145,SA,2,1841.01,1491
INV-2024-96288,2025-02-08,1246.0,PRD-135,AE,5,1826.7,1514
INV-2024-62099,2024-04-29,1466.0,PRD-152,AE,4,2142.14,1654
INV-2024-52412,2024/01/14,1456.0,PRD-110,SA,3,573.96,401
INV-2024-68931,2024-06-24,1232.0,PRD-139,EG,3,981.52,705
INV-2024-27419,2025-11-02,1359.0,PRD-129,EG,10,2272.55,1565
INV-2024-52848,2025-05-03,1175.0,PRD-137,EG,4,1884.88,1278
INV-2024-65358,2025-04-16,1007.0,PRD-151,EG,5,382.77,309
INV-2024-96298,2025-12-09,1233.0,PRD-111,SA,5,2053.91,1499
INV-2024-51259,2025-02-18,1189.0,PRD-118,EG,4,2635.04,1952
INV-2024-84261,2025-11-04,1271.0,PRD-152,EG,6,2175.36,1589
INV-2024-34112,2025-09-08,1407.0,PRD-158,EG,7,1565.62,1080
INV-2024-10975,2025-05-13,1292.0,PRD-103,SA,2,1613.41,1172
INV-2024-31519,2024-11-06,1085.0,PRD-114,SA,3,965.59,678
INV-2024-42846,2025-09-25,1200.0,PRD-150,SA,2,2439.57,1966
INV-2024-64499,2025-09-23,1400.0,PRD-121,SA,9,177.05,130
INV-2024-22218,2025-01-04,1001.0,PRD-163,JO,3,89.94,66
INV-2024-73818,2025-12-08,1301.0,PRD-160,EG,1,1683.95,1293
INV-2024-53850,2025/11/20,,PRD-132,SA,2,2522.71,1751
INV-2024-29420,2025-12-07,1319.0,PRD-141,AE,2,266.79,203
INV-2024-15508,2025-11-22,1121.0,PRD-128,SA,2,1110.75,950
INV-2024-28394,2025-02-08,1459.0,PRD-145,JO,4,713.96,539
INV-2024-41460,2024-11-05,1001.0,PRD-161,EG,9,989.3,847
INV-2024-77211,2024-03-30,1240.0,PRD-131,SA,8,2460.57,1936
INV-2024-89157,2024-05-08,1093.0,PRD-159,EG,6,598.96,456
INV-2024-74927,2024-05-18,1071.0,PRD-164,SA,1,1728.17,1452
INV-2024-46419,2024-01-15,1123.0,PRD-130,EG,4,115.26,100
INV-2024-36510,2024-07-14,1173.0,PRD-124,EG,7,1804.49,1228
INV-2024-33660,2024-04-24,1140.0,PRD-154,SA,8,1996.89,1613
INV-2024-64771,2024-01-17,1098.0,PRD-109,SA,4,284.3,193
INV-2024-15039,2025-12-13,1047.0,PRD-146,EG,10,1192.17,899
INV-2024-11209,2024-07-11,1277.0,PRD-138,SA,5,447.36,373
INV-2024-92776,2024-01-28,1102.0,PRD-156,SA,2,1008.51,803
INV-2024-57281,2024/08/02,1010.0,PRD-128,EG,10,2671.64,1853
INV-2024-54952,2025-05-07,1106.0,PRD-104,SA,5,1977.54,1466
INV-2024-90593,2025-10-26,1039.0,PRD-132,AE,6,2221.47,1731
INV-2024-58892,2024-05-28,1101.0,PRD-144,SA,7,1236.29,934
INV-2024-54194,2025-10-27,1206.0,PRD-127,EG,5,1322.94,907
INV-2024-10358,2024-09-04,1169.0,PRD-126,EG,2,2328.59,1579
INV-2024-23709,2025-03-22,1087.0,PRD-142,SA,3,1561.28,1104
INV-2024-73281,2025-10-03,1109.0,PRD-118,JO,3,2344.34,1855
INV-2024-75677,2025-07-05,1426.0,PRD-128,SA,5,1514.94,1097
INV-2024-36438,2024-07-14,1422.0,PRD-124,EG,10,1367.2,965
INV-2024-37664,29-Mar-2024,1365.0,PRD-128,SA,5,1837.81,1270
INV-2024-29373,2024-11-04,1499.0,PRD-146,AE,8,1240.18,984
INV-2024-53583,2025-04-19,1329.0,PRD-131,EG,4,919.68,759
INV-2024-99175,2024-05-31,1001.0,PRD-164,JO,7,751.29,652
INV-2024-96332,2025-04-30,1148.0,PRD-156,JO,2,419.23,344
INV-2024-76188,2025/03/08,1166.0,PRD-110,EG,5,160.19,133
INV-2024-45841,2024-01-23,1236.0,PRD-134,JO,9,539.57,468
INV-2024-79582,2024-04-29,1456.0,PRD-158,EG,6,93.81,79
INV-2024-61208,2024-06-19,1073.0,PRD-126,AE,8,1561.23,1349
INV-2024-79302,2024-06-05,1334.0,PRD-125,SA,5,1450.93,1219
INV-2024-87396,2025-12-20,1444.0,PRD-114,SA,1,1821.61,1433
INV-2024-90276,2025-03-31,1486.0,PRD-149,SA,10,1723.26,1337
INV-2024-90245,2025-05-11,1479.0,PRD-153,AE,5,514.52,392
INV-2024-35776,2025-04-27,1374.0,PRD-120,EG,2,636.04,433
INV-2024-67008,2024-01-21,1485.0,PRD-152,SA,5,1827.76,1451
INV-2024-15167,2025-04-05,,PRD-137,EG,7,1356.0,1046
INV-2024-69631,2025-08-22,1313.0,PRD-162,EG,7,1422.11,1030
INV-2024-87460,2024-09-05,1246.0,PRD-150,EG,3,1142.54,841
INV-2024-81712,2024-07-25,1364.0,PRD-153,SA,4,86.28,59
INV-2024-48036,2024-10-28,1354.0,PRD-112,EG,4,579.24,472
INV-2024-80620,2025/08/06,1315.0,PRD-163,EG,9,2229.26,1558
INV-2024-69826,2025-02-05,1416.0,PRD-118,EG,2,2288.17,1749
INV-2024-15834,2024-02-22,1329.0,PRD-122,EG,7,2052.19,1414
INV-2024-47288,2024-12-07,1309.0,PRD-116,SA,10,984.38,838
INV-2024-53595,2024-01-09,1320.0,PRD-137,JO,2,2416.94,1805
INV-2024-12348,15-Apr-2024,1158.0,PRD-116,EG,8,1007.14,776
INV-2024-63390,2025-10-07,1500.0,PRD-116,JO,7,1820.22,1563
INV-2024-87243,2025-12-31,1279.0,PRD-127,AE,5,1843.6,1244
INV-2024-92187,2025-03-18,1204.0,PRD-120,SA,1,2239.15,1727
INV-2024-18231,2025-03-01,1431.0,PRD-124,SA,3,1411.35,1077
INV-2024-72195,2025-05-22,1364.0,PRD-141,AE,7,246.45,196
INV-2024-64689,2025-08-15,1386.0,PRD-111,EG,1,1775.47,1208
INV-2024-70757,2025-09-02,1036.0,PRD-149,SA,6,1583.11,1309
INV-2024-89791,2025-07-21,1081.0,PRD-125,SA,6,2608.41,1994
INV-2024-84959,2024-10-24,1467.0,PRD-106,SA,9,1372.43,1083
INV-2024-40270,2024/02/07,1217.0,PRD-106,AE,10,97.35,80
INV-2024-51311,2025-05-14,1147.0,PRD-129,EG,8,2248.09,1558
INV-2024-87449,2025-02-13,1041.0,PRD-110,SA,3,179.71,150
INV-2024-39215,2025-05-12,1013.0,PRD-128,SA,3,2342.08,1901
INV-2024-68886,2025-06-09,1327.0,PRD-147,EG,10,2220.03,1754
INV-2024-44694,2025-08-28,1356.0,PRD-113,EG,3,1729.23,1263
INV-2024-49358,2025-09-18,1238.0,PRD-105,SA,3,427.85,351
INV-2024-95466,2025-11-25,1125.0,PRD-127,AE,6,2092.15,1557
INV-2024-15073,2025-05-14,1115.0,PRD-129,SA,10,1580.52,1157
INV-2024-40077,2024-08-25,1035.0,PRD-146,AE,2,1765.34,1481
INV-2024-97612,2024-03-03,1321.0,PRD-131,SA,10,1645.72,1243
INV-2024-85964,2025-06-24,1471.0,PRD-161,EG,4,1665.55,1158
INV-2024-43310,2024-01-20,1309.0,PRD-159,EG,3,1274.46,949
INV-2024-61748,2025-03-08,1200.0,PRD-160,EG,8,2645.34,1979
INV-2024-44782,2025-08-13,1126.0,PRD-121,EG,7,89.19,65
INV-2024-10561,2024/11/19,1094.0,PRD-138,EG,3,1794.41,1264
INV-2024-79565,2025-07-20,1169.0,PRD-153,AE,2,834.19,673
INV-2024-40044,2024-03-06,1408.0,PRD-134,AE,9,1041.51,821
INV-2024-15314,2024-10-01,1102.0,PRD-135,EG,1,2438.75,1889
INV-2024-39071,2025-10-25,1196.0,PRD-103,EG,9,229.01,182
INV-2024-68884,2025-03-03,,PRD-139,EG,10,1790.89,1308
INV-2024-41323,2025-04-29,1360.0,PRD-165,SA,8,395.83,339
INV-2024-62032,2024-04-29,1033.0,PRD-111,EG,4,99.1,70
INV-2024-10294,2025-05-21,1122.0,PRD-135,EG,4,1487.46,1248
INV-2024-66362,2025-09-29,1460.0,PRD-138,JO,2,1726.58,1236
INV-2024-16260,2025-10-23,1387.0,PRD-115,AE,2,2206.76,1485
INV-2024-19975,2024-12-21,1303.0,PRD-157,EG,7,818.99,560
INV-2024-45865,2025-04-04,1321.0,PRD-103,SA,6,77.98,52
INV-2024-80157,2025-12-15,1293.0,PRD-136,EG,6,229.7,158
INV-2024-81636,2025-03-22,1123.0,PRD-137,AE,3,1128.24,953
INV-2024-64624,2024/01/22,1293.0,PRD-122,SA,9,2570.47,1866
INV-2024-12142,2024-06-14,1073.0,PRD-101,EG,9,932.35,625
INV-2024-75765,2024-10-21,1391.0,PRD-134,AE,2,2393.04,1680
INV-2024-93888,2024-07-15,1346.0,PRD-112,EG,7,1545.43,1262
INV-2024-50134,2025-04-25,1415.0,PRD-153,EG,3,877.45,609
INV-2024-88675,2024-12-18,1443.0,PRD-143,EG,2,2900.37,1984
INV-2024-96941,2025-03-24,1120.0,PRD-155,SA,3,719.28,542
INV-2024-16710,2024-08-25,1251.0,PRD-126,EG,1,2664.68,1893
INV-2024-75095,2025-06-03,1365.0,PRD-162,EG,5,239.62,206
INV-2024-86044,2024-08-12,1211.0,PRD-161,EG,3,528.38,408
INV-2024-37972,24-Aug-2025,1308.0,PRD-143,EG,5,420.47,300
INV-2024-80004,2025-12-02,1185.0,PRD-117,AE,9,640.43,480
INV-2024-96676,2024-12-13,1411.0,PRD-111,EG,7,666.64,529
INV-2024-82398,2025-09-08,1410.0,PRD-110,EG,2,1114.11,892
INV-2024-47690,2025-11-03,1366.0,PRD-136,SA,7,1279.71,890
INV-2024-25187,2025/04/24,1413.0,PRD-136,AE,8,383.97,267
INV-2024-40780,2024-05-14,1351.0,PRD-122,AE,10,242.64,170
INV-2024-60990,2024-10-27,1398.0,PRD-113,SA,1,2263.21,1867
INV-2024-83499,2025-12-29,1482.0,PRD-113,EG,6,1586.51,1117
INV-2024-53068,2025-02-03,1351.0,PRD-144,AE,2,2094.12,1768
INV-2024-33230,2025-03-02,1270.0,PRD-148,SA,2,2295.1,1925
INV-2024-81442,2025-11-20,1049.0,PRD-107,EG,5,974.75,836
INV-2024-95996,2025-10-30,1393.0,PRD-125,JO,6,819.9,561
INV-2024-36248,2025-01-03,1261.0,PRD-151,EG,3,1484.85,1094
INV-2024-11862,2025-04-28,1402.0,PRD-113,JO,5,198.06,148
INV-2024-99795,2024-06-14,1355.0,PRD-118,AE,4,960.76,739
INV-2024-66295,2025-09-28,1205.0,PRD-111,SA,8,2212.14,1723
INV-2024-20443,2024-07-31,1074.0,PRD-107,JO,8,314.51,244
INV-2024-53093,2024-10-16,1238.0,PRD-124,AE,9,2585.31,1885
INV-2024-94783,2025-12-08,1446.0,PRD-136,EG,8,1560.6,1099
INV-2024-42190,2024/03/29,,PRD-159,SA,2,1372.21,1166
INV-2024-72896,2025-11-14,1433.0,PRD-126,EG,9,653.91,520
INV-2024-12711,2025-05-09,1383.0,PRD-157,EG,1,1136.29,762
INV-2024-23036,2024-05-12,1332.0,PRD-102,AE,5,1257.27,1021
INV-2024-27023,2024-06-26,1322.0,PRD-101,EG,9,136.04,112
INV-2024-43841,23-Jul-2024,1483.0,PRD-122,EG,2,584.2,491
INV-2024-32154,2024-06-09,1357.0,PRD-111,SA,5,2348.19,1767
INV-2024-96174,2025-09-12,1323.0,PRD-140,AE,2,2466.82,1751
INV-2024-48314,2025-05-18,1011.0,PRD-130,EG,5,2013.04,1606
INV-2024-98055,2024-04-13,1291.0,PRD-149,EG,8,1561.09,1140
INV-2024-43697,2025-03-01,1076.0,PRD-138,EG,6,1555.92,1202
INV-2024-64470,2025-05-20,1297.0,PRD-139,SA,1,1860.02,1607
INV-2024-31215,2024-11-06,1303.0,PRD-112,EG,8,1212.68,909
INV-2024-65895,2024-08-28,1127.0,PRD-129,SA,5,905.89,786
INV-2024-36750,2024-08-02,1054.0,PRD-134,EG,10,939.09,795
INV-2024-31483,2025/07/24,1102.0,PRD-112,EG,1,566.86,489
INV-2024-57373,2024-02-18,1440.0,PRD-150,JO,7,255.47,194
INV-2024-22793,2024-01-19,1360.0,PRD-150,EG,2,1173.03,844
INV-2024-47850,2025-01-02,1285.0,PRD-152,SA,5,2330.67,1800
INV-2024-50565,2024-09-24,1408.0,PRD-118,EG,1,2659.69,1956
INV-2024-81082,2024-12-31,1065.0,PRD-163,SA,9,969.13,683
INV-2024-81916,2025-11-24,1263.0,PRD-110,SA,2,1471.45,1144
INV-2024-93757,2024-06-11,1310.0,PRD-151,EG,3,730.13,513
INV-2024-18990,2024-06-27,1460.0,PRD-133,EG,5,207.35,164
INV-2024-19991,2025-05-30,1073.0,PRD-157,EG,5,1513.64,1070
INV-2024-30390,2024-02-02,1043.0,PRD-122,SA,4,2224.38,1648
INV-2024-25917,2024-03-06,1333.0,PRD-126,AE,7,419.54,362
INV-2024-10436,2024-12-11,1209.0,PRD-110,SA,1,2757.19,1996
INV-2024-41398,2025-03-16,1300.0,PRD-135,SA,5,2375.47,1999
INV-2024-18648,2024-04-26,1443.0,PRD-121,EG,4,276.51,189
INV-2024-45396,2025/09/24,1033.0,PRD-104,EG,8,228.71,164
INV-2024-33458,2024-08-20,1217.0,PRD-150,EG,9,2482.39,1937
INV-2024-24859,2024-05-03,1069.0,PRD-157,EG,2,1981.91,1478
INV-2024-69151,2025-07-29,1403.0,PRD-147,EG,9,1506.03,1229
INV-2024-54240,2024-08-17,1263.0,PRD-145,SA,5,2156.07,1538
INV-2024-25917,2025-05-13,1414.0,PRD-107,SA,5,1204.52,1035
INV-2024-75596,2024-09-21,1356.0,PRD-147,JO,8,331.07,230
INV-2024-80070,2024-12-14,1426.0,PRD-121,EG,7,900.13,700
INV-2024-70987,2024-12-29,1197.0,PRD-145,SA,5,355.38,256
INV-2024-76948,2024-02-17,1203.0,PRD-141,AE,7,1190.92,909
INV-2024-26003,2025-07-24,,PRD-143,SA,2,316.31,220
INV-2024-73077,2024-09-30,1020.0,PRD-118,EG,8,102.05,86
INV-2024-97555,2024-06-03,1355.0,PRD-103,EG,6,1777.24,1332
INV-2024-90526,2025-12-07,1392.0,PRD-125,EG,6,1578.33,1216
INV-2024-46477,2025-06-11,1412.0,PRD-124,EG,7,539.98,423
INV-2024-20914,2025/09/10,1071.0,PRD-144,AE,6,1286.98,992
INV-2024-56695,2025-11-16,1015.0,PRD-145,EG,4,551.84,434
INV-2024-22062,2024-04-16,1275.0,PRD-134,EG,1,2356.32,1771
INV-2024-56299,2025-12-24,1259.0,PRD-109,AE,7,2019.22,1426
INV-2024-33120,2024-02-21,1385.0,PRD-125,AE,1,2138.9,1727
INV-2024-60840,2025-03-24,1489.0,PRD-136,SA,3,514.47,379
INV-2024-34811,2025-04-13,1277.0,PRD-164,SA,6,590.71,494
INV-2024-81474,2024-04-23,1354.0,PRD-116,EG,1,254.65,182
INV-2024-42804,2024-04-18,1462.0,PRD-129,EG,10,1568.88,1164
INV-2024-12389,2025-09-17,1005.0,PRD-128,EG,10,97.36,78
INV-2024-91309,16-Sep-2025,1127.0,PRD-107,SA,8,2810.45,1959
INV-2024-21327,2024-04-14,1177.0,PRD-154,JO,9,984.75,683
INV-2024-18314,2025-07-29,1055.0,PRD-103,EG,5,198.08,136
INV-2024-31271,2024-02-12,1171.0,PRD-156,SA,1,509.0,353
INV-2024-29111,2025-06-03,1281.0,PRD-158,EG,8,174.56,126
INV-2024-54839,2024/04/17,1313.0,PRD-106,SA,6,1520.62,1300
INV-2024-31016,2024-06-20,1377.0,PRD-160,EG,10,1387.52,1204
INV-2024-78430,2025-10-07,1099.0,PRD-151,EG,7,1868.32,1288
INV-2024-80098,2024-04-30,1265.0,PRD-115,AE,4,2162.79,1623
INV-2024-35450,2024-07-29,1272.0,PRD-135,SA,9,556.88,434
INV-2024-72742,2025-01-05,1301.0,PRD-153,SA,7,274.45,212
INV-2024-92781,2024-06-09,1200.0,PRD-125,EG,8,2120.91,1425
INV-2024-56056,2024-10-26,1234.0,PRD-109,EG,8,851.59,701
INV-2024-13904,2025-12-26,1367.0,PRD-153,EG,10,1878.29,1497
INV-2024-54588,2025-03-28,1353.0,PRD-124,AE,7,1569.79,1325
INV-2024-61023,2025-06-02,1363.0,PRD-135,JO,9,1835.84,1345
INV-2024-66675,2025-05-25,1344.0,PRD-112,SA,5,343.71,247
INV-2024-23575,2024-04-11,1168.0,PRD-134,EG,3,2190.85,1678
INV-2024-77163,2024-06-06,1019.0,PRD-161,AE,6,182.71,128
INV-2024-62751,2025-10-24,1173.0,PRD-161,SA,6,167.94,133
INV-2024-37834,2025/01/07,1136.0,PRD-121,SA,5,2552.58,1775
INV-2024-31957,2024-12-08,1279.0,PRD-111,EG,9,1575.43,1141
INV-2024-34922,2024-05-21,1227.0,PRD-150,AE,9,1765.99,1261
INV-2024-91405,2024-05-05,1052.0,PRD-104,SA,4,2520.77,1866
INV-2024-93556,2024-07-25,1270.0,PRD-126,AE,8,230.7,177
INV-2024-73363,25-Mar-2025,,PRD-136,AE,2,962.74,661
INV-2024-86854,2025-03-01,1052.0,PRD-103,EG,4,888.71,616
INV-2024-18768,2024-01-07,1109.0,PRD-140,AE,9,2635.27,1867
INV-2024-39720,2024-09-08,1480.0,PRD-110,AE,5,105.21,84
INV-2024-96117,2025-04-30,1160.0,PRD-123,EG,8,1486.85,1141
INV-2024-74798,2024-12-15,1408.0,PRD-126,EG,6,2309.41,1771
INV-2024-83067,2024-10-20,1111.0,PRD-124,EG,7,1699.31,1408
INV-2024-70011,2025-06-01,1120.0,PRD-130,SA,1,1487.66,1077
INV-2024-60760,2024-06-24,1124.0,PRD-102,EG,5,998.1,702
INV-2024-52233,2024-03-28,1204.0,PRD-140,SA,9,901.67,630
INV-2024-94217,2024/09/29,1494.0,PRD-132,EG,3,2062.71,1760
INV-2024-58348,2025-01-16,1444.0,PRD-106,AE,10,888.78,709
INV-2024-36098,2025-02-28,1288.0,PRD-150,EG,7,340.69,258
INV-2024-15500,2025-01-04,1030.0,PRD-125,EG,8,1784.71,1209
INV-2024-14768,2025-10-06,1356.0,PRD-110,SA,10,1786.66,1300
INV-2024-69363,2025-11-11,1433.0,PRD-165,SA,5,1125.83,862
INV-2024-34652,2024-09-08,1239.0,PRD-109,EG,1,1718.46,1272
INV-2024-10487,2024-06-04,1048.0,PRD-116,EG,1,687.48,491
INV-2024-84834,2025-06-26,1207.0,PRD-145,EG,3,925.83,702
INV-2024-56585,2025-03-07,1069.0,PRD-151,AE,2,247.8,166
INV-2024-12244,2024-08-21,1073.0,PRD-105,AE,9,129.67,102
INV-2024-97107,2024-05-21,1192.0,PRD-144,SA,1,141.71,99
INV-2024-58829,2025-03-15,1153.0,PRD-133,AE,5,254.11,200
INV-2024-95028,2025-02-27,1349.0,PRD-149,AE,4,198.43,134
INV-2024-54397,2025-02-23,1373.0,PRD-148,EG,8,2269.72,1884
INV-2024-64464,2025/04/14,1223.0,PRD-148,JO,3,2469.47,1692
INV-2024-10974,2025-06-12,1012.0,PRD-124,AE,3,368.81,282
INV-2024-51309,2025-11-29,1422.0,PRD-123,EG,9,652.22,484
INV-2024-70749,2025-01-05,1165.0,PRD-103,EG,4,1149.79,991
INV-2024-21170,2024-01-31,1329.0,PRD-130,EG,8,1932.31,1501
INV-2024-27574,2025-03-29,1495.0,PRD-104,EG,8,492.92,428
INV-2024-22579,2024-05-29,1079.0,PRD-128,AE,5,1661.86,1113
INV-2024-87941,2024-01-11,1426.0,PRD-125,SA,3,709.06,515
INV-2024-78224,2025-06-13,1470.0,PRD-162,AE,6,1204.38,911
INV-2024-83585,2024-03-12,1479.0,PRD-135,AE,7,1226.23,844
INV-2024-25269,2024-03-27,1105.0,PRD-142,SA,3,734.76,617
INV-2024-87710,2024-12-12,1259.0,PRD-138,SA,5,478.41,369
INV-2024-27795,2024-11-18,1455.0,PRD-105,EG,8,1215.7,953
INV-2024-72053,2025-02-15,1224.0,PRD-137,EG,6,1438.55,1134
INV-2024-74794,2024-06-17,1282.0,PRD-157,SA,6,1231.98,857
INV-2024-82559,2025/03/20,,PRD-147,EG,10,519.98,417
INV-2024-82299,2024-03-03,1291.0,PRD-158,EG,4,762.05,593
INV-2024-54656,2025-02-06,1434.0,PRD-117,AE,10,1908.38,1418
INV-2024-25696,2024-02-07,1047.0,PRD-147,SA,7,910.01,758
INV-2024-91912,2025-11-07,1500.0,PRD-163,EG,4,852.81,718
INV-2024-14257,2025-10-18,1247.0,PRD-160,SA,9,1055.23,855
INV-2024-93634,2024-06-03,1141.0,PRD-109,AE,5,1753.1,1196
INV-2024-51558,2025-08-11,1226.0,PRD-163,EG,5,1421.58,961
INV-2024-42248,2024-02-29,1300.0,PRD-126,EG,8,1961.92,1399
INV-2024-50902,2025-10-08,1099.0,PRD-103,JO,2,1501.13,1122
INV-2024-80396,31-Dec-2025,1255.0,PRD-123,EG,8,2480.78,1839
INV-2024-65789,2025-11-07,1496.0,PRD-154,EG,1,2381.21,1841
INV-2024-48463,2025-06-16,1407.0,PRD-165,SA,9,1824.15,1421
INV-2024-15103,2024-10-29,1374.0,PRD-137,AE,3,2304.11,1998
INV-2024-23968,2025-03-05,1341.0,PRD-104,EG,6,1354.63,1013
INV-2024-17197,2025/02/15,1207.0,PRD-138,EG,3,496.12,345
INV-2024-49348,2025-11-28,1108.0,PRD-152,EG,5,2106.67,1630
INV-2024-97139,2025-12-18,1273.0,PRD-112,JO,7,2277.9,1806
INV-2024-27946,2025-07-20,1178.0,PRD-115,EG,4,269.2,225
INV-2024-43853,2024-11-07,1457.0,PRD-138,SA,2,2081.51,1435
INV-2024-59752,2024-11-17,1322.0,PRD-117,JO,10,1480.41,1077
INV-2024-30058,2024-12-18,1320.0,PRD-162,EG,1,1606.92,1138
INV-2024-46787,2024-01-09,1339.0,PRD-156,JO,9,1164.45,924
INV-2024-54556,2024-10-13,1472.0,PRD-114,JO,5,1362.51,944
INV-2024-64005,2025-06-24,1402.0,PRD-107,AE,2,1226.53,1062
INV-2024-19751,2025-09-17,1291.0,PRD-145,EG,4,1692.79,1307
INV-2024-79594,2024-05-30,1055.0,PRD-105,SA,6,1122.11,806
INV-2024-57682,2025-12-18,1095.0,PRD-122,AE,7,801.7,681
INV-2024-19845,2025-02-17,1135.0,PRD-118,JO,7,2426.06,1894
INV-2024-75311,2025-04-01,1353.0,PRD-120,EG,10,1105.7,789
INV-2024-50420,2025/10/21,1495.0,PRD-158,AE,4,2437.53,1933
INV-2024-49298,2024-07-29,1279.0,PRD-149,EG,4,385.92,335
INV-2024-63329,2025-07-11,1082.0,PRD-124,EG,8,1810.57,1517
INV-2024-12979,2025-10-01,1335.0,PRD-128,SA,2,1253.97,1074
INV-2024-13427,2025-09-25,1043.0,PRD-119,AE,5,1704.44,1280
INV-2024-47375,29-Oct-2025,1369.0,PRD-105,SA,9,743.85,570
INV-2024-52959,2025-03-28,1418.0,PRD-141,SA,6,1028.08,787
INV-2024-34218,2025-12-15,1127.0,PRD-163,JO,5,2003.19,1456
INV-2024-22199,2024-12-19,1287.0,PRD-120,EG,3,755.87,518
INV-2024-28012,2025-10-26,1097.0,PRD-109,SA,3,1964.39,1406
INV-2024-78806,2025-02-18,,PRD-109,EG,4,1159.21,901
INV-2024-89024,2024-07-21,1320.0,PRD-134,EG,9,712.96,559
INV-2024-88583,2024-11-04,1269.0,PRD-102,SA,5,1153.41,848
INV-2024-23123,2024-03-27,1106.0,PRD-164,JO,3,1839.59,1232
INV-2024-57517,2024-02-07,1457.0,PRD-159,SA,6,1363.83,1095
INV-2024-24860,2025/07/04,1219.0,PRD-143,AE,3,1212.4,1021
INV-2024-22472,2024-12-08,1239.0,PRD-125,EG,1,1596.36,1330
INV-2024-44629,2025-02-03,1201.0,PRD-139,EG,10,1402.67,1125
INV-2024-53749,2024-05-09,1309.0,PRD-104,SA,1,1066.61,827
INV-2024-51721,2025-06-16,1294.0,PRD-104,EG,5,1342.9,1007
INV-2024-26217,2025-07-07,1418.0,PRD-107,EG,7,516.91,351
INV-2024-33936,2024-10-17,1149.0,PRD-155,SA,7,2279.37,1525
INV-2024-85551,2024-08-06,1459.0,PRD-165,EG,9,2612.75,1938
INV-2024-37827,2024-04-05,1091.0,PRD-164,EG,5,846.59,598
INV-2024-86313,2025-06-07,1465.0,PRD-150,SA,4,261.56,218
INV-2024-20333,2025-07-19,1408.0,PRD-136,SA,3,2149.23,1457
INV-2024-40345,2024-11-15,1235.0,PRD-123,JO,5,1543.74,1249
INV-2024-16432,2025-06-17,1302.0,PRD-106,SA,9,330.8,238
INV-2024-46243,2024-12-14,1071.0,PRD-119,SA,1,626.73,422
INV-2024-50827,2025-10-12,1175.0,PRD-110,JO,2,458.17,333
INV-2024-82116,2024/06/12,1182.0,PRD-165,AE,2,616.39,480
INV-2024-80950,2024-01-24,1017.0,PRD-136,EG,6,931.43,645
INV-2024-20441,2024-01-29,1343.0,PRD-150,EG,6,581.49,388
INV-2024-81950,2025-07-06,1005.0,PRD-163,SA,1,2166.38,1619
INV-2024-85675,2025-08-29,1256.0,PRD-158,SA,8,954.59,811
INV-2024-81573,2024-09-21,1385.0,PRD-107,AE,1,570.65,471
INV-2024-48955,2024-09-04,1014.0,PRD-156,AE,8,681.48,545
INV-2024-82399,2024-11-07,1261.0,PRD-160,SA,5,652.59,541
INV-2024-96232,2025-03-08,1490.0,PRD-160,JO,5,2475.94,1853
INV-2024-48999,2025-06-01,1140.0,PRD-155,SA,4,295.73,208
INV-2024-23164,2024-04-23,1072.0,PRD-127,EG,4,703.85,525
INV-2024-62907,2024-03-02,1416.0,PRD-146,AE,5,714.55,547
INV-2024-15339,2025-01-16,1491.0,PRD-156,EG,8,623.23,533
INV-2024-50880,2024-09-22,1281.0,PRD-146,AE,6,1393.75,1151
INV-2024-65072,2025-10-04,1454.0,PRD-155,JO,5,2043.81,1610
INV-2024-22185,2025/06/03,1280.0,PRD-154,SA,3,414.59,333
INV-2024-96231,2024-12-28,1467.0,PRD-112,SA,3,1995.46,1443
INV-2024-53681,2024-05-06,1077.0,PRD-111,SA,6,1180.82,798
INV-2024-45264,2024-02-18,1315.0,PRD-165,EG,9,633.33,450
INV-2024-16822,2025-10-28,1353.0,PRD-122,EG,4,121.17,92
INV-2024-27942,2024-05-07,,PRD-116,SA,2,458.13,311
INV-2024-19010,2025-04-04,1240.0,PRD-143,AE,1,1821.22,1407
INV-2024-22362,2024-11-01,1235.0,PRD-108,SA,8,2396.22,1753
INV-2024-87110,2025-08-09,1431.0,PRD-124,EG,5,833.12,569
INV-2024-10525,2024-01-06,1154.0,PRD-144,SA,8,988.69,717
INV-2024-24002,09-Apr-2025,1036.0,PRD-157,AE,2,753.7,522
INV-2024-72518,2024-12-13,1414.0,PRD-148,SA,7,2253.55,1689
INV-2024-15573,2024-08-29,1108.0,PRD-163,SA,2,1664.1,1429
INV-2024-71502,2025-08-18,1081.0,PRD-139,AE,7,2127.17,1697
INV-2024-57333,2025-08-02,1454.0,PRD-155,SA,4,1808.31,1221
INV-2024-63213,2025/10/04,1271.0,PRD-155,SA,5,1077.09,810
INV-2024-81036,2025-11-12,1414.0,PRD-113,AE,1,2280.81,1689
INV-2024-24010,2025-06-30,1439.0,PRD-125,EG,6,1645.88,1186
INV-2024-44640,2025-09-01,1365.0,PRD-165,JO,8,418.03,326
INV-2024-30815,2024-08-27,1356.0,PRD-124,EG,8,890.14,766
INV-2024-87444,2024-12-24,1252.0,PRD-124,EG,2,1553.31,1290
INV-2024-83556,2024-11-02,1095.0,PRD-140,AE,2,1817.25,1577
INV-2024-42450,2024-10-18,1282.0,PRD-131,EG,8,2072.13,1717
INV-2024-20749,2025-11-13,1251.0,PRD-104,AE,4,1402.06,940
INV-2024-53786,2025-08-09,1292.0,PRD-140,AE,8,173.15,135
INV-2024-32069,2025-11-19,1297.0,PRD-141,AE,10,77.27,55
INV-2024-34265,2024-05-23,1289.0,PRD-115,JO,7,1928.58,1407
INV-2024-94998,2025-01-21,1113.0,PRD-135,EG,4,980.25,757
INV-2024-84581,2025-06-16,1298.0,PRD-125,AE,6,1929.1,1664
INV-2024-23614,2024-09-10,1456.0,PRD-110,EG,2,2163.94,1815
INV-2024-92685,2024/04/17,1003.0,PRD-161,SA,1,67.51,58
INV-2024-12207,2024-12-01,1092.0,PRD-118,AE,3,206.65,162
INV-2024-71645,2025-06-12,1384.0,PRD-117,EG,3,183.53,137
INV-2024-38628,2025-08-19,1295.0,PRD-131,SA,6,1248.38,835
INV-2024-26601,2024-07-16,1271.0,PRD-107,SA,10,1313.81,1132
INV-2024-32199,04-Jan-2025,1197.0,PRD-155,SA,2,2337.23,1789
INV-2024-99449,2025-04-10,1443.0,PRD-102,JO,2,834.74,635
INV-2024-76805,2024-04-10,1135.0,PRD-124,EG,8,2213.09,1738
INV-2024-41272,2024-05-30,1394.0,PRD-113,SA,2,2511.56,1902
INV-2024-63465,2025-12-29,1405.0,PRD-106,AE,7,1145.97,907
INV-2024-10692,2025-03-11,1264.0,PRD-152,SA,9,1880.87,1339
INV-2024-99313,2025-02-25,1237.0,PRD-147,EG,7,1914.05,1645
INV-2024-78547,2024-03-24,1486.0,PRD-160,SA,4,387.0,298
INV-2024-45823,2024-04-04,1425.0,PRD-131,EG,6,190.2,158
INV-2024-85588,2024-03-04,1461.0,PRD-140,EG,6,104.32,81
INV-2024-34582,2025/03/11,,PRD-126,AE,8,2388.54,1656
INV-2024-74572,2024-05-13,1478.0,PRD-108,SA,6,529.06,366
INV-2024-81770,2025-05-02,1469.0,PRD-136,JO,2,2090.04,1403
INV-2024-41183,2024-08-07,1312.0,PRD-155,AE,5,2330.26,1643
INV-2024-17781,2025-04-01,1221.0,PRD-141,SA,5,1111.8,831
INV-2024-66324,2024-03-20,1240.0,PRD-149,EG,7,2241.16,1633
INV-2024-37657,2025-01-13,1211.0,PRD-133,SA,10,2666.8,1804
INV-2024-90380,2025-11-24,1085.0,PRD-136,EG,9,777.07,674
INV-2024-97409,2025-06-22,1479.0,PRD-101,JO,1,2457.9,1763
INV-2024-60913,2025-02-16,1390.0,PRD-128,EG,8,715.58,588
INV-2024-35227,2025-08-25,1251.0,PRD-135,EG,2,120.3,85
INV-2024-79177,2025-07-26,1260.0,PRD-131,SA,3,653.66,440
INV-2024-48365,2025-06-15,1167.0,PRD-119,EG,9,1795.42,1462
INV-2024-55123,2025-02-08,1219.0,PRD-162,EG,3,1918.66,1365
INV-2024-27853,2024-09-27,1369.0,PRD-127,SA,4,759.2,600
INV-2024-63021,2025/08/21,1176.0,PRD-115,EG,5,383.91,292
INV-2024-87433,2025-05-25,1189.0,PRD-152,EG,8,1729.18,1153
INV-2024-63941,2025-10-13,1041.0,PRD-156,EG,1,2039.47,1480
INV-2024-85803,2025-03-09,1010.0,PRD-105,AE,6,1504.76,1275
INV-2024-47704,2025-03-26,1272.0,PRD-116,SA,7,526.79,383
INV-2024-45305,2025-12-06,1256.0,PRD-135,SA,10,1961.36,1590
INV-2024-42640,2025-05-16,1321.0,PRD-128,SA,4,885.69,667
INV-2024-90790,2025-03-02,1147.0,PRD-111,EG,1,401.91,312
INV-2024-26337,2024-06-15,1494.0,PRD-150,JO,4,335.77,226
INV-2024-65079,2024-05-27,1325.0,PRD-145,EG,6,1912.95,1434
INV-2024-43423,2025-06-01,1258.0,PRD-103,SA,8,1070.11,808
INV-2024-94978,2024-05-10,1236.0,PRD-144,AE,6,371.84,251
INV-2024-89332,2025-05-11,1057.0,PRD-128,AE,9,2765.62,1952
INV-2024-75231,2025-12-29,1481.0,PRD-118,EG,4,1233.27,1055
INV-2024-10190,2025-04-13,1141.0,PRD-136,EG,5,1128.93,844
INV-2024-25022,2024/05/12,1009.0,PRD-141,AE,2,1727.77,1417
INV-2024-63155,2025-12-22,1126.0,PRD-112,EG,9,1121.57,801
INV-2024-87429,2025-06-09,1437.0,PRD-139,AE,2,1736.75,1174
INV-2024-35056,2025-06-25,1316.0,PRD-123,AE,4,562.01,379
INV-2024-43152,2024-04-30,1166.0,PRD-136,AE,8,168.91,144
INV-2024-26802,2025-12-12,1128.0,PRD-158,EG,4,2577.64,1772
INV-2024-85578,2024-08-05,1035.0,PRD-105,AE,1,1166.7,914
INV-2024-34164,2025-04-11,1023.0,PRD-152,SA,6,931.49,653
INV-2024-93993,2025-04-29,1043.0,PRD-163,AE,3,1376.5,1018
INV-2024-86048,2024-02-03,1322.0,PRD-111,EG,1,1376.78,1143
INV-2024-25725,09-Jun-2024,,PRD-150,EG,8,1269.82,1008
INV-2024-97952,2025-07-26,1223.0,PRD-101,EG,1,791.71,665
INV-2024-42608,2025-01-13,1316.0,PRD-156,EG,7,96.83,71
INV-2024-27360,2024-05-01,1197.0,PRD-147,SA,7,2627.14,1819
INV-2024-15269,2025-09-08,1420.0,PRD-111,JO,9,580.06,432
INV-2024-40258,2025/02/22,1443.0,PRD-117,EG,2,1729.51,1496
INV-2024-42767,2024-04-22,1161.0,PRD-162,AE,9,1171.04,932
INV-2024-16103,2024-05-03,1288.0,PRD-147,EG,4,128.71,95
INV-2024-19463,2025-01-13,1115.0,PRD-142,EG,4,1878.27,1465
INV-2024-99662,2025-08-08,1491.0,PRD-115,EG,5,1792.63,1234
INV-2024-61736,2024-10-23,1257.0,PRD-118,EG,10,1323.94,885
INV-2024-27427,2024-02-11,1265.0,PRD-113,JO,7,407.32,295
INV-2024-38591,2025-06-19,1332.0,PRD-141,EG,7,1518.49,1167
INV-2024-46247,2024-06-05,1462.0,PRD-133,SA,6,1744.68,1400
INV-2024-24760,2024-04-30,1480.0,PRD-149,SA,5,1968.82,1417
INV-2024-85310,2025-01-15,1015.0,PRD-123,JO,7,2457.34,1707
INV-2024-10369,2024-11-08,1174.0,PRD-120,EG,6,1608.38,1132
INV-2024-95439,2025-01-18,1006.0,PRD-107,EG,4,2431.95,1687
INV-2024-37551,2024-11-06,1340.0,PRD-108,EG,9,2151.36,1641
INV-2024-24519,2024-10-28,1321.0,PRD-152,SA,4,804.03,570
INV-2024-11803,2025/05/12,1369.0,PRD-113,EG,1,1448.35,1088
INV-2024-64179,2024-01-29,1149.0,PRD-130,AE,9,2579.16,1923
INV-2024-24018,2024-05-26,1458.0,PRD-111,SA,10,2484.23,1757
INV-2024-54742,2024-05-25,1226.0,PRD-124,SA,3,2572.45,1966
INV-2024-37044,2025-08-26,1260.0,PRD-157,SA,4,746.55,640
INV-2024-68598,07-Mar-2025,1071.0,PRD-125,EG,9,311.99,211
INV-2024-28924,2024-02-19,1198.0,PRD-112,SA,8,330.98,226
INV-2024-29265,2024-11-08,1232.0,PRD-163,JO,2,338.8,294
INV-2024-94929,2024-10-17,1023.0,PRD-137,AE,3,236.51,159
INV-2024-26153,2024-08-08,1447.0,PRD-163,AE,4,1107.42,944
INV-2024-58333,2024-07-06,1164.0,PRD-140,AE,8,2396.86,1600
INV-2024-52613,2025-05-15,1243.0,PRD-114,EG,10,245.25,185
INV-2024-63887,2024-01-03,1010.0,PRD-101,EG,1,151.2,107
INV-2024-59640,2024-05-05,1117.0,PRD-112,EG,4,245.09,170
INV-2024-96444,2025-07-14,1370.0,PRD-122,EG,2,884.73,615
INV-2024-78008,2024/12/23,1131.0,PRD-103,EG,1,251.93,213
INV-2024-99170,2024-03-10,1428.0,PRD-132,SA,10,452.68,381
INV-2024-46053,2024-02-15,1298.0,PRD-110,SA,3,1424.43,1004
INV-2024-68118,2025-03-03,1137.0,PRD-119,AE,5,771.82,561
INV-2024-96916,2025-05-07,1487.0,PRD-154,AE,5,910.29,710
INV-2024-36417,2025-08-09,,PRD-140,JO,9,1788.66,1224
INV-2024-93237,2024-11-13,1463.0,PRD-148,EG,9,2266.55,1574
INV-2024-29125,2025-08-02,1467.0,PRD-127,EG,7,2508.3,1983
INV-2024-37103,2025-04-08,1159.0,PRD-157,SA,8,2167.97,1860
INV-2024-61014,2024-12-11,1150.0,PRD-114,EG,9,1401.29,994
INV-2024-56291,2025-01-21,1309.0,PRD-116,EG,3,2048.0,1478
INV-2024-34641,2025-05-01,1444.0,PRD-102,EG,9,2044.19,1664
INV-2024-97275,2025-09-12,1432.0,PRD-117,EG,7,987.57,761
INV-2024-96809,2024-05-15,1274.0,PRD-161,SA,10,1105.67,825
INV-2024-41820,2024-05-21,1070.0,PRD-110,SA,7,1132.25,875
INV-2024-74213,2025/05/31,1198.0,PRD-116,SA,10,2397.25,1778
INV-2024-74082,2025-10-13,1374.0,PRD-121,SA,8,2394.65,1830
INV-2024-45900,2025-04-16,1346.0,PRD-104,EG,9,2348.73,1712
INV-2024-67337,2025-04-05,1182.0,PRD-149,EG,8,2836.78,1934
INV-2024-16413,2025-11-14,1475.0,PRD-138,EG,9,2013.94,1551
INV-2024-43044,2025-04-04,1227.0,PRD-158,EG,6,1877.59,1279
INV-2024-10400,2024-06-01,1252.0,PRD-160,AE,7,1270.2,1037
INV-2024-66792,2024-11-29,1009.0,PRD-165,AE,1,2489.85,1898
INV-2024-70762,2024-04-01,1375.0,PRD-105,SA,7,1344.96,1124
INV-2024-30788,2025-10-01,1400.0,PRD-132,EG,8,766.37,531
INV-2024-18048,2025-11-11,1290.0,PRD-129,SA,4,815.79,621
INV-2024-17810,2025-09-30,1354.0,PRD-137,SA,2,2691.73,1947
INV-2024-70128,2025-02-23,1223.0,PRD-123,SA,8,1591.37,1201
INV-2024-78718,2025-01-31,1230.0,PRD-144,SA,1,1191.56,964
INV-2024-47889,2024-08-26,1134.0,PRD-148,SA,7,78.98,56
INV-2024-36717,2025/02/08,1080.0,PRD-147,SA,2,1484.76,991
INV-2024-64185,2024-12-13,1070.0,PRD-127,AE,2,685.47,559
INV-2024-24472,2025-07-07,1264.0,PRD-143,EG,8,1942.51,1443
INV-2024-47645,2024-02-16,1410.0,PRD-122,AE,9,1643.11,1125
INV-2024-28441,2025-11-17,1366.0,PRD-122,EG,3,1731.64,1255
INV-2024-47151,2025-03-29,1171.0,PRD-145,EG,8,1182.0,865
INV-2024-46612,2024-10-11,1029.0,PRD-128,JO,9,1498.69,1120
INV-2024-33207,2025-10-23,1417.0,PRD-164,JO,1,1288.77,948
INV-2024-65856,2024-03-31,1427.0,PRD-109,EG,10,2323.97,1655
INV-2024-11804,2024-06-18,1066.0,PRD-154,SA,4,2006.35,1452
INV-2024-72027,25-Dec-2025,1178.0,PRD-111,EG,5,724.47,510
INV-2024-79414,2024-01-26,1320.0,PRD-138,SA,2,1730.07,1202
INV-2024-18558,2025-08-08,1458.0,PRD-140,AE,8,76.91,56
INV-2024-86871,2025-10-07,1278.0,PRD-137,JO,7,1251.89,1049
INV-2024-69562,2025-12-25,1387.0,PRD-157,SA,3,886.19,650
INV-2024-55592,2024/11/12,,PRD-141,EG,10,1014.24,822
INV-2024-49740,2025-07-28,1217.0,PRD-126,SA,6,2494.88,1750
INV-2024-94443,2025-10-22,1497.0,PRD-107,EG,10,668.02,563
INV-2024-39401,2024-05-06,1324.0,PRD-119,JO,7,1190.65,982
INV-2024-68896,2025-10-21,1259.0,PRD-102,AE,10,998.51,827
INV-2024-36335,2025-07-26,1030.0,PRD-164,SA,2,2621.58,1873
INV-2024-46125,2024-03-28,1434.0,PRD-119,EG,2,1182.35,812
INV-2024-72499,2024-07-16,1218.0,PRD-151,EG,8,206.28,176
INV-2024-61196,2025-09-25,1262.0,PRD-110,EG,8,384.61,293
INV-2024-45342,2025-07-08,1138.0,PRD-101,AE,6,2065.77,1515
INV-2024-31031,2025-08-13,1367.0,PRD-121,SA,1,1469.33,1025
INV-2024-72960,2024-02-24,1077.0,PRD-103,EG,3,260.54,211
INV-2024-38909,2025-08-06,1017.0,PRD-151,SA,6,147.23,121
INV-2024-67426,2025-06-18,1198.0,PRD-140,AE,2,2691.57,1827
INV-2024-27496,2024-07-12,1243.0,PRD-112,EG,4,772.68,654
INV-2024-12247,2025/05/02,1461.0,PRD-162,AE,5,2262.41,1916
INV-2024-40726,2025-05-29,1428.0,PRD-153,AE,6,997.73,795
INV-2024-94570,2024-01-20,1413.0,PRD-111,JO,3,806.64,556
INV-2024-73688,2024-05-03,1187.0,PRD-144,EG,10,262.94,203
INV-2024-60407,2025-11-05,1382.0,PRD-139,EG,10,290.05,228
INV-2024-38688,28-Jun-2025,1208.0,PRD-153,EG,4,136.38,98
INV-2024-82318,2024-07-03,1103.0,PRD-149,EG,4,1422.35,1099
INV-2024-76807,2024-01-20,1261.0,PRD-140,EG,7,845.53,731
INV-2024-94133,2024-10-08,1480.0,PRD-158,SA,5,716.72,586
INV-2024-28965,2024-07-29,1461.0,PRD-123,SA,6,2459.76,1785
INV-2024-24394,2024-09-08,1291.0,PRD-109,AE,2,1145.14,896
INV-2024-45084,2025-12-23,1133.0,PRD-151,EG,8,128.92,90
INV-2024-58605,2025-08-16,1315.0,PRD-156,SA,7,2547.58,1778
INV-2024-78423,2025-03-30,1249.0,PRD-162,AE,9,1575.62,1330
INV-2024-43398,2024-03-27,1136.0,PRD-127,AE,2,974.49,682
INV-2024-22954,2025/06/30,1141.0,PRD-120,AE,5,1730.48,1171
INV-2024-45626,2025-09-13,1395.0,PRD-136,AE,10,252.94,182
INV-2024-96283,2024-11-24,1111.0,PRD-141,JO,6,2233.74,1928
INV-2024-77696,2025-02-15,1343.0,PRD-103,EG,5,672.22,452
INV-2024-50660,2025-08-26,1427.0,PRD-110,SA,9,718.03,617
INV-2024-62915,2024-02-16,1481.0,PRD-149,EG,4,1534.71,1275
INV-2024-12660,2025-05-18,1327.0,PRD-133,EG,7,941.61,795
INV-2024-18253,2024-01-24,1075.0,PRD-127,EG,8,262.62,225
INV-2024-84338,2024-12-14,1317.0,PRD-139,EG,10,380.68,262
INV-2024-24040,2025-03-23,1393.0,PRD-155,EG,5,1960.8,1591
INV-2024-41617,2024-07-03,,PRD-134,EG,8,1745.54,1506
INV-2024-47068,2025-02-28,1295.0,PRD-113,EG,3,1589.52,1375
INV-2024-43043,2024-01-25,1477.0,PRD-107,JO,10,365.47,244
INV-2024-42020,2025-06-24,1123.0,PRD-128,EG,10,2017.76,1434
INV-2024-97614,2024-11-20,1338.0,PRD-120,AE,4,2557.5,1725
INV-2024-82870,2025/01/26,1066.0,PRD-151,EG,6,1863.08,1243
INV-2024-90425,2024-09-20,1447.0,PRD-118,JO,9,1183.28,927
INV-2024-85289,2024-04-03,1057.0,PRD-116,AE,10,552.17,395
INV-2024-79457,2024-04-27,1072.0,PRD-114,SA,9,2291.89,1625
INV-2024-33979,2024-04-11,1002.0,PRD-128,SA,1,1119.82,925
INV-2024-92250,2025-07-08,1389.0,PRD-131,EG,9,372.21,280
INV-2024-75147,2024-06-21,1138.0,PRD-122,JO,6,371.68,287
INV-2024-79248,2024-10-19,1253.0,PRD-112,AE,8,1036.56,869
INV-2024-10441,2024-05-27,1005.0,PRD-156,AE,8,1892.1,1320
INV-2024-29542,2024-07-06,1242.0,PRD-113,SA,3,1934.12,1305
INV-2024-12565,2024-09-18,1122.0,PRD-120,EG,4,2968.64,1987
INV-2024-52909,2024-04-01,1290.0,PRD-142,AE,2,786.0,559
INV-2024-82597,2024-06-06,1106.0,PRD-147,EG,2,2438.39,1904
INV-2024-65014,2024-11-10,1222.0,PRD-146,SA,3,2130.95,1507
INV-2024-84442,2025-02-21,1369.0,PRD-159,EG,3,1914.76,1521
INV-2024-54734,2025/11/25,1358.0,PRD-146,JO,1,2028.81,1629
INV-2024-10191,2024-06-22,1295.0,PRD-104,EG,5,325.73,262
INV-2024-73048,2024-03-01,1341.0,PRD-158,EG,8,331.02,234
INV-2024-35351,2025-09-21,1282.0,PRD-155,SA,3,1575.43,1139
INV-2024-34559,2024-11-29,1040.0,PRD-123,AE,9,1651.5,1382
INV-2024-24216,2024-07-04,1198.0,PRD-137,SA,9,543.66,379
INV-2024-50152,2024-01-28,1205.0,PRD-113,EG,4,977.97,818
INV-2024-65685,2025-12-31,1003.0,PRD-163,EG,4,1458.39,1121
INV-2024-42921,2024-02-29,1330.0,PRD-137,AE,8,2274.41,1848
INV-2024-45643,2024-11-01,1112.0,PRD-121,JO,3,411.11,332
INV-2024-86833,03-Feb-2025,1103.0,PRD-156,AE,8,2464.79,1833
INV-2024-36144,2024-04-11,1202.0,PRD-128,SA,9,1858.11,1578
INV-2024-92424,2024-11-23,1129.0,PRD-144,JO,2,826.66,651
INV-2024-62684,2024-05-25,1479.0,PRD-118,SA,9,2168.43,1643
INV-2024-97796,2025-02-26,1245.0,PRD-136,SA,6,1499.53,1301
INV-2024-88849,2024/11/27,1239.0,PRD-134,SA,5,1744.04,1476
INV-2024-84083,2024-09-21,1160.0,PRD-155,SA,4,757.66,609
INV-2024-83927,2025-01-19,1177.0,PRD-101,AE,8,1568.55,1250
INV-2024-56777,2024-05-03,1198.0,PRD-105,SA,6,598.33,423
INV-2024-22594,2024-02-23,1091.0,PRD-128,EG,10,761.03,555
INV-2024-59797,2024-07-26,,PRD-135,EG,5,1882.79,1407
INV-2024-71846,2024-09-02,1143.0,PRD-130,EG,6,396.1,293
INV-2024-91870,2025-09-03,1164.0,PRD-148,SA,1,2138.67,1593
INV-2024-35725,2025-08-23,1248.0,PRD-158,EG,6,2777.52,1938
INV-2024-42097,2024-08-30,1070.0,PRD-164,EG,9,1974.47,1656
INV-2024-52561,2025-05-19,1343.0,PRD-142,SA,8,155.72,106
INV-2024-16003,2025-06-04,1092.0,PRD-155,SA,6,2338.77,1671
INV-2024-54059,2025-05-31,1362.0,PRD-114,AE,7,2387.4,1972
INV-2024-56777,2025-01-29,1154.0,PRD-104,SA,4,2018.04,1400
INV-2024-71785,2024-04-27,1064.0,PRD-157,AE,5,1894.79,1304
INV-2024-41610,2024/10/02,1085.0,PRD-161,JO,5,1373.75,1110
INV-2024-79794,2024-03-03,1220.0,PRD-117,AE,2,923.36,763
INV-2024-53703,2024-11-21,1003.0,PRD-131,SA,6,2063.7,1589
INV-2024-74638,2025-04-20,1373.0,PRD-118,EG,1,2704.71,1811
INV-2024-39829,2025-07-20,1261.0,PRD-107,JO,3,130.53,93
INV-2024-66468,20-Feb-2025,1438.0,PRD-165,EG,1,1678.13,1266
INV-2024-83719,2024-03-08,1088.0,PRD-124,EG,1,1782.12,1238
INV-2024-12153,2025-05-10,1091.0,PRD-146,SA,2,79.83,58
INV-2024-19996,2024-01-30,1393.0,PRD-136,EG,3,617.55,450
INV-2024-23525,2025-02-21,1252.0,PRD-134,JO,10,265.62,217
INV-2024-84076,2025-10-10,1251.0,PRD-121,SA,10,429.73,317
INV-2024-27956,2024-08-27,1086.0,PRD-102,SA,6,262.86,227
INV-2024-40317,2024-01-20,1087.0,PRD-122,SA,8,1715.44,1274
INV-2024-63835,2024-10-02,1433.0,PRD-118,SA,6,2316.15,1765
INV-2024-15751,2025-07-21,1171.0,PRD-132,EG,10,2099.73,1465
INV-2024-36864,2025/08/23,1476.0,PRD-133,SA,4,513.86,395
INV-2024-71221,2025-11-22,1119.0,PRD-105,AE,3,2142.48,1771
INV-2024-64048,2024-04-13,1283.0,PRD-107,SA,1,2481.5,1802
INV-2024-80120,2024-09-09,1329.0,PRD-161,AE,1,92.37,75
INV-2024-19516,2025-07-22,1252.0,PRD-114,EG,2,2111.97,1661
INV-2024-23449,2025-10-29,1278.0,PRD-149,EG,6,442.23,353
INV-2024-99254,2024-05-08,1260.0,PRD-102,EG,9,2810.17,1874
INV-2024-81901,2024-11-07,1421.0,PRD-148,EG,10,565.55,381
INV-2024-67839,2025-08-04,1278.0,PRD-107,AE,6,428.04,289
INV-2024-27789,2025-02-20,1400.0,PRD-111,AE,3,463.76,337
INV-2024-38931,2025-04-01,1470.0,PRD-154,EG,7,165.53,143
INV-2024-38119,2024-03-26,1495.0,PRD-159,SA,5,1539.07,1233
INV-2024-38635,2025-10-13,1053.0,PRD-115,AE,8,352.18,275
INV-2024-58611,2025-05-27,1121.0,PRD-108,EG,7,944.17,655
INV-2024-22695,2024-07-27,1369.0,PRD-165,EG,8,733.73,558
INV-2024-14799,2024/05/25,,PRD-145,JO,1,1893.24,1595
INV-2024-43614,2025-01-17,1309.0,PRD-141,SA,10,1223.63,922
INV-2024-11533,2025-07-07,1138.0,PRD-127,JO,4,1772.09,1480
INV-2024-87004,2024-06-21,1277.0,PRD-157,EG,7,1766.96,1337
INV-2024-63626,2024-09-08,1160.0,PRD-143,AE,3,2454.55,1707
INV-2024-25765,2025-07-04,1345.0,PRD-144,EG,10,2833.64,1940
INV-2024-46754,2025-03-09,1412.0,PRD-142,EG,8,309.37,217
INV-2024-94281,2025-07-22,1225.0,PRD-139,SA,8,180.66,155
INV-2024-87152,2025-04-07,1308.0,PRD-112,EG,2,2158.12,1569
INV-2024-68961,2024-02-12,1119.0,PRD-107,EG,6,534.81,436
INV-2024-37405,2024-01-02,1463.0,PRD-129,EG,6,1596.24,1328
INV-2024-22252,2025-04-20,1092.0,PRD-161,EG,4,685.39,594
INV-2024-54671,2025-09-27,1386.0,PRD-144,AE,2,1026.16,813
INV-2024-41025,2024-10-23,1216.0,PRD-156,SA,4,2544.82,1725
INV-2024-90186,2025-10-30,1342.0,PRD-135,EG,4,1522.0,1159
INV-2024-25568,2024/06/20,1057.0,PRD-149,EG,2,944.79,752
INV-2024-22256,2024-01-01,1058.0,PRD-115,EG,9,2128.08,1606
INV-2024-42809,2024-03-02,1314.0,PRD-144,SA,5,1780.05,1273
INV-2024-88423,2025-05-08,1320.0,PRD-115,EG,3,2146.68,1535
INV-2024-80371,2024-10-06,1344.0,PRD-142,AE,10,877.88,737
INV-2024-92458,2025-09-04,1120.0,PRD-127,EG,7,1786.94,1389
INV-2024-41615,2024-09-13,1281.0,PRD-140,EG,2,761.4,620
INV-2024-15789,2025-11-27,1404.0,PRD-128,AE,8,2354.26,1895
INV-2024-72391,2025-01-24,1359.0,PRD-101,AE,2,1623.08,1210
INV-2024-46317,2024-12-25,1423.0,PRD-115,EG,2,86.38,59
INV-2024-80919,09-Oct-2025,1285.0,PRD-132,AE,3,524.48,421
INV-2024-31893,2024-08-05,1121.0,PRD-135,SA,3,1064.3,837
INV-2024-96153,2025-08-22,1495.0,PRD-134,AE,10,2441.0,1735
INV-2024-10833,2025-06-06,1342.0,PRD-111,SA,9,1771.33,1294
INV-2024-74166,2024-10-15,1062.0,PRD-165,SA,10,1387.49,1047
INV-2024-38358,2024/02/16,1440.0,PRD-143,JO,6,273.91,183
INV-2024-63976,2024-06-14,1178.0,PRD-115,EG,5,2264.62,1836
INV-2024-53351,2025-06-30,1457.0,PRD-106,SA,4,769.67,602
INV-2024-23119,2025-07-30,1274.0,PRD-133,SA,10,544.05,469
INV-2024-21627,2024-03-12,1316.0,PRD-137,EG,5,201.37,151
INV-2024-76021,2024-11-03,1018.0,PRD-109,EG,1,1222.48,902
INV-2024-86399,2024-04-01,1314.0,PRD-152,EG,9,328.0,241
INV-2024-40058,2025-02-08,1097.0,PRD-128,SA,4,290.06,225
INV-2024-85454,2025-12-16,1200.0,PRD-122,SA,7,738.7,639
INV-2024-46394,2024-05-05,1363.0,PRD-131,SA,1,1226.94,965
INV-2024-10012,2024-05-23,,PRD-144,EG,10,1402.97,1210
INV-2024-65981,2025-07-23,1143.0,PRD-156,SA,1,1316.54,1106
INV-2024-55738,2024-10-13,1230.0,PRD-149,JO,2,225.67,167
INV-2024-56779,2025-03-18,1320.0,PRD-157,EG,7,954.53,806
INV-2024-69291,2024-08-03,1310.0,PRD-142,SA,3,2524.87,1749
INV-2024-82913,2025/09/17,1169.0,PRD-149,AE,4,2030.58,1533
INV-2024-31534,2025-05-31,1182.0,PRD-135,AE,6,2016.85,1509
INV-2024-13525,2024-11-21,1044.0,PRD-125,SA,9,1157.14,796
INV-2024-22780,2025-11-29,1198.0,PRD-156,AE,6,837.77,574
INV-2024-92209,2024-12-16,1131.0,PRD-132,EG,8,1298.69,1094
INV-2024-84934,12-Oct-2025,1394.0,PRD-119,AE,7,1488.17,1109
INV-2024-12799,2024-09-24,1004.0,PRD-116,EG,8,1966.28,1335
INV-2024-97464,2025-12-25,1361.0,PRD-149,EG,4,479.96,410
INV-2024-46078,2025-04-08,1021.0,PRD-160,EG,4,126.88,96
INV-2024-35237,2024-10-06,1238.0,PRD-116,AE,7,387.29,313
INV-2024-32553,2024-09-08,1168.0,PRD-123,SA,6,2576.91,1929
INV-2024-30572,2025-11-09,1044.0,PRD-115,EG,10,1644.38,1381
INV-2024-40699,2024-11-25,1238.0,PRD-157,EG,7,366.19,251
INV-2024-15925,2024-12-15,1280.0,PRD-113,JO,1,1455.65,971
INV-2024-33513,2024-08-03,1160.0,PRD-135,AE,3,757.55,589
INV-2024-35671,2025/04/15,1401.0,PRD-156,SA,1,216.81,175
INV-2024-37403,2025-09-05,1412.0,PRD-118,SA,6,1690.39,1295
INV-2024-35905,2024-12-02,1162.0,PRD-153,SA,8,290.21,239
INV-2024-27383,2024-01-17,1153.0,PRD-133,EG,6,1463.87,1166
INV-2024-48666,2025-12-09,1291.0,PRD-157,JO,6,311.05,229
INV-2024-70405,2024-05-16,1131.0,PRD-109,EG,10,2635.32,1798
INV-2024-18031,2025-10-23,1497.0,PRD-103,SA,2,2414.91,1749
INV-2024-96725,2024-01-03,1015.0,PRD-134,EG,10,117.85,93
INV-2024-68912,2025-09-15,1160.0,PRD-139,SA,10,1106.68,915
INV-2024-39573,2025-05-02,1075.0,PRD-148,SA,2,1160.32,912
INV-2024-91087,2024-01-05,1419.0,PRD-159,SA,4,2268.84,1676
INV-2024-27631,2024-01-10,1235.0,PRD-107,EG,7,1197.14,849
INV-2024-14127,2025-11-19,1183.0,PRD-163,SA,3,2211.92,1784
INV-2024-25450,2024-06-26,1094.0,PRD-139,EG,1,2191.96,1776
INV-2024-36760,2025-02-27,1247.0,PRD-142,EG,10,1673.39,1265
INV-2024-58056,2025/07/23,1472.0,PRD-152,EG,6,2224.79,1654
INV-2024-92199,2025-12-14,1068.0,PRD-114,AE,5,1139.06,805
INV-2024-49268,2025-12-21,1225.0,PRD-161,SA,9,687.69,528
INV-2024-66599,2025-05-15,1022.0,PRD-142,SA,10,1284.8,913
INV-2024-30175,2025-02-06,1448.0,PRD-107,AE,2,1455.18,1214
INV-2024-18292,2025-07-05,,PRD-119,SA,2,2294.7,1614
INV-2024-30849,2024-03-24,1088.0,PRD-154,SA,4,2647.79,1804
INV-2024-72092,2025-10-26,1184.0,PRD-130,EG,3,2463.98,1900
INV-2024-59556,2025-10-28,1237.0,PRD-111,EG,8,587.54,405
INV-2024-10999,2024-03-20,1172.0,PRD-144,SA,9,269.89,187
INV-2024-32462,2025-07-05,1066.0,PRD-127,SA,7,305.33,251
INV-2024-59091,2024-02-01,1481.0,PRD-134,AE,3,2275.2,1739
INV-2024-14604,2025-11-18,1043.0,PRD-101,AE,9,382.15,312
INV-2024-79865,2025-03-31,1330.0,PRD-117,EG,1,187.26,155
INV-2024-32950,2025-11-19,1023.0,PRD-129,EG,5,2621.97,1749
INV-2024-99710,2024/05/06,1242.0,PRD-152,SA,5,119.56,84
INV-2024-65096,2024-12-27,1279.0,PRD-113,EG,6,615.68,500
INV-2024-24224,2025-01-20,1175.0,PRD-110,EG,7,911.66,654
INV-2024-21118,2025-09-07,1166.0,PRD-129,AE,7,612.41,413
INV-2024-30648,2025-01-01,1174.0,PRD-159,EG,4,1727.48,1455
INV-2024-37759,2025-01-31,1278.0,PRD-134,JO,4,687.44,536
INV-2024-19596,2024-06-30,1057.0,PRD-120,AE,6,513.07,357
INV-2024-30150,2025-12-14,1130.0,PRD-154,AE,6,2661.98,1998
INV-2024-64401,2024-01-09,1194.0,PRD-109,EG,7,615.66,447
INV-2024-24213,2024-05-07,1368.0,PRD-127,EG,1,710.13,474
INV-2024-66966,18-Apr-2025,1050.0,PRD-121,SA,7,2392.99,1602
INV-2024-40049,2025-01-14,1239.0,PRD-106,EG,1,325.65,245
INV-2024-31782,2024-07-16,1426.0,PRD-111,EG,6,975.1,738
INV-2024-44883,2025-03-31,1460.0,PRD-112,EG,3,2850.75,1991
INV-2024-78191,2024-01-10,1052.0,PRD-148,EG,3,351.25,262
INV-2024-82744,2024/08/14,1493.0,PRD-125,EG,4,744.03,644
INV-2024-98754,2024-01-21,1241.0,PRD-110,AE,10,1774.76,1510
INV-2024-79581,2024-10-14,1137.0,PRD-139,EG,6,1711.24,1339
INV-2024-87553,2025-11-27,1459.0,PRD-161,EG,7,2004.68,1559
INV-2024-86758,2025-12-27,1078.0,PRD-149,SA,6,597.75,462
INV-2024-53260,2025-01-01,1053.0,PRD-114,JO,8,425.14,301
INV-2024-69382,2024-07-15,1117.0,PRD-106,EG,5,1114.58,801
INV-2024-30630,2024-04-02,1355.0,PRD-162,EG,5,411.37,300
INV-2024-87892,2025-09-20,1175.0,PRD-157,SA,7,1127.08,755
INV-2024-79841,2025-10-02,1107.0,PRD-123,JO,1,215.68,146
INV-2024-96575,2024-11-06,1150.0,PRD-124,AE,3,386.48,314
INV-2024-84356,2024-08-14,1047.0,PRD-158,SA,7,1054.95,838
INV-2024-38257,2024-08-27,1339.0,PRD-128,EG,4,2226.2,1557
INV-2024-68859,2025-05-20,1470.0,PRD-146,SA,2,2326.57,1711
INV-2024-65690,2025-01-06,1321.0,PRD-158,EG,3,2262.53,1929
INV-2024-32562,2024/02/07,,PRD-109,SA,3,1575.81,1306
INV-2024-90078,2024-10-14,1430.0,PRD-102,AE,10,2716.04,1956
INV-2024-68336,2025-05-19,1372.0,PRD-128,JO,1,1309.37,913
INV-2024-46592,2025-12-21,1323.0,PRD-155,EG,5,358.15,307
INV-2024-51383,2025-12-24,1373.0,PRD-115,EG,2,1576.58,1071
INV-2024-44108,12-Sep-2025,1039.0,PRD-132,SA,1,243.28,209
INV-2024-89466,2024-08-02,1016.0,PRD-115,AE,5,991.66,853
INV-2024-38068,2024-01-08,1096.0,PRD-143,AE,1,930.81,687
INV-2024-12625,2024-07-19,1461.0,PRD-150,EG,7,1641.66,1145
INV-2024-35725,2025-10-15,1046.0,PRD-145,EG,1,617.28,460
INV-2024-63191,2025-02-09,1108.0,PRD-146,SA,8,1994.18,1454
INV-2024-48736,2024-04-23,1236.0,PRD-118,EG,9,749.77,521
INV-2024-59220,2024-10-11,1378.0,PRD-124,AE,10,79.75,66
INV-2024-80182,2025-08-05,1093.0,PRD-128,SA,5,798.38,598
INV-2024-70931,2025-05-27,1252.0,PRD-103,AE,7,1830.88,1275
INV-2024-21930,2025/05/20,1183.0,PRD-156,SA,8,1453.73,1018
INV-2024-86205,2024-06-23,1160.0,PRD-141,AE,4,1554.79,1221
INV-2024-25118,2025-07-19,1284.0,PRD-122,EG,10,314.89,254
INV-2024-26617,2024-07-17,1391.0,PRD-131,AE,2,567.74,390
INV-2024-17050,2025-11-06,1176.0,PRD-138,EG,4,759.08,580
INV-2024-40112,2025-08-02,1486.0,PRD-109,SA,2,1023.65,881
INV-2024-79932,2025-11-19,1348.0,PRD-134,EG,8,1615.92,1164
INV-2024-24832,2025-11-29,1286.0,PRD-116,SA,3,417.68,346
INV-2024-83408,2025-09-09,1348.0,PRD-135,EG,5,1821.88,1349
INV-2024-72825,2025-08-01,1143.0,PRD-138,EG,8,2383.47,1665
INV-2024-61721,2024-06-28,1275.0,PRD-139,JO,5,1433.57,1125
INV-2024-95151,2024-03-07,1399.0,PRD-151,EG,10,2430.21,1670
INV-2024-86108,2025-08-25,1155.0,PRD-140,AE,6,298.5,214
INV-2024-27723,2024-05-11,1061.0,PRD-123,JO,6,1197.96,999
INV-2024-16924,2024-03-07,1132.0,PRD-112,EG,3,1158.85,827
INV-2024-77889,2024/05/10,1033.0,PRD-162,SA,4,663.21,465
INV-2024-33565,2024-09-22,1139.0,PRD-111,EG,4,2540.83,1900
INV-2024-80651,2025-08-06,1207.0,PRD-157,EG,5,1814.62,1408
INV-2024-40382,2024-08-21,1109.0,PRD-117,SA,10,972.43,770
INV-2024-26571,2025-06-19,1379.0,PRD-147,JO,3,2388.8,1885
INV-2024-41520,2024-10-07,1429.0,PRD-115,EG,4,1154.8,954
INV-2024-16652,2024-07-15,1422.0,PRD-102,SA,7,2202.28,1676
INV-2024-76639,2025-11-25,1031.0,PRD-128,SA,10,1881.72,1435
INV-2024-89547,2024-01-24,1124.0,PRD-104,AE,10,1829.01,1303
INV-2024-81259,2025-12-10,1205.0,PRD-133,EG,9,1036.22,859
INV-2024-19721,2025-11-25,,PRD-162,SA,4,1432.19,1203
INV-2024-41653,2025-06-29,1390.0,PRD-112,SA,10,2432.0,1999
INV-2024-80648,2025-09-21,1265.0,PRD-121,SA,10,2046.17,1735
INV-2024-82388,2024-09-15,1453.0,PRD-127,JO,6,99.17,76
INV-2024-20953,2025-11-28,1156.0,PRD-165,AE,9,2006.69,1357
INV-2024-54448,2025/07/27,1006.0,PRD-144,EG,6,160.87,125
INV-2024-78822,2025-04-09,1178.0,PRD-116,SA,2,1713.83,1452
INV-2024-80459,2024-01-03,1069.0,PRD-154,EG,8,1365.59,1078
INV-2024-22260,2025-03-13,1083.0,PRD-153,EG,2,1493.41,1011
INV-2024-44033,2025-10-18,1475.0,PRD-151,SA,3,1878.37,1432
INV-2024-44228,2025-11-20,1159.0,PRD-123,EG,4,2288.88,1725
INV-2024-53525,2025-10-27,1491.0,PRD-116,SA,5,874.52,601
INV-2024-81946,2024-02-23,1445.0,PRD-153,JO,6,307.63,220
INV-2024-27849,2024-11-26,1304.0,PRD-135,EG,10,1239.55,976
INV-2024-33371,2025-03-18,1036.0,PRD-105,JO,5,746.42,581
INV-2024-15769,20-Feb-2025,1125.0,PRD-128,SA,9,738.57,585
INV-2024-66062,2024-10-07,1171.0,PRD-137,SA,1,276.96,232
INV-2024-74291,2024-05-04,1072.0,PRD-119,AE,2,2606.28,1908
INV-2024-36909,2025-11-27,1153.0,PRD-165,EG,9,311.5,255
INV-2024-28312,2025-06-14,1498.0,PRD-117,SA,1,1139.06,782
INV-2024-38902,2025/04/22,1029.0,PRD-132,SA,9,1631.87,1225
INV-2024-93394,2025-05-22,1013.0,PRD-130,EG,10,1787.96,1486
INV-2024-21715,2025-01-05,1078.0,PRD-124,JO,1,542.23,387
INV-2024-77889,2025-06-13,1450.0,PRD-140,AE,2,2261.66,1707
INV-2024-29375,2024-02-14,1469.0,PRD-153,EG,10,1105.34,948
INV-2024-91899,2024-08-17,1446.0,PRD-152,EG,9,643.96,462
INV-2024-67979,2024-02-18,1283.0,PRD-121,SA,3,1151.64,824
INV-2024-19363,2024-10-11,1149.0,PRD-158,EG,1,2139.62,1450
INV-2024-65328,2025-03-06,1307.0,PRD-101,SA,8,1286.4,1048
INV-2024-93080,2025-06-29,1298.0,PRD-138,EG,7,548.21,429
INV-2024-81660,2025-04-04,1303.0,PRD-145,SA,1,1840.26,1546
INV-2024-20506,2024-11-19,1112.0,PRD-112,EG,6,1073.7,730
INV-2024-52184,2024-01-06,1061.0,PRD-107,EG,3,910.89,742
INV-2024-70410,2025-02-05,1222.0,PRD-126,SA,5,1100.09,846
INV-2024-31578,2024-07-18,1239.0,PRD-129,SA,1,1213.77,922
INV-2024-99304,2024/12/08,1469.0,PRD-143,JO,7,827.35,661
INV-2024-46216,2024-03-24,1323.0,PRD-127,AE,2,795.49,598
INV-2024-54260,2025-08-08,1062.0,PRD-124,EG,2,1851.13,1318
INV-2024-13926,2024-01-26,1488.0,PRD-143,EG,8,484.61,419
INV-2024-14339,2024-08-19,1192.0,PRD-145,AE,6,621.58,515
INV-2024-11511,07-Dec-2025,,PRD-151,JO,9,2235.19,1769
INV-2024-13581,2025-03-09,1163.0,PRD-146,AE,1,469.25,365
INV-2024-97147,2024-03-17,1409.0,PRD-137,EG,6,99.33,78
INV-2024-13172,2024-09-12,1373.0,PRD-127,JO,7,209.9,160
INV-2024-13977,2024-07-20,1287.0,PRD-120,EG,9,892.6,627
INV-2024-20962,2024-06-17,1492.0,PRD-126,AE,10,508.25,356
INV-2024-52270,2024-12-03,1449.0,PRD-153,JO,7,1467.43,1085
INV-2024-31616,2024-11-14,1051.0,PRD-102,EG,1,1191.7,869
INV-2024-93498,2024-03-05,1482.0,PRD-144,JO,3,1442.1,1135
INV-2024-86787,2025-10-03,1376.0,PRD-140,EG,4,144.89,115
INV-2024-20625,2025/10/02,1383.0,PRD-128,JO,7,386.8,261
INV-2024-20830,2024-04-09,1222.0,PRD-113,EG,4,1809.85,1386
INV-2024-34958,2024-01-29,1327.0,PRD-159,JO,3,1567.71,1067
INV-2024-73016,2025-05-06,1459.0,PRD-118,EG,1,206.79,142
INV-2024-22879,2025-03-18,1028.0,PRD-145,AE,3,1886.72,1380
INV-2024-67537,2024-01-25,1454.0,PRD-101,SA,8,1660.98,1217
INV-2024-80651,2025-08-29,1309.0,PRD-130,SA,8,1435.1,1020
INV-2024-94875,2025-10-03,1025.0,PRD-111,EG,5,1394.44,1090
INV-2024-58698,2024-12-08,1481.0,PRD-113,AE,6,2216.77,1631
INV-2024-17503,2024-09-13,1443.0,PRD-146,EG,5,582.03,399
INV-2024-92686,2024-09-10,1285.0,PRD-138,SA,8,1398.77,1120
INV-2024-89281,2024-04-20,1158.0,PRD-106,EG,2,2039.75,1622
INV-2024-13387,2025-04-29,1134.0,PRD-114,JO,1,1916.82,1442
INV-2024-29631,2024-09-01,1250.0,PRD-160,EG,10,2041.95,1605
INV-2024-56312,2024-12-14,1166.0,PRD-110,EG,7,1761.54,1299
INV-2024-51005,2024/02/25,1069.0,PRD-121,EG,10,419.54,284
INV-2024-59682,2024-12-07,1234.0,PRD-126,SA,10,163.03,119
INV-2024-98103,2025-06-16,1284.0,PRD-151,EG,9,869.02,627
INV-2024-25093,2024-08-30,1358.0,PRD-140,SA,8,2303.73,1784
INV-2024-76062,2024-03-15,1118.0,PRD-131,AE,1,2254.6,1648
INV-2024-94621,2025-09-06,1242.0,PRD-140,AE,10,319.19,254
INV-2024-47992,2025-09-26,1336.0,PRD-141,SA,10,609.96,430
INV-2024-48291,2025-03-25,1155.0,PRD-165,EG,3,1466.54,1006
INV-2024-44184,2024-04-07,1252.0,PRD-149,SA,8,734.05,619
INV-2024-30876,2025-10-02,1124.0,PRD-144,EG,8,916.54,623
INV-2024-21146,2025-04-02,1391.0,PRD-149,AE,8,1509.04,1188
INV-2024-81535,2025-08-15,1106.0,PRD-154,EG,8,329.54,257
INV-2024-29391,2024-05-07,1204.0,PRD-131,SA,2,2072.39,1387
INV-2024-88688,2024-03-28,1049.0,PRD-115,EG,7,2260.5,1698
INV-2024-97574,2024-03-03,1450.0,PRD-148,AE,3,805.92,686
INV-2024-85547,2024/02/04,,PRD-164,EG,7,1480.3,1119
INV-2024-80780,2025-01-21,1281.0,PRD-163,SA,3,896.9,694
INV-2024-72492,2024-11-16,1140.0,PRD-132,EG,4,510.51,404
INV-2024-47641,2025-12-11,1063.0,PRD-102,AE,2,126.83,105
INV-2024-74374,2024-03-07,1356.0,PRD-126,JO,2,2060.94,1657
INV-2024-78448,2024-05-10,1139.0,PRD-109,SA,2,187.57,159
INV-2024-20040,2024-03-04,1024.0,PRD-117,SA,2,1798.12,1374
INV-2024-29736,2025-03-28,1240.0,PRD-140,JO,5,1997.52,1484
INV-2024-33032,2024-02-26,1352.0,PRD-141,SA,8,1581.44,1214
INV-2024-47876,2024-11-04,1454.0,PRD-136,SA,3,620.23,436
INV-2024-75721,17-Sep-2025,1096.0,PRD-108,SA,2,499.78,403
INV-2024-91481,2025-10-03,1135.0,PRD-120,SA,8,1827.6,1585
INV-2024-15565,2025-03-18,1384.0,PRD-104,EG,8,186.94,138
INV-2024-51171,2024-03-08,1265.0,PRD-160,AE,6,1204.41,968
INV-2024-59734,2024-04-14,1210.0,PRD-125,SA,5,487.23,385
INV-2024-71456,2025/11/24,1347.0,PRD-123,EG,5,1888.75,1440
INV-2024-15293,2024-02-27,1198.0,PRD-123,AE,10,2195.1,1848
INV-2024-76472,2025-07-26,1422.0,PRD-141,EG,5,1118.86,866
INV-2024-66975,2024-02-23,1472.0,PRD-117,EG,1,1478.14,1040
INV-2024-71251,2024-10-28,1293.0,PRD-123,SA,8,424.59,355
INV-2024-13440,2025-01-25,1359.0,PRD-131,AE,2,2249.75,1524
INV-2024-15786,2025-02-15,1500.0,PRD-157,AE,1,1590.45,1091
INV-2024-88539,2024-04-08,1107.0,PRD-131,JO,5,2244.79,1596
INV-2024-16403,2025-09-24,1119.0,PRD-145,AE,10,1407.04,950
INV-2024-10366,2025-02-24,1282.0,PRD-106,EG,3,1778.7,1216
INV-2024-96774,2024-08-26,1353.0,PRD-103,EG,4,1543.33,1101
INV-2024-44247,2025-09-05,1200.0,PRD-142,AE,10,1255.86,1077
INV-2024-42192,2025-11-06,1286.0,PRD-118,EG,5,713.42,620
INV-2024-59531,2025-09-30,1231.0,PRD-120,SA,9,595.31,459
INV-2024-55265,2024-01-11,1338.0,PRD-117,SA,7,1757.42,1180
INV-2024-93449,2025/04/09,1317.0,PRD-136,EG,5,377.98,272
INV-2024-54759,2025-01-28,1414.0,PRD-138,JO,8,1493.24,1277
INV-2024-21624,2025-04-20,1234.0,PRD-137,SA,6,275.84,217
INV-2024-57378,2025-03-14,1325.0,PRD-163,SA,10,504.5,391
INV-2024-77618,2025-09-27,1429.0,PRD-103,JO,7,136.11,93
INV-2024-46055,26-Sep-2025,1128.0,PRD-117,SA,9,403.89,350
INV-2024-79472,2024-04-13,1008.0,PRD-103,EG,3,1665.3,1266
INV-2024-29655,2024-12-13,1216.0,PRD-102,SA,8,2206.6,1546
INV-2024-63108,2025-10-28,1321.0,PRD-118,AE,5,1151.57,914
INV-2024-59508,2025-11-22,1104.0,PRD-141,AE,1,1559.68,1298
INV-2024-83793,2024-01-27,,PRD-124,AE,3,354.83,297
INV-2024-26114,2025-04-09,1205.0,PRD-114,AE,10,112.39,92
INV-2024-40907,2025-06-13,1420.0,PRD-141,EG,9,2117.25,1727
INV-2024-64129,2024-12-02,1368.0,PRD-123,AE,3,623.46,516
INV-2024-29565,2025-08-24,1116.0,PRD-119,AE,5,695.05,580
INV-2024-45312,2024/07/16,1461.0,PRD-110,EG,7,2094.77,1790
INV-2024-77067,2024-04-20,1285.0,PRD-128,EG,9,2700.1,1963
INV-2024-39864,2024-04-15,1131.0,PRD-111,JO,9,1715.58,1246
INV-2024-52158,2024-01-13,1278.0,PRD-135,AE,3,1718.17,1423
INV-2024-58439,2025-09-01,1065.0,PRD-125,AE,3,1594.15,1078
INV-2024-96681,2025-12-31,1218.0,PRD-139,AE,7,400.02,294
INV-2024-16422,2024-03-10,1042.0,PRD-157,SA,1,1524.7,1091
INV-2024-57999,2025-08-30,1101.0,PRD-152,SA,3,2894.0,1968
INV-2024-50648,2024-07-17,1123.0,PRD-115,SA,4,1423.19,963
INV-2024-32313,2025-08-09,1367.0,PRD-141,EG,3,305.88,215
INV-2024-85605,2024-05-09,1339.0,PRD-145,AE,6,2184.87,1740
INV-2024-59194,2025-10-14,1068.0,PRD-158,SA,3,1193.39,1029
INV-2024-15488,2025-06-05,1448.0,PRD-107,SA,5,1623.44,1106
INV-2024-82422,2024-09-19,1411.0,PRD-164,SA,5,2020.79,1631
INV-2024-15161,2024-12-29,1337.0,PRD-123,SA,6,1814.05,1306
INV-2024-91922,2025/03/07,1103.0,PRD-158,EG,1,657.07,497
INV-2024-71573,2025-05-07,1332.0,PRD-147,EG,1,1376.01,1124
INV-2024-16951,2025-09-27,1430.0,PRD-157,EG,5,2189.19,1783
INV-2024-63311,2025-03-31,1385.0,PRD-107,EG,1,1199.71,869
INV-2024-37252,2024-07-09,1002.0,PRD-132,JO,8,1294.39,1048
INV-2024-41508,2024-09-05,1383.0,PRD-156,EG,7,1471.39,1039
INV-2024-63763,2024-05-20,1183.0,PRD-165,EG,10,1450.74,1112
INV-2024-88918,2024-02-15,1489.0,PRD-163,SA,2,2165.0,1539
INV-2024-90505,2024-03-02,1240.0,PRD-141,SA,4,631.72,513
INV-2024-83172,2024-05-10,1257.0,PRD-129,EG,4,1518.73,1071
INV-2024-70296,2024-11-15,1095.0,PRD-105,AE,4,1603.83,1143
INV-2024-91014,2025-08-21,1401.0,PRD-138,AE,1,935.47,718
INV-2024-56540,2025-03-22,1348.0,PRD-138,EG,8,1171.63,827
INV-2024-12227,2025-06-09,1238.0,PRD-122,EG,9,355.09,295
INV-2024-91841,2025-10-29,1237.0,PRD-106,JO,10,1734.14,1344
INV-2024-93393,2025/01/01,1277.0,PRD-136,AE,1,2499.44,1850
INV-2024-78920,2024-11-14,1082.0,PRD-146,SA,3,808.65,586
INV-2024-34217,2025-08-20,1168.0,PRD-159,EG,7,417.45,287
INV-2024-26484,2025-07-08,1460.0,PRD-132,SA,8,419.68,359
INV-2024-18456,2024-05-29,1436.0,PRD-161,SA,1,214.08,180
INV-2024-17957,2024-05-30,,PRD-142,EG,6,1018.09,731
INV-2024-45102,2025-04-25,1236.0,PRD-159,SA,5,1276.3,1032
INV-2024-16158,2024-11-12,1023.0,PRD-115,SA,7,1369.61,978
INV-2024-26044,2025-09-09,1134.0,PRD-139,EG,10,2268.96,1666
INV-2024-61337,2024-12-17,1403.0,PRD-106,AE,8,2378.77,1993
INV-2024-43136,25-Oct-2024,1250.0,PRD-152,AE,8,1629.06,1113
INV-2024-79281,2025-01-12,1121.0,PRD-107,EG,1,2064.46,1709
INV-2024-26287,2024-01-09,1385.0,PRD-137,AE,10,2141.03,1788
INV-2024-82848,2025-06-14,1471.0,PRD-101,EG,1,1466.37,1197
INV-2024-79375,2025-08-23,1062.0,PRD-139,AE,9,1477.7,1032
INV-2024-10651,2025/11/04,1400.0,PRD-116,EG,6,1885.54,1497
INV-2024-44289,2025-11-25,1415.0,PRD-103,EG,4,1797.35,1313
INV-2024-91995,2024-05-28,1398.0,PRD-108,SA,4,1617.77,1093
INV-2024-43903,2024-02-28,1098.0,PRD-102,SA,6,734.44,601
INV-2024-94381,2024-08-31,1226.0,PRD-132,JO,4,328.38,273
INV-2024-33258,2025-06-03,1408.0,PRD-148,EG,1,2383.39,1677
INV-2024-81758,2025-07-26,1395.0,PRD-114,EG,10,1533.8,1158
INV-2024-72081,2024-02-25,1290.0,PRD-147,SA,10,1226.21,997
INV-2024-75332,2025-03-08,1329.0,PRD-123,SA,10,468.89,322
INV-2024-42638,2024-12-18,1269.0,PRD-162,EG,1,1794.85,1323
INV-2024-77589,2024-07-19,1452.0,PRD-131,SA,10,2380.43,1778
INV-2024-35409,2024-07-24,1448.0,PRD-127,AE,10,331.58,242
INV-2024-59556,2025-10-17,1092.0,PRD-154,AE,1,913.49,616
INV-2024-34600,2024-07-25,1288.0,PRD-159,JO,7,2333.97,1915
INV-2024-79248,2024-03-11,1394.0,PRD-106,EG,4,1360.99,1161
INV-2024-94900,2024/12/15,1297.0,PRD-150,AE,2,2592.0,1920
INV-2024-18410,2024-07-12,1280.0,PRD-133,EG,7,1200.91,1032
INV-2024-62390,2025-11-14,1358.0,PRD-149,SA,10,2667.09,1993
INV-2024-45101,2025-05-02,1434.0,PRD-153,SA,5,874.84,608
INV-2024-41749,2025-12-12,1062.0,PRD-109,JO,9,905.2,768
INV-2024-30297,09-Dec-2025,1176.0,PRD-114,AE,5,1714.53,1419
INV-2024-98211,2025-04-23,1166.0,PRD-123,JO,6,2448.54,1868
INV-2024-18589,2025-09-06,1378.0,PRD-102,AE,2,1527.15,1082
INV-2024-28546,2025-12-10,1070.0,PRD-164,JO,6,1355.94,1080
INV-2024-62439,2024-12-05,1009.0,PRD-129,AE,3,522.21,380
INV-2024-91143,2025-08-15,1475.0,PRD-161,SA,3,1450.42,1042
INV-2024-98854,2025-08-02,1082.0,PRD-148,EG,2,1850.89,1457
INV-2024-48686,2024-12-09,1250.0,PRD-122,EG,3,638.75,544
INV-2024-32396,2025-09-22,1359.0,PRD-116,EG,5,629.01,503
INV-2024-78383,2024-11-02,1197.0,PRD-150,SA,4,1398.43,1160
INV-2024-84897,2025/03/04,,PRD-160,SA,6,2270.59,1677
INV-2024-94565,2024-12-02,1239.0,PRD-117,SA,8,1193.11,1004
INV-2024-97752,2024-06-15,1209.0,PRD-136,JO,1,937.57,771
INV-2024-97422,2024-04-17,1488.0,PRD-139,JO,7,2714.54,1931
INV-2024-50304,2025-04-10,1147.0,PRD-157,EG,1,1676.05,1306
INV-2024-63430,2024-02-13,1133.0,PRD-130,EG,9,1343.74,944
INV-2024-49005,2025-05-22,1251.0,PRD-165,SA,2,1287.37,924
INV-2024-30787,2024-08-12,1404.0,PRD-152,EG,3,1560.61,1307
INV-2024-12714,2024-01-04,1391.0,PRD-112,AE,8,1459.79,1033
INV-2024-41813,2025-10-16,1394.0,PRD-150,SA,1,883.9,716
INV-2024-65023,2024-08-16,1469.0,PRD-101,SA,9,2243.05,1913
INV-2024-27106,2025-12-10,1012.0,PRD-102,AE,1,1500.93,1037
INV-2024-58268,2024-08-23,1277.0,PRD-161,AE,4,2198.44,1846
INV-2024-79248,2025-04-22,1376.0,PRD-121,EG,7,613.63,466
INV-2024-66477,2025-09-30,1037.0,PRD-133,AE,10,1524.18,1155
INV-2024-38032,2024/08/06,1107.0,PRD-107,SA,3,542.32,430
INV-2024-23643,2024-09-01,1320.0,PRD-112,EG,4,714.48,522
INV-2024-50577,2025-05-07,1083.0,PRD-120,EG,8,2282.28,1840
INV-2024-43010,2024-12-05,1448.0,PRD-138,SA,6,817.51,592
INV-2024-20769,2025-01-19,1372.0,PRD-145,EG,5,2028.57,1624
INV-2024-70550,2024-07-29,1485.0,PRD-162,EG,3,1275.62,958
INV-2024-15344,2025-02-13,1364.0,PRD-164,SA,10,2134.03,1762
INV-2024-61142,2024-07-07,1409.0,PRD-137,AE,8,2388.2,1722
INV-2024-48223,2024-01-07,1473.0,PRD-159,EG,2,1237.73,983
INV-2024-92789,2025-01-06,1474.0,PRD-153,EG,7,1532.46,1192
INV-2024-61102,2024-01-11,1065.0,PRD-134,AE,1,2050.69,1444
INV-2024-30535,2024-03-16,1112.0,PRD-116,EG,8,1265.09,928
INV-2024-56488,2025-01-01,1098.0,PRD-122,JO,8,966.33,819
INV-2024-58977,2024-01-31,1163.0,PRD-117,SA,10,2641.44,1804
INV-2024-48091,2025-07-22,1467.0,PRD-127,EG,1,1540.5,1165
INV-2024-15546,2024/04/27,1289.0,PRD-164,EG,1,1502.18,1279
INV-2024-34456,2024-05-25,1040.0,PRD-165,EG,3,2343.57,1988
INV-2024-62858,2024-10-24,1460.0,PRD-121,EG,7,622.75,494
INV-2024-40025,2025-03-26,1188.0,PRD-115,EG,7,1210.35,1029
INV-2024-98572,2024-07-18,1492.0,PRD-123,SA,7,483.87,400
INV-2024-58371,2025-10-08,1388.0,PRD-142,EG,2,1578.58,1294
INV-2024-54555,2025-08-22,1215.0,PRD-141,SA,3,2503.94,1682
INV-2024-81233,2025-01-03,1443.0,PRD-165,SA,5,793.63,645
INV-2024-99546,2024-02-14,1409.0,PRD-124,EG,9,621.61,426
INV-2024-34504,2024-01-31,1131.0,PRD-165,EG,1,2241.48,1532
